latitude,longitude,bright_ti4,scan,track,acq_date,acq_time,satellite,confidence,version,bright_ti5,frp,daynight
-19.79056,-50.96379,302.48,0.46,0.47,2026-06-04,0412,N21,nominal,2.0NRT,288.14,1.3,N
-21.1799,-43.97973,318.57,0.39,0.36,2026-06-04,0412,N21,nominal,2.0NRT,287.3,1.94,N
-20.76619,-46.7693,300.5,0.41,0.37,2026-06-04,0412,N21,nominal,2.0NRT,286.71,0.74,N
-19.17042,-55.18687,313.21,0.44,0.62,2026-06-04,0412,N21,nominal,2.0NRT,286.95,2.48,N
-18.53209,-58.58398,307.85,0.74,0.76,2026-06-04,0412,N21,nominal,2.0NRT,288.68,4.53,N
-18.5337,-58.57711,299.85,0.74,0.76,2026-06-04,0412,N21,nominal,2.0NRT,288.01,2.59,N
-18.53733,-58.59276,328.57,0.74,0.76,2026-06-04,0412,N21,nominal,2.0NRT,289.78,4.53,N
-18.53895,-58.58586,300.66,0.74,0.76,2026-06-04,0412,N21,nominal,2.0NRT,288.5,4.53,N
-18.5442,-58.59466,300.41,0.74,0.76,2026-06-04,0412,N21,nominal,2.0NRT,288.62,3.16,N
-18.54944,-58.6035,326.85,0.74,0.76,2026-06-04,0412,N21,nominal,2.0NRT,289.61,9.51,N
-18.55106,-58.59655,300.96,0.74,0.76,2026-06-04,0412,N21,nominal,2.0NRT,288.99,3.16,N
-18.53066,-58.58403,303.42,0.74,0.76,2026-06-04,0412,N21,nominal,2.0NRT,288.48,2.14,N
-18.53232,-58.57719,302.63,0.74,0.76,2026-06-04,0412,N21,nominal,2.0NRT,288.08,2.14,N
-18.53588,-58.59274,322.79,0.74,0.76,2026-06-04,0412,N21,nominal,2.0NRT,289.13,8.75,N
-18.53754,-58.58587,308.64,0.74,0.76,2026-06-04,0412,N21,nominal,2.0NRT,288.78,5.62,N
-18.54795,-58.60338,322.01,0.74,0.76,2026-06-04,0412,N21,nominal,2.0NRT,289.06,5.64,N
-18.54962,-58.59647,314.34,0.74,0.76,2026-06-04,0412,N21,nominal,2.0NRT,289.02,5.64,N
-19.7397,-53.55209,350.6,0.33,0.56,2026-06-04,0412,N21,nominal,2.0NRT,288.57,3.58,N
-19.74036,-53.54892,302.67,0.33,0.56,2026-06-04,0412,N21,nominal,2.0NRT,285.93,3.58,N
-19.72711,-54.65154,297.86,0.39,0.6,2026-06-04,0412,N21,nominal,2.0NRT,284.99,0.95,N
-18.99013,-58.07543,305.79,0.67,0.74,2026-06-04,0412,N21,nominal,2.0NRT,287.85,2.09,N
-21.65158,-44.38797,295.4,0.39,0.36,2026-06-04,0412,N21,nominal,2.0NRT,282.34,0.47,N
-21.49786,-48.77889,304.34,0.49,0.4,2026-06-04,0412,N21,nominal,2.0NRT,286.74,1.05,N
-21.5527,-48.59923,344.16,0.48,0.4,2026-06-04,0412,N21,nominal,2.0NRT,291.01,9.99,N
-21.55351,-48.59468,341.48,0.48,0.4,2026-06-04,0412,N21,nominal,2.0NRT,291.23,9.08,N
-21.26284,-50.29831,337.82,0.39,0.44,2026-06-04,0412,N21,nominal,2.0NRT,291.12,4.17,N
-20.99539,-51.79341,304.25,0.49,0.49,2026-06-04,0412,N21,nominal,2.0NRT,292.85,2.37,N
-21.55319,-49.86772,326.79,0.55,0.43,2026-06-04,0412,N21,nominal,2.0NRT,289.47,3.34,N
-22.4951,-44.51618,311.92,0.39,0.36,2026-06-04,0412,N21,nominal,2.0NRT,287.75,1.63,N
-22.76418,-43.27613,297.94,0.41,0.37,2026-06-04,0412,N21,nominal,2.0NRT,287.86,0.43,N
-22.29993,-46.38256,300.94,0.39,0.37,2026-06-04,0412,N21,nominal,2.0NRT,282.61,0.81,N
-22.90419,-43.73357,329.66,0.4,0.37,2026-06-04,0412,N21,nominal,2.0NRT,290.41,3.82,N
-22.90756,-43.73415,334.28,0.4,0.37,2026-06-04,0412,N21,nominal,2.0NRT,291.37,3.82,N
-22.91036,-43.73862,329.17,0.4,0.37,2026-06-04,0412,N21,nominal,2.0NRT,290.32,2.66,N
-22.91093,-43.73473,326.15,0.4,0.37,2026-06-04,0412,N21,nominal,2.0NRT,287.54,3.05,N
-22.9115,-43.73084,340.7,0.4,0.37,2026-06-04,0412,N21,nominal,2.0NRT,289.96,3.05,N
-22.91316,-43.74308,300.56,0.4,0.37,2026-06-04,0412,N21,nominal,2.0NRT,289.05,2.66,N
-22.91431,-43.7353,303.91,0.4,0.37,2026-06-04,0412,N21,nominal,2.0NRT,287.63,3.05,N
-22.91488,-43.73141,307.84,0.4,0.37,2026-06-04,0412,N21,nominal,2.0NRT,288.77,3.05,N
-22.91819,-43.75589,302.64,0.4,0.37,2026-06-04,0412,N21,nominal,2.0NRT,289.74,0.73,N
-22.92156,-43.75647,315.55,0.4,0.37,2026-06-04,0412,N21,nominal,2.0NRT,292.5,1.65,N
-22.92494,-43.75705,310.51,0.4,0.37,2026-06-04,0412,N21,nominal,2.0NRT,292.27,1.65,N
-22.69287,-47.65726,303.93,0.42,0.38,2026-06-04,0412,N21,nominal,2.0NRT,286.41,1.09,N
-22.69632,-47.65794,305.77,0.42,0.38,2026-06-04,0412,N21,nominal,2.0NRT,288.26,1.16,N
-22.53977,-48.81146,307.59,0.47,0.4,2026-06-04,0412,N21,nominal,2.0NRT,289.38,2.06,N
-22.5394,-48.8149,301.71,0.47,0.4,2026-06-04,0412,N21,nominal,2.0NRT,290.25,1.6,N
-23.04107,-47.88058,301.86,0.43,0.38,2026-06-04,0412,N21,nominal,2.0NRT,284.09,0.78,N
-23.33863,-46.77304,301.5,0.4,0.37,2026-06-04,0412,N21,nominal,2.0NRT,285.16,0.77,N
-23.44031,-47.08879,318.96,0.4,0.37,2026-06-04,0412,N21,nominal,2.0NRT,287.14,2.32,N
-23.44097,-47.08484,301.31,0.4,0.37,2026-06-04,0412,N21,nominal,2.0NRT,286.3,0.78,N
-23.54546,-47.63418,300.44,0.42,0.37,2026-06-04,0412,N21,nominal,2.0NRT,284.58,0.81,N
-23.59259,-47.43998,306.68,0.41,0.37,2026-06-04,0412,N21,nominal,2.0NRT,288.01,1.58,N
-24.54491,-42.47064,333.99,0.45,0.39,2026-06-04,0412,N21,nominal,2.0NRT,292.55,16.57,N
-21.55184,-58.61604,320.64,0.64,0.72,2026-06-04,0412,N21,nominal,2.0NRT,289.51,6.1,N
-21.5533,-58.60998,308.17,0.64,0.72,2026-06-04,0412,N21,nominal,2.0NRT,288.56,3.83,N
-24.63834,-42.41457,305.57,0.46,0.39,2026-06-04,0412,N21,nominal,2.0NRT,290.67,1.58,N
-24.63893,-42.41007,317.33,0.46,0.39,2026-06-04,0412,N21,nominal,2.0NRT,289.62,1.07,N
-21.55107,-58.61052,308.63,0.64,0.72,2026-06-04,0412,N21,nominal,2.0NRT,288.32,2.35,N
-21.55609,-58.6183,311.89,0.64,0.72,2026-06-04,0412,N21,nominal,2.0NRT,288.58,2.35,N
-21.55759,-58.61228,298.09,0.64,0.72,2026-06-04,0412,N21,nominal,2.0NRT,287.57,2.35,N
-24.65041,-42.51727,329.92,0.45,0.39,2026-06-04,0412,N21,nominal,2.0NRT,281.59,8.18,N
-24.651,-42.51281,316.58,0.45,0.39,2026-06-04,0412,N21,nominal,2.0NRT,286.61,11.97,N
-22.97171,-52.69229,310.32,0.51,0.49,2026-06-04,0412,N21,nominal,2.0NRT,286.66,1.5,N
-23.51118,-50.04442,298.59,0.53,0.42,2026-06-04,0412,N21,nominal,2.0NRT,286.17,0.68,N
-24.78889,-42.50992,332.37,0.45,0.39,2026-06-04,0412,N21,nominal,2.0NRT,278.81,2.61,N
-24.79247,-42.5105,313.83,0.45,0.39,2026-06-04,0412,N21,nominal,2.0NRT,282.58,2.61,N
-24.24204,-50.74141,297.95,0.56,0.43,2026-06-04,0414,N21,nominal,2.0NRT,287.67,1.93,N
-25.60492,-42.82269,314.35,0.45,0.39,2026-06-04,0414,N21,nominal,2.0NRT,285.57,0.81,N
-22.54497,-59.74695,315.04,0.71,0.75,2026-06-04,0414,N21,nominal,2.0NRT,289.37,3.3,N
-25.80108,-43.26414,318.9,0.43,0.38,2026-06-04,0414,N21,nominal,2.0NRT,288.34,2.46,N
-25.19298,-49.32676,311.36,0.46,0.39,2026-06-04,0414,N21,nominal,2.0NRT,285.62,2.29,N
-25.45794,-49.60963,295.67,0.47,0.4,2026-06-04,0414,N21,nominal,2.0NRT,284.06,0.81,N
-25.27153,-50.65397,296.16,0.53,0.42,2026-06-04,0414,N21,nominal,2.0NRT,282.41,1.04,N
-25.45782,-49.61221,296.92,0.47,0.4,2026-06-04,0414,N21,nominal,2.0NRT,284.3,0.65,N
-25.2692,-50.65543,298.29,0.53,0.42,2026-06-04,0414,N21,nominal,2.0NRT,282.82,0.98,N
-24.51668,-60.6364,300.85,0.73,0.76,2026-06-04,0414,N21,nominal,2.0NRT,287.02,2.14,N
-24.51852,-60.6294,300.99,0.72,0.76,2026-06-04,0414,N21,nominal,2.0NRT,286.87,2.14,N
-24.52348,-60.63847,308.07,0.73,0.76,2026-06-04,0414,N21,nominal,2.0NRT,287.43,2.98,N
-24.51696,-60.63308,311.62,0.72,0.76,2026-06-04,0414,N21,nominal,2.0NRT,287.22,3.48,N
-24.52375,-60.63513,319.01,0.72,0.76,2026-06-04,0414,N21,nominal,2.0NRT,287.44,3.48,N
-26.56465,-54.41771,298.21,0.55,0.51,2026-06-04,0414,N21,nominal,2.0NRT,284.97,1.02,N
-26.56936,-54.41857,297.8,0.55,0.51,2026-06-04,0414,N21,nominal,2.0NRT,286.08,1.02,N
-26.65545,-54.21349,297.89,0.53,0.5,2026-06-04,0414,N21,nominal,2.0NRT,282.84,0.86,N
-29.77969,-51.17837,330.12,0.48,0.4,2026-06-04,0414,N21,nominal,2.0NRT,280.94,4.02,N
-29.81446,-51.17652,304.92,0.48,0.4,2026-06-04,0414,N21,nominal,2.0NRT,282.47,1.25,N
-28.97906,-57.58277,340.63,0.38,0.58,2026-06-04,0414,N21,nominal,2.0NRT,286.16,5.4,N
-28.97998,-57.57899,340.25,0.38,0.58,2026-06-04,0414,N21,nominal,2.0NRT,285.8,5.4,N
-34.85724,-57.89375,298.39,0.57,0.52,2026-06-04,0417,N21,nominal,2.0NRT,273.97,1.23,N
-34.85703,-57.89432,297.75,0.57,0.52,2026-06-04,0417,N21,nominal,2.0NRT,273.67,1.19,N
-10.54853,-46.61658,312.25,0.53,0.42,2026-06-04,0410,N21,nominal,2.0NRT,292.17,8.89,N
-3.57636,-38.86178,310.2,0.41,0.37,2026-06-04,0406,N21,nominal,2.0NRT,292.21,5.59,N
-3.57977,-38.8623,330.99,0.41,0.37,2026-06-04,0406,N21,nominal,2.0NRT,294.28,5.59,N
-3.58374,-38.85915,316.31,0.41,0.37,2026-06-04,0406,N21,nominal,2.0NRT,293.45,1.26,N
-3.58431,-38.85546,310.61,0.41,0.37,2026-06-04,0406,N21,nominal,2.0NRT,293.21,2.1,N
-3.58715,-38.85967,307.71,0.41,0.37,2026-06-04,0406,N21,nominal,2.0NRT,293.66,1.26,N
-3.59397,-38.86072,334.55,0.41,0.37,2026-06-04,0406,N21,nominal,2.0NRT,294.94,4.55,N
-4.36299,-37.89918,327.54,0.46,0.39,2026-06-04,0408,N21,nominal,2.0NRT,291.68,2.29,N
-4.36657,-37.89973,329.18,0.46,0.39,2026-06-04,0408,N21,nominal,2.0NRT,292.23,2.5,N
-5.45957,-37.72206,307.24,0.48,0.4,2026-06-04,0408,N21,nominal,2.0NRT,291.46,0.98,N
-5.52101,-37.48354,326.38,0.5,0.41,2026-06-04,0408,N21,nominal,2.0NRT,292.04,2.52,N
-5.611,-37.53129,318.49,0.49,0.41,2026-06-04,0408,N21,nominal,2.0NRT,292.16,2.33,N
-6.37916,-39.25171,312.18,0.42,0.38,2026-06-04,0408,N21,nominal,2.0NRT,291.41,1.35,N
-6.62892,-38.7266,307.7,0.44,0.39,2026-06-04,0408,N21,nominal,2.0NRT,291.35,0.73,N
-5.72559,-45.02986,295.94,0.5,0.41,2026-06-04,0408,N21,nominal,2.0NRT,275.28,1.28,N
-6.39728,-44.84165,327.7,0.48,0.4,2026-06-04,0408,N21,nominal,2.0NRT,290.62,3.35,N
-6.98795,-42.8876,340.32,0.4,0.37,2026-06-04,0408,N21,nominal,2.0NRT,294.43,12.63,N
-6.98966,-42.87689,326.12,0.4,0.37,2026-06-04,0408,N21,nominal,2.0NRT,291.84,1.69,N
-6.99023,-42.87332,300.33,0.4,0.37,2026-06-04,0408,N21,nominal,2.0NRT,289.62,1.69,N
-6.76017,-45.01028,306.94,0.48,0.4,2026-06-04,0408,N21,nominal,2.0NRT,290.7,2.16,N
-6.76765,-45.03357,303.81,0.48,0.4,2026-06-04,0408,N21,nominal,2.0NRT,290.1,0.91,N
-7.34269,-44.31137,303.71,0.44,0.38,2026-06-04,0408,N21,nominal,2.0NRT,290.58,0.79,N
-7.35083,-46.2114,301.13,0.55,0.43,2026-06-04,0408,N21,nominal,2.0NRT,290.37,0.97,N
-7.27237,-46.80816,326.99,0.4,0.44,2026-06-04,0408,N21,nominal,2.0NRT,289.78,2.93,N
-7.27643,-46.80885,299.25,0.4,0.44,2026-06-04,0408,N21,nominal,2.0NRT,286.95,0.34,N
-6.57269,-51.10133,305.08,0.4,0.6,2026-06-04,0408,N21,nominal,2.0NRT,267.9,1.11,N
-6.5781,-51.1027,322.25,0.4,0.6,2026-06-04,0408,N21,nominal,2.0NRT,272.81,2.14,N
-7.46054,-46.20615,302.64,0.55,0.43,2026-06-04,0408,N21,nominal,2.0NRT,291.29,1.22,N
-7.48683,-47.50462,309.22,0.44,0.46,2026-06-04,0408,N21,nominal,2.0NRT,290.46,1.11,N
-8.06671,-46.20095,303.82,0.54,0.42,2026-06-04,0408,N21,nominal,2.0NRT,291.75,1.61,N
-8.0723,-46.19138,305.49,0.54,0.42,2026-06-04,0408,N21,nominal,2.0NRT,291.69,1.27,N
-8.07313,-46.18647,303.69,0.54,0.42,2026-06-04,0408,N21,nominal,2.0NRT,291.86,1.27,N
-8.57109,-46.00185,327.15,0.52,0.41,2026-06-04,0408,N21,nominal,2.0NRT,291.93,4.4,N
-8.57185,-45.99727,328.82,0.52,0.41,2026-06-04,0408,N21,nominal,2.0NRT,291.59,4.4,N
-8.57563,-45.99793,323.27,0.52,0.41,2026-06-04,0408,N21,nominal,2.0NRT,291.47,5.25,N
-8.57639,-45.99337,305.86,0.52,0.41,2026-06-04,0408,N21,nominal,2.0NRT,289.99,1.02,N
-8.57941,-45.99862,335.01,0.52,0.41,2026-06-04,0408,N21,nominal,2.0NRT,291.85,5.25,N
-8.27912,-48.22778,301.27,0.48,0.48,2026-06-04,0408,N21,nominal,2.0NRT,290.4,0.71,N
-8.28351,-48.2285,301.07,0.48,0.48,2026-06-04,0408,N21,nominal,2.0NRT,290.6,0.71,N
-8.28714,-48.23362,302.76,0.48,0.48,2026-06-04,0408,N21,nominal,2.0NRT,290.52,1.32,N
-8.29077,-48.23876,302.29,0.48,0.48,2026-06-04,0408,N21,nominal,2.0NRT,290.5,1.01,N
-8.29153,-48.23436,303.96,0.48,0.48,2026-06-04,0408,N21,nominal,2.0NRT,291,1.32,N
-8.29516,-48.23948,302.77,0.48,0.48,2026-06-04,0408,N21,nominal,2.0NRT,290.55,0.89,N
-8.35214,-48.14354,324.27,0.47,0.48,2026-06-04,0408,N21,nominal,2.0NRT,291.95,3.43,N
-8.93102,-46.855,304.19,0.38,0.43,2026-06-04,0408,N21,nominal,2.0NRT,289.87,0.74,N
-9.56888,-44.5775,318.47,0.43,0.38,2026-06-04,0408,N21,nominal,2.0NRT,293.74,2.3,N
-9.2238,-46.67657,300.91,0.56,0.43,2026-06-04,0408,N21,nominal,2.0NRT,290.9,1.96,N
-9.46699,-46.06184,329.24,0.51,0.41,2026-06-04,0408,N21,nominal,2.0NRT,291.79,2.99,N
-9.46774,-46.0573,307.02,0.51,0.41,2026-06-04,0408,N21,nominal,2.0NRT,290.06,2.99,N
-9.47075,-46.06246,320.33,0.51,0.41,2026-06-04,0408,N21,nominal,2.0NRT,291.87,2.99,N
-9.3679,-47.08603,321.97,0.39,0.44,2026-06-04,0408,N21,nominal,2.0NRT,290.94,2.14,N
-9.53089,-47.75414,326.97,0.43,0.46,2026-06-04,0408,N21,nominal,2.0NRT,291.98,3.56,N
-9.53024,-47.75795,317.41,0.43,0.46,2026-06-04,0408,N21,nominal,2.0NRT,292.39,3.14,N
-9.52851,-47.75302,312.44,0.43,0.46,2026-06-04,0408,N21,nominal,2.0NRT,291.37,1.33,N
-9.53199,-47.7576,321.08,0.43,0.46,2026-06-04,0408,N21,nominal,2.0NRT,291.95,3.08,N
-9.53266,-47.75379,308.29,0.43,0.46,2026-06-04,0408,N21,nominal,2.0NRT,290.81,1.47,N
-9.68464,-47.04839,302.63,0.38,0.43,2026-06-04,0408,N21,nominal,2.0NRT,290.18,0.78,N
-10.00411,-46.56974,312.29,0.53,0.42,2026-06-04,0408,N21,nominal,2.0NRT,290.3,1.71,N
-10.00493,-46.56489,301.59,0.53,0.42,2026-06-04,0408,N21,nominal,2.0NRT,290.15,1.32,N
-10.00655,-46.55533,307.03,0.53,0.42,2026-06-04,0408,N21,nominal,2.0NRT,289.7,1.55,N
-10.00736,-46.55052,314.95,0.53,0.42,2026-06-04,0408,N21,nominal,2.0NRT,289.89,1.55,N
-9.62818,-48.88124,311.09,0.5,0.49,2026-06-04,0408,N21,nominal,2.0NRT,289.26,1.11,N
-9.37028,-50.54146,319.86,0.33,0.55,2026-06-04,0408,N21,nominal,2.0NRT,289.18,1.56,N
-9.37532,-50.54237,333.96,0.33,0.55,2026-06-04,0408,N21,nominal,2.0NRT,289.64,3.01,N
-9.8927,-47.85604,302.49,0.43,0.46,2026-06-04,0408,N21,nominal,2.0NRT,290.79,1,N
-9.89622,-47.86053,309.79,0.43,0.46,2026-06-04,0408,N21,nominal,2.0NRT,290.98,2.46,N
-9.51345,-50.2616,302.61,0.63,0.54,2026-06-04,0408,N21,nominal,2.0NRT,289.21,1.11,N
-9.51838,-50.2625,321.09,0.63,0.54,2026-06-04,0408,N21,nominal,2.0NRT,289.1,3.68,N
-9.92314,-48.00545,320.23,0.44,0.46,2026-06-04,0408,N21,nominal,2.0NRT,291.05,1.56,N
-9.92247,-48.00935,302.02,0.44,0.46,2026-06-04,0408,N21,nominal,2.0NRT,290.21,0.91,N
-9.9238,-48.00156,308.75,0.44,0.46,2026-06-04,0408,N21,nominal,2.0NRT,290.4,1.56,N
-9.92446,-47.99766,306.53,0.44,0.46,2026-06-04,0408,N21,nominal,2.0NRT,290.35,1.11,N
-9.5148,-50.26344,309.62,0.63,0.54,2026-06-04,0408,N21,nominal,2.0NRT,289.27,1.88,N
-9.92313,-48.0087,313.63,0.44,0.46,2026-06-04,0408,N21,nominal,2.0NRT,290.82,1.44,N
-9.92382,-48.00481,313.23,0.44,0.46,2026-06-04,0408,N21,nominal,2.0NRT,290.82,1.82,N
-9.9245,-48.00093,312.8,0.44,0.46,2026-06-04,0408,N21,nominal,2.0NRT,290.86,1.82,N
-9.92519,-47.99705,305.81,0.44,0.46,2026-06-04,0408,N21,nominal,2.0NRT,290.17,0.97,N
-9.51973,-50.26432,302.97,0.63,0.54,2026-06-04,0408,N21,nominal,2.0NRT,288.5,1.88,N
-9.92733,-48.00943,306.65,0.44,0.46,2026-06-04,0408,N21,nominal,2.0NRT,290.65,1.44,N
-9.93223,-48.00625,304.98,0.44,0.46,2026-06-04,0408,N21,nominal,2.0NRT,290.31,1.64,N
-9.93292,-48.00236,317.9,0.44,0.46,2026-06-04,0408,N21,nominal,2.0NRT,290.67,1.64,N
-10.53625,-46.61951,314.6,0.53,0.42,2026-06-04,0410,N21,nominal,2.0NRT,291.79,2.21,N
-10.95064,-44.18536,303.23,0.41,0.37,2026-06-04,0410,N21,nominal,2.0NRT,289.6,0.77,N
-10.55231,-46.6174,343.48,0.53,0.42,2026-06-04,0410,N21,nominal,2.0NRT,293.97,8.89,N
-10.25627,-48.34346,307.61,0.45,0.47,2026-06-04,0410,N21,nominal,2.0NRT,291.89,1.42,N
-10.5651,-46.63473,336.37,0.53,0.42,2026-06-04,0410,N21,nominal,2.0NRT,293.3,8.62,N
-10.56592,-46.62983,313.11,0.53,0.42,2026-06-04,0410,N21,nominal,2.0NRT,292.5,3.44,N
-10.60031,-46.69849,301.61,0.53,0.42,2026-06-04,0410,N21,nominal,2.0NRT,290.09,0.62,N
-10.61345,-46.6908,320.46,0.53,0.42,2026-06-04,0410,N21,nominal,2.0NRT,290.46,3.81,N
-10.61314,-46.71561,305.27,0.53,0.42,2026-06-04,0410,N21,nominal,2.0NRT,289.33,1.11,N
-10.6148,-46.70596,301.66,0.53,0.42,2026-06-04,0410,N21,nominal,2.0NRT,289.38,1.01,N
-10.44134,-47.95383,302.22,0.42,0.46,2026-06-04,0410,N21,nominal,2.0NRT,290.76,1.46,N
-10.98025,-45.09762,330.45,0.44,0.38,2026-06-04,0410,N21,nominal,2.0NRT,290.95,3.47,N
-10.3837,-49.44626,347.24,0.53,0.5,2026-06-04,0410,N21,nominal,2.0NRT,291.16,7.33,N
-10.38283,-49.45111,309.48,0.53,0.5,2026-06-04,0410,N21,nominal,2.0NRT,289.11,7.33,N
-10.38456,-49.44142,317.94,0.53,0.5,2026-06-04,0410,N21,nominal,2.0NRT,282.59,2.87,N
-10.38743,-49.45191,331.93,0.53,0.5,2026-06-04,0410,N21,nominal,2.0NRT,290.59,7.33,N
-10.3883,-49.44703,338.66,0.53,0.5,2026-06-04,0410,N21,nominal,2.0NRT,289.96,7.33,N
-10.38916,-49.44219,321.12,0.53,0.5,2026-06-04,0410,N21,nominal,2.0NRT,282.09,2.87,N
-10.39289,-49.44787,333.17,0.53,0.5,2026-06-04,0410,N21,nominal,2.0NRT,286.99,7.8,N
-10.39376,-49.44302,314.89,0.53,0.5,2026-06-04,0410,N21,nominal,2.0NRT,281.49,2.19,N
-9.89132,-52.44128,302.69,0.43,0.62,2026-06-04,0410,N21,nominal,2.0NRT,288.38,1.3,N
-10.99092,-47.05332,295.7,0.55,0.43,2026-06-04,0410,N21,nominal,2.0NRT,283.02,0.95,N
-11.7959,-42.63811,302.36,0.38,0.36,2026-06-04,0410,N21,nominal,2.0NRT,284.43,0.41,N
-11.01423,-47.47556,302.86,0.39,0.44,2026-06-04,0410,N21,nominal,2.0NRT,287.1,0.76,N
-10.6397,-49.72896,318.12,0.55,0.51,2026-06-04,0410,N21,nominal,2.0NRT,291.21,3.74,N
-11.2589,-48.35865,312.63,0.44,0.46,2026-06-04,0410,N21,nominal,2.0NRT,291.58,1.58,N
-11.25959,-48.35466,304.36,0.44,0.46,2026-06-04,0410,N21,nominal,2.0NRT,290.92,1.58,N
-11.38877,-47.82439,301.05,0.4,0.44,2026-06-04,0410,N21,nominal,2.0NRT,290.08,1.21,N
-11.39409,-47.81792,305.21,0.4,0.44,2026-06-04,0410,N21,nominal,2.0NRT,290.25,0.76,N
-11.75814,-47.07347,327.97,0.54,0.42,2026-06-04,0410,N21,nominal,2.0NRT,291.8,3,N
-11.5718,-48.14143,306.13,0.42,0.45,2026-06-04,0410,N21,nominal,2.0NRT,290.97,1.21,N
-11.7573,-47.07836,307.73,0.54,0.42,2026-06-04,0410,N21,nominal,2.0NRT,290.99,3,N
-11.76116,-47.07898,320.58,0.54,0.42,2026-06-04,0410,N21,nominal,2.0NRT,290.26,1.78,N
-11.762,-47.07412,302.02,0.54,0.42,2026-06-04,0410,N21,nominal,2.0NRT,289.38,1.78,N
-12.02225,-45.86991,300.13,0.46,0.39,2026-06-04,0410,N21,nominal,2.0NRT,283.77,0.54,N
-12.02584,-45.87054,301.62,0.46,0.39,2026-06-04,0410,N21,nominal,2.0NRT,283.38,0.89,N
-12.02653,-45.86633,297.75,0.46,0.39,2026-06-04,0410,N21,nominal,2.0NRT,283.97,0.68,N
-12.02425,-45.86959,317.07,0.46,0.39,2026-06-04,0410,N21,nominal,2.0NRT,284.1,1.68,N
-11.94981,-46.75092,298.09,0.51,0.41,2026-06-04,0410,N21,nominal,2.0NRT,285.37,0.76,N
-12.53758,-43.80157,302.84,0.39,0.36,2026-06-04,0410,N21,nominal,2.0NRT,289.98,0.88,N
-10.84423,-53.75029,299.78,0.51,0.66,2026-06-04,0410,N21,nominal,2.0NRT,287.4,1.2,N
-10.84939,-53.75591,300.45,0.51,0.66,2026-06-04,0410,N21,nominal,2.0NRT,287.78,1.75,N
-11.95496,-49.54379,302.91,0.51,0.49,2026-06-04,0410,N21,nominal,2.0NRT,291.95,0.89,N
-11.26416,-53.97019,305.79,0.52,0.67,2026-06-04,0410,N21,nominal,2.0NRT,287.83,2.68,N
-11.27024,-53.97128,299.55,0.52,0.67,2026-06-04,0410,N21,nominal,2.0NRT,287.59,0.89,N
-11.54071,-52.79061,325.65,0.43,0.62,2026-06-04,0410,N21,nominal,2.0NRT,289.22,3.36,N
-11.54146,-52.78668,315.42,0.43,0.62,2026-06-04,0410,N21,nominal,2.0NRT,288.76,3.36,N
-11.54635,-52.79156,343.87,0.43,0.62,2026-06-04,0410,N21,nominal,2.0NRT,291.53,12.31,N
-11.54709,-52.78764,367,0.43,0.62,2026-06-04,0410,N21,high,2.0NRT,291.97,12.31,N
-11.5527,-52.78875,367,0.43,0.62,2026-06-04,0410,N21,high,2.0NRT,293.72,12.31,N
-11.55343,-52.78487,339.44,0.43,0.62,2026-06-04,0410,N21,nominal,2.0NRT,289.98,18.27,N
-11.55196,-52.79264,300.75,0.43,0.62,2026-06-04,0410,N21,nominal,2.0NRT,289.98,12.31,N
-13.05165,-44.18618,300.13,0.4,0.37,2026-06-04,0410,N21,nominal,2.0NRT,288.48,0.53,N
-13.19682,-43.35689,305.41,0.39,0.36,2026-06-04,0410,N21,nominal,2.0NRT,287.92,1.35,N
-11.54408,-52.79086,352.62,0.43,0.62,2026-06-04,0410,N21,nominal,2.0NRT,291.48,10.45,N
-11.54485,-52.78694,349.62,0.43,0.62,2026-06-04,0410,N21,nominal,2.0NRT,290.2,10.45,N
-11.55047,-52.78799,367,0.43,0.62,2026-06-04,0410,N21,high,2.0NRT,293.57,11.42,N
-11.5497,-52.79188,317.97,0.43,0.62,2026-06-04,0410,N21,nominal,2.0NRT,290.4,11.42,N
-11.55123,-52.78412,318.49,0.43,0.62,2026-06-04,0410,N21,nominal,2.0NRT,289.66,8.03,N
-11.55607,-52.7891,344.23,0.43,0.62,2026-06-04,0410,N21,nominal,2.0NRT,290.96,11.42,N
-11.55684,-52.78522,323.36,0.43,0.62,2026-06-04,0410,N21,nominal,2.0NRT,289.89,8.03,N
-11.78146,-52.51196,300.38,0.41,0.6,2026-06-04,0410,N21,nominal,2.0NRT,289.02,1.8,N
-11.78695,-52.51303,321.87,0.41,0.6,2026-06-04,0410,N21,nominal,2.0NRT,289.58,1.8,N
-11.79244,-52.5141,315.35,0.41,0.6,2026-06-04,0410,N21,nominal,2.0NRT,289.48,1.39,N
-11.79793,-52.51516,299.27,0.41,0.6,2026-06-04,0410,N21,nominal,2.0NRT,285.52,1.39,N
-12.56198,-48.3501,308.12,0.42,0.45,2026-06-04,0410,N21,nominal,2.0NRT,278.29,1.43,N
-11.62054,-55.18814,306.28,0.62,0.71,2026-06-04,0410,N21,nominal,2.0NRT,289.48,3.43,N
-11.62701,-55.18951,315.07,0.62,0.71,2026-06-04,0410,N21,nominal,2.0NRT,290.1,3.43,N
-11.62812,-55.18391,316.47,0.62,0.71,2026-06-04,0410,N21,nominal,2.0NRT,289.52,6.52,N
-11.62078,-55.18644,306.1,0.62,0.71,2026-06-04,0410,N21,nominal,2.0NRT,289.17,4.03,N
-11.62725,-55.18779,317.15,0.62,0.71,2026-06-04,0410,N21,nominal,2.0NRT,290.05,4.03,N
-11.6284,-55.18219,309.3,0.62,0.71,2026-06-04,0410,N21,nominal,2.0NRT,289.27,4.89,N
-11.63373,-55.18912,328.35,0.62,0.71,2026-06-04,0410,N21,nominal,2.0NRT,290.2,8.56,N
-11.60354,-55.33594,308.3,0.63,0.72,2026-06-04,0410,N21,nominal,2.0NRT,289.75,2.31,N
-11.63487,-55.18355,307.19,0.62,0.71,2026-06-04,0410,N21,nominal,2.0NRT,288.72,4.26,N
-11.61007,-55.3373,307.5,0.63,0.72,2026-06-04,0410,N21,nominal,2.0NRT,289.57,2.31,N
-12.17862,-54.54139,319.44,0.55,0.68,2026-06-04,0410,N21,nominal,2.0NRT,289.8,3.7,N
-13.95949,-46.1856,323.18,0.45,0.39,2026-06-04,0410,N21,nominal,2.0NRT,288.63,3.04,N
-14.04538,-46.34269,306.79,0.46,0.39,2026-06-04,0410,N21,nominal,2.0NRT,289.18,1.14,N
-14.04609,-46.33849,301.82,0.46,0.39,2026-06-04,0410,N21,nominal,2.0NRT,289.07,1.14,N
-14.04824,-46.34755,300.11,0.46,0.39,2026-06-04,0410,N21,nominal,2.0NRT,289.62,0.61,N
-14.04896,-46.34332,304.52,0.46,0.39,2026-06-04,0410,N21,nominal,2.0NRT,289.93,1.14,N
-14.04969,-46.33909,315.47,0.46,0.39,2026-06-04,0410,N21,nominal,2.0NRT,290.35,1.14,N
-12.73585,-54.2075,301.18,0.51,0.66,2026-06-04,0410,N21,nominal,2.0NRT,290.51,1.99,N
-12.73678,-54.20287,307.88,0.51,0.66,2026-06-04,0410,N21,nominal,2.0NRT,290.77,2.18,N
-12.73771,-54.19822,308.71,0.51,0.66,2026-06-04,0410,N21,nominal,2.0NRT,290.83,2.18,N
-12.73863,-54.19366,308.12,0.51,0.66,2026-06-04,0410,N21,nominal,2.0NRT,291.17,2.49,N
-14.37001,-45.55096,302.12,0.42,0.38,2026-06-04,0410,N21,nominal,2.0NRT,288.31,0.9,N
-14.36892,-45.55073,299.77,0.42,0.38,2026-06-04,0410,N21,nominal,2.0NRT,288.06,0.88,N
-15.32946,-42.3395,324.49,0.39,0.36,2026-06-04,0410,N21,nominal,2.0NRT,277.37,6.55,N
-15.33,-42.33588,348.51,0.39,0.36,2026-06-04,0410,N21,nominal,2.0NRT,279.84,8.01,N
-15.33055,-42.33226,298.34,0.39,0.36,2026-06-04,0410,N21,nominal,2.0NRT,278.63,8.01,N
-15.3328,-42.34005,335.87,0.39,0.36,2026-06-04,0410,N21,nominal,2.0NRT,277.94,6.55,N
-15.33334,-42.33643,347.51,0.39,0.36,2026-06-04,0410,N21,nominal,2.0NRT,283.83,8.01,N
-15.33389,-42.33281,311.71,0.39,0.36,2026-06-04,0410,N21,nominal,2.0NRT,276.97,8.01,N
-15.33668,-42.33697,304.58,0.39,0.36,2026-06-04,0410,N21,nominal,2.0NRT,277.59,0.68,N
-15.33722,-42.33335,295.25,0.39,0.36,2026-06-04,0410,N21,nominal,2.0NRT,276.96,0.68,N
-14.29448,-49.14433,332.13,0.44,0.46,2026-06-04,0410,N21,nominal,2.0NRT,290.54,4.05,N
-14.29376,-49.14835,315.86,0.44,0.46,2026-06-04,0410,N21,nominal,2.0NRT,290.4,4.05,N
-14.29419,-49.14752,337.12,0.44,0.46,2026-06-04,0410,N21,nominal,2.0NRT,292.21,4.64,N
-14.29493,-49.14351,299.97,0.44,0.46,2026-06-04,0410,N21,nominal,2.0NRT,289.97,4.64,N
-14.44604,-48.90376,322.33,0.42,0.45,2026-06-04,0410,N21,nominal,2.0NRT,290.16,2.42,N
-14.44537,-48.90759,315.7,0.42,0.45,2026-06-04,0410,N21,nominal,2.0NRT,290.91,2.42,N
-14.44804,-48.90462,333.86,0.42,0.45,2026-06-04,0410,N21,nominal,2.0NRT,290.95,4.99,N
-13.51513,-54.31316,312.01,0.5,0.66,2026-06-04,0410,N21,nominal,2.0NRT,290.66,4.91,N
-13.51149,-54.31504,321.19,0.5,0.66,2026-06-04,0410,N21,nominal,2.0NRT,291.08,3.53,N
-14.0603,-53.4005,321.87,0.42,0.61,2026-06-04,0410,N21,nominal,2.0NRT,289.9,4.68,N
-14.06108,-53.39661,323.25,0.42,0.61,2026-06-04,0410,N21,nominal,2.0NRT,290.15,4.27,N
-14.06666,-53.39774,301.64,0.42,0.61,2026-06-04,0410,N21,nominal,2.0NRT,289.59,0.78,N
-14.07533,-53.38348,314.16,0.42,0.61,2026-06-04,0410,N21,nominal,2.0NRT,290.21,1.75,N
-14.08011,-53.38848,353.19,0.42,0.61,2026-06-04,0410,N21,nominal,2.0NRT,292.26,7.37,N
-14.08089,-53.38464,329.09,0.42,0.61,2026-06-04,0410,N21,nominal,2.0NRT,290.84,9.13,N
-14.07934,-53.39233,302.31,0.42,0.61,2026-06-04,0410,N21,nominal,2.0NRT,290.07,7.37,N
-14.08568,-53.38962,352.96,0.42,0.61,2026-06-04,0410,N21,nominal,2.0NRT,291.37,7.37,N
-15.43601,-46.33339,306.02,0.44,0.39,2026-06-04,0410,N21,nominal,2.0NRT,281.79,0.95,N
-15.4363,-46.33231,301.78,0.44,0.39,2026-06-04,0410,N21,nominal,2.0NRT,282.08,0.79,N
-15.07946,-48.946,306.65,0.41,0.45,2026-06-04,0410,N21,nominal,2.0NRT,292.58,1.62,N
-14.78583,-50.64135,312.21,0.54,0.51,2026-06-04,0410,N21,nominal,2.0NRT,290.73,2,N
-14.78675,-50.63638,303.13,0.54,0.51,2026-06-04,0410,N21,nominal,2.0NRT,288.9,2,N
-14.7853,-50.63969,306.43,0.54,0.5,2026-06-04,0410,N21,nominal,2.0NRT,290.55,2.07,N
-14.78988,-50.64065,316.58,0.54,0.5,2026-06-04,0410,N21,nominal,2.0NRT,289.67,2.07,N
-14.77159,-52.67251,324.72,0.37,0.58,2026-06-04,0410,N21,nominal,2.0NRT,290.53,3.4,N
-14.77093,-52.67587,300.27,0.37,0.58,2026-06-04,0410,N21,nominal,2.0NRT,289.33,1.77,N
-14.7768,-52.67378,305.79,0.37,0.58,2026-06-04,0410,N21,nominal,2.0NRT,289.15,1.03,N
-16.57989,-45.88052,297.52,0.42,0.37,2026-06-04,0410,N21,nominal,2.0NRT,265.37,1.01,N
-16.58053,-45.87664,301.94,0.42,0.37,2026-06-04,0410,N21,nominal,2.0NRT,261.63,0.69,N
-16.58267,-45.88501,299.02,0.42,0.37,2026-06-04,0410,N21,nominal,2.0NRT,265.27,1.01,N
-16.58331,-45.88112,311.99,0.42,0.37,2026-06-04,0410,N21,nominal,2.0NRT,262.75,1.01,N
-16.5861,-45.88562,322.45,0.42,0.37,2026-06-04,0410,N21,nominal,2.0NRT,265.84,2.76,N
-16.74465,-49.93614,301.82,0.45,0.47,2026-06-04,0410,N21,nominal,2.0NRT,288.22,1.27,N
-17.63684,-45.16385,295.69,0.39,0.36,2026-06-04,0410,N21,nominal,2.0NRT,277.22,0.94,N
-17.50171,-46.44253,301.01,0.43,0.38,2026-06-04,0410,N21,nominal,2.0NRT,287.46,0.72,N
-17.00868,-49.78029,302.8,0.43,0.46,2026-06-04,0410,N21,nominal,2.0NRT,291.3,1.74,N
-17.00951,-49.78055,302.54,0.43,0.46,2026-06-04,0410,N21,nominal,2.0NRT,290.99,1.24,N
-17.96733,-44.35365,303.05,0.38,0.36,2026-06-04,0410,N21,nominal,2.0NRT,272.4,0.64,N
-16.44051,-57.27069,303.43,0.68,0.74,2026-06-04,0412,N21,nominal,2.0NRT,288.54,1.94,N
-19.7177,-40.35432,295.17,0.51,0.41,2026-06-04,0412,N21,nominal,2.0NRT,270.62,0.85,N
-16.59115,-58.24052,312.41,0.78,0.78,2026-06-04,0412,N21,nominal,2.0NRT,290.09,4.82,N
-16.60351,-58.25117,309.63,0.78,0.78,2026-06-04,0412,N21,nominal,2.0NRT,289.77,4.1,N
-19.43856,-44.34129,306.95,0.38,0.36,2026-06-04,0412,N21,nominal,2.0NRT,289.35,1.1,N
-17.46268,-55.20165,331.7,0.48,0.64,2026-06-04,0412,N21,nominal,2.0NRT,291.68,6.65,N
-17.46362,-55.1972,340.77,0.47,0.64,2026-06-04,0412,N21,nominal,2.0NRT,291.87,9.44,N
-17.46191,-55.19931,347.49,0.47,0.64,2026-06-04,0412,N21,nominal,2.0NRT,292.41,9.74,N
-17.46289,-55.19484,331.88,0.47,0.64,2026-06-04,0412,N21,nominal,2.0NRT,291.88,5.94,N
-19.51366,-44.2753,304.71,0.38,0.36,2026-06-04,0412,N21,nominal,2.0NRT,288.18,1.03,N
-19.60801,-44.0595,317.32,0.39,0.36,2026-06-04,0412,N21,nominal,2.0NRT,288.16,2.1,N
-18.39799,-51.45669,302.43,0.52,0.5,2026-06-04,0412,N21,nominal,2.0NRT,285,0.96,N
-20.24111,-40.24565,300.57,0.52,0.42,2026-06-04,0412,N21,nominal,2.0NRT,273.17,2.22,N
-20.24177,-40.24068,298.85,0.52,0.42,2026-06-04,0412,N21,nominal,2.0NRT,270.98,1.63,N
-19.59015,-45.21445,297.1,0.39,0.36,2026-06-04,0412,N21,nominal,2.0NRT,287.08,0.3,N
-19.88654,-44.76255,305.83,0.38,0.36,2026-06-04,0412,N21,nominal,2.0NRT,285.26,0.5,N
-19.12325,-49.7612,297.77,0.4,0.44,2026-06-04,0412,N21,nominal,2.0NRT,285.85,0.64,N
-19.12727,-49.76204,299.26,0.4,0.44,2026-06-04,0412,N21,nominal,2.0NRT,285.77,0.7,N
-18.23689,-54.5947,300.22,0.42,0.61,2026-06-04,0412,N21,nominal,2.0NRT,285.26,0.96,N
-19.98797,-45.4933,298.27,0.39,0.36,2026-06-04,0412,N21,nominal,2.0NRT,286.09,0.51,N
-20.4189,-43.5523,296.73,0.39,0.36,2026-06-04,0412,N21,nominal,2.0NRT,284.24,0.73,N
-18.46383,-54.70859,302.58,0.42,0.61,2026-06-04,0412,N21,nominal,2.0NRT,285.98,1.23,N
-18.46465,-54.70478,306.32,0.42,0.61,2026-06-04,0412,N21,nominal,2.0NRT,285.8,1.23,N
-19.96426,-47.20579,296.21,0.43,0.38,2026-06-04,0412,N21,nominal,2.0NRT,285.54,0.65,N
-20.54326,-43.76287,301.8,0.39,0.36,2026-06-04,0412,N21,nominal,2.0NRT,287.81,1.79,N
-20.54437,-43.75542,302.33,0.39,0.36,2026-06-04,0412,N21,nominal,2.0NRT,288.09,1.21,N
-20.54493,-43.7517,317.23,0.39,0.36,2026-06-04,0412,N21,nominal,2.0NRT,287.93,1.96,N
-20.54549,-43.74798,313.33,0.39,0.36,2026-06-04,0412,N21,nominal,2.0NRT,286.1,1.96,N
-20.3109,-45.58131,299.33,0.39,0.36,2026-06-04,0412,N21,nominal,2.0NRT,288.04,0.91,N
-20.31363,-45.58559,300.26,0.39,0.36,2026-06-04,0412,N21,nominal,2.0NRT,288.85,0.95,N
-20.3785,-45.60497,304.55,0.39,0.36,2026-06-04,0412,N21,nominal,2.0NRT,286.2,0.67,N
-20.0245,-48.18961,327.5,0.48,0.4,2026-06-04,0412,N21,nominal,2.0NRT,288.13,4.81,N
-20.02735,-48.19489,301.74,0.48,0.4,2026-06-04,0412,N21,nominal,2.0NRT,287.69,0.6,N
-20.02403,-48.19233,326.14,0.48,0.4,2026-06-04,0412,N21,nominal,2.0NRT,288.52,1.8,N
-20.02485,-48.18777,302.69,0.48,0.4,2026-06-04,0412,N21,nominal,2.0NRT,287.31,1.8,N
-20.55557,-46.36191,303.76,0.4,0.37,2026-06-04,0412,N21,nominal,2.0NRT,286.28,1.15,N
-4.86523,-65.29636,304.25,0.39,0.36,2026-06-04,0548,N21,nominal,2.0NRT,291.2,0.55,N
-23.36358,-67.7336,298.78,0.45,0.39,2026-06-04,0553,N21,nominal,2.0NRT,273.37,0.82,N
-7.90016,-61.52209,302.53,0.43,0.46,2026-06-04,0550,N21,nominal,2.0NRT,290.81,0.75,N
11.74309,-70.19897,302.66,0.57,0.52,2026-06-04,0544,N21,nominal,2.0NRT,284.98,2.1,N
-9.18388,-58.0568,325.51,0.38,0.59,2026-06-04,0550,N21,nominal,2.0NRT,289.12,3.97,N
-24.52147,-60.63445,345.44,0.4,0.6,2026-06-04,0553,N21,nominal,2.0NRT,289.17,7.37,N
11.74242,-70.19373,307.8,0.57,0.52,2026-06-04,0544,N21,nominal,2.0NRT,285.36,2.48,N
-7.93998,-71.46284,314.8,0.53,0.42,2026-06-04,0550,N21,nominal,2.0NRT,287.67,2.51,N
-24.5218,-60.63049,317.99,0.4,0.6,2026-06-04,0553,N21,nominal,2.0NRT,287.1,4.26,N
11.73837,-70.19972,339.56,0.57,0.52,2026-06-04,0544,N21,nominal,2.0NRT,285.87,35.91,N
-7.94462,-71.45872,311.79,0.53,0.42,2026-06-04,0550,N21,nominal,2.0NRT,287.3,2.51,N
-24.69084,-60.7379,307.23,0.39,0.6,2026-06-04,0553,N21,nominal,2.0NRT,286.34,1.65,N
11.73769,-70.1944,310.96,0.57,0.52,2026-06-04,0544,N21,nominal,2.0NRT,287.76,21.85,N
-8.19052,-70.07928,302.53,0.45,0.39,2026-06-04,0550,N21,nominal,2.0NRT,291,0.61,N
-37.4245,-69.0948,309.85,0.54,0.42,2026-06-04,0557,N21,nominal,2.0NRT,271.13,2.45,N
11.73296,-70.19505,305.68,0.57,0.52,2026-06-04,0544,N21,nominal,2.0NRT,285.22,21.85,N
-10.0316,-59.33973,314.7,0.32,0.55,2026-06-04,0550,N21,nominal,2.0NRT,291.58,1.54,N
-37.42809,-69.17057,315.6,0.54,0.42,2026-06-04,0557,N21,nominal,2.0NRT,270.77,2.04,N
10.87762,-64.03336,306.78,0.39,0.36,2026-06-04,0544,N21,nominal,2.0NRT,289.05,1.83,N
-10.03204,-59.33966,316.91,0.32,0.55,2026-06-04,0550,N21,nominal,2.0NRT,291.54,1.48,N
-37.42834,-69.17064,313.06,0.54,0.42,2026-06-04,0557,N21,nominal,2.0NRT,270.85,2.32,N
11.73631,-70.19618,347.09,0.57,0.52,2026-06-04,0544,N21,nominal,2.0NRT,287.58,58.47,N
-8.39948,-70.48367,318.46,0.47,0.4,2026-06-04,0550,N21,nominal,2.0NRT,290.45,2.53,N
-37.71433,-69.1346,308.66,0.54,0.42,2026-06-04,0557,N21,nominal,2.0NRT,271.39,1.91,N
11.73562,-70.191,305.75,0.57,0.52,2026-06-04,0544,N21,nominal,2.0NRT,285.21,2.82,N
-9.85986,-62.37667,304.64,0.4,0.44,2026-06-04,0550,N21,nominal,2.0NRT,292.4,0.87,N
-37.71824,-69.13525,314.15,0.54,0.42,2026-06-04,0557,N21,nominal,2.0NRT,272.29,1.91,N
11.6307,-70.23642,341.16,0.57,0.52,2026-06-04,0544,N21,nominal,2.0NRT,285.33,10.29,N
-10.56853,-57.32601,300.6,0.45,0.63,2026-06-04,0550,N21,nominal,2.0NRT,289.16,2.18,N
-37.51548,-72.65408,296.28,0.4,0.37,2026-06-04,0557,N21,nominal,2.0NRT,284.09,0.83,N
11.63003,-70.23113,301.83,0.57,0.52,2026-06-04,0544,N21,nominal,2.0NRT,284.49,10.29,N
-10.56904,-57.32195,300.44,0.45,0.63,2026-06-04,0550,N21,nominal,2.0NRT,289.11,1.87,N
-38.08486,-68.70676,296.22,0.38,0.43,2026-06-04,0557,N21,nominal,2.0NRT,274.17,0.74,N
11.63448,-70.23828,319.91,0.57,0.52,2026-06-04,0544,N21,nominal,2.0NRT,283.92,10.62,N
-10.57431,-57.32671,314.64,0.45,0.63,2026-06-04,0550,N21,nominal,2.0NRT,289.61,2.18,N
11.63377,-70.233,303.35,0.57,0.52,2026-06-04,0544,N21,nominal,2.0NRT,284.21,4.67,N
-10.57481,-57.32264,319.73,0.45,0.63,2026-06-04,0550,N21,nominal,2.0NRT,289.14,1.87,N
11.62974,-70.23888,337.95,0.57,0.52,2026-06-04,0544,N21,nominal,2.0NRT,284.08,10.62,N
-10.57531,-57.3186,305.43,0.45,0.63,2026-06-04,0550,N21,nominal,2.0NRT,289.12,1.87,N
11.62903,-70.23363,305.77,0.57,0.52,2026-06-04,0544,N21,nominal,2.0NRT,284.57,4.67,N
-10.81986,-56.59167,299.57,0.51,0.66,2026-06-04,0550,N21,nominal,2.0NRT,288.79,2.15,N
11.62291,-70.22395,305.84,0.57,0.52,2026-06-04,0544,N21,nominal,2.0NRT,284.45,1.94,N
-9.65718,-65.75256,308.76,0.41,0.37,2026-06-04,0550,N21,nominal,2.0NRT,294.11,1.26,N
10.87957,-68.38618,303.88,0.42,0.45,2026-06-04,0544,N21,nominal,2.0NRT,288.77,1.07,N
-9.6056,-67.15266,316.71,0.38,0.36,2026-06-04,0550,N21,nominal,2.0NRT,291.95,1.4,N
10.80995,-68.36075,306.35,0.42,0.45,2026-06-04,0544,N21,nominal,2.0NRT,289.06,1.54,N
-9.60944,-67.1497,306.12,0.38,0.36,2026-06-04,0550,N21,nominal,2.0NRT,291.92,0.62,N
10.80942,-68.35698,311.45,0.42,0.45,2026-06-04,0544,N21,nominal,2.0NRT,289.15,1.32,N
-9.61227,-67.17512,305.01,0.38,0.36,2026-06-04,0550,N21,nominal,2.0NRT,291.74,0.94,N
10.21072,-64.61566,296.37,0.4,0.37,2026-06-04,0544,N21,nominal,2.0NRT,276.01,0.68,N
-9.62723,-67.20956,305.92,0.38,0.36,2026-06-04,0550,N21,nominal,2.0NRT,291.41,0.52,N
10.078,-64.85753,333.5,0.41,0.37,2026-06-04,0544,N21,nominal,2.0NRT,291.06,4.76,N
-9.64321,-67.21555,307.12,0.38,0.36,2026-06-04,0550,N21,nominal,2.0NRT,291.81,0.89,N
10.07625,-64.89186,306.99,0.41,0.37,2026-06-04,0544,N21,nominal,2.0NRT,290.55,1.68,N
-11.60089,-55.33168,299.73,0.64,0.72,2026-06-04,0550,N21,nominal,2.0NRT,289.45,1.79,N
10.05876,-64.86794,299.72,0.41,0.37,2026-06-04,0544,N21,nominal,2.0NRT,285.29,1.11,N
-11.60683,-55.33824,310.43,0.64,0.72,2026-06-04,0550,N21,nominal,2.0NRT,289.87,3.89,N
10.05536,-64.86839,301.58,0.41,0.37,2026-06-04,0544,N21,nominal,2.0NRT,286.47,0.97,N
-11.6075,-55.33251,305.95,0.64,0.72,2026-06-04,0550,N21,nominal,2.0NRT,289.56,1.79,N
10.05481,-64.86472,313.93,0.41,0.37,2026-06-04,0544,N21,nominal,2.0NRT,286.64,0.97,N
-11.62459,-55.18641,303.83,0.65,0.73,2026-06-04,0550,N21,nominal,2.0NRT,289.28,4.36,N
10.05425,-64.86103,303.82,0.41,0.37,2026-06-04,0544,N21,nominal,2.0NRT,287.84,1.35,N
-11.60543,-55.33662,312.27,0.64,0.72,2026-06-04,0550,N21,nominal,2.0NRT,290.09,5.09,N
10.0537,-64.85735,316.74,0.41,0.37,2026-06-04,0544,N21,nominal,2.0NRT,289.79,1.35,N
-11.62152,-55.19035,301.73,0.65,0.73,2026-06-04,0550,N21,nominal,2.0NRT,289.44,2.23,N
10.48517,-68.11758,319.01,0.4,0.44,2026-06-04,0544,N21,nominal,2.0NRT,289.81,2.55,N
-11.62217,-55.18442,300.48,0.65,0.73,2026-06-04,0550,N21,nominal,2.0NRT,289.18,3.03,N
9.38799,-64.54562,334.54,0.4,0.37,2026-06-04,0544,N21,nominal,2.0NRT,281.08,3.47,N
-11.62884,-55.18528,320.32,0.65,0.73,2026-06-04,0550,N21,nominal,2.0NRT,289.99,5.7,N
9.38464,-64.54613,308.02,0.4,0.37,2026-06-04,0544,N21,nominal,2.0NRT,276.79,3.47,N
-11.61203,-55.33746,300.23,0.64,0.72,2026-06-04,0550,N21,nominal,2.0NRT,289.68,1.33,N
9.37242,-64.53335,296.51,0.4,0.37,2026-06-04,0544,N21,nominal,2.0NRT,276.69,0.43,N
-11.62819,-55.19118,313.94,0.65,0.73,2026-06-04,0550,N21,nominal,2.0NRT,290.04,4.88,N
8.93766,-64.73943,297.35,0.4,0.37,2026-06-04,0544,N21,nominal,2.0NRT,277,0.99,N
-11.63486,-55.19205,307.85,0.65,0.73,2026-06-04,0550,N21,nominal,2.0NRT,289.88,4.88,N
-11.63551,-55.18614,317.12,0.65,0.73,2026-06-04,0550,N21,nominal,2.0NRT,289.47,5.7,N
-11.59001,-58.50768,307.68,0.38,0.59,2026-06-04,0550,N21,nominal,2.0NRT,289.93,1.05,N
-10.48051,-67.03642,305.28,0.39,0.36,2026-06-04,0550,N21,nominal,2.0NRT,292.31,0.43,N
-12.17557,-54.54251,303.59,0.73,0.76,2026-06-04,0550,N21,nominal,2.0NRT,288.45,1.18,N
-12.18254,-54.54334,299.41,0.73,0.76,2026-06-04,0550,N21,nominal,2.0NRT,288.39,1.18,N
-11.88487,-57.83635,308.74,0.43,0.62,2026-06-04,0550,N21,nominal,2.0NRT,290.58,2.5,N
-11.88535,-57.8324,310.98,0.43,0.62,2026-06-04,0550,N21,nominal,2.0NRT,290.58,1.76,N
-11.89104,-57.83302,311.85,0.43,0.62,2026-06-04,0550,N21,nominal,2.0NRT,290.68,1.49,N
-11.89151,-57.82909,301.93,0.43,0.62,2026-06-04,0550,N21,nominal,2.0NRT,290.32,1.49,N
-10.82125,-66.45212,338.35,0.4,0.37,2026-06-04,0550,N21,nominal,2.0NRT,293.96,7.47,N
-12.21017,-57.29081,367,0.48,0.64,2026-06-04,0550,N21,high,2.0NRT,295.42,10.54,N
-12.21069,-57.28653,316.5,0.48,0.64,2026-06-04,0550,N21,nominal,2.0NRT,291.3,10.54,N
-12.21172,-57.27796,301.93,0.48,0.64,2026-06-04,0550,N21,nominal,2.0NRT,290.69,1.62,N
-12.21659,-57.28726,350.95,0.48,0.64,2026-06-04,0550,N21,nominal,2.0NRT,295.46,14.67,N
-12.21711,-57.283,337.48,0.48,0.64,2026-06-04,0550,N21,nominal,2.0NRT,293.86,24.79,N
-12.21762,-57.27869,338.94,0.48,0.64,2026-06-04,0550,N21,nominal,2.0NRT,293.51,24.79,N
-12.21607,-57.29155,316.74,0.48,0.64,2026-06-04,0550,N21,nominal,2.0NRT,292.18,14.67,N
-12.21816,-57.27427,308.27,0.48,0.64,2026-06-04,0550,N21,nominal,2.0NRT,290.21,6.62,N
-12.22301,-57.28372,355.02,0.48,0.64,2026-06-04,0550,N21,nominal,2.0NRT,302,24.79,N
-12.22353,-57.27943,354.54,0.48,0.64,2026-06-04,0550,N21,nominal,2.0NRT,296.83,24.79,N
-12.22406,-57.27505,337.54,0.48,0.64,2026-06-04,0550,N21,nominal,2.0NRT,293.91,6.62,N
-12.2225,-57.28799,318.61,0.48,0.64,2026-06-04,0550,N21,nominal,2.0NRT,291.23,14.67,N
-12.22459,-57.27065,318.29,0.48,0.64,2026-06-04,0550,N21,nominal,2.0NRT,291.23,6.62,N
-12.2089,-57.28925,351.95,0.48,0.64,2026-06-04,0550,N21,nominal,2.0NRT,292.67,11.78,N
-12.20842,-57.29353,312.98,0.48,0.64,2026-06-04,0550,N21,nominal,2.0NRT,291.55,8.26,N
-12.2148,-57.29,349.25,0.48,0.64,2026-06-04,0550,N21,nominal,2.0NRT,295,21.1,N
-12.21529,-57.28572,342.95,0.48,0.64,2026-06-04,0550,N21,nominal,2.0NRT,294.12,21.1,N
-12.21577,-57.28145,326.81,0.48,0.64,2026-06-04,0550,N21,nominal,2.0NRT,292.77,20.81,N
-12.21626,-57.27709,328.08,0.48,0.64,2026-06-04,0550,N21,nominal,2.0NRT,292.01,20.81,N
-12.2212,-57.28646,367,0.48,0.64,2026-06-04,0550,N21,high,2.0NRT,294.84,21.1,N
-12.22168,-57.28218,348.15,0.48,0.64,2026-06-04,0550,N21,nominal,2.0NRT,301.33,20.81,N
-12.22217,-57.27786,348.21,0.48,0.64,2026-06-04,0550,N21,nominal,2.0NRT,294.71,20.81,N
-12.22267,-57.27343,328.65,0.48,0.65,2026-06-04,0550,N21,nominal,2.0NRT,292.24,9.44,N
-12.22759,-57.28294,338.67,0.48,0.64,2026-06-04,0550,N21,nominal,2.0NRT,291.88,11.88,N
-12.22807,-57.27867,349.23,0.48,0.64,2026-06-04,0550,N21,nominal,2.0NRT,293.52,11.88,N
-12.22857,-57.27427,344.19,0.48,0.65,2026-06-04,0550,N21,nominal,2.0NRT,294.16,5.68,N
-12.22907,-57.26987,330.17,0.48,0.65,2026-06-04,0550,N21,nominal,2.0NRT,292.39,5.68,N
-12.2271,-57.2872,303.38,0.48,0.64,2026-06-04,0550,N21,nominal,2.0NRT,289.85,3.55,N
-12.23448,-57.27511,320.64,0.48,0.65,2026-06-04,0550,N21,nominal,2.0NRT,291.17,5.68,N
-12.23497,-57.27074,308.4,0.48,0.65,2026-06-04,0550,N21,nominal,2.0NRT,290.86,5.68,N
-10.75558,-68.32699,302.56,0.39,0.36,2026-06-04,0550,N21,nominal,2.0NRT,291.04,0.67,N
-12.73621,-54.20603,302.62,0.79,0.78,2026-06-04,0550,N21,nominal,2.0NRT,289.02,3.45,N
-12.73695,-54.19897,303.84,0.79,0.78,2026-06-04,0550,N21,nominal,2.0NRT,289.34,5.08,N
-12.74019,-54.20292,299.55,0.79,0.78,2026-06-04,0550,N21,nominal,2.0NRT,289.05,1.61,N
-12.7409,-54.1958,304.07,0.79,0.78,2026-06-04,0550,N21,nominal,2.0NRT,289.22,1.61,N
-12.43999,-58.39891,322.95,0.4,0.6,2026-06-04,0550,N21,nominal,2.0NRT,289.67,3.03,N
-12.43782,-58.41718,307.12,0.4,0.6,2026-06-04,0550,N21,nominal,2.0NRT,289.14,1.19,N
-12.43869,-58.40984,300.38,0.4,0.6,2026-06-04,0550,N21,nominal,2.0NRT,289.27,2.29,N
-12.43912,-58.40618,319.51,0.4,0.6,2026-06-04,0550,N21,nominal,2.0NRT,289.94,2.78,N
-12.43956,-58.40252,313.43,0.4,0.6,2026-06-04,0550,N21,nominal,2.0NRT,290.03,2.78,N
-12.44929,-58.41467,301.59,0.4,0.6,2026-06-04,0550,N21,nominal,2.0NRT,288.42,1.09,N
-12.44973,-58.41101,306.18,0.4,0.6,2026-06-04,0550,N21,nominal,2.0NRT,287.48,1.09,N
-12.45368,-58.47105,328.27,0.4,0.6,2026-06-04,0550,N21,nominal,2.0NRT,291.33,5.74,N
-12.45323,-58.47483,301.44,0.4,0.6,2026-06-04,0550,N21,nominal,2.0NRT,290.21,5.74,N
-12.45414,-58.46727,301.95,0.4,0.6,2026-06-04,0550,N21,nominal,2.0NRT,288.94,4.57,N
-12.4587,-58.47561,339.14,0.4,0.6,2026-06-04,0550,N21,nominal,2.0NRT,292.76,5.74,N
-12.45916,-58.47185,367,0.4,0.6,2026-06-04,0550,N21,high,2.0NRT,294.96,5.74,N
-12.45961,-58.46806,323.51,0.4,0.6,2026-06-04,0550,N21,nominal,2.0NRT,289.63,4.57,N
-12.46419,-58.47631,332.9,0.4,0.6,2026-06-04,0550,N21,nominal,2.0NRT,291.43,5.56,N
-12.46464,-58.47256,337.17,0.4,0.6,2026-06-04,0550,N21,nominal,2.0NRT,292.21,5.56,N
-12.4651,-58.46879,315.14,0.4,0.6,2026-06-04,0550,N21,nominal,2.0NRT,287.43,3.41,N
-12.94464,-66.83493,305.26,0.4,0.37,2026-06-04,0550,N21,nominal,2.0NRT,291.45,0.49,N
-14.08878,-59.39118,304.61,0.36,0.57,2026-06-04,0553,N21,nominal,2.0NRT,287.93,1.12,N
-14.08919,-59.38777,307.13,0.36,0.57,2026-06-04,0553,N21,nominal,2.0NRT,288.05,1.33,N
-14.0896,-59.38434,304.94,0.36,0.58,2026-06-04,0553,N21,nominal,2.0NRT,287.79,1.33,N
-14.09002,-59.38092,307.88,0.36,0.58,2026-06-04,0553,N21,nominal,2.0NRT,288.01,1.55,N
-14.09044,-59.37745,307.48,0.36,0.58,2026-06-04,0553,N21,nominal,2.0NRT,287.84,1.55,N
-14.09446,-59.38847,323.07,0.36,0.57,2026-06-04,0553,N21,nominal,2.0NRT,288.93,3.54,N
-14.09487,-59.38507,325.35,0.36,0.58,2026-06-04,0553,N21,nominal,2.0NRT,289.17,3.54,N
-14.09529,-59.38162,323.83,0.36,0.58,2026-06-04,0553,N21,nominal,2.0NRT,289.73,4.09,N
-14.09364,-59.39524,300.45,0.36,0.57,2026-06-04,0553,N21,nominal,2.0NRT,287.08,1.84,N
-14.09405,-59.39187,319.47,0.36,0.57,2026-06-04,0553,N21,nominal,2.0NRT,288.59,1.84,N
-14.14654,-59.00141,300.25,0.38,0.59,2026-06-04,0553,N21,nominal,2.0NRT,288.87,1.14,N
-14.14697,-58.99783,308.06,0.39,0.59,2026-06-04,0553,N21,nominal,2.0NRT,289.5,1.53,N
-14.08872,-59.39003,309.99,0.36,0.58,2026-06-04,0553,N21,nominal,2.0NRT,288.18,1.66,N
-14.08911,-59.38662,303.15,0.36,0.58,2026-06-04,0553,N21,nominal,2.0NRT,288.22,1.43,N
-14.08949,-59.38318,306.21,0.36,0.58,2026-06-04,0553,N21,nominal,2.0NRT,288,1.43,N
-14.08988,-59.37975,311.27,0.36,0.58,2026-06-04,0553,N21,nominal,2.0NRT,287.99,2.84,N
-14.09399,-59.39075,320.6,0.36,0.58,2026-06-04,0553,N21,nominal,2.0NRT,288.57,2.27,N
-14.09437,-59.38735,324.01,0.36,0.58,2026-06-04,0553,N21,nominal,2.0NRT,289.34,3.67,N
-14.09476,-59.38392,327.53,0.36,0.58,2026-06-04,0553,N21,nominal,2.0NRT,289.49,3.67,N
-14.0936,-59.39414,309.01,0.36,0.57,2026-06-04,0553,N21,nominal,2.0NRT,287.88,2.27,N
-14.09515,-59.38046,313.94,0.36,0.58,2026-06-04,0553,N21,nominal,2.0NRT,289.12,3.26,N
-13.41368,-72.67709,295.43,0.53,0.42,2026-06-04,0553,N21,nominal,2.0NRT,272.33,2.14,N
-14.87435,-63.92937,313.57,0.56,0.43,2026-06-04,0553,N21,nominal,2.0NRT,292.27,3.03,N
-15.64396,-60.25157,301.83,0.33,0.55,2026-06-04,0553,N21,nominal,2.0NRT,290.43,1.09,N
-15.65932,-60.34042,327.76,0.33,0.55,2026-06-04,0553,N21,nominal,2.0NRT,290.15,2.45,N
-15.65968,-60.33739,318.31,0.33,0.55,2026-06-04,0553,N21,nominal,2.0NRT,290.01,2.45,N
-15.66003,-60.33438,303.6,0.33,0.55,2026-06-04,0553,N21,nominal,2.0NRT,290.15,0.83,N
-15.81308,-59.09624,299.79,0.4,0.6,2026-06-04,0553,N21,nominal,2.0NRT,289.14,1.04,N
-15.81349,-59.09252,299.9,0.4,0.6,2026-06-04,0553,N21,nominal,2.0NRT,288.63,0.75,N
-15.76857,-61.33744,318,0.56,0.52,2026-06-04,0553,N21,nominal,2.0NRT,292.19,3.01,N
-16.12042,-58.50218,330.29,0.44,0.62,2026-06-04,0553,N21,nominal,2.0NRT,290.77,4.38,N
-16.12201,-58.50362,331.94,0.44,0.62,2026-06-04,0553,N21,nominal,2.0NRT,291.34,5.01,N
-16.12244,-58.49949,305.66,0.44,0.62,2026-06-04,0553,N21,nominal,2.0NRT,289.57,3.01,N
-16.12774,-58.50442,311.89,0.44,0.62,2026-06-04,0553,N21,nominal,2.0NRT,290.73,3.36,N
-16.1326,-58.51342,314.48,0.44,0.62,2026-06-04,0553,N21,nominal,2.0NRT,290.23,2.86,N
-15.74268,-62.00399,306.03,0.51,0.49,2026-06-04,0553,N21,nominal,2.0NRT,290.99,1.81,N
-16.1895,-58.47021,367,0.44,0.63,2026-06-04,0553,N21,high,2.0NRT,293.92,8.35,N
-16.18906,-58.47433,305.91,0.44,0.63,2026-06-04,0553,N21,nominal,2.0NRT,290.5,8.35,N
-15.95811,-60.65681,306.66,0.63,0.54,2026-06-04,0553,N21,nominal,2.0NRT,290.06,1.82,N
-15.95889,-60.65848,307.95,0.63,0.54,2026-06-04,0553,N21,nominal,2.0NRT,290.15,1.64,N
-16.09072,-60.39562,308.45,0.33,0.55,2026-06-04,0553,N21,nominal,2.0NRT,290.32,1.55,N
-16.09542,-60.39936,324.49,0.33,0.55,2026-06-04,0553,N21,nominal,2.0NRT,291.12,1.55,N
-15.94501,-61.8349,310.86,0.52,0.5,2026-06-04,0553,N21,nominal,2.0NRT,290.04,2.51,N
-15.94837,-61.84521,304.02,0.52,0.5,2026-06-04,0553,N21,nominal,2.0NRT,289.14,0.86,N
-15.94959,-61.83559,313.92,0.52,0.5,2026-06-04,0553,N21,nominal,2.0NRT,290.42,2.51,N
-15.94514,-61.8359,308.96,0.52,0.5,2026-06-04,0553,N21,nominal,2.0NRT,290.1,1.91,N
-15.94915,-61.84141,303.83,0.52,0.5,2026-06-04,0553,N21,nominal,2.0NRT,289.71,1.61,N
-15.94972,-61.83659,306.65,0.52,0.5,2026-06-04,0553,N21,nominal,2.0NRT,289.8,1.69,N
-15.9503,-61.83169,304.64,0.52,0.5,2026-06-04,0553,N21,nominal,2.0NRT,289.89,1.69,N
-16.05142,-61.57808,301.13,0.55,0.51,2026-06-04,0553,N21,nominal,2.0NRT,288.71,1.08,N
-16.26913,-59.72864,301.74,0.37,0.58,2026-06-04,0553,N21,nominal,2.0NRT,290.98,0.49,N
-16.26951,-59.72527,301.24,0.37,0.58,2026-06-04,0553,N21,nominal,2.0NRT,290.84,0.49,N
-15.89046,-63.19986,318,0.43,0.46,2026-06-04,0553,N21,nominal,2.0NRT,292.31,2.19,N
-16.09003,-61.83258,300.77,0.53,0.5,2026-06-04,0553,N21,nominal,2.0NRT,289.03,1.41,N
-16.17224,-61.14101,314.25,0.59,0.53,2026-06-04,0553,N21,nominal,2.0NRT,290.73,2.81,N
-16.17706,-61.14167,321.46,0.59,0.53,2026-06-04,0553,N21,nominal,2.0NRT,290.87,4.26,N
-16.17771,-61.13617,330.83,0.59,0.53,2026-06-04,0553,N21,nominal,2.0NRT,291.61,4.26,N
-16.17836,-61.13061,316.69,0.59,0.53,2026-06-04,0553,N21,nominal,2.0NRT,290.03,2.36,N
-16.35501,-59.57333,313.41,0.38,0.58,2026-06-04,0553,N21,nominal,2.0NRT,289.72,1.86,N
-16.18253,-61.13682,304.94,0.59,0.53,2026-06-04,0553,N21,nominal,2.0NRT,290.04,4.26,N
-16.18318,-61.13124,307,0.59,0.53,2026-06-04,0553,N21,nominal,2.0NRT,289.55,2.36,N
-16.37803,-59.56197,324.54,0.38,0.58,2026-06-04,0553,N21,nominal,2.0NRT,290.91,2.55,N
-16.38067,-59.58717,304.73,0.37,0.58,2026-06-04,0553,N21,nominal,2.0NRT,289.99,1.26,N
-16.3834,-59.56262,316.88,0.38,0.58,2026-06-04,0553,N21,nominal,2.0NRT,290.21,2.55,N
-16.11942,-62.0091,336.78,0.51,0.49,2026-06-04,0553,N21,nominal,2.0NRT,290.54,9.47,N
-16.41264,-59.54486,314.94,0.38,0.59,2026-06-04,0553,N21,nominal,2.0NRT,290.28,2.95,N
-16.41763,-59.54893,325.99,0.38,0.59,2026-06-04,0553,N21,nominal,2.0NRT,291.02,2.95,N
-16.41802,-59.54547,325.79,0.38,0.59,2026-06-04,0553,N21,nominal,2.0NRT,290.19,2.95,N
-16.41545,-59.54689,342.54,0.38,0.59,2026-06-04,0553,N21,nominal,2.0NRT,291.76,3.53,N
-16.41582,-59.54339,314.45,0.38,0.59,2026-06-04,0553,N21,nominal,2.0NRT,289.97,3.53,N
-16.42083,-59.54752,312.93,0.38,0.59,2026-06-04,0553,N21,nominal,2.0NRT,289.83,0.97,N
-16.47513,-59.34719,301.31,0.39,0.59,2026-06-04,0553,N21,nominal,2.0NRT,289.6,1.18,N
-16.48103,-59.29213,300.9,0.39,0.6,2026-06-04,0553,N21,nominal,2.0NRT,289.18,1.19,N
-16.48142,-59.28846,309.09,0.39,0.6,2026-06-04,0553,N21,nominal,2.0NRT,289.29,1.19,N
-16.48181,-59.28478,299.49,0.39,0.6,2026-06-04,0553,N21,nominal,2.0NRT,289.22,0.91,N
-16.59055,-58.24169,300.84,0.47,0.64,2026-06-04,0553,N21,nominal,2.0NRT,289.73,2.15,N
-16.48058,-59.34794,299.38,0.39,0.59,2026-06-04,0553,N21,nominal,2.0NRT,289.1,1.18,N
-16.59683,-58.23828,315.04,0.47,0.64,2026-06-04,0553,N21,nominal,2.0NRT,290.77,2.54,N
-16.60182,-58.24749,323.06,0.46,0.64,2026-06-04,0553,N21,nominal,2.0NRT,291.09,4.55,N
-16.4706,-59.83318,300.02,0.36,0.57,2026-06-04,0553,N21,nominal,2.0NRT,289.84,1.15,N
-16.53497,-59.30605,308.45,0.39,0.6,2026-06-04,0553,N21,nominal,2.0NRT,288.87,1.84,N
-16.54207,-59.29203,300.23,0.39,0.6,2026-06-04,0553,N21,nominal,2.0NRT,289.35,1.21,N
-16.54249,-59.28831,310.53,0.39,0.6,2026-06-04,0553,N21,nominal,2.0NRT,289.25,1.21,N
-16.54754,-59.29282,322.15,0.39,0.6,2026-06-04,0553,N21,nominal,2.0NRT,289.81,3.1,N
-16.54795,-59.2891,323.7,0.39,0.6,2026-06-04,0553,N21,nominal,2.0NRT,289.77,3.1,N
-16.54879,-59.28153,314.24,0.39,0.6,2026-06-04,0553,N21,nominal,2.0NRT,289.38,3.38,N
-16.54921,-59.27776,313.05,0.4,0.6,2026-06-04,0553,N21,nominal,2.0NRT,288.97,2,N
-16.55219,-59.30083,330.18,0.39,0.6,2026-06-04,0553,N21,nominal,2.0NRT,290.54,2.85,N
-16.55179,-59.30446,310.81,0.39,0.6,2026-06-04,0553,N21,nominal,2.0NRT,289.41,2.81,N
-16.5526,-59.29723,305.01,0.39,0.6,2026-06-04,0553,N21,nominal,2.0NRT,289.67,2.85,N
-16.4993,-59.81648,304.53,0.36,0.58,2026-06-04,0553,N21,nominal,2.0NRT,290.73,2.24,N
-16.50007,-59.80973,304.98,0.36,0.58,2026-06-04,0553,N21,nominal,2.0NRT,290.2,1.39,N
-16.5432,-59.28854,327.76,0.39,0.6,2026-06-04,0553,N21,nominal,2.0NRT,289.92,2.01,N
-16.54282,-59.29226,317.12,0.39,0.6,2026-06-04,0553,N21,nominal,2.0NRT,289.71,2.01,N
-16.54359,-59.28479,307.82,0.4,0.6,2026-06-04,0553,N21,nominal,2.0NRT,289.21,2.31,N
-16.54829,-59.29305,302.2,0.39,0.6,2026-06-04,0553,N21,nominal,2.0NRT,289,2.01,N
-16.54867,-59.28933,307.39,0.39,0.6,2026-06-04,0553,N21,nominal,2.0NRT,289.27,2.01,N
-16.54946,-59.28173,310.95,0.4,0.6,2026-06-04,0553,N21,nominal,2.0NRT,289.36,2.31,N
-16.54985,-59.27795,315.99,0.4,0.6,2026-06-04,0553,N21,nominal,2.0NRT,289.18,2.16,N
-16.553,-59.30107,332.09,0.39,0.6,2026-06-04,0553,N21,nominal,2.0NRT,290.39,2.79,N
-16.55262,-59.30471,305.9,0.39,0.6,2026-06-04,0553,N21,nominal,2.0NRT,289.29,2.54,N
-16.55337,-59.29747,306.4,0.39,0.6,2026-06-04,0553,N21,nominal,2.0NRT,289.65,2.79,N
-16.55924,-59.2944,301.72,0.39,0.6,2026-06-04,0553,N21,nominal,2.0NRT,289.79,1.59,N
-16.56596,-59.3359,326.05,0.39,0.59,2026-06-04,0553,N21,nominal,2.0NRT,289.34,4.08,N
-16.56634,-59.33234,310.7,0.39,0.59,2026-06-04,0553,N21,nominal,2.0NRT,289.16,1.84,N
-16.52408,-59.82768,305.82,0.36,0.58,2026-06-04,0553,N21,nominal,2.0NRT,290.32,1.53,N
-16.52976,-59.8248,300.62,0.36,0.58,2026-06-04,0553,N21,nominal,2.0NRT,290.44,0.73,N
-16.53013,-59.82143,301.29,0.36,0.58,2026-06-04,0553,N21,nominal,2.0NRT,290.08,0.79,N
-16.58667,-59.29749,311.85,0.39,0.6,2026-06-04,0553,N21,nominal,2.0NRT,289.42,1.53,N
-16.45378,-60.77498,315.27,0.63,0.54,2026-06-04,0553,N21,nominal,2.0NRT,290.36,3.37,N
-16.6603,-59.65511,304.98,0.37,0.58,2026-06-04,0553,N21,nominal,2.0NRT,289.86,1.92,N
-16.48757,-61.5587,300.88,0.55,0.51,2026-06-04,0553,N21,nominal,2.0NRT,288.17,0.97,N
-16.71804,-59.67301,301.24,0.37,0.58,2026-06-04,0553,N21,nominal,2.0NRT,289.22,0.92,N
-16.62926,-62.26504,308.6,0.5,0.49,2026-06-04,0553,N21,nominal,2.0NRT,289.95,2.07,N
-16.82714,-60.94218,300.76,0.62,0.54,2026-06-04,0553,N21,nominal,2.0NRT,290.03,2.2,N
-16.82779,-60.93642,316.59,0.62,0.54,2026-06-04,0553,N21,nominal,2.0NRT,290.12,4.26,N
-17.46229,-55.20305,304.93,0.76,0.77,2026-06-04,0553,N21,nominal,2.0NRT,289.85,3.14,N
-17.4629,-55.196,317.5,0.76,0.77,2026-06-04,0553,N21,nominal,2.0NRT,290.18,3.14,N
-17.45995,-55.19896,316.86,0.76,0.77,2026-06-04,0553,N21,nominal,2.0NRT,290.56,2.6,N
-17.46701,-55.20007,302.4,0.76,0.77,2026-06-04,0553,N21,nominal,2.0NRT,290.26,2.6,N
-14.85205,-74.98362,313.68,0.46,0.47,2026-06-04,0553,N21,nominal,2.0NRT,286.48,1.98,N
-17.47843,-59.53686,301.38,0.39,0.59,2026-06-04,0553,N21,nominal,2.0NRT,287.81,1.27,N
-17.47922,-59.5296,304.43,0.39,0.59,2026-06-04,0553,N21,nominal,2.0NRT,288.52,1.88,N
-17.48588,-59.51925,345.57,0.39,0.59,2026-06-04,0553,N21,nominal,2.0NRT,289.95,5.44,N
-17.48427,-59.53396,312.33,0.39,0.59,2026-06-04,0553,N21,nominal,2.0NRT,289.11,1.88,N
-17.48467,-59.53029,316.85,0.39,0.59,2026-06-04,0553,N21,nominal,2.0NRT,289.11,1.88,N
-17.48548,-59.52293,314.71,0.39,0.59,2026-06-04,0553,N21,nominal,2.0NRT,289.02,5.21,N
-17.48628,-59.51558,318.9,0.39,0.59,2026-06-04,0553,N21,nominal,2.0NRT,288.62,5.44,N
-17.48731,-59.55661,339.51,0.39,0.59,2026-06-04,0553,N21,nominal,2.0NRT,289.66,2.88,N
-17.48972,-59.53471,345.49,0.39,0.59,2026-06-04,0553,N21,nominal,2.0NRT,291.9,7.52,N
-17.49012,-59.53106,334.65,0.39,0.59,2026-06-04,0553,N21,nominal,2.0NRT,290.91,7.52,N
-17.49052,-59.52739,335.64,0.39,0.59,2026-06-04,0553,N21,nominal,2.0NRT,291.59,11.71,N
-17.49092,-59.52372,367,0.39,0.59,2026-06-04,0553,N21,high,2.0NRT,294.79,11.71,N
-17.49133,-59.52002,367,0.39,0.59,2026-06-04,0553,N21,high,2.0NRT,299.21,17.73,N
-17.49174,-59.51632,352.27,0.39,0.59,2026-06-04,0553,N21,nominal,2.0NRT,292.44,17.73,N
-17.49214,-59.51262,325.69,0.39,0.59,2026-06-04,0553,N21,nominal,2.0NRT,289.79,3.24,N
-17.49254,-59.50899,320.51,0.39,0.59,2026-06-04,0553,N21,nominal,2.0NRT,289.15,3.24,N
-17.48772,-59.55294,314.4,0.39,0.59,2026-06-04,0553,N21,nominal,2.0NRT,288.66,2.88,N
-17.48932,-59.53834,315.75,0.39,0.59,2026-06-04,0553,N21,nominal,2.0NRT,288.79,4.27,N
-17.4867,-59.6122,330.37,0.39,0.59,2026-06-04,0553,N21,nominal,2.0NRT,289.61,6.7,N
-17.4871,-59.60859,354.95,0.39,0.59,2026-06-04,0553,N21,nominal,2.0NRT,291.98,5.22,N
-17.49275,-59.55735,329.45,0.39,0.59,2026-06-04,0553,N21,nominal,2.0NRT,288.83,2.88,N
-17.49516,-59.53546,367,0.39,0.59,2026-06-04,0553,N21,high,2.0NRT,293.13,7.52,N
-17.49556,-59.53187,332.04,0.39,0.59,2026-06-04,0553,N21,nominal,2.0NRT,291.1,7.52,N
-17.49596,-59.52824,355.03,0.39,0.59,2026-06-04,0553,N21,nominal,2.0NRT,293.17,11.71,N
-17.49637,-59.52452,350.38,0.39,0.59,2026-06-04,0553,N21,nominal,2.0NRT,293.58,11.71,N
-17.49678,-59.52077,367,0.39,0.59,2026-06-04,0553,N21,high,2.0NRT,296.64,17.73,N
-17.49719,-59.51705,367,0.39,0.59,2026-06-04,0553,N21,high,2.0NRT,293.62,17.73,N
-17.4875,-59.60495,302.55,0.39,0.59,2026-06-04,0553,N21,nominal,2.0NRT,288.19,5.22,N
-17.49316,-59.55365,309.68,0.39,0.59,2026-06-04,0553,N21,nominal,2.0NRT,288.15,2.88,N
-17.49477,-59.53905,305.01,0.39,0.59,2026-06-04,0553,N21,nominal,2.0NRT,288.33,4.27,N
-17.49759,-59.51335,318.25,0.39,0.59,2026-06-04,0553,N21,nominal,2.0NRT,289.15,3.24,N
-17.498,-59.50972,308.74,0.39,0.59,2026-06-04,0553,N21,nominal,2.0NRT,289.11,3.24,N
-15.78584,-71.85837,308.94,0.45,0.39,2026-06-04,0553,N21,nominal,2.0NRT,272.16,1.84,N
-17.48028,-59.53311,298.58,0.39,0.59,2026-06-04,0553,N21,nominal,2.0NRT,288.39,1.2,N
-17.48066,-59.52944,309.66,0.39,0.59,2026-06-04,0553,N21,nominal,2.0NRT,288.87,1.2,N
-17.48573,-59.53384,325.38,0.39,0.59,2026-06-04,0553,N21,nominal,2.0NRT,289.9,5.01,N
-17.48686,-59.5228,337.43,0.39,0.59,2026-06-04,0553,N21,nominal,2.0NRT,290.85,9.67,N
-17.48723,-59.51912,367,0.39,0.59,2026-06-04,0553,N21,high,2.0NRT,293.6,14,N
-17.48761,-59.51543,325.07,0.39,0.59,2026-06-04,0553,N21,nominal,2.0NRT,289.22,14,N
-17.48611,-59.53015,319.24,0.39,0.59,2026-06-04,0553,N21,nominal,2.0NRT,289.77,5.01,N
-17.48648,-59.52647,307.32,0.39,0.59,2026-06-04,0553,N21,nominal,2.0NRT,289.08,9.67,N
-17.48799,-59.51174,298.78,0.39,0.59,2026-06-04,0553,N21,nominal,2.0NRT,288.3,2.06,N
-17.48836,-59.50809,299.76,0.39,0.59,2026-06-04,0553,N21,nominal,2.0NRT,287.85,2.06,N
-17.48948,-59.49707,303.45,0.39,0.6,2026-06-04,0553,N21,nominal,2.0NRT,288.3,1.69,N
-17.48893,-59.55655,342.97,0.39,0.59,2026-06-04,0553,N21,nominal,2.0NRT,290.03,3.99,N
-17.49081,-59.53824,322.77,0.39,0.59,2026-06-04,0553,N21,nominal,2.0NRT,289.21,6.68,N
-17.49118,-59.53461,352.33,0.39,0.59,2026-06-04,0553,N21,nominal,2.0NRT,292.4,5.01,N
-17.49155,-59.53096,333.11,0.39,0.59,2026-06-04,0553,N21,nominal,2.0NRT,291.13,5.01,N
-17.49193,-59.52731,348.73,0.39,0.59,2026-06-04,0553,N21,nominal,2.0NRT,292.71,9.67,N
-17.49231,-59.52361,367,0.39,0.59,2026-06-04,0553,N21,high,2.0NRT,295,9.67,N
-17.49269,-59.51989,367,0.39,0.59,2026-06-04,0553,N21,high,2.0NRT,299.07,14,N
-17.49307,-59.51617,353.22,0.39,0.59,2026-06-04,0553,N21,nominal,2.0NRT,291.57,14,N
-17.49345,-59.51246,331.33,0.39,0.59,2026-06-04,0553,N21,nominal,2.0NRT,289.94,2.06,N
-17.48855,-59.5602,298.41,0.39,0.59,2026-06-04,0553,N21,nominal,2.0NRT,287.31,2.38,N
-17.48931,-59.55286,318.98,0.39,0.59,2026-06-04,0553,N21,nominal,2.0NRT,288.94,3.99,N
-17.49382,-59.50883,316.29,0.39,0.59,2026-06-04,0553,N21,nominal,2.0NRT,289.17,2.06,N
-17.49419,-59.50524,298.63,0.39,0.59,2026-06-04,0553,N21,nominal,2.0NRT,288.55,0.94,N
-17.49457,-59.5015,298.56,0.39,0.6,2026-06-04,0553,N21,nominal,2.0NRT,287.99,0.94,N
-17.4887,-59.61227,331.59,0.39,0.59,2026-06-04,0553,N21,nominal,2.0NRT,290.35,7.55,N
-17.48907,-59.60866,367,0.39,0.59,2026-06-04,0553,N21,high,2.0NRT,292.96,10.59,N
-17.49437,-59.55731,330.78,0.39,0.59,2026-06-04,0553,N21,nominal,2.0NRT,288.96,2.45,N
-17.49663,-59.53537,367,0.39,0.59,2026-06-04,0553,N21,high,2.0NRT,293.4,5.29,N
-17.49699,-59.53179,333.27,0.39,0.59,2026-06-04,0553,N21,nominal,2.0NRT,291.27,5.29,N
-17.49737,-59.52815,346.91,0.39,0.59,2026-06-04,0553,N21,nominal,2.0NRT,292.27,5.35,N
-17.49776,-59.5244,341.14,0.39,0.59,2026-06-04,0553,N21,nominal,2.0NRT,292.8,5.35,N
-17.49814,-59.52066,367,0.39,0.59,2026-06-04,0553,N21,high,2.0NRT,297.38,15.47,N
-17.49852,-59.51694,367,0.39,0.59,2026-06-04,0553,N21,high,2.0NRT,292.45,15.47,N
-17.49475,-59.5536,311.62,0.39,0.59,2026-06-04,0553,N21,nominal,2.0NRT,288.17,2.45,N
-17.4989,-59.51324,307.69,0.39,0.59,2026-06-04,0553,N21,nominal,2.0NRT,289.05,1.9,N
-17.49928,-59.50959,303.26,0.39,0.59,2026-06-04,0553,N21,nominal,2.0NRT,288.8,1.9,N
-17.4998,-59.55818,323.13,0.39,0.59,2026-06-04,0553,N21,nominal,2.0NRT,289.52,2.45,N
-17.50018,-59.55448,321.61,0.39,0.59,2026-06-04,0553,N21,nominal,2.0NRT,288.91,2.45,N
-17.50207,-59.53622,323.32,0.39,0.59,2026-06-04,0553,N21,nominal,2.0NRT,289.29,5.29,N
-17.50056,-59.55082,303.02,0.39,0.59,2026-06-04,0553,N21,nominal,2.0NRT,288.43,2.08,N
-17.50244,-59.5326,303.78,0.39,0.59,2026-06-04,0553,N21,nominal,2.0NRT,288.18,5.29,N
-17.50282,-59.52896,316.77,0.39,0.59,2026-06-04,0553,N21,nominal,2.0NRT,288.75,5.35,N
-17.5032,-59.52517,312.88,0.39,0.59,2026-06-04,0553,N21,nominal,2.0NRT,288.82,5.35,N
-17.71726,-59.92797,334.36,0.37,0.58,2026-06-04,0553,N21,nominal,2.0NRT,288.79,4.17,N
-17.77536,-60.42155,314,0.34,0.56,2026-06-04,0553,N21,nominal,2.0NRT,287.52,1.21,N
-17.52386,-62.73836,310.59,0.48,0.48,2026-06-04,0553,N21,nominal,2.0NRT,289.98,2.85,N
-17.52497,-62.72937,303.25,0.48,0.48,2026-06-04,0553,N21,nominal,2.0NRT,289.49,1.19,N
-18.03377,-59.58599,311.22,0.39,0.6,2026-06-04,0553,N21,nominal,2.0NRT,288.17,1.04,N
-18.03414,-59.58233,298.25,0.39,0.6,2026-06-04,0553,N21,nominal,2.0NRT,287.38,1.04,N
-18.12963,-59.41483,307.4,0.4,0.6,2026-06-04,0553,N21,nominal,2.0NRT,285.79,5.33,N
-18.13518,-59.41545,351.98,0.4,0.6,2026-06-04,0553,N21,nominal,2.0NRT,288.56,5.33,N
-18.13558,-59.41163,321.79,0.4,0.6,2026-06-04,0553,N21,nominal,2.0NRT,286.85,5.33,N
-18.12939,-59.4142,297.39,0.41,0.6,2026-06-04,0553,N21,nominal,2.0NRT,285.85,0.41,N
-18.13494,-59.41485,367,0.41,0.6,2026-06-04,0553,N21,high,2.0NRT,289.9,7.11,N
-18.13532,-59.41101,305.47,0.41,0.6,2026-06-04,0553,N21,nominal,2.0NRT,286.67,7.11,N
-17.84266,-63.02944,304.8,0.46,0.47,2026-06-04,0553,N21,nominal,2.0NRT,286.38,0.94,N
-18.53387,-58.58271,310.01,0.47,0.64,2026-06-04,0553,N21,nominal,2.0NRT,289.42,3.44,N
-18.53431,-58.57831,304.58,0.47,0.64,2026-06-04,0553,N21,nominal,2.0NRT,288.77,1.85,N
-18.53886,-58.59212,333.22,0.46,0.64,2026-06-04,0553,N21,nominal,2.0NRT,290.7,3.93,N
-18.53842,-58.59649,305.12,0.46,0.64,2026-06-04,0553,N21,nominal,2.0NRT,289.44,3.93,N
-18.5393,-58.58773,314.47,0.46,0.64,2026-06-04,0553,N21,nominal,2.0NRT,289.84,3.44,N
-18.54971,-58.60209,346.55,0.46,0.64,2026-06-04,0553,N21,nominal,2.0NRT,290.61,9.44,N
-18.55015,-58.59774,320.34,0.46,0.64,2026-06-04,0553,N21,nominal,2.0NRT,289.06,6.82,N
-18.53284,-58.58137,310.62,0.47,0.64,2026-06-04,0553,N21,nominal,2.0NRT,289.38,2.93,N
-18.53325,-58.57697,299.88,0.47,0.64,2026-06-04,0553,N21,nominal,2.0NRT,288.16,1.24,N
-18.53789,-58.59083,334.66,0.47,0.64,2026-06-04,0553,N21,nominal,2.0NRT,290.64,3.66,N
-18.53748,-58.59521,307.9,0.46,0.64,2026-06-04,0553,N21,nominal,2.0NRT,289.16,3.66,N
-18.5383,-58.58643,304.44,0.47,0.64,2026-06-04,0553,N21,nominal,2.0NRT,289.3,2.93,N
-18.54881,-58.60086,350.04,0.46,0.64,2026-06-04,0553,N21,nominal,2.0NRT,290.78,10.43,N
-18.54922,-58.59649,314.61,0.46,0.64,2026-06-04,0553,N21,nominal,2.0NRT,288.74,5.91,N
-18.19234,-62.80136,301.02,0.48,0.48,2026-06-04,0553,N21,nominal,2.0NRT,288.23,3.11,N
-18.1929,-62.7968,319.66,0.48,0.48,2026-06-04,0553,N21,nominal,2.0NRT,290.12,4.65,N
-18.19154,-62.80277,300.34,0.48,0.48,2026-06-04,0553,N21,nominal,2.0NRT,287.25,2.2,N
-18.19207,-62.79821,318.41,0.48,0.48,2026-06-04,0553,N21,nominal,2.0NRT,290.18,2.2,N
-18.98795,-58.07688,305.68,0.51,0.66,2026-06-04,0553,N21,nominal,2.0NRT,286.65,1.85,N
-21.55283,-58.61403,321.54,0.5,0.66,2026-06-04,0553,N21,nominal,2.0NRT,288.53,2.79,N
-21.55241,-58.61887,306.37,0.5,0.66,2026-06-04,0553,N21,nominal,2.0NRT,288.3,2.76,N
-21.55324,-58.6092,304.97,0.5,0.66,2026-06-04,0553,N21,nominal,2.0NRT,287.72,2.79,N
-21.33199,-61.04527,302.8,0.34,0.56,2026-06-04,0553,N21,nominal,2.0NRT,288.65,0.93,N
-21.33233,-61.04195,307.25,0.34,0.56,2026-06-04,0553,N21,nominal,2.0NRT,289.04,0.93,N
-21.33266,-61.03864,304.99,0.34,0.56,2026-06-04,0553,N21,nominal,2.0NRT,289.05,2.56,N
-21.33718,-61.04589,302.88,0.34,0.56,2026-06-04,0553,N21,nominal,2.0NRT,289.05,0.93,N
-21.33751,-61.04258,301.76,0.34,0.56,2026-06-04,0553,N21,nominal,2.0NRT,289.28,0.93,N
-21.88551,-61.88316,299.46,0.62,0.54,2026-06-04,0555,N21,nominal,2.0NRT,287.95,0.89,N
-21.88613,-61.87718,311.15,0.62,0.54,2026-06-04,0555,N21,nominal,2.0NRT,288.35,3.23,N
-22.54518,-59.74574,315.85,0.43,0.62,2026-06-04,0555,N21,nominal,2.0NRT,289.6,2.13,N
-22.54146,-59.7461,311.46,0.43,0.62,2026-06-04,0555,N21,nominal,2.0NRT,288.82,2.08,N
-23.15791,-61.29531,305,0.35,0.57,2026-06-04,0555,N21,nominal,2.0NRT,289.13,1.16,N
-23.15825,-61.2919,308.64,0.35,0.57,2026-06-04,0555,N21,nominal,2.0NRT,289.12,1.16,N
-23.15858,-61.2885,303.58,0.35,0.57,2026-06-04,0555,N21,nominal,2.0NRT,288.99,1.5,N
-23.1585,-61.29608,298.45,0.35,0.57,2026-06-04,0555,N21,nominal,2.0NRT,288.44,0.91,N
-23.15881,-61.29267,305.23,0.35,0.57,2026-06-04,0555,N21,nominal,2.0NRT,288.95,0.91,N
-23.15913,-61.28925,306.3,0.35,0.57,2026-06-04,0555,N21,nominal,2.0NRT,288.62,1.5,N
-23.26636,-60.13058,301.6,0.42,0.61,2026-06-04,0555,N21,nominal,2.0NRT,287.99,1.09,N
-22.31576,-68.88148,327.4,0.4,0.37,2026-06-04,0555,N21,nominal,2.0NRT,282.92,8.45,N
12.48112,-86.22823,304.44,0.41,0.37,2026-06-04,0726,N21,nominal,2.0NRT,272,0.56,N
9.16651,-79.53753,301.7,0.37,0.58,2026-06-04,0726,N21,nominal,2.0NRT,277.08,0.71,N
3.48387,-60.24461,327.85,0.38,0.59,2026-06-04,1648,N21,nominal,2.0NRT,290.37,3.46,D
10.38126,-66.02449,327.09,0.71,0.75,2026-06-04,1650,N21,nominal,2.0NRT,283.46,12.75,D
10.37997,-66.03088,335.25,0.71,0.75,2026-06-04,1650,N21,nominal,2.0NRT,283.78,16.63,D
10.5478,-66.15706,328.84,0.72,0.76,2026-06-04,1650,N21,nominal,2.0NRT,283.9,7.68,D
10.59064,-66.47701,326,0.76,0.77,2026-06-04,1650,N21,nominal,2.0NRT,283.28,21.08,D
-31.72001,-52.60715,325.71,0.34,0.56,2026-06-04,1637,N21,nominal,2.0NRT,291.07,0.22,D
10.58955,-66.48244,339.09,0.76,0.77,2026-06-04,1650,N21,nominal,2.0NRT,281.32,20.29,D
-19.74,-53.54678,342.42,0.56,0.52,2026-06-04,1641,N21,nominal,2.0NRT,309.51,10.87,D
-31.60586,-53.86783,341.25,0.4,0.6,2026-06-04,1637,N21,nominal,2.0NRT,293.95,5.29,D
10.58909,-66.47869,334.62,0.76,0.77,2026-06-04,1650,N21,nominal,2.0NRT,282.53,10.72,D
-18.47385,-44.95804,343.05,0.39,0.36,2026-06-04,1641,N21,nominal,2.0NRT,298.51,6.45,D
10.59591,-66.48072,344.54,0.76,0.77,2026-06-04,1650,N21,nominal,2.0NRT,283.15,18.43,D
-31.607,-53.86808,340.97,0.4,0.6,2026-06-04,1637,N21,nominal,2.0NRT,293.61,5.1,D
-18.19556,-43.40332,329.46,0.44,0.38,2026-06-04,1641,N21,nominal,2.0NRT,293.31,2.76,D
-30.85896,-53.48822,339.94,0.37,0.58,2026-06-04,1637,N21,nominal,2.0NRT,292.99,3.91,D
-18.62016,-46.45932,344.93,0.39,0.36,2026-06-04,1641,N21,nominal,2.0NRT,300.51,7.45,D
-30.64086,-52.76356,353.55,0.34,0.56,2026-06-04,1637,N21,nominal,2.0NRT,293.65,9.76,D
-19.78897,-56.35896,330.19,0.43,0.62,2026-06-04,1641,N21,nominal,2.0NRT,299.18,4.43,D
-30.64117,-52.76739,328.72,0.34,0.56,2026-06-04,1637,N21,nominal,2.0NRT,291.39,5.78,D
-17.77836,-42.80861,329.25,0.47,0.4,2026-06-04,1641,N21,nominal,2.0NRT,302.67,5.51,D
-30.61822,-52.74035,335.65,0.33,0.56,2026-06-04,1637,N21,nominal,2.0NRT,291.86,5.96,D
-17.3624,-42.18447,353.16,0.51,0.41,2026-06-04,1641,N21,nominal,2.0NRT,302.33,23.1,D
-30.61849,-52.74393,353,0.33,0.56,2026-06-04,1637,N21,nominal,2.0NRT,292,5.96,D
-18.93669,-53.23061,332.81,0.52,0.5,2026-06-04,1641,N21,low,2.0NRT,304.3,7.15,D
-30.28074,-51.81854,339.86,0.58,0.52,2026-06-04,1637,N21,nominal,2.0NRT,299.05,22.91,D
-18.92687,-53.22647,341.05,0.52,0.5,2026-06-04,1641,N21,nominal,2.0NRT,309.2,8.93,D
-30.27592,-51.81966,339.37,0.58,0.52,2026-06-04,1637,N21,nominal,2.0NRT,297.31,8.17,D
-18.92225,-53.22696,341.88,0.52,0.5,2026-06-04,1641,N21,nominal,2.0NRT,309.34,8.93,D
-30.2824,-51.81897,338.09,0.58,0.52,2026-06-04,1637,N21,nominal,2.0NRT,296.31,19.81,D
-18.96874,-55.14841,332.75,0.35,0.57,2026-06-04,1641,N21,nominal,2.0NRT,302.47,4.03,D
-30.27757,-51.81982,338.88,0.58,0.52,2026-06-04,1637,N21,nominal,2.0NRT,298.01,21.95,D
-17.70103,-45.51469,337.3,0.39,0.36,2026-06-04,1641,N21,nominal,2.0NRT,298.83,7.34,D
-30.16708,-52.92146,367,0.34,0.56,2026-06-04,1637,N21,high,2.0NRT,298,17.48,D
-18.02999,-48.82402,348.19,0.44,0.38,2026-06-04,1641,N21,nominal,2.0NRT,308.47,9.66,D
-30.16681,-52.91791,354.86,0.34,0.56,2026-06-04,1637,N21,nominal,2.0NRT,295.44,13.42,D
-16.77393,-41.13572,335.94,0.4,0.44,2026-06-04,1641,N21,nominal,2.0NRT,294.63,5.81,D
-30.17042,-52.91587,330.3,0.34,0.56,2026-06-04,1637,N21,nominal,2.0NRT,294.54,6.34,D
-18.98923,-58.07636,336.89,0.55,0.68,2026-06-04,1641,N21,nominal,2.0NRT,299.67,5.76,D
-30.17072,-52.9194,343.8,0.34,0.56,2026-06-04,1637,N21,nominal,2.0NRT,295.22,6.34,D
-18.98535,-58.07552,329.95,0.55,0.68,2026-06-04,1641,N21,nominal,2.0NRT,298.88,4.97,D
-30.16553,-52.9199,367,0.34,0.56,2026-06-04,1637,N21,high,2.0NRT,296.09,6.34,D
-17.55647,-46.54436,338.26,0.38,0.36,2026-06-04,1641,N21,nominal,2.0NRT,310.32,3.85,D
-30.16582,-52.92343,352.65,0.34,0.56,2026-06-04,1637,N21,nominal,2.0NRT,294.87,11.33,D
-17.79233,-48.61891,333.49,0.43,0.38,2026-06-04,1641,N21,nominal,2.0NRT,303.43,5.43,D
-29.71451,-51.85047,338.04,0.58,0.52,2026-06-04,1639,N21,nominal,2.0NRT,292.4,5.74,D
-18.18263,-52.17957,340.33,0.44,0.46,2026-06-04,1641,N21,nominal,2.0NRT,307.16,10.94,D
-29.70966,-51.85096,340.04,0.58,0.52,2026-06-04,1639,N21,nominal,2.0NRT,292.15,9.8,D
-17.49911,-47.25277,333.49,0.39,0.36,2026-06-04,1641,N21,nominal,2.0NRT,300.43,3.74,D
-29.54408,-50.47926,331.22,0.48,0.48,2026-06-04,1639,N21,nominal,2.0NRT,292.28,4.37,D
-17.49578,-47.2533,345.66,0.39,0.36,2026-06-04,1641,N21,nominal,2.0NRT,304.53,13.88,D
-29.65963,-52.12756,338.15,0.6,0.53,2026-06-04,1639,N21,nominal,2.0NRT,294.92,11.44,D
-17.49631,-47.25696,340.69,0.39,0.36,2026-06-04,1641,N21,nominal,2.0NRT,304.38,8.79,D
-29.66252,-52.12801,337.6,0.6,0.53,2026-06-04,1639,N21,nominal,2.0NRT,293.37,11.86,D
-17.49298,-47.25749,349.07,0.39,0.36,2026-06-04,1641,N21,nominal,2.0NRT,301.23,8.79,D
-29.65762,-52.12871,335.5,0.6,0.53,2026-06-04,1639,N21,nominal,2.0NRT,294.39,6.1,D
-16.77486,-43.96835,332.25,0.43,0.38,2026-06-04,1641,N21,nominal,2.0NRT,298.93,7.03,D
-29.43424,-51.58415,334.93,0.55,0.51,2026-06-04,1639,N21,nominal,2.0NRT,290.65,9.63,D
-18.59311,-58.65628,325.33,0.6,0.7,2026-06-04,1641,N21,nominal,2.0NRT,298.89,4.94,D
-29.41945,-51.57947,338.91,0.55,0.51,2026-06-04,1639,N21,nominal,2.0NRT,292.86,12.39,D
-17.75581,-50.9371,335.47,0.55,0.43,2026-06-04,1641,N21,nominal,2.0NRT,307.65,11.26,D
-29.56822,-53.46669,367,0.36,0.57,2026-06-04,1639,N21,high,2.0NRT,296.14,9.8,D
-17.75645,-50.94221,332.6,0.55,0.43,2026-06-04,1641,N21,nominal,2.0NRT,303.04,5.61,D
-29.418,-51.57626,337.63,0.55,0.51,2026-06-04,1639,N21,nominal,2.0NRT,292.24,15.91,D
-17.75565,-50.93931,343.39,0.55,0.43,2026-06-04,1641,N21,nominal,2.0NRT,307.89,16.17,D
-29.56983,-53.4674,367,0.36,0.57,2026-06-04,1639,N21,high,2.0NRT,294.9,8.23,D
-17.01474,-46.02179,332.84,0.39,0.36,2026-06-04,1641,N21,low,2.0NRT,304.54,4.21,D
-29.2331,-50.66879,338.22,0.49,0.48,2026-06-04,1639,N21,nominal,2.0NRT,298.69,16.15,D
-18.54765,-58.59339,367,0.59,0.7,2026-06-04,1641,N21,high,2.0NRT,300.62,35.2,D
-29.22862,-50.66927,339.04,0.49,0.48,2026-06-04,1639,N21,nominal,2.0NRT,297.3,16.15,D
-18.54815,-58.59899,353.66,0.59,0.7,2026-06-04,1641,N21,nominal,2.0NRT,302.29,23.82,D
-29.19303,-50.39479,337.68,0.47,0.48,2026-06-04,1639,N21,nominal,2.0NRT,293.21,0.62,D
-18.54217,-58.60507,367,0.59,0.7,2026-06-04,1641,N21,high,2.0NRT,299.57,23.82,D
-29.30299,-53.18241,328.33,0.34,0.56,2026-06-04,1639,N21,nominal,2.0NRT,293.08,2,D
-18.54167,-58.59946,325.89,0.59,0.7,2026-06-04,1641,N21,nominal,2.0NRT,299.51,23.82,D
-29.21655,-52.69901,325.37,0.32,0.55,2026-06-04,1639,N21,nominal,2.0NRT,291.85,2.38,D
-18.53519,-58.59994,367,0.59,0.7,2026-06-04,1641,N21,high,2.0NRT,301.44,21.68,D
-28.81638,-50.24314,325.65,0.45,0.47,2026-06-04,1639,N21,nominal,2.0NRT,291.85,2.81,D
-18.5347,-58.59435,330.42,0.59,0.7,2026-06-04,1641,N21,nominal,2.0NRT,299.89,20.75,D
-29.02045,-52.4721,329.22,0.62,0.54,2026-06-04,1639,N21,nominal,2.0NRT,292.3,4.31,D
-18.5357,-58.60555,351.09,0.59,0.7,2026-06-04,1641,N21,nominal,2.0NRT,299.25,21.68,D
-29.13553,-56.23604,341.1,0.53,0.67,2026-06-04,1639,N21,nominal,2.0NRT,275.77,6.44,D
-18.39101,-59.04282,328.12,0.63,0.72,2026-06-04,1641,N21,nominal,2.0NRT,296.5,12.19,D
-28.83587,-56.60589,367,0.55,0.68,2026-06-04,1639,N21,high,2.0NRT,293.23,41.15,D
-18.39154,-59.04879,355.41,0.63,0.72,2026-06-04,1641,N21,nominal,2.0NRT,297.46,23.29,D
-28.83618,-56.61163,347.74,0.55,0.68,2026-06-04,1639,N21,nominal,2.0NRT,293.63,42.9,D
-18.39207,-59.05474,348.23,0.63,0.72,2026-06-04,1641,N21,nominal,2.0NRT,297,23.29,D
-28.82255,-56.59525,347.94,0.55,0.68,2026-06-04,1639,N21,nominal,2.0NRT,293.47,20.66,D
-18.38596,-59.06119,367,0.63,0.72,2026-06-04,1641,N21,high,2.0NRT,299.92,34.38,D
-28.82285,-56.60096,330.07,0.55,0.68,2026-06-04,1639,N21,nominal,2.0NRT,291.95,6.82,D
-18.38649,-59.06718,367,0.63,0.72,2026-06-04,1641,N21,high,2.0NRT,298.37,34.38,D
-28.81651,-56.60137,326.15,0.55,0.68,2026-06-04,1639,N21,nominal,2.0NRT,291.6,6.82,D
-18.38702,-59.07315,332.88,0.63,0.72,2026-06-04,1641,N21,nominal,2.0NRT,296.03,12.81,D
-28.8399,-56.60856,332.65,0.55,0.68,2026-06-04,1639,N21,nominal,2.0NRT,289.74,5.7,D
-18.37985,-59.06767,348.33,0.63,0.72,2026-06-04,1641,N21,nominal,2.0NRT,297.29,14.95,D
-28.83355,-56.60892,367,0.55,0.68,2026-06-04,1639,N21,high,2.0NRT,297.75,27.08,D
-16.89301,-46.78367,338.16,0.38,0.36,2026-06-04,1641,N21,nominal,2.0NRT,306.85,8.16,D
-16.89355,-46.78727,347.58,0.38,0.36,2026-06-04,1641,N21,nominal,2.0NRT,308.06,8.16,D
-28.8339,-56.61464,326.13,0.55,0.68,2026-06-04,1639,N21,nominal,2.0NRT,291.06,27.08,D
-17.06807,-48.65975,330.61,0.42,0.38,2026-06-04,1641,N21,nominal,2.0NRT,305.1,1.66,D
-28.82651,-56.59786,345.44,0.55,0.68,2026-06-04,1639,N21,nominal,2.0NRT,292.43,21.98,D
-16.19255,-43.07581,338.26,0.48,0.4,2026-06-04,1641,N21,nominal,2.0NRT,304.7,6.19,D
-28.81947,-56.58683,330.79,0.55,0.68,2026-06-04,1639,N21,nominal,2.0NRT,293,11.42,D
-15.741,-41.24384,343.36,0.41,0.45,2026-06-04,1641,N21,nominal,2.0NRT,288.08,7.48,D
-28.82016,-56.59824,331.31,0.55,0.68,2026-06-04,1639,N21,nominal,2.0NRT,292.43,6.26,D
-18.13252,-59.41519,328.62,0.66,0.73,2026-06-04,1641,N21,nominal,2.0NRT,295.78,6.56,D
-28.8205,-56.60395,332.22,0.55,0.68,2026-06-04,1639,N21,nominal,2.0NRT,291.44,6.26,D
-15.83679,-41.9109,328.29,0.55,0.43,2026-06-04,1641,N21,nominal,2.0NRT,298.31,4.04,D
-28.09538,-50.02759,350.13,0.43,0.46,2026-06-04,1639,N21,nominal,2.0NRT,294.41,14.07,D
-15.83634,-41.90852,326.76,0.55,0.43,2026-06-04,1641,N21,nominal,2.0NRT,296.38,4.9,D
-28.09584,-50.032,340.45,0.43,0.46,2026-06-04,1639,N21,nominal,2.0NRT,289.98,14.07,D
-28.0963,-50.03643,346.33,0.43,0.46,2026-06-04,1639,N21,nominal,2.0NRT,288,18.87,D
-18.12965,-59.4126,335.49,0.66,0.73,2026-06-04,1641,N21,nominal,2.0NRT,295.75,9.92,D
-28.09111,-50.02785,332.26,0.43,0.46,2026-06-04,1639,N21,nominal,2.0NRT,290.36,8.36,D
-15.83149,-42.17997,327.1,0.54,0.42,2026-06-04,1641,N21,nominal,2.0NRT,296.42,8.37,D
-28.09157,-50.03231,336.64,0.43,0.46,2026-06-04,1639,N21,nominal,2.0NRT,288.8,8.36,D
-17.70461,-55.47677,334.72,0.36,0.57,2026-06-04,1641,N21,nominal,2.0NRT,301.59,1.09,D
-28.09204,-50.03685,329.52,0.43,0.46,2026-06-04,1639,N21,nominal,2.0NRT,292.67,20.56,D
-15.79664,-42.02663,338.28,0.55,0.42,2026-06-04,1641,N21,nominal,2.0NRT,297.96,17.61,D
-28.60526,-56.56094,334.35,0.55,0.68,2026-06-04,1639,N21,nominal,2.0NRT,293.84,7.68,D
-15.62953,-41.23006,340.48,0.41,0.45,2026-06-04,1641,N21,nominal,2.0NRT,291.33,5.99,D
-28.60209,-56.55894,351.27,0.55,0.68,2026-06-04,1639,N21,nominal,2.0NRT,295.45,10.13,D
-15.62544,-41.2308,330.5,0.41,0.45,2026-06-04,1641,N21,nominal,2.0NRT,289.05,2.2,D
-28.60243,-56.56458,343.66,0.55,0.68,2026-06-04,1639,N21,nominal,2.0NRT,294.62,10.13,D
-16.25695,-45.19699,336.08,0.4,0.37,2026-06-04,1641,N21,nominal,2.0NRT,307.79,4.81,D
-28.41206,-56.08867,367,0.51,0.66,2026-06-04,1639,N21,high,2.0NRT,295.89,21.47,D
-15.94413,-43.82147,334.7,0.44,0.39,2026-06-04,1641,N21,nominal,2.0NRT,301.7,3.46,D
-28.41173,-56.08346,331.78,0.51,0.66,2026-06-04,1639,N21,nominal,2.0NRT,294.36,11.73,D
-16.17524,-47.00085,331.91,0.39,0.36,2026-06-04,1641,N21,nominal,2.0NRT,299.64,2.11,D
-28.3755,-55.60798,327.46,0.48,0.64,2026-06-04,1639,N21,nominal,2.0NRT,296.06,3.78,D
-16.29067,-48.01503,333.07,0.4,0.37,2026-06-04,1641,N21,nominal,2.0NRT,304.29,4.04,D
-27.64272,-56.11372,367,0.5,0.66,2026-06-04,1639,N21,high,2.0NRT,296,26.54,D
-27.64304,-56.11885,367,0.5,0.66,2026-06-04,1639,N21,high,2.0NRT,296.55,26.54,D
-16.29121,-48.01875,342.3,0.4,0.37,2026-06-04,1641,N21,nominal,2.0NRT,305.83,4.04,D
-27.64336,-56.124,346.66,0.5,0.66,2026-06-04,1639,N21,nominal,2.0NRT,306.46,34.02,D
-17.55884,-59.65779,326.18,0.68,0.74,2026-06-04,1641,N21,nominal,2.0NRT,295.83,4.92,D
-27.64368,-56.12917,348.41,0.5,0.66,2026-06-04,1639,N21,nominal,2.0NRT,294.44,34.02,D
-17.56417,-59.65955,325.71,0.68,0.74,2026-06-04,1641,N21,nominal,2.0NRT,295.63,3.72,D
-27.63725,-56.12446,367,0.5,0.66,2026-06-04,1639,N21,high,2.0NRT,297.39,34.02,D
-17.50103,-59.49454,367,0.66,0.73,2026-06-04,1641,N21,high,2.0NRT,298.77,80.51,D
-27.6366,-56.11415,340.03,0.5,0.66,2026-06-04,1639,N21,nominal,2.0NRT,295.42,26.54,D
-17.49428,-59.49508,367,0.66,0.73,2026-06-04,1641,N21,high,2.0NRT,303.86,80.51,D
-27.63757,-56.12963,355.06,0.5,0.66,2026-06-04,1639,N21,nominal,2.0NRT,295.11,34.02,D
-17.49538,-59.50707,329.99,0.66,0.73,2026-06-04,1641,N21,low,2.0NRT,300.3,193.77,D
-27.64236,-56.1172,367,0.5,0.66,2026-06-04,1639,N21,high,2.0NRT,295.19,22.57,D
-17.49596,-59.51344,338.71,0.66,0.73,2026-06-04,1641,N21,nominal,2.0NRT,299.44,16.55,D
-27.64271,-56.12235,367,0.5,0.66,2026-06-04,1639,N21,high,2.0NRT,306.05,66.58,D
-17.49651,-59.51949,351.5,0.66,0.73,2026-06-04,1641,N21,nominal,2.0NRT,301.24,16.55,D
-27.642,-56.11208,343.14,0.5,0.66,2026-06-04,1639,N21,nominal,2.0NRT,295.29,22.57,D
-17.49706,-59.52547,344.36,0.66,0.73,2026-06-04,1641,N21,nominal,2.0NRT,299.36,12.41,D
-27.64307,-56.12751,332.49,0.5,0.66,2026-06-04,1639,N21,nominal,2.0NRT,299.62,66.58,D
-17.49762,-59.53161,334.13,0.66,0.73,2026-06-04,1641,N21,nominal,2.0NRT,299.23,12.41,D
-27.63695,-56.12794,367,0.5,0.66,2026-06-04,1639,N21,high,2.0NRT,295.78,11.17,D
-17.48751,-59.49535,347.91,0.66,0.73,2026-06-04,1641,N21,nominal,2.0NRT,301.72,19.82,D
-27.6366,-56.12279,344.03,0.5,0.66,2026-06-04,1639,N21,nominal,2.0NRT,295.64,11.17,D
-17.48921,-59.51404,335.13,0.66,0.73,2026-06-04,1641,N21,nominal,2.0NRT,299.84,16.69,D
-27.61147,-55.93509,349.97,0.49,0.65,2026-06-04,1639,N21,nominal,2.0NRT,295.57,8.99,D
-17.48977,-59.52016,352.83,0.66,0.73,2026-06-04,1641,N21,nominal,2.0NRT,302.04,16.69,D
-27.53053,-56.19683,336.97,0.51,0.66,2026-06-04,1639,N21,nominal,2.0NRT,295.09,5.78,D
-17.49032,-59.52627,342.52,0.66,0.73,2026-06-04,1641,N21,nominal,2.0NRT,299.31,15.71,D
-27.10913,-52.87974,325.14,0.63,0.54,2026-06-04,1639,N21,nominal,2.0NRT,292.57,4.24,D
-17.49088,-59.53244,340.55,0.66,0.73,2026-06-04,1641,N21,nominal,2.0NRT,299.01,15.71,D
-27.29404,-55.25844,340.96,0.44,0.62,2026-06-04,1639,N21,nominal,2.0NRT,294.55,5.69,D
-17.48407,-59.608,328.13,0.67,0.74,2026-06-04,1641,N21,low,2.0NRT,298.5,6.98,D
-27.29362,-55.25811,335.17,0.44,0.62,2026-06-04,1639,N21,nominal,2.0NRT,294.47,5.45,D
-16.13069,-49.34126,333.19,0.44,0.38,2026-06-04,1641,N21,low,2.0NRT,307.84,19.52,D
-27.11423,-54.33844,339.08,0.39,0.59,2026-06-04,1639,N21,nominal,2.0NRT,293.48,4.37,D
-15.51296,-45.3968,331.35,0.4,0.37,2026-06-04,1641,N21,nominal,2.0NRT,301.82,3.6,D
-27.11323,-54.33992,326.05,0.39,0.59,2026-06-04,1639,N21,nominal,2.0NRT,292.13,1.88,D
-16.09392,-49.43888,334.63,0.44,0.39,2026-06-04,1641,N21,low,2.0NRT,305.8,8.47,D
-27.11142,-55.32423,330.22,0.44,0.63,2026-06-04,1639,N21,nominal,2.0NRT,294.84,3.7,D
-15.58168,-47.43591,345.83,0.39,0.36,2026-06-04,1641,N21,nominal,2.0NRT,303.26,8.51,D
-25.60356,-42.82085,331.01,0.4,0.37,2026-06-04,1639,N21,nominal,2.0NRT,291.04,2.66,D
-15.41972,-46.52156,367,0.38,0.36,2026-06-04,1641,N21,high,2.0NRT,306.42,11.77,D
-27.08009,-56.29027,334.45,0.51,0.66,2026-06-04,1639,N21,nominal,2.0NRT,292.64,4.58,D
-15.41641,-46.5221,353.96,0.38,0.36,2026-06-04,1641,N21,nominal,2.0NRT,316.07,45.35,D
-26.77439,-54.26012,367,0.38,0.59,2026-06-04,1639,N21,high,2.0NRT,295.99,11.67,D
-15.7796,-49.4377,330.81,0.44,0.38,2026-06-04,1641,N21,nominal,2.0NRT,303.19,5.08,D
-26.77809,-54.26046,367,0.38,0.59,2026-06-04,1639,N21,high,2.0NRT,296.2,16.15,D
-15.78018,-49.44183,342.81,0.44,0.38,2026-06-04,1641,N21,nominal,2.0NRT,304.05,8.97,D
-26.65718,-54.21345,344.06,0.37,0.58,2026-06-04,1639,N21,nominal,2.0NRT,294.01,9.23,D
-15.82001,-49.96773,339.89,0.46,0.39,2026-06-04,1641,N21,nominal,2.0NRT,309.04,20.27,D
-26.83213,-56.72797,331.36,0.54,0.68,2026-06-04,1639,N21,nominal,2.0NRT,294.35,3.32,D
-15.32307,-47.84409,339.26,0.39,0.36,2026-06-04,1641,N21,nominal,2.0NRT,302.67,17.27,D
-26.79982,-56.62128,336.71,0.53,0.67,2026-06-04,1639,N21,nominal,2.0NRT,294.62,9.57,D
-16.59851,-58.2366,367,0.53,0.67,2026-06-04,1641,N21,high,2.0NRT,304.16,50.05,D
-26.49732,-54.55687,367,0.39,0.59,2026-06-04,1639,N21,high,2.0NRT,296.01,28.2,D
-16.59232,-58.23729,348.25,0.53,0.67,2026-06-04,1641,N21,nominal,2.0NRT,299.26,8.61,D
-26.49763,-54.56079,344.87,0.39,0.59,2026-06-04,1639,N21,nominal,2.0NRT,302.59,28.2,D
-16.48123,-59.34412,329.11,0.63,0.72,2026-06-04,1643,N21,nominal,2.0NRT,295.28,7.6,D
-26.49795,-54.56489,327.08,0.39,0.59,2026-06-04,1639,N21,nominal,2.0NRT,292.56,17.86,D
-16.47633,-59.34478,334.91,0.63,0.72,2026-06-04,1643,N21,nominal,2.0NRT,295.71,8.37,D
-26.49183,-54.55766,367,0.39,0.59,2026-06-04,1639,N21,high,2.0NRT,299.03,29.55,D
-16.41542,-59.54721,345.74,0.65,0.73,2026-06-04,1643,N21,nominal,2.0NRT,294.8,14.42,D
-26.49213,-54.56145,346.61,0.39,0.59,2026-06-04,1639,N21,nominal,2.0NRT,303.49,29.55,D
-16.38306,-59.56203,326.27,0.65,0.73,2026-06-04,1643,N21,nominal,2.0NRT,295.24,4.51,D
-26.49701,-54.55748,367,0.39,0.59,2026-06-04,1639,N21,high,2.0NRT,299.67,34.5,D
-16.37636,-59.56262,325.87,0.65,0.73,2026-06-04,1643,N21,nominal,2.0NRT,295.39,3.7,D
-26.49734,-54.5614,337.99,0.39,0.59,2026-06-04,1639,N21,nominal,2.0NRT,303.12,34.5,D
-15.41082,-51.06316,341.19,0.52,0.42,2026-06-04,1643,N21,nominal,2.0NRT,308.13,9.09,D
-26.49153,-54.55826,367,0.39,0.59,2026-06-04,1639,N21,high,2.0NRT,299.66,34.5,D
-16.37893,-59.55935,325.6,0.65,0.73,2026-06-04,1643,N21,nominal,2.0NRT,295.27,5.67,D
-26.49185,-54.56206,352.06,0.39,0.59,2026-06-04,1639,N21,nominal,2.0NRT,299.53,34.5,D
-16.37952,-59.56528,326.29,0.65,0.73,2026-06-04,1643,N21,nominal,2.0NRT,295,7.18,D
-26.47779,-56.33366,355.19,0.51,0.66,2026-06-04,1639,N21,nominal,2.0NRT,294.64,13.47,D
-16.19265,-58.46481,367,0.54,0.68,2026-06-04,1643,N21,high,2.0NRT,295.34,31.03,D
-16.19315,-58.46983,351.88,0.54,0.68,2026-06-04,1643,N21,nominal,2.0NRT,296.59,27.91,D
-26.46915,-56.29842,328.13,0.5,0.66,2026-06-04,1639,N21,nominal,2.0NRT,294.5,6.67,D
-16.18638,-58.46529,367,0.54,0.68,2026-06-04,1643,N21,high,2.0NRT,299.41,31.03,D
-26.11476,-54.25162,367,0.37,0.58,2026-06-04,1639,N21,high,2.0NRT,300.52,18.31,D
-16.18687,-58.47033,349.07,0.54,0.68,2026-06-04,1643,N21,nominal,2.0NRT,296.95,27.91,D
-26.11509,-54.25546,351.95,0.37,0.58,2026-06-04,1639,N21,nominal,2.0NRT,299.22,18.31,D
-16.16332,-58.488,327.53,0.54,0.68,2026-06-04,1643,N21,low,2.0NRT,300.56,6.74,D
-26.10971,-54.25603,351.45,0.37,0.58,2026-06-04,1639,N21,nominal,2.0NRT,298.39,7.94,D
-16.18817,-58.46436,367,0.54,0.68,2026-06-04,1643,N21,high,2.0NRT,297.92,46.6,D
-26.21365,-56.9768,367,0.55,0.68,2026-06-04,1639,N21,high,2.0NRT,294.35,11.73,D
-16.1887,-58.46938,343.85,0.54,0.68,2026-06-04,1643,N21,nominal,2.0NRT,301.6,63.81,D
-26.28672,-58.47259,344.36,0.69,0.74,2026-06-04,1639,N21,nominal,2.0NRT,292.13,9.15,D
-16.16524,-58.48689,331.71,0.54,0.68,2026-06-04,1643,N21,nominal,2.0NRT,300.37,4.58,D
-26.15281,-56.63816,336.92,0.53,0.67,2026-06-04,1639,N21,nominal,2.0NRT,294.03,4.88,D
-16.12919,-58.50547,341.81,0.54,0.68,2026-06-04,1643,N21,nominal,2.0NRT,301.46,9.2,D
-25.6132,-55.40841,329.35,0.43,0.62,2026-06-04,1639,N21,nominal,2.0NRT,294.8,3.65,D
-16.12293,-58.50617,347.55,0.54,0.68,2026-06-04,1643,N21,nominal,2.0NRT,300.34,9.2,D
-25.61187,-55.40888,330.27,0.43,0.62,2026-06-04,1639,N21,nominal,2.0NRT,295.35,3.78,D
-15.58787,-53.91756,338.35,0.53,0.5,2026-06-04,1643,N21,nominal,2.0NRT,299.37,6.63,D
-25.25665,-52.61714,328.97,0.57,0.52,2026-06-04,1639,N21,nominal,2.0NRT,295.88,5.21,D
-16.15772,-59.32678,335.13,0.62,0.71,2026-06-04,1643,N21,nominal,2.0NRT,295.4,5.95,D
-25.25657,-52.61387,325,0.57,0.52,2026-06-04,1639,N21,nominal,2.0NRT,294.08,3.65,D
-14.40089,-45.57432,336.45,0.4,0.37,2026-06-04,1643,N21,nominal,2.0NRT,301.9,8.95,D
-14.39752,-45.57488,345.94,0.4,0.37,2026-06-04,1643,N21,nominal,2.0NRT,306.13,7.8,D
-25.12458,-52.20922,335.73,0.54,0.51,2026-06-04,1639,N21,nominal,2.0NRT,294.52,4.92,D
-14.39121,-45.55701,332.17,0.4,0.37,2026-06-04,1643,N21,nominal,2.0NRT,300.02,3.35,D
-14.37596,-45.55922,341.74,0.4,0.37,2026-06-04,1643,N21,nominal,2.0NRT,300.19,8.61,D
-25.55084,-58.0305,327.94,0.63,0.72,2026-06-04,1639,N21,nominal,2.0NRT,293.81,6.08,D
-14.37654,-45.56292,330.07,0.4,0.37,2026-06-04,1643,N21,nominal,2.0NRT,298.48,20.69,D
-25.31549,-55.42647,367,0.43,0.62,2026-06-04,1639,N21,high,2.0NRT,296.31,10.29,D
-14.37259,-45.55979,351.72,0.4,0.37,2026-06-04,1643,N21,nominal,2.0NRT,308.61,8.61,D
-25.02962,-54.58353,335.3,0.38,0.59,2026-06-04,1639,N21,nominal,2.0NRT,297.16,3.55,D
-14.37375,-45.56717,336.08,0.4,0.37,2026-06-04,1643,N21,nominal,2.0NRT,302.62,20.69,D
-25.06666,-55.62185,337.25,0.44,0.62,2026-06-04,1639,N21,nominal,2.0NRT,294.41,5.29,D
-14.36469,-45.55352,342.76,0.4,0.37,2026-06-04,1643,N21,nominal,2.0NRT,308.61,32.08,D
-25.21402,-57.77737,346.75,0.61,0.71,2026-06-04,1639,N21,nominal,2.0NRT,294.13,8.6,D
-14.36132,-45.55409,344.67,0.4,0.37,2026-06-04,1643,N21,nominal,2.0NRT,308.09,11.44,D
-24.90144,-55.75042,325.45,0.45,0.63,2026-06-04,1639,N21,nominal,2.0NRT,294.32,3.17,D
-14.36307,-45.56517,338.82,0.4,0.37,2026-06-04,1643,N21,nominal,2.0NRT,299.72,7.86,D
-25.03538,-57.64661,333.82,0.59,0.7,2026-06-04,1639,N21,nominal,2.0NRT,294.29,5.32,D
-14.36365,-45.56886,335.51,0.4,0.37,2026-06-04,1643,N21,nominal,2.0NRT,299.51,7.86,D
-24.9085,-56.16146,327.19,0.48,0.64,2026-06-04,1639,N21,nominal,2.0NRT,294.51,2.14,D
-16.15881,-59.32733,335.62,0.62,0.71,2026-06-04,1643,N21,nominal,2.0NRT,295.64,5.67,D
-24.90142,-55.75117,334.42,0.45,0.63,2026-06-04,1639,N21,nominal,2.0NRT,294.71,4.22,D
-14.45908,-47.71659,334,0.39,0.36,2026-06-04,1643,N21,nominal,2.0NRT,304.49,3.57,D
-25.03515,-57.64507,334.65,0.59,0.7,2026-06-04,1639,N21,nominal,2.0NRT,294.28,6.43,D
-14.48435,-49.1077,331.18,0.42,0.37,2026-06-04,1643,N21,nominal,2.0NRT,300.97,3.44,D
-24.91119,-56.16146,325.88,0.48,0.64,2026-06-04,1639,N21,nominal,2.0NRT,294.21,2.14,D
-14.48484,-49.10777,330.9,0.42,0.37,2026-06-04,1643,N21,low,2.0NRT,300.93,4.06,D
-24.79605,-56.26382,333.96,0.48,0.65,2026-06-04,1639,N21,nominal,2.0NRT,295.94,4.63,D
-14.48139,-49.10827,331.63,0.42,0.37,2026-06-04,1643,N21,low,2.0NRT,303.86,4.06,D
-24.72511,-56.70992,355.02,0.51,0.66,2026-06-04,1639,N21,nominal,2.0NRT,295.87,9.91,D
-14.3783,-49.69203,336.1,0.44,0.38,2026-06-04,1643,N21,nominal,2.0NRT,305.12,2.14,D
-24.63887,-56.06222,326.66,0.47,0.64,2026-06-04,1639,N21,nominal,2.0NRT,295.16,3.49,D
-14.77169,-52.67255,351.11,0.43,0.46,2026-06-04,1643,N21,nominal,2.0NRT,315.15,46.45,D
-24.52245,-56.07187,325.41,0.47,0.64,2026-06-04,1639,N21,nominal,2.0NRT,295.09,6.09,D
-13.65296,-45.55502,338.34,0.4,0.37,2026-06-04,1643,N21,nominal,2.0NRT,306.11,6.33,D
-24.52283,-56.07664,333.05,0.47,0.64,2026-06-04,1639,N21,nominal,2.0NRT,294.72,5.92,D
-13.66313,-47.75209,345.18,0.39,0.36,2026-06-04,1643,N21,nominal,2.0NRT,304.82,4.21,D
-24.31947,-55.59135,336.26,0.43,0.62,2026-06-04,1639,N21,nominal,2.0NRT,294.07,6.93,D
-14.26552,-52.055,333.3,0.38,0.44,2026-06-04,1643,N21,nominal,2.0NRT,302.52,5.24,D
-24.28524,-55.39017,367,0.42,0.61,2026-06-04,1639,N21,high,2.0NRT,297.41,14.97,D
-14.26598,-52.05856,337.85,0.38,0.44,2026-06-04,1643,N21,nominal,2.0NRT,300.43,2.67,D
-13.65981,-47.75262,331.65,0.39,0.36,2026-06-04,1643,N21,nominal,2.0NRT,303.08,3.73,D
-24.14588,-55.68118,331.21,0.44,0.62,2026-06-04,1639,N21,nominal,2.0NRT,295,3.67,D
-13.66035,-47.75617,330.8,0.39,0.36,2026-06-04,1643,N21,nominal,2.0NRT,302.61,4.16,D
-24.14498,-55.6831,333.03,0.44,0.62,2026-06-04,1639,N21,nominal,2.0NRT,295.01,3.9,D
-14.25567,-52.04188,337.3,0.38,0.43,2026-06-04,1643,N21,nominal,2.0NRT,304.42,9.08,D
-24.1805,-56.10086,331.61,0.46,0.64,2026-06-04,1639,N21,nominal,2.0NRT,296.28,3.97,D
-14.33978,-53.20199,341.84,0.45,0.47,2026-06-04,1643,N21,nominal,2.0NRT,304.63,5.09,D
-14.0088,-51.86516,332.3,0.56,0.43,2026-06-04,1643,N21,low,2.0NRT,303.21,2.85,D
-24.08025,-55.33257,330.24,0.41,0.61,2026-06-04,1639,N21,nominal,2.0NRT,294.06,2.74,D
-14.00881,-51.86311,334.96,0.56,0.43,2026-06-04,1643,N21,nominal,2.0NRT,304.55,6.82,D
-23.99151,-55.08397,330.31,0.4,0.6,2026-06-04,1639,N21,nominal,2.0NRT,296.26,3.66,D
-14.32462,-54.52367,332.62,0.56,0.51,2026-06-04,1643,N21,nominal,2.0NRT,302.29,7.91,D
-24.01375,-55.42092,342.36,0.42,0.61,2026-06-04,1639,N21,nominal,2.0NRT,294.14,6.5,D
-13.40936,-48.30687,333.92,0.39,0.36,2026-06-04,1643,N21,nominal,2.0NRT,307,5.19,D
-24.01587,-55.41759,340.11,0.42,0.61,2026-06-04,1639,N21,nominal,2.0NRT,294.5,5.69,D
-13.40989,-48.31047,344.97,0.39,0.36,2026-06-04,1643,N21,nominal,2.0NRT,308.14,7.67,D
-13.40655,-48.31098,339.83,0.39,0.36,2026-06-04,1643,N21,nominal,2.0NRT,306.78,7.67,D
-24.05028,-56.23668,331.93,0.47,0.64,2026-06-04,1639,N21,nominal,2.0NRT,295.49,4.21,D
-14.08602,-53.38527,338.19,0.46,0.47,2026-06-04,1643,N21,nominal,2.0NRT,299.23,6.3,D
-23.37561,-51.12705,336.76,0.44,0.46,2026-06-04,1639,N21,nominal,2.0NRT,297.22,5.88,D
-14.08655,-53.38955,340.86,0.46,0.47,2026-06-04,1643,N21,nominal,2.0NRT,304.09,7.41,D
-23.37623,-51.12558,326.93,0.44,0.46,2026-06-04,1639,N21,nominal,2.0NRT,296.76,5.91,D
-14.0852,-53.3879,354.63,0.46,0.47,2026-06-04,1643,N21,nominal,2.0NRT,305.52,23.76,D
-14.08085,-53.38846,344.83,0.46,0.47,2026-06-04,1643,N21,nominal,2.0NRT,307.99,7.15,D
-23.75859,-56.11837,338.06,0.46,0.64,2026-06-04,1639,N21,nominal,2.0NRT,296.23,5.4,D
-13.48657,-49.17469,341.77,0.41,0.37,2026-06-04,1643,N21,nominal,2.0NRT,305.62,3.26,D
-23.80894,-56.77846,342.38,0.51,0.66,2026-06-04,1639,N21,nominal,2.0NRT,295.61,7.38,D
-14.06018,-53.39988,339.87,0.46,0.47,2026-06-04,1643,N21,nominal,2.0NRT,304.48,7.87,D
-23.75401,-56.11804,326.27,0.46,0.64,2026-06-04,1639,N21,nominal,2.0NRT,296.57,5.03,D
-14.05141,-53.36626,338.37,0.46,0.47,2026-06-04,1643,N21,nominal,2.0NRT,299.29,6.89,D
-12.83867,-45.88846,347.46,0.4,0.37,2026-06-04,1643,N21,nominal,2.0NRT,307.04,4.93,D
-23.75439,-56.12247,327.71,0.46,0.64,2026-06-04,1639,N21,nominal,2.0NRT,295.54,4.49,D
-12.83926,-45.89213,344.43,0.4,0.37,2026-06-04,1643,N21,nominal,2.0NRT,305.3,4.93,D
-23.809,-56.78208,342.59,0.51,0.66,2026-06-04,1639,N21,nominal,2.0NRT,295.33,6.26,D
-12.83531,-45.88902,333.78,0.4,0.37,2026-06-04,1643,N21,low,2.0NRT,304.51,5.47,D
-22.91274,-48.68507,327.31,0.48,0.4,2026-06-04,1639,N21,nominal,2.0NRT,298.51,3.66,D
-12.74183,-45.45716,351.26,0.41,0.37,2026-06-04,1643,N21,nominal,2.0NRT,294.3,12.16,D
-12.73842,-45.45774,336.59,0.41,0.37,2026-06-04,1643,N21,nominal,2.0NRT,295.07,10.04,D
-23.68257,-56.26273,325.04,0.47,0.64,2026-06-04,1639,N21,nominal,2.0NRT,296.58,3.93,D
-13.51784,-50.94128,339.19,0.49,0.4,2026-06-04,1643,N21,nominal,2.0NRT,303.78,20.81,D
-23.27792,-52.13167,339.68,0.51,0.49,2026-06-04,1639,N21,nominal,2.0NRT,299.71,10.34,D
-13.51413,-50.94181,342.16,0.49,0.4,2026-06-04,1643,N21,nominal,2.0NRT,305.62,20.81,D
-13.51476,-50.94631,336.99,0.49,0.4,2026-06-04,1643,N21,nominal,2.0NRT,300.57,10.56,D
-23.27712,-52.13498,338.11,0.51,0.49,2026-06-04,1639,N21,nominal,2.0NRT,297.49,3.84,D
-14.37272,-58.65353,346.74,0.53,0.67,2026-06-04,1643,N21,nominal,2.0NRT,295.01,10.13,D
-22.36644,-45.65413,326,0.39,0.36,2026-06-04,1639,N21,nominal,2.0NRT,299.45,3.66,D
-13.84761,-54.18541,334.78,0.52,0.5,2026-06-04,1643,N21,nominal,2.0NRT,299.02,0.92,D
-22.36699,-45.65787,327.77,0.39,0.36,2026-06-04,1639,N21,nominal,2.0NRT,299.8,4.3,D
-14.37353,-58.65501,328.19,0.53,0.67,2026-06-04,1643,N21,nominal,2.0NRT,294.71,9.24,D
-23.52987,-55.82178,343.03,0.44,0.62,2026-06-04,1639,N21,nominal,2.0NRT,295.88,8.3,D
-14.36733,-58.65562,367,0.53,0.67,2026-06-04,1643,N21,high,2.0NRT,296.37,9.24,D
-14.21164,-57.41878,333.04,0.44,0.62,2026-06-04,1643,N21,nominal,2.0NRT,301.96,5.69,D
-22.92721,-50.08817,335.62,0.57,0.43,2026-06-04,1639,N21,nominal,2.0NRT,300.43,7.25,D
-14.21209,-57.42277,335.43,0.44,0.62,2026-06-04,1643,N21,nominal,2.0NRT,302.73,5.69,D
-23.53486,-55.82399,367,0.44,0.62,2026-06-04,1639,N21,high,2.0NRT,296.72,14.11,D
-14.20634,-57.42319,333.64,0.44,0.62,2026-06-04,1643,N21,nominal,2.0NRT,302.91,5.69,D
-23.50272,-55.99215,329.31,0.45,0.63,2026-06-04,1639,N21,nominal,2.0NRT,295.6,6.14,D
-14.31518,-58.63643,367,0.53,0.67,2026-06-04,1643,N21,high,2.0NRT,297.1,47.27,D
-23.5031,-55.99667,332.39,0.45,0.63,2026-06-04,1639,N21,nominal,2.0NRT,294.85,5.82,D
-14.31571,-58.64136,347.39,0.53,0.67,2026-06-04,1643,N21,nominal,2.0NRT,294.03,48.54,D
-23.2232,-53.11856,333.72,0.58,0.52,2026-06-04,1639,N21,nominal,2.0NRT,299.6,5.62,D
-14.30953,-58.64209,355.66,0.53,0.67,2026-06-04,1643,N21,low,2.0NRT,282.66,3.7,D
-23.45851,-55.74569,337.05,0.43,0.62,2026-06-04,1639,N21,nominal,2.0NRT,294.64,3.38,D
-14.17833,-58.97814,330.19,0.56,0.69,2026-06-04,1643,N21,nominal,2.0NRT,293.76,14.65,D
-14.18009,-58.99445,327.53,0.56,0.69,2026-06-04,1643,N21,low,2.0NRT,300.26,19.74,D
-23.49375,-56.61951,326.77,0.49,0.65,2026-06-04,1639,N21,low,2.0NRT,299.4,7.03,D
-12.66209,-47.66775,339.42,0.38,0.36,2026-06-04,1643,N21,nominal,2.0NRT,305.94,3.66,D
-23.48769,-56.61992,332.47,0.49,0.65,2026-06-04,1639,N21,nominal,2.0NRT,299.04,5.88,D
-14.09726,-59.3881,367,0.59,0.7,2026-06-04,1643,N21,high,2.0NRT,298.27,20.19,D
-23.4918,-56.6186,347.48,0.49,0.65,2026-06-04,1639,N21,nominal,2.0NRT,300.68,11.1,D
-14.09783,-59.39346,367,0.59,0.7,2026-06-04,1643,N21,high,2.0NRT,295.25,20.19,D
-23.39192,-56.00075,328.33,0.45,0.63,2026-06-04,1639,N21,nominal,2.0NRT,295.78,5.18,D
-12.07133,-45.72261,348.54,0.41,0.37,2026-06-04,1643,N21,nominal,2.0NRT,306.02,9.88,D
-22.82286,-51.31673,329.23,0.44,0.46,2026-06-04,1639,N21,nominal,2.0NRT,293.71,4.12,D
-12.06793,-45.72318,343.75,0.41,0.37,2026-06-04,1643,N21,nominal,2.0NRT,304.92,8.37,D
-23.0863,-55.18245,338.19,0.39,0.6,2026-06-04,1639,N21,nominal,2.0NRT,295.48,2.51,D
-12.02826,-45.8745,347.06,0.41,0.37,2026-06-04,1643,N21,nominal,2.0NRT,300.42,7.67,D
-21.3605,-42.38858,327.73,0.44,0.39,2026-06-04,1639,N21,nominal,2.0NRT,293.26,4.48,D
-12.02546,-45.87878,340.32,0.41,0.37,2026-06-04,1643,N21,nominal,2.0NRT,303.47,7.38,D
-21.68135,-44.376,338.73,0.39,0.36,2026-06-04,1639,N21,nominal,2.0NRT,291.44,4.32,D
-12.30055,-47.90601,330.08,0.39,0.36,2026-06-04,1643,N21,low,2.0NRT,304.71,5.16,D
-23.11937,-56.52303,327.63,0.48,0.65,2026-06-04,1639,N21,nominal,2.0NRT,297.82,3.71,D
-12.17151,-47.36816,332.18,0.38,0.36,2026-06-04,1643,N21,nominal,2.0NRT,302.01,3.07,D
-23.1524,-57.00599,341.43,0.52,0.67,2026-06-04,1639,N21,nominal,2.0NRT,297.32,4.75,D
-12.90571,-53.90249,329.44,0.48,0.48,2026-06-04,1643,N21,nominal,2.0NRT,298.92,3.52,D
-22.39744,-50.72062,367,0.4,0.45,2026-06-04,1639,N21,high,2.0NRT,305.89,17.33,D
-12.2126,-49.39261,339.03,0.41,0.37,2026-06-04,1643,N21,nominal,2.0NRT,307.55,10.2,D
-12.73808,-54.20147,330.48,0.5,0.49,2026-06-04,1643,N21,low,2.0NRT,304.52,7.13,D
-22.39791,-50.72458,332.04,0.4,0.45,2026-06-04,1639,N21,nominal,2.0NRT,303.62,4.46,D
-12.73982,-54.72173,367,0.55,0.51,2026-06-04,1643,N21,high,2.0NRT,300.21,26.76,D
-22.92953,-56.08113,329.7,0.45,0.63,2026-06-04,1639,N21,nominal,2.0NRT,297.56,3.66,D
-11.27725,-44.68691,334.45,0.46,0.39,2026-06-04,1643,N21,nominal,2.0NRT,295.76,6.94,D
-21.86933,-46.88236,330.37,0.4,0.37,2026-06-04,1639,N21,nominal,2.0NRT,298.41,4.01,D
-12.74046,-54.72668,344.57,0.55,0.51,2026-06-04,1643,N21,nominal,2.0NRT,297.41,26.76,D
-22.92982,-56.08289,332.76,0.45,0.63,2026-06-04,1639,N21,nominal,2.0NRT,297.99,3.91,D
-12.73643,-54.73229,367,0.55,0.51,2026-06-04,1643,N21,high,2.0NRT,299.89,22.37,D
-21.31844,-44.23308,343.56,0.39,0.36,2026-06-04,1639,N21,nominal,2.0NRT,297.44,8.87,D
-12.73579,-54.72733,352.73,0.55,0.51,2026-06-04,1643,N21,nominal,2.0NRT,303.06,26.76,D
-22.74344,-56.68182,328.93,0.49,0.65,2026-06-04,1639,N21,nominal,2.0NRT,297.07,2.8,D
-12.73707,-54.73727,343.32,0.55,0.51,2026-06-04,1643,N21,nominal,2.0NRT,296.25,22.37,D
-12.72772,-54.73864,331.02,0.55,0.51,2026-06-04,1643,N21,nominal,2.0NRT,297.12,7.62,D
-22.74727,-56.68073,328.41,0.49,0.65,2026-06-04,1639,N21,nominal,2.0NRT,296.6,3.91,D
-11.95729,-49.29769,334.93,0.41,0.37,2026-06-04,1643,N21,low,2.0NRT,307.75,79.29,D
-21.46339,-47.07829,332.63,0.41,0.37,2026-06-04,1641,N21,nominal,2.0NRT,295.43,4.35,D
-11.95389,-49.29819,341.15,0.41,0.37,2026-06-04,1643,N21,nominal,2.0NRT,303.69,4.98,D
-21.3587,-46.71552,326.01,0.4,0.37,2026-06-04,1641,N21,nominal,2.0NRT,299.78,3.57,D
-11.95049,-49.2987,343.15,0.41,0.37,2026-06-04,1643,N21,nominal,2.0NRT,309.95,4.98,D
-21.35925,-46.71935,328.82,0.4,0.37,2026-06-04,1641,N21,nominal,2.0NRT,299.54,3.57,D
-11.56105,-47.24448,341.25,0.39,0.36,2026-06-04,1643,N21,nominal,2.0NRT,301.03,15.07,D
-11.56159,-47.24799,334.31,0.39,0.36,2026-06-04,1643,N21,nominal,2.0NRT,299.42,15.07,D
-22.445,-56.3829,367,0.46,0.64,2026-06-04,1641,N21,high,2.0NRT,299.15,12.52,D
-12.10114,-51.00849,343.39,0.48,0.4,2026-06-04,1643,N21,nominal,2.0NRT,301.99,9.05,D
-21.99841,-51.96307,328.71,0.48,0.48,2026-06-04,1641,N21,nominal,2.0NRT,298.87,0.82,D
-12.11472,-51.52235,330.21,0.51,0.41,2026-06-04,1643,N21,low,2.0NRT,304.73,3.96,D
-21.82046,-50.49069,340.55,0.39,0.44,2026-06-04,1641,N21,nominal,2.0NRT,301.08,8.07,D
-11.82738,-49.65519,333.23,0.42,0.37,2026-06-04,1643,N21,nominal,2.0NRT,303.78,3.22,D
-21.81644,-50.49127,339.39,0.39,0.44,2026-06-04,1641,N21,nominal,2.0NRT,300.52,8.07,D
-11.82793,-49.659,341.9,0.42,0.37,2026-06-04,1643,N21,nominal,2.0NRT,307.49,3.22,D
-12.0935,-51.98684,341.81,0.54,0.42,2026-06-04,1643,N21,nominal,2.0NRT,305.19,20.29,D
-21.26044,-46.76301,344.89,0.4,0.37,2026-06-04,1641,N21,nominal,2.0NRT,298.6,5.83,D
-12.09417,-51.99179,343.3,0.54,0.42,2026-06-04,1643,N21,nominal,2.0NRT,304.19,32.06,D
-22.40911,-57.15379,336.36,0.52,0.67,2026-06-04,1641,N21,nominal,2.0NRT,298.64,4.08,D
-11.77707,-49.74448,330.56,0.42,0.38,2026-06-04,1643,N21,low,2.0NRT,304.75,4.23,D
-22.38116,-57.11473,330.04,0.52,0.67,2026-06-04,1641,N21,nominal,2.0NRT,296.96,4.4,D
-12.08964,-51.98743,333.09,0.54,0.42,2026-06-04,1643,N21,nominal,2.0NRT,301.9,20.29,D
-22.38157,-57.11596,333.34,0.52,0.67,2026-06-04,1641,N21,nominal,2.0NRT,297.23,6.17,D
-12.0903,-51.99237,354.55,0.54,0.42,2026-06-04,1643,N21,nominal,2.0NRT,309.19,32.06,D
-12.09097,-51.99731,351.71,0.54,0.42,2026-06-04,1643,N21,nominal,2.0NRT,307.09,32.06,D
-22.35093,-57.50335,367,0.55,0.68,2026-06-04,1641,N21,high,2.0NRT,298.93,16.95,D
-11.77362,-49.74499,333.52,0.42,0.38,2026-06-04,1643,N21,nominal,2.0NRT,303.84,3.21,D
-22.22206,-55.97754,329.99,0.43,0.62,2026-06-04,1641,N21,nominal,2.0NRT,298.01,3.58,D
-12.08644,-51.99294,334.65,0.54,0.42,2026-06-04,1643,N21,nominal,2.0NRT,300.23,4.35,D
-12.0871,-51.99786,335.15,0.54,0.42,2026-06-04,1643,N21,nominal,2.0NRT,300.33,4.35,D
-20.95321,-48.01216,333.16,0.43,0.38,2026-06-04,1641,N21,nominal,2.0NRT,304.57,6.44,D
-11.26205,-46.37286,340.98,0.4,0.37,2026-06-04,1643,N21,nominal,2.0NRT,302.35,4.03,D
-20.70214,-47.90194,339.55,0.42,0.38,2026-06-04,1641,N21,nominal,2.0NRT,300.45,3.88,D
-11.73367,-49.68487,335.84,0.42,0.37,2026-06-04,1643,N21,nominal,2.0NRT,303.6,4.55,D
-19.94499,-44.01147,325.7,0.4,0.37,2026-06-04,1641,N21,low,2.0NRT,300.15,1.64,D
-11.73024,-49.68538,332.49,0.42,0.37,2026-06-04,1643,N21,nominal,2.0NRT,303.29,4.55,D
-11.38783,-47.82253,338.08,0.38,0.36,2026-06-04,1643,N21,nominal,2.0NRT,306.44,6.05,D
-20.26719,-46.71886,352.88,0.39,0.36,2026-06-04,1641,N21,nominal,2.0NRT,305.18,8.85,D
-10.8697,-44.7905,346.31,0.46,0.39,2026-06-04,1643,N21,nominal,2.0NRT,300.01,9.28,D
-21.60455,-59.87704,345.66,0.77,0.77,2026-06-04,1641,N21,nominal,2.0NRT,296.89,15.34,D
-10.86612,-44.7911,332.83,0.46,0.39,2026-06-04,1643,N21,nominal,2.0NRT,298.76,5.03,D
-19.56466,-42.66352,332.46,0.45,0.39,2026-06-04,1641,N21,nominal,2.0NRT,297.36,2.73,D
-10.99223,-45.60316,341.23,0.42,0.38,2026-06-04,1643,N21,nominal,2.0NRT,301.49,7.28,D
-10.99285,-45.60709,344.87,0.42,0.38,2026-06-04,1643,N21,nominal,2.0NRT,299.2,9.82,D
-21.60809,-59.87566,355.49,0.77,0.77,2026-06-04,1641,N21,nominal,2.0NRT,297.76,18.79,D
-10.9894,-45.60765,334.92,0.42,0.38,2026-06-04,1643,N21,nominal,2.0NRT,298.42,5.76,D
-19.48099,-42.54049,326.55,0.46,0.39,2026-06-04,1641,N21,low,2.0NRT,301.14,2.12,D
-10.98657,-45.61212,347.62,0.42,0.38,2026-06-04,1643,N21,nominal,2.0NRT,300.81,5.76,D
-19.48174,-42.54484,335.51,0.46,0.39,2026-06-04,1641,N21,nominal,2.0NRT,302.47,2.12,D
-10.98719,-45.61599,341.11,0.42,0.38,2026-06-04,1643,N21,nominal,2.0NRT,304.63,6.26,D
-20.87099,-52.55819,332.11,0.5,0.49,2026-06-04,1641,N21,nominal,2.0NRT,296.61,0.38,D
-10.98373,-45.61649,347.2,0.42,0.38,2026-06-04,1643,N21,nominal,2.0NRT,301.74,9.25,D
-10.98151,-45.62477,352.47,0.42,0.38,2026-06-04,1643,N21,nominal,2.0NRT,304.47,8.4,D
-19.41251,-42.53907,325.83,0.46,0.39,2026-06-04,1641,N21,low,2.0NRT,299.8,1.06,D
-10.98212,-45.62862,335.68,0.42,0.38,2026-06-04,1643,N21,nominal,2.0NRT,302.05,8.4,D
-20.09,-46.87455,329.52,0.39,0.36,2026-06-04,1641,N21,nominal,2.0NRT,301.12,1.56,D
-10.97806,-45.62527,343.47,0.42,0.38,2026-06-04,1643,N21,nominal,2.0NRT,301.6,5.81,D
-19.89266,-46.68869,330.11,0.39,0.36,2026-06-04,1641,N21,nominal,2.0NRT,296.05,4.97,D
-12.77546,-59.00852,329.19,0.54,0.68,2026-06-04,1643,N21,nominal,2.0NRT,298.11,4.93,D
-19.88933,-46.68924,333.78,0.39,0.36,2026-06-04,1641,N21,nominal,2.0NRT,297.55,7.69,D
-12.76764,-58.99484,337.96,0.54,0.68,2026-06-04,1643,N21,nominal,2.0NRT,295.42,7.97,D
-19.47143,-44.17052,331.08,0.4,0.37,2026-06-04,1641,N21,nominal,2.0NRT,298.54,2.59,D
-12.76143,-58.99542,341.58,0.54,0.68,2026-06-04,1643,N21,nominal,2.0NRT,295.61,9.43,D
-19.46867,-44.17501,329.72,0.4,0.37,2026-06-04,1641,N21,nominal,2.0NRT,298.25,6.62,D
-12.54922,-57.1878,328.23,0.4,0.6,2026-06-04,1643,N21,low,2.0NRT,299.75,5.14,D
-19.08638,-41.99843,332.08,0.49,0.4,2026-06-04,1641,N21,nominal,2.0NRT,297.37,7.19,D
-12.17859,-54.53945,328.07,0.52,0.5,2026-06-04,1643,N21,low,2.0NRT,301.52,6.36,D
-19.0872,-42.00317,337.4,0.49,0.4,2026-06-04,1641,N21,nominal,2.0NRT,296.35,7.19,D
-12.15031,-54.64574,341.03,0.53,0.5,2026-06-04,1643,N21,nominal,2.0NRT,302.05,9.22,D
-19.0835,-42.00389,330.88,0.49,0.4,2026-06-04,1641,N21,nominal,2.0NRT,296.63,5.83,D
-12.15094,-54.65063,331.86,0.53,0.5,2026-06-04,1643,N21,nominal,2.0NRT,302.05,9.22,D
-19.35527,-45.0046,330.11,0.39,0.36,2026-06-04,1641,N21,nominal,2.0NRT,298.05,2.53,D
-11.56826,-50.66583,331.16,0.45,0.39,2026-06-04,1643,N21,nominal,2.0NRT,301.87,3.67,D
-19.16796,-43.87996,334.27,0.41,0.37,2026-06-04,1641,N21,nominal,2.0NRT,296.06,3.88,D
-11.56468,-50.66635,332.57,0.45,0.39,2026-06-04,1643,N21,nominal,2.0NRT,301.35,3.34,D
-19.34747,-44.99843,332.03,0.39,0.36,2026-06-04,1641,N21,nominal,2.0NRT,299.77,8.19,D
-11.56577,-50.66574,332.5,0.45,0.39,2026-06-04,1643,N21,nominal,2.0NRT,301.67,4.21,D
-20.64758,-55.41295,334.8,0.38,0.59,2026-06-04,1641,N21,nominal,2.0NRT,302.28,3.59,D
-11.78937,-52.5147,336.45,0.57,0.43,2026-06-04,1643,N21,nominal,2.0NRT,304.67,10.23,D
-11.14964,-48.11222,332.16,0.38,0.36,2026-06-04,1643,N21,low,2.0NRT,305.09,4.52,D
-20.56291,-54.65438,342,0.34,0.56,2026-06-04,1641,N21,nominal,2.0NRT,300.57,3.75,D
-10.97442,-47.05475,330.81,0.39,0.36,2026-06-04,1643,N21,nominal,2.0NRT,295.53,3.87,D
-20.56107,-54.65519,332.31,0.34,0.56,2026-06-04,1641,N21,nominal,2.0NRT,299.6,3.1,D
-11.65524,-51.68898,337.09,0.51,0.41,2026-06-04,1643,N21,nominal,2.0NRT,299.45,5.98,D
-20.56447,-55.83517,331.58,0.41,0.6,2026-06-04,1641,N21,nominal,2.0NRT,298.41,0.42,D
-10.93579,-46.93739,330.71,0.39,0.36,2026-06-04,1643,N21,nominal,2.0NRT,281.24,3.85,D
-19.1078,-44.45832,348.39,0.4,0.37,2026-06-04,1641,N21,nominal,2.0NRT,300.54,10.58,D
-10.93246,-46.93792,354.43,0.39,0.36,2026-06-04,1643,N21,nominal,2.0NRT,287.97,14.26,D
-19.10624,-44.45855,345.05,0.4,0.37,2026-06-04,1641,N21,nominal,2.0NRT,298.98,6.91,D
-10.93301,-46.94147,345.72,0.39,0.36,2026-06-04,1643,N21,nominal,2.0NRT,292.52,10.31,D
-20.70847,-59.4626,367,0.71,0.75,2026-06-04,1641,N21,high,2.0NRT,299.73,29.97,D
-10.92968,-46.942,331.82,0.39,0.36,2026-06-04,1643,N21,nominal,2.0NRT,296.27,10.31,D
-18.65453,-43.34659,328.06,0.43,0.38,2026-06-04,1641,N21,nominal,2.0NRT,297.34,2.91,D
-11.51233,-50.90842,330.87,0.46,0.39,2026-06-04,1643,N21,nominal,2.0NRT,300.48,4.65,D
-18.53352,-43.23177,333.84,0.44,0.38,2026-06-04,1641,N21,nominal,2.0NRT,297.16,3.82,D
-12.46656,-58.47283,333.04,0.49,0.65,2026-06-04,1643,N21,nominal,2.0NRT,299.92,8.57,D
-12.46008,-58.46907,328.81,0.49,0.65,2026-06-04,1643,N21,nominal,2.0NRT,298.63,7.85,D
-12.46055,-58.47335,336.75,0.49,0.65,2026-06-04,1643,N21,nominal,2.0NRT,301.21,8.57,D
-12.45409,-58.46975,367,0.49,0.65,2026-06-04,1643,N21,high,2.0NRT,301.56,109.83,D
-12.44765,-58.41196,329.53,0.48,0.65,2026-06-04,1643,N21,nominal,2.0NRT,297.08,13.82,D
-12.45456,-58.47401,343.06,0.49,0.65,2026-06-04,1643,N21,nominal,2.0NRT,304.54,86.49,D
-12.45504,-58.47827,335.82,0.49,0.65,2026-06-04,1643,N21,nominal,2.0NRT,296.93,86.49,D
-12.44067,-58.40351,367,0.48,0.65,2026-06-04,1643,N21,high,2.0NRT,301.55,35,D
-12.44117,-58.40798,367,0.48,0.65,2026-06-04,1643,N21,high,2.0NRT,299.22,35,D
-12.44166,-58.41243,367,0.48,0.65,2026-06-04,1643,N21,high,2.0NRT,298.93,13.82,D
-12.44811,-58.47046,367,0.49,0.65,2026-06-04,1643,N21,high,2.0NRT,306.88,109.83,D
-10.91637,-46.94414,348.16,0.39,0.36,2026-06-04,1643,N21,nominal,2.0NRT,305.06,7.89,D
-11.92709,-54.09977,332.18,0.48,0.48,2026-06-04,1643,N21,low,2.0NRT,302.21,7.09,D
-12.44017,-58.39898,344.23,0.48,0.65,2026-06-04,1643,N21,nominal,2.0NRT,297.15,24.39,D
-12.44216,-58.41692,349.62,0.48,0.65,2026-06-04,1643,N21,nominal,2.0NRT,296.55,13.82,D
-12.44858,-58.47473,304.53,0.49,0.65,2026-06-04,1643,N21,low,2.0NRT,307.51,86.49,D
-10.91635,-46.96593,335.53,0.39,0.36,2026-06-04,1643,N21,nominal,2.0NRT,295.25,4.68,D
-10.90473,-46.93513,334.24,0.39,0.36,2026-06-04,1643,N21,nominal,2.0NRT,296.57,4.91,D
-10.90529,-46.93868,336.47,0.39,0.36,2026-06-04,1643,N21,nominal,2.0NRT,298.13,4.91,D
-10.90694,-46.9493,343.84,0.39,0.36,2026-06-04,1643,N21,nominal,2.0NRT,304.72,9.97,D
-10.90749,-46.95284,350.1,0.39,0.36,2026-06-04,1643,N21,nominal,2.0NRT,305.43,26.43,D
-10.90306,-46.94629,367,0.39,0.36,2026-06-04,1643,N21,high,2.0NRT,302.51,9.97,D
-10.90196,-46.93921,338.21,0.39,0.36,2026-06-04,1643,N21,nominal,2.0NRT,302.46,4.91,D
-10.90251,-46.94275,349.21,0.39,0.36,2026-06-04,1643,N21,nominal,2.0NRT,304.21,4.91,D
-10.90417,-46.9534,336.42,0.39,0.36,2026-06-04,1643,N21,nominal,2.0NRT,301.7,26.43,D
-10.89718,-46.97261,332.03,0.39,0.36,2026-06-04,1643,N21,nominal,2.0NRT,280.95,10.71,D
-10.88669,-46.94887,344.59,0.39,0.36,2026-06-04,1643,N21,nominal,2.0NRT,301.78,14.7,D
-11.35367,-50.05408,331.23,0.43,0.38,2026-06-04,1643,N21,nominal,2.0NRT,298.25,2.5,D
-10.88007,-46.92805,341.49,0.39,0.36,2026-06-04,1643,N21,nominal,2.0NRT,297.61,4.84,D
-10.87674,-46.92857,338.98,0.39,0.36,2026-06-04,1643,N21,nominal,2.0NRT,300.75,5.92,D
-10.87729,-46.93214,349.16,0.39,0.36,2026-06-04,1643,N21,nominal,2.0NRT,300.83,5.92,D
-10.87784,-46.9357,333.52,0.39,0.36,2026-06-04,1643,N21,nominal,2.0NRT,296.8,31.38,D
-10.88058,-46.95346,342.41,0.39,0.36,2026-06-04,1643,N21,nominal,2.0NRT,300.46,8.86,D
-10.87231,-46.92198,335.47,0.39,0.36,2026-06-04,1643,N21,nominal,2.0NRT,292.83,8.66,D
-10.87341,-46.92909,333.65,0.39,0.36,2026-06-04,1643,N21,nominal,2.0NRT,299.07,5.92,D
-10.87396,-46.93266,347.62,0.39,0.36,2026-06-04,1643,N21,nominal,2.0NRT,300.85,5.92,D
-10.87451,-46.93621,352,0.39,0.36,2026-06-04,1643,N21,nominal,2.0NRT,312.84,31.38,D
-10.87725,-46.95399,348.58,0.39,0.36,2026-06-04,1643,N21,nominal,2.0NRT,302.56,8.86,D
-12.46321,-58.47078,337.48,0.49,0.65,2026-06-04,1643,N21,nominal,2.0NRT,301.13,7.05,D
-12.46373,-58.47512,333.82,0.49,0.65,2026-06-04,1643,N21,nominal,2.0NRT,300.17,7.05,D
-10.87118,-46.93674,346.51,0.39,0.36,2026-06-04,1643,N21,nominal,2.0NRT,301.66,10.14,D
-12.45722,-58.47142,340.57,0.49,0.65,2026-06-04,1643,N21,nominal,2.0NRT,300.37,129.34,D
-12.45773,-58.4757,336.77,0.49,0.65,2026-06-04,1643,N21,nominal,2.0NRT,299.22,129.34,D
-12.44282,-58.40103,367,0.48,0.65,2026-06-04,1643,N21,high,2.0NRT,298.55,27.32,D
-10.93745,-47.38893,331.16,0.39,0.36,2026-06-04,1643,N21,low,2.0NRT,303.29,3.53,D
-12.44335,-58.40552,353.96,0.48,0.65,2026-06-04,1643,N21,nominal,2.0NRT,298.89,27.32,D
-12.45074,-58.46783,343.18,0.49,0.65,2026-06-04,1643,N21,nominal,2.0NRT,295.65,69.32,D
-12.43737,-58.40598,367,0.48,0.65,2026-06-04,1643,N21,high,2.0NRT,299.8,21.23,D
-12.43789,-58.41042,367,0.48,0.65,2026-06-04,1643,N21,high,2.0NRT,299.14,27.56,D
-12.43842,-58.41487,367,0.48,0.65,2026-06-04,1643,N21,high,2.0NRT,300.96,27.56,D
-12.44476,-58.46851,367,0.49,0.65,2026-06-04,1643,N21,high,2.0NRT,298.14,85.78,D
-10.86507,-46.94134,332.86,0.39,0.36,2026-06-04,1643,N21,low,2.0NRT,303.37,2.76,D
-12.43684,-58.40149,337.81,0.48,0.65,2026-06-04,1643,N21,nominal,2.0NRT,297.8,21.23,D
-12.43895,-58.41935,326.73,0.48,0.65,2026-06-04,1643,N21,nominal,2.0NRT,294.63,13.04,D
-12.44576,-58.47707,343.48,0.49,0.65,2026-06-04,1643,N21,nominal,2.0NRT,298.93,67.5,D
-12.44526,-58.4728,290.87,0.49,0.65,2026-06-04,1643,N21,low,2.0NRT,310.54,67.5,D
-10.86229,-46.94542,338.41,0.39,0.36,2026-06-04,1643,N21,nominal,2.0NRT,301.71,8.01,D
-12.43927,-58.47345,326.94,0.49,0.65,2026-06-04,1643,N21,nominal,2.0NRT,298.2,67.5,D
-10.86332,-46.99613,335.16,0.39,0.36,2026-06-04,1643,N21,nominal,2.0NRT,297.12,3.38,D
-10.86387,-46.99968,333.74,0.39,0.36,2026-06-04,1643,N21,nominal,2.0NRT,296.5,3.38,D
-10.86442,-47.00322,350.47,0.39,0.36,2026-06-04,1643,N21,nominal,2.0NRT,294.77,8.94,D
-10.85505,-46.96476,341.68,0.39,0.36,2026-06-04,1643,N21,nominal,2.0NRT,299.74,71.22,D
-10.85999,-46.99666,333.19,0.39,0.36,2026-06-04,1643,N21,nominal,2.0NRT,295.88,3.83,D
-10.85725,-46.97894,355.25,0.39,0.36,2026-06-04,1643,N21,low,2.0NRT,288.52,19.3,D
-10.85337,-46.97592,336.79,0.39,0.36,2026-06-04,1643,N21,nominal,2.0NRT,280.78,19.3,D
-11.24223,-49.67624,331.41,0.41,0.37,2026-06-04,1643,N21,nominal,2.0NRT,300.43,4.9,D
-12.22893,-57.27822,367,0.4,0.6,2026-06-04,1643,N21,high,2.0NRT,302.41,25.25,D
-12.22807,-57.27094,333.04,0.4,0.6,2026-06-04,1643,N21,nominal,2.0NRT,299.9,11.18,D
-12.2285,-57.27458,339.18,0.4,0.6,2026-06-04,1643,N21,nominal,2.0NRT,299.08,25.25,D
-12.22937,-57.28196,344.44,0.4,0.6,2026-06-04,1643,N21,nominal,2.0NRT,296.01,19.71,D
-12.22256,-57.27163,328.58,0.4,0.6,2026-06-04,1643,N21,low,2.0NRT,299.32,6.67,D
-12.22298,-57.27525,334.67,0.4,0.6,2026-06-04,1643,N21,nominal,2.0NRT,300.48,9.27,D
-12.22341,-57.27888,348.32,0.4,0.6,2026-06-04,1643,N21,nominal,2.0NRT,300.61,9.27,D
-12.22384,-57.2826,355.41,0.4,0.6,2026-06-04,1643,N21,nominal,2.0NRT,302.67,21.77,D
-12.21745,-57.27587,333.68,0.4,0.6,2026-06-04,1643,N21,nominal,2.0NRT,300.32,9.27,D
-12.21788,-57.27952,337.41,0.4,0.6,2026-06-04,1643,N21,nominal,2.0NRT,301.01,9.27,D
-12.21831,-57.28323,338.88,0.4,0.6,2026-06-04,1643,N21,nominal,2.0NRT,301.2,21.77,D
-12.21322,-57.2876,367,0.4,0.6,2026-06-04,1643,N21,high,2.0NRT,300.75,28.37,D
-12.07036,-56.08135,332.47,0.33,0.55,2026-06-04,1643,N21,nominal,2.0NRT,297.6,1.06,D
-12.20769,-57.28823,367,0.4,0.6,2026-06-04,1643,N21,high,2.0NRT,300.65,28.37,D
-11.61327,-52.55141,328.34,0.57,0.43,2026-06-04,1643,N21,nominal,2.0NRT,295.74,4.53,D
-11.61526,-52.5539,334.87,0.57,0.43,2026-06-04,1643,N21,nominal,2.0NRT,298.63,9.24,D
-12.22816,-57.27216,333.76,0.4,0.6,2026-06-04,1643,N21,nominal,2.0NRT,299.87,7.77,D
-12.22861,-57.2758,352.58,0.4,0.6,2026-06-04,1643,N21,nominal,2.0NRT,298.9,20.49,D
-12.22907,-57.27945,353.86,0.4,0.6,2026-06-04,1643,N21,nominal,2.0NRT,302.55,20.49,D
-12.22355,-57.28011,367,0.4,0.6,2026-06-04,1643,N21,high,2.0NRT,301.38,20.49,D
-12.22264,-57.27283,332.02,0.4,0.6,2026-06-04,1643,N21,nominal,2.0NRT,299.88,7.77,D
-12.22309,-57.27645,335.8,0.4,0.6,2026-06-04,1643,N21,nominal,2.0NRT,300.54,20.49,D
-12.22401,-57.28382,351.85,0.4,0.6,2026-06-04,1643,N21,nominal,2.0NRT,299.75,39.55,D
-12.21756,-57.27706,335.35,0.4,0.6,2026-06-04,1643,N21,nominal,2.0NRT,300.58,7.18,D
-12.21802,-57.28072,336.77,0.4,0.6,2026-06-04,1643,N21,nominal,2.0NRT,300.73,7.18,D
-12.21848,-57.28444,338.83,0.4,0.6,2026-06-04,1643,N21,nominal,2.0NRT,301.2,7.6,D
-12.21295,-57.28506,331.53,0.4,0.6,2026-06-04,1643,N21,nominal,2.0NRT,297.52,7.6,D
-12.21341,-57.28879,350.09,0.4,0.6,2026-06-04,1643,N21,nominal,2.0NRT,300.28,7.6,D
-12.20788,-57.2894,346.2,0.4,0.6,2026-06-04,1643,N21,nominal,2.0NRT,298.59,45.5,D
-11.35348,-51.13428,342.07,0.47,0.4,2026-06-04,1643,N21,nominal,2.0NRT,303.32,9.34,D
-11.35409,-51.1386,341.97,0.47,0.4,2026-06-04,1643,N21,nominal,2.0NRT,301.22,5.48,D
-11.35044,-51.13912,348.7,0.47,0.4,2026-06-04,1643,N21,nominal,2.0NRT,304.32,14.81,D
-11.34678,-51.13963,342.95,0.47,0.4,2026-06-04,1643,N21,nominal,2.0NRT,299.77,14.81,D
-11.55315,-52.78643,351.78,0.39,0.44,2026-06-04,1643,N21,nominal,2.0NRT,307.24,9.87,D
-11.54911,-52.78697,338.12,0.39,0.44,2026-06-04,1643,N21,nominal,2.0NRT,305.24,9.87,D
-11.54507,-52.78754,333.03,0.39,0.44,2026-06-04,1643,N21,low,2.0NRT,303.43,4.34,D
-11.3298,-51.38744,339.88,0.49,0.4,2026-06-04,1643,N21,nominal,2.0NRT,302.24,5.61,D
-11.18061,-50.78278,332.37,0.45,0.39,2026-06-04,1643,N21,nominal,2.0NRT,300.34,4.62,D
-11.63487,-54.16183,345.57,0.48,0.48,2026-06-04,1643,N21,nominal,2.0NRT,303.52,10.46,D
-12.31637,-59.81378,325.96,0.6,0.71,2026-06-04,1643,N21,nominal,2.0NRT,294.32,4.28,D
-11.16065,-51.01537,338.88,0.47,0.39,2026-06-04,1643,N21,nominal,2.0NRT,301.94,5.2,D
-11.1528,-51.01217,331.12,0.47,0.39,2026-06-04,1643,N21,nominal,2.0NRT,300.66,6.57,D
-11.1534,-51.01641,332.39,0.47,0.39,2026-06-04,1643,N21,nominal,2.0NRT,300.62,3.94,D
-11.11598,-51.01313,334.77,0.47,0.39,2026-06-04,1643,N21,nominal,2.0NRT,300.98,5.92,D
-11.11176,-51.00941,335.2,0.46,0.39,2026-06-04,1643,N21,nominal,2.0NRT,302.47,5.23,D
-11.63382,-55.1818,367,0.57,0.52,2026-06-04,1643,N21,high,2.0NRT,303.19,30.76,D
-11.63447,-55.18697,341.28,0.57,0.52,2026-06-04,1643,N21,nominal,2.0NRT,299.1,14.53,D
-10.9285,-49.95113,345.23,0.42,0.38,2026-06-04,1643,N21,nominal,2.0NRT,303.38,22.18,D
-11.62971,-55.18756,336.31,0.57,0.52,2026-06-04,1643,N21,nominal,2.0NRT,302.15,8.86,D
-11.63036,-55.19277,340.18,0.57,0.52,2026-06-04,1643,N21,nominal,2.0NRT,296.48,8.86,D
-10.92505,-49.95164,355.3,0.42,0.38,2026-06-04,1643,N21,nominal,2.0NRT,305.89,22.18,D
-11.62495,-55.18817,337.61,0.57,0.52,2026-06-04,1643,N21,nominal,2.0NRT,300.43,8.86,D
-10.92161,-49.95216,352.48,0.42,0.38,2026-06-04,1643,N21,nominal,2.0NRT,311.55,26.45,D
-10.91816,-49.95267,334.43,0.42,0.38,2026-06-04,1643,N21,nominal,2.0NRT,304.1,26.45,D
-10.91876,-49.95281,338.32,0.42,0.38,2026-06-04,1643,N21,nominal,2.0NRT,304.8,12.41,D
-10.91475,-49.9495,334.08,0.42,0.38,2026-06-04,1643,N21,nominal,2.0NRT,302.85,4.77,D
-10.91532,-49.95332,352.11,0.42,0.38,2026-06-04,1643,N21,nominal,2.0NRT,305.41,12.41,D
-10.91131,-49.95001,334.46,0.42,0.38,2026-06-04,1643,N21,nominal,2.0NRT,303.92,12.35,D
-10.81289,-49.3322,347.62,0.4,0.37,2026-06-04,1643,N21,nominal,2.0NRT,308.06,11.38,D
-11.6379,-55.1847,331.8,0.57,0.52,2026-06-04,1643,N21,nominal,2.0NRT,296.41,14.58,D
-11.63315,-55.18528,367,0.57,0.52,2026-06-04,1643,N21,high,2.0NRT,302.67,14.58,D
-10.80952,-49.33271,348.97,0.4,0.37,2026-06-04,1643,N21,nominal,2.0NRT,310.17,11.38,D
-11.63246,-55.18012,345.72,0.57,0.52,2026-06-04,1643,N21,nominal,2.0NRT,301.28,21.23,D
-11.62907,-55.19104,349.72,0.57,0.52,2026-06-04,1643,N21,nominal,2.0NRT,300.89,25.83,D
-12.17111,-59.75627,331.77,0.59,0.7,2026-06-04,1643,N21,nominal,2.0NRT,294.09,6.98,D
-10.82433,-49.6205,331,0.41,0.37,2026-06-04,1643,N21,nominal,2.0NRT,299.39,3.44,D
-10.82487,-49.62423,334.55,0.41,0.37,2026-06-04,1643,N21,nominal,2.0NRT,301.48,3.44,D
-11.59895,-55.33295,345.96,0.58,0.52,2026-06-04,1643,N21,nominal,2.0NRT,299.73,17.37,D
-11.89045,-57.82694,367,0.43,0.62,2026-06-04,1643,N21,high,2.0NRT,299.31,25.1,D
-11.89092,-57.83088,367,0.43,0.62,2026-06-04,1643,N21,high,2.0NRT,297.03,25.1,D
-11.88382,-57.81969,326.94,0.43,0.62,2026-06-04,1643,N21,nominal,2.0NRT,295.62,56.47,D
-11.88428,-57.8236,353.57,0.43,0.62,2026-06-04,1643,N21,nominal,2.0NRT,302.91,56.47,D
-11.88474,-57.82749,345.68,0.43,0.62,2026-06-04,1643,N21,nominal,2.0NRT,309.2,92.52,D
-11.88567,-57.83539,330.74,0.43,0.62,2026-06-04,1643,N21,nominal,2.0NRT,296.09,25.87,D
-11.87856,-57.82413,367,0.43,0.62,2026-06-04,1643,N21,high,2.0NRT,303.42,56.47,D
-11.87948,-57.83193,367,0.43,0.62,2026-06-04,1643,N21,high,2.0NRT,297.79,92.52,D
-11.87902,-57.82801,344.26,0.43,0.62,2026-06-04,1643,N21,nominal,2.0NRT,297.87,92.52,D
-10.28249,-46.30766,339.26,0.41,0.37,2026-06-04,1643,N21,nominal,2.0NRT,300.45,4.72,D
-10.27851,-46.3045,331.73,0.41,0.37,2026-06-04,1643,N21,nominal,2.0NRT,301.16,6.15,D
-10.2791,-46.3082,348.65,0.41,0.37,2026-06-04,1643,N21,nominal,2.0NRT,303.64,4.72,D
-10.27969,-46.31189,341.64,0.41,0.37,2026-06-04,1643,N21,nominal,2.0NRT,302.64,4.72,D
-10.27688,-46.31611,345.52,0.41,0.37,2026-06-04,1643,N21,nominal,2.0NRT,304.31,23.71,D
-11.00827,-51.22905,348.88,0.48,0.4,2026-06-04,1643,N21,nominal,2.0NRT,301.7,11.73,D
-11.73378,-56.83801,333.12,0.37,0.58,2026-06-04,1643,N21,nominal,2.0NRT,297.01,6.99,D
-11.73419,-56.84146,349.92,0.37,0.58,2026-06-04,1643,N21,nominal,2.0NRT,296.6,6.99,D
-11.73461,-56.84493,348.35,0.37,0.58,2026-06-04,1643,N21,nominal,2.0NRT,297.3,13.1,D
-11.73547,-56.83955,332.55,0.37,0.58,2026-06-04,1643,N21,nominal,2.0NRT,296.09,5.53,D
-11.73591,-56.84301,344.69,0.37,0.58,2026-06-04,1643,N21,nominal,2.0NRT,296.8,5.53,D
-11.73635,-56.84647,328.8,0.37,0.58,2026-06-04,1643,N21,nominal,2.0NRT,295.66,4.71,D
-11.73058,-56.84365,340.41,0.37,0.58,2026-06-04,1643,N21,nominal,2.0NRT,293.47,5.53,D
-11.73101,-56.84708,331.39,0.37,0.58,2026-06-04,1643,N21,nominal,2.0NRT,295.62,4.71,D
-10.44825,-47.94488,339.56,0.38,0.36,2026-06-04,1643,N21,nominal,2.0NRT,306.18,6.08,D
-11.82843,-58.15136,350.18,0.46,0.63,2026-06-04,1643,N21,nominal,2.0NRT,296.09,7.58,D
-10.19805,-46.35174,339.27,0.4,0.37,2026-06-04,1643,N21,nominal,2.0NRT,298.78,6.74,D
-11.82213,-58.14796,337.85,0.46,0.63,2026-06-04,1643,N21,nominal,2.0NRT,291.63,7.58,D
-11.8226,-58.15199,344.04,0.46,0.63,2026-06-04,1643,N21,nominal,2.0NRT,291.59,7.58,D
-10.19351,-46.34495,335.7,0.4,0.37,2026-06-04,1643,N21,nominal,2.0NRT,300.89,4.83,D
-10.19012,-46.34551,339.79,0.4,0.37,2026-06-04,1643,N21,nominal,2.0NRT,304.24,4.83,D
-10.43939,-47.95341,337.28,0.38,0.36,2026-06-04,1643,N21,low,2.0NRT,309.73,16.75,D
-10.18674,-46.34607,345.92,0.4,0.37,2026-06-04,1643,N21,nominal,2.0NRT,306.51,11.69,D
-10.18394,-46.35031,334.52,0.4,0.37,2026-06-04,1643,N21,nominal,2.0NRT,301.59,11.69,D
-11.57581,-56.32555,329.49,0.34,0.56,2026-06-04,1643,N21,nominal,2.0NRT,297.31,6.93,D
-11.57618,-56.32857,337.92,0.34,0.56,2026-06-04,1643,N21,nominal,2.0NRT,298.47,9.93,D
-11.26875,-53.96521,343.56,0.46,0.47,2026-06-04,1643,N21,nominal,2.0NRT,301.46,8.91,D
-11.2693,-53.96948,341.39,0.46,0.47,2026-06-04,1643,N21,nominal,2.0NRT,300.98,8.24,D
-11.26061,-53.97078,328.05,0.46,0.47,2026-06-04,1643,N21,low,2.0NRT,298.51,4.14,D
-11.57317,-56.32655,347.99,0.34,0.56,2026-06-04,1643,N21,nominal,2.0NRT,302.42,5.71,D
-10.68006,-49.92556,331.78,0.42,0.37,2026-06-04,1643,N21,low,2.0NRT,302.95,1.4,D
-10.11068,-46.28967,340.54,0.41,0.37,2026-06-04,1643,N21,nominal,2.0NRT,302,4.79,D
-11.51522,-56.11811,352.37,0.33,0.55,2026-06-04,1643,N21,nominal,2.0NRT,298.53,7.96,D
-11.54236,-56.33031,328.33,0.34,0.56,2026-06-04,1643,N21,low,2.0NRT,299.82,3.04,D
-11.54275,-56.3334,328.83,0.34,0.56,2026-06-04,1643,N21,nominal,2.0NRT,298.34,2.97,D
-11.51016,-56.11873,342.22,0.33,0.55,2026-06-04,1643,N21,nominal,2.0NRT,300.24,7.96,D
-10.10331,-46.28703,340.68,0.41,0.37,2026-06-04,1643,N21,nominal,2.0NRT,299.96,5.67,D
-10.62881,-50.08111,344.1,0.42,0.38,2026-06-04,1643,N21,nominal,2.0NRT,301.7,11.11,D
-10.6248,-50.07779,334.19,0.42,0.38,2026-06-04,1643,N21,nominal,2.0NRT,301.45,5.44,D
-10.6219,-50.08213,340.63,0.42,0.38,2026-06-04,1643,N21,nominal,2.0NRT,301.78,6.48,D
-10.62245,-50.08596,342.57,0.42,0.38,2026-06-04,1643,N21,nominal,2.0NRT,301.5,6.48,D
-10.61899,-50.08648,341.55,0.42,0.38,2026-06-04,1643,N21,nominal,2.0NRT,300.51,6.48,D
-10.61208,-50.0875,347.41,0.42,0.38,2026-06-04,1643,N21,nominal,2.0NRT,303.73,14.81,D
-10.61263,-50.09133,332.41,0.42,0.38,2026-06-04,1643,N21,nominal,2.0NRT,299.79,5.33,D
-10.61307,-50.08753,351.49,0.42,0.38,2026-06-04,1643,N21,nominal,2.0NRT,303.21,13.78,D
-10.60961,-50.08804,355.81,0.42,0.38,2026-06-04,1643,N21,nominal,2.0NRT,304.93,13.78,D
-10.61018,-50.09187,332.19,0.42,0.38,2026-06-04,1643,N21,nominal,2.0NRT,300.26,8.17,D
-10.60616,-50.08855,350.41,0.42,0.38,2026-06-04,1643,N21,nominal,2.0NRT,302.63,13.81,D
-11.63901,-58.24714,367,0.46,0.64,2026-06-04,1643,N21,high,2.0NRT,295.86,10.66,D
-11.63852,-58.24299,334.12,0.46,0.64,2026-06-04,1643,N21,nominal,2.0NRT,296.11,10.66,D
-11.63317,-58.24784,343.39,0.46,0.64,2026-06-04,1643,N21,nominal,2.0NRT,295.66,10.66,D
-9.66761,-44.47972,336.72,0.49,0.4,2026-06-04,1643,N21,nominal,2.0NRT,298.59,6.44,D
-10.39123,-49.44146,345.48,0.4,0.37,2026-06-04,1643,N21,nominal,2.0NRT,306.67,8.41,D
-10.39177,-49.44511,351.13,0.4,0.37,2026-06-04,1643,N21,nominal,2.0NRT,310.92,6.55,D
-10.39232,-49.44876,331.85,0.4,0.37,2026-06-04,1643,N21,low,2.0NRT,305.27,6.55,D
-10.38785,-49.44197,346.06,0.4,0.37,2026-06-04,1643,N21,nominal,2.0NRT,307.49,10.8,D
-10.3884,-49.44562,354.8,0.4,0.37,2026-06-04,1643,N21,nominal,2.0NRT,313.05,15.97,D
-10.38894,-49.44928,345.95,0.4,0.37,2026-06-04,1643,N21,nominal,2.0NRT,307.96,15.97,D
-10.38502,-49.44613,367,0.4,0.37,2026-06-04,1643,N21,high,2.0NRT,311.21,15.97,D
-10.38448,-49.44248,342.57,0.4,0.37,2026-06-04,1643,N21,nominal,2.0NRT,305.37,10.8,D
-10.38556,-49.44979,339.55,0.4,0.37,2026-06-04,1643,N21,nominal,2.0NRT,305.21,15.97,D
-10.67913,-51.5671,330.87,0.49,0.4,2026-06-04,1643,N21,low,2.0NRT,305.12,19.73,D
-9.01095,-40.99307,335.08,0.55,0.51,2026-06-04,1643,N21,nominal,2.0NRT,293.58,10.88,D
-9.96129,-46.83607,340.69,0.4,0.37,2026-06-04,1643,N21,nominal,2.0NRT,300.3,4.18,D
-9.9585,-46.8402,334.59,0.4,0.37,2026-06-04,1643,N21,nominal,2.0NRT,303.63,22.7,D
-9.95515,-46.84075,351.28,0.4,0.37,2026-06-04,1643,N21,nominal,2.0NRT,311.16,22.7,D
-9.95181,-46.84131,334.67,0.4,0.37,2026-06-04,1643,N21,nominal,2.0NRT,301.24,3.33,D
-10.1996,-48.45708,331.71,0.39,0.36,2026-06-04,1643,N21,low,2.0NRT,304.88,1.59,D
-9.95572,-46.88839,331.7,0.39,0.37,2026-06-04,1643,N21,nominal,2.0NRT,302,2.1,D
-10.12367,-48.31479,335.47,0.38,0.36,2026-06-04,1643,N21,nominal,2.0NRT,306.32,3.79,D
-10.33879,-49.91437,338.8,0.41,0.37,2026-06-04,1643,N21,nominal,2.0NRT,304.41,7.13,D
-9.58082,-45.03133,332.8,0.46,0.39,2026-06-04,1643,N21,nominal,2.0NRT,298.67,7.16,D
-10.87448,-53.77835,334.94,0.45,0.47,2026-06-04,1643,N21,nominal,2.0NRT,299.11,5.48,D
-10.86417,-53.73443,367,0.44,0.46,2026-06-04,1643,N21,high,2.0NRT,303.15,16.63,D
-10.86471,-53.73841,347.13,0.44,0.46,2026-06-04,1643,N21,nominal,2.0NRT,303.35,16.63,D
-10.86045,-53.73896,330,0.44,0.46,2026-06-04,1643,N21,nominal,2.0NRT,302.41,6.25,D
-10.86153,-53.74691,348.72,0.44,0.46,2026-06-04,1643,N21,nominal,2.0NRT,304.23,11.5,D
-10.85565,-53.73552,344.48,0.44,0.46,2026-06-04,1643,N21,nominal,2.0NRT,299.53,6.25,D
-10.85726,-53.74745,334.88,0.44,0.46,2026-06-04,1643,N21,nominal,2.0NRT,303.67,11.5,D
-10.8578,-53.75144,333.63,0.44,0.46,2026-06-04,1643,N21,nominal,2.0NRT,302.12,4.79,D
-10.85353,-53.75198,329.57,0.44,0.46,2026-06-04,1643,N21,low,2.0NRT,302.89,6.84,D
-10.90481,-54.13454,330.78,0.47,0.48,2026-06-04,1643,N21,nominal,2.0NRT,296.56,4.85,D
-10.84927,-53.75258,346.19,0.44,0.46,2026-06-04,1643,N21,nominal,2.0NRT,302.99,6.84,D
-10.84981,-53.75658,341.46,0.44,0.46,2026-06-04,1643,N21,nominal,2.0NRT,301.75,6.84,D
-10.84021,-53.7497,333.38,0.44,0.46,2026-06-04,1643,N21,nominal,2.0NRT,297.93,4.71,D
-9.81858,-47.00951,345.11,0.39,0.36,2026-06-04,1643,N21,nominal,2.0NRT,308.33,7.1,D
-9.81634,-47.01717,345.6,0.39,0.36,2026-06-04,1643,N21,nominal,2.0NRT,310.04,8.07,D
-9.81689,-47.02074,331.42,0.39,0.36,2026-06-04,1643,N21,low,2.0NRT,301.96,2.26,D
-10.14138,-49.15432,340.67,0.39,0.36,2026-06-04,1643,N21,nominal,2.0NRT,308.95,5.54,D
-10.13803,-49.15483,337.53,0.39,0.36,2026-06-04,1643,N21,low,2.0NRT,309.51,5.54,D
-9.7479,-46.77502,343.97,0.4,0.37,2026-06-04,1643,N21,nominal,2.0NRT,307.31,6.94,D
-9.74847,-46.77862,342.98,0.4,0.37,2026-06-04,1643,N21,nominal,2.0NRT,306.77,6.94,D
-10.81275,-54.1857,339.5,0.47,0.48,2026-06-04,1643,N21,nominal,2.0NRT,296.06,9.91,D
-10.77453,-54.09942,340.55,0.47,0.47,2026-06-04,1643,N21,nominal,2.0NRT,297.88,14.58,D
-10.76962,-54.09582,333.99,0.47,0.47,2026-06-04,1643,N21,nominal,2.0NRT,294.58,11.88,D
-10.77017,-54.09999,346,0.47,0.47,2026-06-04,1643,N21,nominal,2.0NRT,298.55,14.58,D
-10.46681,-51.92262,367,0.51,0.41,2026-06-04,1643,N21,high,2.0NRT,303.56,15.78,D
-10.45862,-51.91906,333.09,0.51,0.41,2026-06-04,1643,N21,nominal,2.0NRT,301.01,7.19,D
-10.59607,-53.47458,350.35,0.42,0.45,2026-06-04,1643,N21,nominal,2.0NRT,303.85,12.43,D
-10.59659,-53.47841,349.36,0.42,0.45,2026-06-04,1643,N21,nominal,2.0NRT,303.77,12.43,D
-9.5113,-46.13808,336.57,0.42,0.37,2026-06-04,1643,N21,nominal,2.0NRT,303.79,8.21,D
-9.8102,-48.23949,332.5,0.38,0.36,2026-06-04,1643,N21,nominal,2.0NRT,293.21,3.56,D
-10.72037,-56.04623,343.18,0.63,0.54,2026-06-04,1643,N21,nominal,2.0NRT,297.46,19.81,D
-10.13582,-52.12434,332.77,0.52,0.41,2026-06-04,1643,N21,nominal,2.0NRT,302.05,3.07,D
-9.54913,-48.17819,347.74,0.38,0.36,2026-06-04,1643,N21,nominal,2.0NRT,304.33,15.87,D
-9.54582,-48.1787,335.62,0.38,0.36,2026-06-04,1643,N21,nominal,2.0NRT,302.13,2.49,D
-9.53921,-48.17973,338.12,0.38,0.36,2026-06-04,1643,N21,nominal,2.0NRT,302.22,6.81,D
-9.5359,-48.18023,344.01,0.38,0.36,2026-06-04,1643,N21,nominal,2.0NRT,303.28,6.81,D
-9.53643,-48.18372,353.03,0.38,0.36,2026-06-04,1643,N21,nominal,2.0NRT,304.68,6.81,D
-9.53259,-48.18074,350.19,0.38,0.36,2026-06-04,1643,N21,nominal,2.0NRT,310.14,27.55,D
-10.09167,-52.16901,335.14,0.52,0.42,2026-06-04,1643,N21,nominal,2.0NRT,301.12,6.89,D
-10.08786,-52.16956,346.57,0.52,0.42,2026-06-04,1643,N21,nominal,2.0NRT,302.27,17.92,D
-10.08406,-52.17011,349.81,0.52,0.42,2026-06-04,1643,N21,nominal,2.0NRT,304.28,17.92,D
-10.08025,-52.17065,342.22,0.52,0.42,2026-06-04,1643,N21,nominal,2.0NRT,299.81,10.97,D
-10.0809,-52.17537,344.15,0.52,0.42,2026-06-04,1643,N21,nominal,2.0NRT,302.63,23.09,D
-9.44232,-47.87748,330.35,0.38,0.36,2026-06-04,1643,N21,low,2.0NRT,303.64,4.13,D
-9.74911,-50.40583,345.89,0.43,0.38,2026-06-04,1643,N21,nominal,2.0NRT,301.42,13.82,D
-9.74564,-50.40633,352.71,0.43,0.38,2026-06-04,1643,N21,nominal,2.0NRT,303.7,13.82,D
-9.74621,-50.4102,355.64,0.43,0.38,2026-06-04,1643,N21,nominal,2.0NRT,304.58,13.82,D
-9.06639,-46.01047,343.66,0.42,0.38,2026-06-04,1643,N21,nominal,2.0NRT,304.78,7.95,D
-9.01947,-45.7605,345.86,0.43,0.38,2026-06-04,1643,N21,nominal,2.0NRT,303.47,6.34,D
-9.00428,-45.75505,333.69,0.43,0.38,2026-06-04,1643,N21,low,2.0NRT,306.82,8.32,D
-9.00078,-45.75562,352.19,0.43,0.38,2026-06-04,1643,N21,nominal,2.0NRT,310.34,8.32,D
-8.99667,-45.75229,339.55,0.43,0.38,2026-06-04,1643,N21,nominal,2.0NRT,307.92,5.34,D
-8.99729,-45.75618,344.22,0.43,0.38,2026-06-04,1643,N21,nominal,2.0NRT,308.6,5.34,D
-8.99317,-45.75284,334.58,0.43,0.38,2026-06-04,1643,N21,low,2.0NRT,305.68,5.34,D
-9.3751,-48.30497,348.77,0.38,0.36,2026-06-04,1643,N21,nominal,2.0NRT,301.64,11.54,D
-9.37079,-48.32418,341.72,0.38,0.36,2026-06-04,1643,N21,nominal,2.0NRT,304.65,8.66,D
-9.37132,-48.32767,335.34,0.38,0.36,2026-06-04,1643,N21,nominal,2.0NRT,301.11,7.35,D
-9.36801,-48.32818,346.13,0.38,0.36,2026-06-04,1643,N21,nominal,2.0NRT,304.09,7.35,D
-9.36471,-48.32869,331.82,0.38,0.36,2026-06-04,1643,N21,nominal,2.0NRT,298.84,2.58,D
-10.57185,-57.32013,367,0.38,0.59,2026-06-04,1643,N21,high,2.0NRT,298.64,12.93,D
-10.57139,-57.31654,338.29,0.38,0.59,2026-06-04,1643,N21,nominal,2.0NRT,296.27,12.93,D
-10.57229,-57.32365,334.93,0.38,0.59,2026-06-04,1643,N21,nominal,2.0NRT,296.73,9.53,D
-8.55651,-43.95772,332.95,0.54,0.42,2026-06-04,1643,N21,nominal,2.0NRT,300.19,4.31,D
-9.02234,-47.51127,333.61,0.39,0.36,2026-06-04,1643,N21,nominal,2.0NRT,299.43,29.33,D
-9.01902,-47.51179,354.61,0.39,0.36,2026-06-04,1643,N21,nominal,2.0NRT,302.56,29.33,D
-8.70432,-45.85408,330.16,0.43,0.38,2026-06-04,1643,N21,nominal,2.0NRT,301.06,2.54,D
-8.65366,-45.76189,339.3,0.44,0.38,2026-06-04,1643,N21,nominal,2.0NRT,304.39,12.58,D
-8.6543,-45.76582,347.43,0.44,0.38,2026-06-04,1643,N21,nominal,2.0NRT,305.27,14.81,D
-8.65493,-45.76973,338.26,0.44,0.38,2026-06-04,1643,N21,nominal,2.0NRT,302.18,14.81,D
-8.63683,-45.82049,333.78,0.43,0.38,2026-06-04,1643,N21,nominal,2.0NRT,300.7,8.68,D
-8.40333,-45.28862,352.5,0.46,0.39,2026-06-04,1643,N21,nominal,2.0NRT,301.27,13.05,D
-8.61966,-47.05965,334.28,0.4,0.37,2026-06-04,1643,N21,nominal,2.0NRT,300.06,3.09,D
-8.65499,-47.46555,333.12,0.39,0.36,2026-06-04,1643,N21,low,2.0NRT,303.9,6.65,D
-8.60602,-47.25936,345.65,0.39,0.36,2026-06-04,1643,N21,nominal,2.0NRT,302.12,8.15,D
-8.60267,-47.25988,345.8,0.39,0.36,2026-06-04,1643,N21,nominal,2.0NRT,302.53,12.54,D
-8.57605,-47.46041,332.76,0.39,0.36,2026-06-04,1643,N21,nominal,2.0NRT,297.92,2.92,D
-9.91888,-57.18529,347.07,0.37,0.58,2026-06-04,1643,N21,nominal,2.0NRT,293.72,6.88,D
-10.17494,-59.5259,331.33,0.54,0.68,2026-06-04,1643,N21,nominal,2.0NRT,292.53,3.65,D
-8.30952,-46.19772,333.73,0.42,0.38,2026-06-04,1643,N21,nominal,2.0NRT,301.54,4.64,D
-8.4097,-46.89752,333.09,0.4,0.37,2026-06-04,1643,N21,nominal,2.0NRT,300.97,3.45,D
-8.40405,-46.88354,332.35,0.4,0.37,2026-06-04,1643,N21,nominal,2.0NRT,299.58,2.31,D
-8.40462,-46.88719,342.59,0.4,0.37,2026-06-04,1643,N21,nominal,2.0NRT,301.45,6.01,D
-8.40576,-46.89442,335.85,0.4,0.37,2026-06-04,1643,N21,nominal,2.0NRT,300.45,3.45,D
-8.40633,-46.89804,338.86,0.4,0.37,2026-06-04,1643,N21,nominal,2.0NRT,300.46,3.45,D
-8.40124,-46.88769,336.09,0.4,0.37,2026-06-04,1643,N21,nominal,2.0NRT,303.29,5.31,D
-8.40295,-46.89857,335.15,0.4,0.37,2026-06-04,1643,N21,nominal,2.0NRT,298.53,3.03,D
-8.3677,-46.79294,349.97,0.4,0.37,2026-06-04,1643,N21,nominal,2.0NRT,306.07,14.94,D
-8.36431,-46.79346,332.91,0.4,0.37,2026-06-04,1643,N21,nominal,2.0NRT,300.65,14.94,D
-8.36488,-46.79707,336.1,0.4,0.37,2026-06-04,1643,N21,nominal,2.0NRT,300.88,3.93,D
-8.34852,-46.80335,336.74,0.4,0.37,2026-06-04,1643,N21,nominal,2.0NRT,300.48,11.91,D
-8.23501,-46.10022,333.99,0.43,0.38,2026-06-04,1643,N21,nominal,2.0NRT,300.51,6.57,D
-8.34514,-46.80388,350.77,0.4,0.37,2026-06-04,1643,N21,nominal,2.0NRT,303.35,11.91,D
-8.69234,-49.07135,352.12,0.39,0.36,2026-06-04,1643,N21,nominal,2.0NRT,307.15,10.14,D
-8.23093,-46.09686,346.91,0.43,0.38,2026-06-04,1643,N21,nominal,2.0NRT,300.15,5.49,D
-9.66633,-56.22456,339.36,0.63,0.54,2026-06-04,1643,N21,nominal,2.0NRT,297.05,30.88,D
-10.03521,-59.34807,330.83,0.52,0.67,2026-06-04,1643,N21,nominal,2.0NRT,294.32,6.95,D
-10.0285,-59.34396,347.55,0.52,0.67,2026-06-04,1643,N21,nominal,2.0NRT,295.36,6.95,D
-10.02908,-59.34879,333.29,0.52,0.67,2026-06-04,1643,N21,nominal,2.0NRT,294.97,6.95,D
-10.03442,-59.34532,333.03,0.52,0.67,2026-06-04,1643,N21,nominal,2.0NRT,295.29,9.95,D
-10.02767,-59.34117,340.27,0.52,0.67,2026-06-04,1643,N21,nominal,2.0NRT,294.69,7.02,D
-10.02829,-59.346,325.73,0.52,0.67,2026-06-04,1643,N21,nominal,2.0NRT,294.61,7.02,D
-8.60707,-49.24997,332.77,0.39,0.36,2026-06-04,1643,N21,nominal,2.0NRT,301.92,3.72,D
-8.26503,-47.6257,334.79,0.39,0.36,2026-06-04,1643,N21,nominal,2.0NRT,300.71,8.83,D
-8.25892,-47.63026,339.69,0.39,0.36,2026-06-04,1643,N21,nominal,2.0NRT,304.47,5.04,D
-7.97955,-46.04066,340.3,0.43,0.38,2026-06-04,1643,N21,nominal,2.0NRT,299.29,6.05,D
-8.20309,-47.59943,341.03,0.39,0.36,2026-06-04,1643,N21,nominal,2.0NRT,304.52,19.23,D
-8.19976,-47.59995,347.7,0.39,0.36,2026-06-04,1643,N21,nominal,2.0NRT,302.38,6.36,D
-8.10761,-47.55372,347.76,0.39,0.36,2026-06-04,1643,N21,nominal,2.0NRT,301.85,18.61,D
-8.10816,-47.55724,331.22,0.39,0.36,2026-06-04,1643,N21,nominal,2.0NRT,295.37,2.9,D
-6.61077,-39.07165,351.05,0.41,0.6,2026-06-04,1643,N21,nominal,2.0NRT,288.27,11.34,D
-7.64462,-45.23619,349.21,0.47,0.4,2026-06-04,1643,N21,nominal,2.0NRT,305.94,6.72,D
-7.6453,-45.2404,334.08,0.47,0.4,2026-06-04,1643,N21,nominal,2.0NRT,302.47,6.72,D
-9.38557,-57.44781,329.34,0.38,0.59,2026-06-04,1643,N21,nominal,2.0NRT,292.07,3.41,D
-8.51504,-51.56348,348.47,0.46,0.39,2026-06-04,1643,N21,nominal,2.0NRT,295.12,9.8,D
-8.01783,-48.29745,342.85,0.38,0.36,2026-06-04,1643,N21,nominal,2.0NRT,304.75,9,D
-7.26799,-43.61019,344.27,0.39,0.44,2026-06-04,1643,N21,nominal,2.0NRT,302.06,6.66,D
-6.58605,-39.64408,328.01,0.37,0.58,2026-06-04,1643,N21,nominal,2.0NRT,288.59,3.21,D
-7.18256,-43.14419,330.41,0.42,0.45,2026-06-04,1643,N21,low,2.0NRT,300.48,2.07,D
-7.17906,-43.14873,340.3,0.42,0.45,2026-06-04,1643,N21,nominal,2.0NRT,300.78,5.02,D
-7.17427,-43.1456,339.52,0.42,0.45,2026-06-04,1643,N21,nominal,2.0NRT,300.76,5.9,D
-7.14302,-43.16259,341.07,0.42,0.45,2026-06-04,1643,N21,nominal,2.0NRT,299.95,3.92,D
-7.14109,-43.16297,344.8,0.42,0.45,2026-06-04,1643,N21,nominal,2.0NRT,300.38,5.61,D
-7.10603,-43.41303,341.16,0.41,0.45,2026-06-04,1643,N21,nominal,2.0NRT,301.85,5.97,D
-7.67841,-46.95834,331.85,0.4,0.37,2026-06-04,1643,N21,nominal,2.0NRT,300.55,3.72,D
-7.22427,-44.20092,330.11,0.54,0.42,2026-06-04,1643,N21,nominal,2.0NRT,297.15,2.74,D
-7.76035,-47.59457,334.51,0.39,0.36,2026-06-04,1643,N21,nominal,2.0NRT,299.74,2.98,D
-7.75647,-47.59156,335.31,0.39,0.36,2026-06-04,1643,N21,nominal,2.0NRT,303.54,4.09,D
-6.98706,-42.88287,342.2,0.44,0.46,2026-06-04,1643,N21,nominal,2.0NRT,304.28,18.61,D
-6.98773,-42.88684,340.53,0.44,0.46,2026-06-04,1643,N21,nominal,2.0NRT,303.37,13.77,D
-6.98764,-42.88559,346.2,0.44,0.46,2026-06-04,1643,N21,nominal,2.0NRT,305.5,21.06,D
-7.81692,-48.1623,334.68,0.39,0.36,2026-06-04,1643,N21,nominal,2.0NRT,281.14,3.31,D
-7.81745,-48.16577,339.47,0.39,0.36,2026-06-04,1643,N21,nominal,2.0NRT,287.62,3.31,D
-7.81308,-48.15933,330.77,0.39,0.36,2026-06-04,1643,N21,nominal,2.0NRT,299.38,3.58,D
-7.81414,-48.16628,330.68,0.39,0.36,2026-06-04,1643,N21,low,2.0NRT,303.44,3.31,D
-7.8103,-48.16332,351.05,0.39,0.36,2026-06-04,1643,N21,nominal,2.0NRT,304.32,7.96,D
-7.81084,-48.16679,340.12,0.39,0.36,2026-06-04,1643,N21,nominal,2.0NRT,300.51,7.96,D
-7.4508,-45.97818,333.67,0.44,0.38,2026-06-04,1643,N21,nominal,2.0NRT,301.1,5.54,D
-7.44728,-45.97873,352.62,0.44,0.38,2026-06-04,1643,N21,nominal,2.0NRT,303.31,5.54,D
-9.18231,-58.05629,367,0.41,0.61,2026-06-04,1643,N21,high,2.0NRT,291.79,50.91,D
-9.18279,-58.05994,341.85,0.41,0.61,2026-06-04,1643,N21,nominal,2.0NRT,288.01,41.22,D
-6.89736,-43.33784,337.11,0.41,0.45,2026-06-04,1643,N21,nominal,2.0NRT,299.22,3.38,D
-6.79132,-43.22421,342.66,0.42,0.45,2026-06-04,1645,N21,nominal,2.0NRT,300.32,8.74,D
-6.82513,-43.50838,335.8,0.4,0.45,2026-06-04,1645,N21,nominal,2.0NRT,298.96,3.18,D
-6.77282,-43.21552,341.68,0.42,0.45,2026-06-04,1645,N21,nominal,2.0NRT,301.42,6.71,D
-6.76866,-43.21618,350.03,0.42,0.45,2026-06-04,1645,N21,nominal,2.0NRT,300.85,6.71,D
-7.47302,-48.13516,336.15,0.39,0.36,2026-06-04,1645,N21,low,2.0NRT,306.16,5.26,D
-6.96699,-45.71532,337.73,0.46,0.39,2026-06-04,1645,N21,nominal,2.0NRT,300.13,5.28,D
-6.72977,-44.3311,333.64,0.54,0.42,2026-06-04,1645,N21,low,2.0NRT,304.86,6.44,D
-6.5273,-43.32734,337.69,0.42,0.45,2026-06-04,1645,N21,nominal,2.0NRT,299.02,4.56,D
-7.11409,-47.23776,344.58,0.4,0.37,2026-06-04,1645,N21,nominal,2.0NRT,303.33,5.87,D
-7.11466,-47.24142,334.22,0.4,0.37,2026-06-04,1645,N21,nominal,2.0NRT,300.23,2.61,D
-7.13426,-47.546,336.71,0.39,0.36,2026-06-04,1645,N21,nominal,2.0NRT,304.2,4.86,D
-7.13481,-47.54951,346.11,0.39,0.36,2026-06-04,1645,N21,nominal,2.0NRT,308.44,4.86,D
-7.13535,-47.55304,335.39,0.39,0.36,2026-06-04,1645,N21,low,2.0NRT,305.89,5.54,D
-7.13092,-47.54653,346.67,0.39,0.36,2026-06-04,1645,N21,nominal,2.0NRT,309.39,12.63,D
-7.40096,-49.76628,335.73,0.39,0.36,2026-06-04,1645,N21,nominal,2.0NRT,304.88,2.78,D
-6.9769,-47.14412,341.95,0.4,0.37,2026-06-04,1645,N21,nominal,2.0NRT,306.33,6.59,D
-6.97747,-47.14774,349.43,0.4,0.37,2026-06-04,1645,N21,nominal,2.0NRT,306.97,6.59,D
-6.98305,-47.27276,343.78,0.4,0.37,2026-06-04,1645,N21,nominal,2.0NRT,308.81,18.43,D
-7.11021,-48.09661,331.52,0.39,0.36,2026-06-04,1645,N21,low,2.0NRT,303.31,4.65,D
-7.11075,-48.10009,330.61,0.39,0.36,2026-06-04,1645,N21,nominal,2.0NRT,299.56,4.65,D
-6.9488,-47.25234,337.46,0.4,0.37,2026-06-04,1645,N21,nominal,2.0NRT,305.14,2.6,D
-6.94936,-47.25594,333.5,0.4,0.37,2026-06-04,1645,N21,low,2.0NRT,307.91,2.6,D
-6.94992,-47.25954,348.98,0.4,0.37,2026-06-04,1645,N21,nominal,2.0NRT,306.77,4.74,D
-6.94655,-47.26007,335.89,0.4,0.37,2026-06-04,1645,N21,nominal,2.0NRT,302.06,4.74,D
-6.90062,-47.26408,349.26,0.4,0.37,2026-06-04,1645,N21,nominal,2.0NRT,305.36,8.98,D
-6.90118,-47.2677,344.07,0.4,0.37,2026-06-04,1645,N21,nominal,2.0NRT,304.41,8.24,D
-6.89836,-47.27185,342.33,0.4,0.37,2026-06-04,1645,N21,nominal,2.0NRT,307.14,4.39,D
-6.89892,-47.27546,353.48,0.4,0.37,2026-06-04,1645,N21,nominal,2.0NRT,313.43,25.34,D
-6.89443,-47.26876,336.37,0.4,0.37,2026-06-04,1645,N21,nominal,2.0NRT,305.52,4.39,D
-6.89499,-47.27238,339.54,0.4,0.37,2026-06-04,1645,N21,nominal,2.0NRT,307.15,4.39,D
-6.89555,-47.27599,353.87,0.4,0.37,2026-06-04,1645,N21,nominal,2.0NRT,307.64,25.34,D
-6.89611,-47.27959,331.91,0.4,0.37,2026-06-04,1645,N21,nominal,2.0NRT,301.78,25.34,D
-6.46322,-44.91361,334.24,0.51,0.41,2026-06-04,1645,N21,nominal,2.0NRT,300.34,4.78,D
-6.45267,-44.91983,332.49,0.51,0.41,2026-06-04,1645,N21,nominal,2.0NRT,299.1,5.98,D
-6.84846,-47.94179,342.86,0.39,0.36,2026-06-04,1645,N21,nominal,2.0NRT,309.61,25.78,D
-6.849,-47.94528,305.95,0.39,0.36,2026-06-04,1645,N21,low,2.0NRT,306.42,23,D
-6.84236,-47.9463,339.76,0.39,0.36,2026-06-04,1645,N21,low,2.0NRT,309.76,61.5,D
-6.64354,-47.91339,334.76,0.39,0.36,2026-06-04,1645,N21,nominal,2.0NRT,303.26,2.73,D
-6.1456,-45.06182,333.09,0.5,0.41,2026-06-04,1645,N21,nominal,2.0NRT,301.28,2.87,D
-6.14186,-45.06243,341.41,0.5,0.41,2026-06-04,1645,N21,nominal,2.0NRT,300.85,8.26,D
-6.1426,-45.06696,335.15,0.5,0.41,2026-06-04,1645,N21,nominal,2.0NRT,301.3,9.19,D
-6.14486,-45.06512,331.98,0.5,0.41,2026-06-04,1645,N21,nominal,2.0NRT,300.5,5.59,D
-6.14113,-45.06574,341.35,0.5,0.41,2026-06-04,1645,N21,nominal,2.0NRT,301.51,13.15,D
-6.17377,-45.65327,331.53,0.47,0.4,2026-06-04,1645,N21,nominal,2.0NRT,299.78,2.64,D
-6.17015,-45.65384,330.6,0.47,0.4,2026-06-04,1645,N21,nominal,2.0NRT,299.78,2.64,D
-6.04949,-44.97349,333.89,0.51,0.41,2026-06-04,1645,N21,nominal,2.0NRT,301.17,11.27,D
-6.0625,-45.26558,345.23,0.49,0.4,2026-06-04,1645,N21,nominal,2.0NRT,300.49,16.49,D
-6.06886,-45.2497,333.63,0.49,0.4,2026-06-04,1645,N21,nominal,2.0NRT,300.44,3.47,D
-6.06355,-45.2643,338.91,0.49,0.4,2026-06-04,1645,N21,nominal,2.0NRT,301.46,12.45,D
-5.99739,-45.20673,337.67,0.5,0.41,2026-06-04,1645,N21,nominal,2.0NRT,297.82,4.64,D
-5.99368,-45.20733,332.64,0.5,0.41,2026-06-04,1645,N21,nominal,2.0NRT,299.97,7.21,D
-5.98709,-45.18999,343.48,0.5,0.41,2026-06-04,1645,N21,nominal,2.0NRT,299.16,9.75,D
-5.98409,-45.19508,340.91,0.5,0.41,2026-06-04,1645,N21,nominal,2.0NRT,295.71,8.44,D
-5.98481,-45.19957,355.01,0.5,0.41,2026-06-04,1645,N21,nominal,2.0NRT,302.95,24.19,D
-5.5763,-42.72881,328.56,0.47,0.48,2026-06-04,1645,N21,nominal,2.0NRT,286.99,10,D
-6.20965,-46.88012,335.37,0.42,0.37,2026-06-04,1645,N21,nominal,2.0NRT,302.09,5.49,D
-6.3063,-47.5753,334.01,0.4,0.37,2026-06-04,1645,N21,nominal,2.0NRT,300.37,5.06,D
-5.79247,-44.9952,330.65,0.51,0.41,2026-06-04,1645,N21,nominal,2.0NRT,295.6,3.53,D
-5.55872,-43.96301,340.83,0.4,0.44,2026-06-04,1645,N21,nominal,2.0NRT,300.03,19.21,D
-5.55526,-43.96714,341.6,0.4,0.44,2026-06-04,1645,N21,nominal,2.0NRT,301.23,16.81,D
-5.72453,-45.02969,334.08,0.51,0.41,2026-06-04,1645,N21,nominal,2.0NRT,296.94,4.9,D
-5.93628,-46.3506,344.79,0.44,0.38,2026-06-04,1645,N21,nominal,2.0NRT,296.8,8.6,D
-5.55027,-44.08696,336.58,0.39,0.44,2026-06-04,1645,N21,nominal,2.0NRT,296.87,4,D
-5.55267,-44.08722,339.22,0.39,0.44,2026-06-04,1645,N21,nominal,2.0NRT,297.22,4.76,D
-5.85557,-46.25364,332.84,0.44,0.39,2026-06-04,1645,N21,nominal,2.0NRT,296.81,3.29,D
-5.85619,-46.25762,343.66,0.44,0.39,2026-06-04,1645,N21,nominal,2.0NRT,300.73,21.2,D
-6.13202,-48.56873,332.69,0.38,0.36,2026-06-04,1645,N21,nominal,2.0NRT,298.88,3.41,D
-5.8036,-46.82074,332.93,0.42,0.38,2026-06-04,1645,N21,nominal,2.0NRT,296.52,8.09,D
-5.80419,-46.82456,339.61,0.42,0.38,2026-06-04,1645,N21,nominal,2.0NRT,299.17,8.09,D
-5.92837,-47.62022,339.43,0.4,0.37,2026-06-04,1645,N21,nominal,2.0NRT,298.35,5.23,D
-5.80015,-46.8213,353.33,0.42,0.38,2026-06-04,1645,N21,nominal,2.0NRT,302.57,12.86,D
-5.80075,-46.82512,344.35,0.42,0.38,2026-06-04,1645,N21,nominal,2.0NRT,300.81,12.86,D
-5.66761,-48.37607,332.53,0.39,0.36,2026-06-04,1645,N21,nominal,2.0NRT,293.21,2.46,D
-5.44642,-47.47494,344.48,0.4,0.37,2026-06-04,1645,N21,nominal,2.0NRT,300.31,9.58,D
-4.63987,-43.04955,333.67,0.47,0.48,2026-06-04,1645,N21,nominal,2.0NRT,295.37,8.95,D
-4.63552,-43.05025,355.39,0.47,0.48,2026-06-04,1645,N21,nominal,2.0NRT,297.14,8.95,D
-4.63048,-43.04677,346.52,0.47,0.48,2026-06-04,1645,N21,nominal,2.0NRT,295.57,27.06,D
-4.63118,-43.05096,338.43,0.47,0.48,2026-06-04,1645,N21,nominal,2.0NRT,295.65,18.98,D
-4.62966,-43.04961,367,0.47,0.48,2026-06-04,1645,N21,high,2.0NRT,294.44,20.28,D
-5.11212,-46.95118,341.94,0.42,0.38,2026-06-04,1645,N21,nominal,2.0NRT,295.83,6.81,D
-5.10749,-46.94411,331.13,0.42,0.38,2026-06-04,1645,N21,nominal,2.0NRT,293.81,6.31,D
-4.72932,-45.36226,341.8,0.5,0.41,2026-06-04,1645,N21,nominal,2.0NRT,292.29,9.29,D
-3.59676,-38.85958,331.86,0.47,0.64,2026-06-04,1645,N21,nominal,2.0NRT,291.2,5.85,D
-3.9587,-43.1133,340.35,0.47,0.48,2026-06-04,1645,N21,nominal,2.0NRT,293.48,6.54,D
-3.63262,-43.16224,337.21,0.48,0.48,2026-06-04,1645,N21,nominal,2.0NRT,291.47,8.06,D
-3.43592,-52.29434,341.07,0.45,0.39,2026-06-04,1645,N21,nominal,2.0NRT,292.81,5.62,D
-2.64631,-48.53191,331.5,0.39,0.37,2026-06-04,1645,N21,nominal,2.0NRT,292.98,3.98,D
-2.54847,-48.45266,345.33,0.4,0.37,2026-06-04,1645,N21,nominal,2.0NRT,295.07,7.44,D
-2.54512,-48.45317,329.8,0.4,0.37,2026-06-04,1645,N21,nominal,2.0NRT,293.64,2.92,D
-2.14136,-47.33344,330.88,0.43,0.38,2026-06-04,1645,N21,nominal,2.0NRT,292.91,3.08,D
-2.34384,-49.20035,332.46,0.39,0.36,2026-06-04,1645,N21,nominal,2.0NRT,294.32,3.41,D
-2.62964,-51.94751,329.94,0.42,0.38,2026-06-04,1645,N21,nominal,2.0NRT,296.03,3.37,D
-1.8728,-47.64794,334.94,0.42,0.38,2026-06-04,1645,N21,nominal,2.0NRT,293.1,25.18,D
-1.87366,-47.64787,334.03,0.42,0.38,2026-06-04,1645,N21,nominal,2.0NRT,292.97,26.33,D
-1.92358,-48.11528,331.27,0.41,0.37,2026-06-04,1645,N21,nominal,2.0NRT,289.71,4.35,D
-1.67523,-47.68542,331.52,0.42,0.38,2026-06-04,1645,N21,nominal,2.0NRT,294.73,5.28,D
-1.57208,-47.83233,331.75,0.42,0.38,2026-06-04,1645,N21,nominal,2.0NRT,295.97,3.53,D
-1.94333,-54.39243,326.83,0.55,0.43,2026-06-04,1645,N21,nominal,2.0NRT,294.58,3.61,D
-1.46909,-53.59713,330.76,0.49,0.4,2026-06-04,1645,N21,nominal,2.0NRT,292.62,4.53,D
-1.4708,-53.60073,329.91,0.49,0.4,2026-06-04,1645,N21,nominal,2.0NRT,291.37,6.94,D
-1.66562,-55.37979,329.35,0.42,0.45,2026-06-04,1645,N21,nominal,2.0NRT,291.12,5.16,D
0.25055,-51.49698,337.63,0.39,0.37,2026-06-04,1648,N21,nominal,2.0NRT,296.95,4.4,D
-38.3578,-72.02219,330.58,0.56,0.43,2026-06-04,1817,N21,nominal,2.0NRT,294.52,17.98,D
-37.50912,-71.9519,332.23,0.55,0.42,2026-06-04,1817,N21,nominal,2.0NRT,282.63,6.61,D
-37.42088,-71.8329,331.56,0.54,0.42,2026-06-04,1817,N21,nominal,2.0NRT,290.89,8.87,D
-37.42032,-71.82746,328.35,0.54,0.42,2026-06-04,1817,N21,nominal,2.0NRT,291.04,6.56,D
-37.42101,-71.8337,327.9,0.54,0.42,2026-06-04,1817,N21,nominal,2.0NRT,290.09,6.56,D
-37.29078,-72.5429,333.49,0.39,0.44,2026-06-04,1817,N21,nominal,2.0NRT,286.35,7.95,D
-37.28586,-72.5347,338.43,0.39,0.44,2026-06-04,1817,N21,nominal,2.0NRT,294.12,42.65,D
-37.28673,-72.54354,341.68,0.39,0.44,2026-06-04,1817,N21,nominal,2.0NRT,292.83,57.74,D
-37.28224,-72.53962,355.16,0.39,0.44,2026-06-04,1817,N21,nominal,2.0NRT,291.27,57.74,D
-37.13256,-71.84782,331.94,0.54,0.42,2026-06-04,1817,N21,nominal,2.0NRT,292.15,67.5,D
-37.12866,-71.84839,342.84,0.54,0.42,2026-06-04,1817,N21,nominal,2.0NRT,302.81,67.5,D
-15.61254,-63.08311,330.53,0.34,0.56,2026-06-04,1824,N21,low,2.0NRT,300.83,3.53,D
-39.19696,-73.09508,332.85,0.43,0.46,2026-06-04,1817,N21,nominal,2.0NRT,288.12,6.13,D
-37.0541,-72.68623,329.34,0.39,0.44,2026-06-04,1817,N21,nominal,2.0NRT,287.07,10.8,D
4.41682,-74.58482,334.63,0.42,0.38,2026-06-04,1830,N21,nominal,2.0NRT,290.22,20.87,D
-14.45273,-58.49819,328.95,0.73,0.76,2026-06-04,1824,N21,nominal,2.0NRT,291.13,6.74,D
-37.05456,-72.69067,329.7,0.39,0.44,2026-06-04,1817,N21,nominal,2.0NRT,286.16,10.8,D
-39.19742,-73.10021,334.45,0.43,0.46,2026-06-04,1817,N21,nominal,2.0NRT,290.11,6.13,D
-14.58369,-59.88424,333.73,0.59,0.7,2026-06-04,1824,N21,nominal,2.0NRT,297.49,11.58,D
-37.05501,-72.69512,331.89,0.39,0.44,2026-06-04,1817,N21,nominal,2.0NRT,285.6,10.97,D
4.52833,-74.98954,331.72,0.41,0.37,2026-06-04,1830,N21,nominal,2.0NRT,279.25,2.79,D
-14.58116,-59.881,343.86,0.59,0.7,2026-06-04,1824,N21,nominal,2.0NRT,299.83,10.61,D
-37.0505,-72.69131,367,0.39,0.44,2026-06-04,1817,N21,high,2.0NRT,292.62,10.8,D
5.63294,-75.35599,328.04,0.4,0.37,2026-06-04,1830,N21,nominal,2.0NRT,296.34,2.92,D
-14.30708,-58.65402,327.01,0.72,0.75,2026-06-04,1824,N21,nominal,2.0NRT,294.62,7.97,D
-37.05095,-72.69575,354.05,0.39,0.44,2026-06-04,1817,N21,nominal,2.0NRT,292.13,10.97,D
6.94965,-76.22362,332.44,0.39,0.36,2026-06-04,1830,N21,nominal,2.0NRT,265.24,3.23,D
-15.28084,-63.74226,332.6,0.63,0.54,2026-06-04,1824,N21,nominal,2.0NRT,298.76,5.26,D
-37.05141,-72.7002,336.92,0.39,0.44,2026-06-04,1817,N21,nominal,2.0NRT,286.63,10.97,D
8.53431,-72.11617,329.51,0.42,0.45,2026-06-04,1832,N21,nominal,2.0NRT,281.11,3.72,D
-14.19878,-58.97913,367,0.68,0.74,2026-06-04,1824,N21,high,2.0NRT,314.33,196.6,D
-36.78186,-72.64005,338.13,0.39,0.44,2026-06-04,1817,N21,nominal,2.0NRT,291.89,12.74,D
8.53379,-72.11993,328.75,0.42,0.45,2026-06-04,1832,N21,nominal,2.0NRT,282.03,3.99,D
-14.20008,-58.98508,207.38,0.68,0.74,2026-06-04,1824,N21,low,2.0NRT,318.4,196.6,D
-36.7823,-72.64445,352.53,0.39,0.44,2026-06-04,1817,N21,nominal,2.0NRT,299.13,28,D
10.3784,-66.01936,329.43,0.58,0.7,2026-06-04,1832,N21,nominal,2.0NRT,282.65,7.68,D
-14.1908,-58.97485,367,0.68,0.74,2026-06-04,1824,N21,high,2.0NRT,306.78,290.41,D
-36.77826,-72.6451,343.84,0.39,0.44,2026-06-04,1817,N21,nominal,2.0NRT,292.09,5.75,D
10.50659,-66.15974,337.07,0.57,0.69,2026-06-04,1832,N21,nominal,2.0NRT,283.32,12.18,D
-14.19335,-58.98652,340.76,0.68,0.74,2026-06-04,1824,N21,nominal,2.0NRT,302.54,196.6,D
-36.75172,-72.66708,335.54,0.39,0.44,2026-06-04,1817,N21,nominal,2.0NRT,285.88,5,D
10.59347,-66.47771,330.18,0.54,0.68,2026-06-04,1832,N21,nominal,2.0NRT,285.09,4.48,D
-14.19468,-58.99262,347.92,0.68,0.74,2026-06-04,1824,N21,nominal,2.0NRT,298.6,92.02,D
-36.75129,-72.66666,328.43,0.39,0.44,2026-06-04,1817,N21,nominal,2.0NRT,284.29,4.76,D
9.99865,-72.30804,331.16,0.42,0.46,2026-06-04,1832,N21,nominal,2.0NRT,267.25,4.31,D
-14.19206,-58.98064,207.38,0.68,0.74,2026-06-04,1824,N21,low,2.0NRT,315.15,196.6,D
-36.74725,-72.6673,335.41,0.39,0.44,2026-06-04,1817,N21,nominal,2.0NRT,286.5,6.39,D
10.54887,-68.64892,338.25,0.38,0.59,2026-06-04,1832,N21,nominal,2.0NRT,287.79,3.77,D
-14.18408,-58.97639,349.78,0.68,0.74,2026-06-04,1824,N21,nominal,2.0NRT,297.97,16.02,D
-36.7387,-72.66413,335.86,0.39,0.44,2026-06-04,1817,N21,nominal,2.0NRT,283.76,7.98,D
10.51961,-68.9198,337.06,0.37,0.58,2026-06-04,1832,N21,nominal,2.0NRT,285.79,3.98,D
-14.19599,-58.97592,367,0.69,0.74,2026-06-04,1824,N21,high,2.0NRT,300.04,266.22,D
-36.73915,-72.6684,354.38,0.39,0.44,2026-06-04,1817,N21,nominal,2.0NRT,285.99,21.77,D
10.51168,-69.02287,332.96,0.36,0.57,2026-06-04,1832,N21,nominal,2.0NRT,280.93,7.27,D
-14.19723,-58.98177,367,0.68,0.74,2026-06-04,1824,N21,low,2.0NRT,327.07,266.22,D
-33.01713,-58.25404,339.44,0.59,0.53,2026-06-04,1817,N21,nominal,2.0NRT,277.24,22.87,D
10.51125,-69.02619,355.84,0.36,0.57,2026-06-04,1832,N21,low,2.0NRT,282.56,7.27,D
-14.19849,-58.98774,207.38,0.68,0.74,2026-06-04,1824,N21,low,2.0NRT,308.56,236,D
-31.07028,-53.06396,334.7,0.64,0.72,2026-06-04,1819,N21,nominal,2.0NRT,291.48,7.34,D
10.66853,-68.72115,330.24,0.38,0.59,2026-06-04,1832,N21,nominal,2.0NRT,289.4,2.65,D
-14.18804,-58.97166,346.55,0.69,0.74,2026-06-04,1824,N21,nominal,2.0NRT,295.44,89.81,D
10.69719,-68.68965,330.02,0.38,0.59,2026-06-04,1832,N21,nominal,2.0NRT,288.3,2.46,D
-34.38108,-70.85094,335.04,0.45,0.39,2026-06-04,1819,N21,nominal,2.0NRT,289.76,6.45,D
-14.18926,-58.97743,343.55,0.69,0.74,2026-06-04,1824,N21,nominal,2.0NRT,315.8,112.4,D
10.89172,-68.66518,340.71,0.39,0.59,2026-06-04,1832,N21,nominal,2.0NRT,286.46,5.31,D
-30.28002,-51.81779,329.82,0.79,0.78,2026-06-04,1819,N21,nominal,2.0NRT,288.8,6.94,D
-14.19051,-58.98329,347.86,0.68,0.74,2026-06-04,1824,N21,nominal,2.0NRT,300.95,112.4,D
10.93257,-68.69094,336.2,0.38,0.59,2026-06-04,1832,N21,nominal,2.0NRT,287.42,4.2,D
-31.42936,-58.28567,331.48,0.32,0.55,2026-06-04,1819,N21,nominal,2.0NRT,280.36,2.87,D
-14.19177,-58.98925,343.27,0.68,0.74,2026-06-04,1824,N21,nominal,2.0NRT,301.33,12.17,D
11.10772,-68.87064,330.06,0.38,0.58,2026-06-04,1832,N21,nominal,2.0NRT,287.11,1.75,D
-31.5615,-58.97952,329.26,0.58,0.52,2026-06-04,1819,N21,nominal,2.0NRT,272.72,5.62,D
-14.19306,-58.99538,330.31,0.68,0.74,2026-06-04,1824,N21,nominal,2.0NRT,296.55,12.17,D
11.63148,-70.23283,345.17,0.62,0.54,2026-06-04,1832,N21,nominal,2.0NRT,283.33,5.13,D
-30.83525,-60.2974,339.47,0.51,0.49,2026-06-04,1819,N21,nominal,2.0NRT,281.01,9.57,D
-14.05891,-58.79979,336.26,0.71,0.75,2026-06-04,1824,N21,nominal,2.0NRT,296.98,17.54,D
11.73908,-70.19243,343.88,0.62,0.54,2026-06-04,1832,N21,nominal,2.0NRT,288.53,11.76,D
-30.74857,-60.20562,329.68,0.51,0.5,2026-06-04,1819,N21,nominal,2.0NRT,268.3,6.26,D
-14.05868,-58.80148,343.18,0.71,0.75,2026-06-04,1824,N21,nominal,2.0NRT,297.08,13.87,D
12.13601,-85.37573,340.53,0.52,0.5,2026-06-04,1832,N21,nominal,2.0NRT,286.12,8.42,D
-15.08222,-64.19345,339.78,0.6,0.53,2026-06-04,1824,N21,nominal,2.0NRT,299.14,8.19,D
12.62651,-85.88275,338.83,0.55,0.51,2026-06-04,1832,N21,nominal,2.0NRT,292.43,7.02,D
-30.2391,-58.02139,345.43,0.35,0.57,2026-06-04,1819,N21,nominal,2.0NRT,287.69,5,D
-14.09802,-59.38273,367,0.65,0.73,2026-06-04,1824,N21,high,2.0NRT,297.65,47.76,D
12.62473,-85.88419,337.32,0.55,0.51,2026-06-04,1832,N21,nominal,2.0NRT,292.3,7.01,D
-30.74409,-60.20694,336.38,0.51,0.5,2026-06-04,1819,N21,nominal,2.0NRT,268.22,6.26,D
-14.09932,-59.38882,352.66,0.65,0.73,2026-06-04,1824,N21,nominal,2.0NRT,297.98,59.13,D
12.67191,-86.74489,353.36,0.63,0.54,2026-06-04,1832,N21,nominal,2.0NRT,290.8,28.51,D
-14.47482,-63.69601,354.23,0.33,0.55,2026-06-04,1824,N21,nominal,2.0NRT,296.86,10.11,D
-30.68797,-60.0412,335.7,0.53,0.5,2026-06-04,1819,N21,nominal,2.0NRT,274.44,26.92,D
12.67086,-86.75056,338.67,0.63,0.54,2026-06-04,1832,N21,nominal,2.0NRT,287.95,28.51,D
-14.4754,-63.69905,338.1,0.33,0.55,2026-06-04,1824,N21,nominal,2.0NRT,292.19,10.11,D
-30.49484,-59.47626,339.4,0.57,0.52,2026-06-04,1819,N21,nominal,2.0NRT,287.86,11.85,D
12.83499,-86.2619,331.79,0.58,0.52,2026-06-04,1832,N21,nominal,2.0NRT,296.31,5.42,D
-14.46978,-63.69705,367,0.33,0.55,2026-06-04,1824,N21,high,2.0NRT,301.95,10.11,D
-30.9442,-61.73473,339.88,0.42,0.45,2026-06-04,1819,N21,nominal,2.0NRT,283.06,4.11,D
12.84956,-86.98651,330.71,0.32,0.55,2026-06-04,1832,N21,nominal,2.0NRT,296.8,7.9,D
-14.47036,-63.7001,367,0.33,0.55,2026-06-04,1824,N21,high,2.0NRT,302.14,10.11,D
-29.97482,-58.16361,335.95,0.35,0.57,2026-06-04,1819,N21,nominal,2.0NRT,290.63,6.11,D
12.98378,-86.65791,330.41,0.61,0.53,2026-06-04,1832,N21,nominal,2.0NRT,295.94,4.98,D
-29.88876,-57.87378,326.35,0.37,0.58,2026-06-04,1819,N21,nominal,2.0NRT,290.46,2.89,D
-14.46921,-63.69402,341.48,0.33,0.55,2026-06-04,1824,N21,nominal,2.0NRT,299.72,10.66,D
-30.12317,-59.2072,331.98,0.6,0.53,2026-06-04,1819,N21,nominal,2.0NRT,290.4,8.14,D
-15.78699,-71.85436,332.3,0.38,0.36,2026-06-04,1824,N21,nominal,2.0NRT,301.14,2.58,D
-30.11696,-59.20249,330.81,0.61,0.53,2026-06-04,1819,N21,nominal,2.0NRT,289.43,11.17,D
-14.44368,-64.34644,331.79,0.6,0.53,2026-06-04,1824,N21,nominal,2.0NRT,301.27,7.58,D
-30.11836,-59.20866,337.78,0.6,0.53,2026-06-04,1819,N21,nominal,2.0NRT,290.6,8.14,D
-14.44472,-64.35189,338.25,0.6,0.53,2026-06-04,1824,N21,nominal,2.0NRT,299.52,7.58,D
-30.32718,-60.18541,336.22,0.53,0.5,2026-06-04,1819,N21,nominal,2.0NRT,275.39,6.09,D
-14.24826,-64.64571,337.54,0.58,0.52,2026-06-04,1824,N21,nominal,2.0NRT,298.71,13.28,D
-30.05031,-59.39429,342.5,0.59,0.53,2026-06-04,1819,N21,nominal,2.0NRT,281.66,40.23,D
-14.24926,-64.65097,341.81,0.57,0.52,2026-06-04,1824,N21,nominal,2.0NRT,299.12,13.28,D
-30.05168,-59.40035,338.85,0.59,0.53,2026-06-04,1819,N21,nominal,2.0NRT,278.29,40.23,D
-14.2435,-64.64665,334.07,0.58,0.52,2026-06-04,1824,N21,nominal,2.0NRT,298.28,13.28,D
-29.93043,-59.07357,342.58,0.62,0.54,2026-06-04,1819,N21,nominal,2.0NRT,286.37,9.25,D
-14.24451,-64.65192,340.68,0.57,0.52,2026-06-04,1824,N21,nominal,2.0NRT,301.06,13.28,D
-29.92409,-59.06873,328.88,0.62,0.54,2026-06-04,1819,N21,nominal,2.0NRT,285.01,14.54,D
-14.23976,-64.65286,348.9,0.57,0.52,2026-06-04,1824,N21,nominal,2.0NRT,299.39,11.43,D
-29.92556,-59.07506,326.9,0.62,0.54,2026-06-04,1819,N21,nominal,2.0NRT,285.29,9.25,D
-14.24841,-64.64871,349.12,0.58,0.52,2026-06-04,1824,N21,nominal,2.0NRT,300.57,19.46,D
-29.92949,-59.07406,340.95,0.62,0.54,2026-06-04,1819,N21,nominal,2.0NRT,286.68,22.08,D
-14.24366,-64.64966,353.82,0.58,0.52,2026-06-04,1824,N21,nominal,2.0NRT,301.52,19.46,D
-29.9232,-59.0692,332.47,0.62,0.54,2026-06-04,1819,N21,nominal,2.0NRT,285.34,12.27,D
-14.23891,-64.65062,329.59,0.58,0.52,2026-06-04,1824,N21,nominal,2.0NRT,298.07,5.86,D
-30.44809,-61.67918,340.44,0.43,0.46,2026-06-04,1819,N21,nominal,2.0NRT,290.6,17.52,D
-14.23988,-64.6559,331.27,0.58,0.52,2026-06-04,1824,N21,nominal,2.0NRT,298.68,6.04,D
-30.449,-61.68362,339.07,0.43,0.46,2026-06-04,1819,N21,nominal,2.0NRT,287.92,10.41,D
-15.1136,-69.89062,338.76,0.42,0.38,2026-06-04,1824,N21,nominal,2.0NRT,290.75,7.39,D
-29.22016,-56.34071,332.8,0.47,0.64,2026-06-04,1819,N21,nominal,2.0NRT,267.05,5.1,D
-14.13855,-64.61562,344.78,0.58,0.52,2026-06-04,1824,N21,nominal,2.0NRT,298.55,11.39,D
-29.50942,-57.51049,347.44,0.39,0.59,2026-06-04,1819,N21,nominal,2.0NRT,287.14,8.29,D
-14.31389,-65.59676,346.46,0.5,0.49,2026-06-04,1824,N21,nominal,2.0NRT,297.59,19.16,D
-29.50311,-57.50824,330.95,0.39,0.59,2026-06-04,1819,N21,nominal,2.0NRT,285.85,3.05,D
-12.98872,-60.036,334.18,0.62,0.71,2026-06-04,1824,N21,nominal,2.0NRT,294.36,2.88,D
-29.64641,-58.73462,330.56,0.33,0.55,2026-06-04,1819,N21,nominal,2.0NRT,286.64,3.98,D
-13.74532,-64.21194,328.56,0.63,0.54,2026-06-04,1824,N21,nominal,2.0NRT,298.33,5.21,D
-29.2448,-57.5908,367,0.39,0.6,2026-06-04,1819,N21,high,2.0NRT,291.26,10.72,D
-29.24365,-57.5888,336.71,0.39,0.6,2026-06-04,1819,N21,nominal,2.0NRT,289.85,9.81,D
-13.92578,-65.75346,355.6,0.49,0.49,2026-06-04,1824,N21,nominal,2.0NRT,295.7,15.16,D
-13.58027,-65.21869,339.33,0.54,0.51,2026-06-04,1824,N21,nominal,2.0NRT,296.19,7,D
-29.24459,-57.59275,343.91,0.39,0.6,2026-06-04,1819,N21,nominal,2.0NRT,289.8,9.17,D
-13.32728,-64.52658,328.91,0.61,0.53,2026-06-04,1824,N21,nominal,2.0NRT,298.77,4.51,D
-29.15167,-57.56676,329.66,0.4,0.6,2026-06-04,1819,N21,nominal,2.0NRT,289.16,12.16,D
-13.27776,-65.39697,330.14,0.53,0.5,2026-06-04,1824,N21,nominal,2.0NRT,297.48,14.67,D
-29.1463,-57.56845,367,0.4,0.6,2026-06-04,1819,N21,high,2.0NRT,293.3,12.16,D
-13.27868,-65.40186,356.23,0.53,0.5,2026-06-04,1824,N21,nominal,2.0NRT,300.27,14.67,D
-29.14435,-57.56047,327.07,0.4,0.6,2026-06-04,1819,N21,nominal,2.0NRT,288.84,2.98,D
-13.27884,-65.39868,347.66,0.53,0.5,2026-06-04,1824,N21,nominal,2.0NRT,298.28,14.97,D
-29.09262,-57.46841,331.34,0.4,0.6,2026-06-04,1819,N21,nominal,2.0NRT,278.82,3.85,D
-13.27972,-65.40358,341.22,0.53,0.5,2026-06-04,1824,N21,nominal,2.0NRT,300.04,17.48,D
-29.0413,-57.28551,334.04,0.41,0.61,2026-06-04,1819,N21,nominal,2.0NRT,272.4,5.83,D
-12.9366,-64.01576,334.29,0.33,0.56,2026-06-04,1824,N21,nominal,2.0NRT,300.96,7.22,D
-29.05049,-57.2192,325.5,0.42,0.61,2026-06-04,1819,N21,nominal,2.0NRT,275.83,3.28,D
-12.93719,-64.01881,340.39,0.33,0.56,2026-06-04,1824,N21,nominal,2.0NRT,300.27,3.27,D
-28.74514,-56.47166,331.69,0.47,0.64,2026-06-04,1819,N21,nominal,2.0NRT,269.78,4.72,D
-12.93777,-64.02184,330.73,0.33,0.56,2026-06-04,1824,N21,nominal,2.0NRT,298.01,3.27,D
-29.46568,-59.71152,329.09,0.58,0.52,2026-06-04,1819,N21,nominal,2.0NRT,280.38,4.64,D
-13.06855,-65.13137,351.72,0.56,0.52,2026-06-04,1824,N21,nominal,2.0NRT,298.37,20.99,D
-28.75262,-56.82218,326.98,0.45,0.63,2026-06-04,1819,N21,nominal,2.0NRT,280.23,10.25,D
-12.91582,-65.82452,351.23,0.51,0.49,2026-06-04,1824,N21,nominal,2.0NRT,295.61,12.55,D
-28.74811,-56.82848,336.1,0.45,0.63,2026-06-04,1819,N21,nominal,2.0NRT,280.71,9.6,D
-12.90681,-65.82623,340.14,0.51,0.49,2026-06-04,1824,N21,nominal,2.0NRT,293.36,14.98,D
-28.74923,-56.83295,335.59,0.45,0.63,2026-06-04,1819,N21,nominal,2.0NRT,278.12,13.26,D
-12.76797,-65.29654,328.55,0.55,0.51,2026-06-04,1824,N21,nominal,2.0NRT,296.67,5.09,D
-28.90733,-57.47021,329.7,0.41,0.6,2026-06-04,1819,N21,nominal,2.0NRT,282.26,3.1,D
-12.75489,-65.33045,342.02,0.55,0.51,2026-06-04,1824,N21,nominal,2.0NRT,299.31,11.19,D
-28.9019,-57.47194,325.62,0.41,0.6,2026-06-04,1819,N21,nominal,2.0NRT,281.57,3.1,D
-12.89128,-66.19788,340.25,0.48,0.48,2026-06-04,1824,N21,nominal,2.0NRT,298.63,6.54,D
-28.98941,-57.83044,329.08,0.39,0.59,2026-06-04,1819,N21,nominal,2.0NRT,290.32,4.2,D
-12.89146,-66.1969,338.65,0.48,0.48,2026-06-04,1824,N21,nominal,2.0NRT,298.45,7.37,D
-29.22675,-58.82674,352.68,0.33,0.56,2026-06-04,1819,N21,nominal,2.0NRT,287.26,6.87,D
-12.80315,-66.18624,339.25,0.48,0.48,2026-06-04,1824,N21,nominal,2.0NRT,298.9,7.79,D
-12.64012,-65.4976,345.18,0.54,0.51,2026-06-04,1824,N21,nominal,2.0NRT,298.18,11.96,D
-28.98315,-57.82821,353.48,0.39,0.59,2026-06-04,1819,N21,nominal,2.0NRT,291.33,7.29,D
-12.6355,-65.49847,328.34,0.54,0.51,2026-06-04,1824,N21,nominal,2.0NRT,293.93,6.37,D
-28.9841,-57.8321,339.1,0.39,0.59,2026-06-04,1819,N21,nominal,2.0NRT,290.27,7.29,D
-12.63087,-65.49934,337.76,0.54,0.51,2026-06-04,1824,N21,nominal,2.0NRT,296.42,6.37,D
-29.16687,-58.618,335.35,0.34,0.56,2026-06-04,1819,N21,nominal,2.0NRT,294.27,3.44,D
-12.74663,-66.17306,343.25,0.49,0.48,2026-06-04,1824,N21,nominal,2.0NRT,300.49,8.08,D
-29.1685,-58.62492,334.67,0.34,0.56,2026-06-04,1819,N21,nominal,2.0NRT,294.58,5.48,D
-13.57629,-72.79461,331.26,0.38,0.36,2026-06-04,1824,N21,nominal,2.0NRT,300.81,2.72,D
-29.19079,-58.76516,347.74,0.34,0.56,2026-06-04,1819,N21,nominal,2.0NRT,296.05,9.05,D
-12.47214,-66.21201,341.87,0.49,0.48,2026-06-04,1824,N21,nominal,2.0NRT,299.13,12.15,D
-29.13509,-58.553,336.3,0.35,0.56,2026-06-04,1819,N21,nominal,2.0NRT,297.09,6.38,D
-12.47295,-66.21645,342.63,0.49,0.48,2026-06-04,1824,N21,nominal,2.0NRT,299.13,10.5,D
-29.13593,-58.5565,345.05,0.35,0.56,2026-06-04,1819,N21,nominal,2.0NRT,297.94,8.09,D
-12.63894,-67.37315,327.13,0.41,0.45,2026-06-04,1824,N21,nominal,2.0NRT,296.86,3.69,D
-29.85124,-61.75095,339.29,0.44,0.46,2026-06-04,1819,N21,nominal,2.0NRT,285.17,8.84,D
-13.92919,-75.85954,346.58,0.47,0.4,2026-06-04,1824,N21,nominal,2.0NRT,308.34,9.85,D
-29.84705,-61.75209,342.64,0.44,0.46,2026-06-04,1819,N21,nominal,2.0NRT,285.68,8.84,D
-12.49816,-66.88713,334.68,0.44,0.46,2026-06-04,1824,N21,nominal,2.0NRT,295.9,6.21,D
-29.84735,-61.74942,340.83,0.44,0.46,2026-06-04,1819,N21,nominal,2.0NRT,285.69,8.36,D
-13.87693,-75.96812,342.9,0.47,0.4,2026-06-04,1826,N21,nominal,2.0NRT,307.34,5.83,D
-29.19323,-58.76366,341.22,0.34,0.56,2026-06-04,1819,N21,nominal,2.0NRT,295.09,4.93,D
-12.34399,-66.60831,332.39,0.46,0.47,2026-06-04,1826,N21,nominal,2.0NRT,298.11,6.05,D
-29.13973,-58.55428,337.47,0.35,0.57,2026-06-04,1819,N21,nominal,2.0NRT,295.81,3.07,D
-12.32778,-66.74059,328.77,0.45,0.47,2026-06-04,1826,N21,nominal,2.0NRT,295.83,5.91,D
-29.1882,-58.76521,335.69,0.34,0.56,2026-06-04,1819,N21,nominal,2.0NRT,295.24,4.93,D
-12.33012,-66.74374,333.93,0.45,0.47,2026-06-04,1826,N21,nominal,2.0NRT,296.5,3.04,D
-29.13464,-58.55585,347.59,0.35,0.57,2026-06-04,1819,N21,nominal,2.0NRT,298.18,5.59,D
-13.78586,-76.17045,338.12,0.48,0.4,2026-06-04,1826,N21,nominal,2.0NRT,304.09,4.06,D
-29.13707,-58.56637,330.52,0.35,0.56,2026-06-04,1819,N21,nominal,2.0NRT,295.99,2.74,D
-12.22571,-66.55501,353.26,0.47,0.48,2026-06-04,1826,N21,nominal,2.0NRT,299.33,6.62,D
-29.11119,-58.5254,367,0.35,0.57,2026-06-04,1819,N21,high,2.0NRT,298.98,8.01,D
-12.22136,-66.5558,332.99,0.47,0.48,2026-06-04,1826,N21,nominal,2.0NRT,289.36,6.62,D
-29.10609,-58.52697,347.65,0.35,0.57,2026-06-04,1819,N21,nominal,2.0NRT,297.61,5.49,D
-12.22212,-66.56007,337.44,0.47,0.48,2026-06-04,1826,N21,nominal,2.0NRT,292.85,6.62,D
-29.11363,-58.62965,347.16,0.34,0.56,2026-06-04,1819,N21,nominal,2.0NRT,295.26,6.07,D
-12.13487,-66.70613,327.08,0.46,0.47,2026-06-04,1826,N21,nominal,2.0NRT,294.8,6.17,D
-28.84143,-57.62852,344.37,0.4,0.6,2026-06-04,1819,N21,nominal,2.0NRT,286.21,7.78,D
-12.91372,-73.49321,330.13,0.39,0.36,2026-06-04,1826,N21,nominal,2.0NRT,297.16,13.58,D
-28.51203,-56.33216,327.83,0.48,0.65,2026-06-04,1819,N21,nominal,2.0NRT,287,3.64,D
-11.49723,-65.34251,327.97,0.58,0.52,2026-06-04,1826,N21,nominal,2.0NRT,297.33,7.76,D
-28.837,-57.63418,329.03,0.4,0.6,2026-06-04,1819,N21,nominal,2.0NRT,285.55,2.5,D
-11.49246,-65.3434,334.17,0.58,0.52,2026-06-04,1826,N21,nominal,2.0NRT,298.11,7.25,D
-28.87156,-57.82353,335.27,0.39,0.59,2026-06-04,1819,N21,nominal,2.0NRT,294.13,7.29,D
-10.03099,-59.33786,367,0.78,0.78,2026-06-04,1826,N21,high,2.0NRT,290.31,45.46,D
-28.87252,-57.82745,330.17,0.39,0.59,2026-06-04,1819,N21,nominal,2.0NRT,293.06,5.98,D
-10.0324,-59.34465,352.26,0.78,0.78,2026-06-04,1826,N21,nominal,2.0NRT,289.89,49.93,D
-28.86623,-57.82519,349.41,0.39,0.59,2026-06-04,1819,N21,nominal,2.0NRT,294.57,7.29,D
-10.03536,-59.34208,349.65,0.78,0.78,2026-06-04,1826,N21,nominal,2.0NRT,290.13,52.12,D
-28.86718,-57.8291,332.39,0.39,0.59,2026-06-04,1819,N21,nominal,2.0NRT,293.21,5.98,D
-10.03675,-59.349,331.29,0.78,0.78,2026-06-04,1826,N21,nominal,2.0NRT,289.58,31.62,D
-28.57813,-56.76264,330.62,0.45,0.63,2026-06-04,1819,N21,nominal,2.0NRT,273.62,6.09,D
-10.0283,-59.34358,367,0.78,0.78,2026-06-04,1826,N21,high,2.0NRT,290.55,52.12,D
-28.86518,-57.82573,349.97,0.39,0.59,2026-06-04,1819,N21,nominal,2.0NRT,294.3,7.99,D
-11.22715,-65.78559,352.18,0.55,0.51,2026-06-04,1826,N21,nominal,2.0NRT,299.27,17.77,D
-28.86611,-57.82965,329.86,0.39,0.59,2026-06-04,1819,N21,nominal,2.0NRT,292.88,6.4,D
-12.47435,-73.73402,330.87,0.39,0.36,2026-06-04,1826,N21,nominal,2.0NRT,292.75,5.63,D
-29.63917,-61.44532,327.71,0.46,0.47,2026-06-04,1819,N21,nominal,2.0NRT,283.81,3.5,D
-10.35784,-64.47025,334.45,0.35,0.57,2026-06-04,1826,N21,nominal,2.0NRT,298.78,2.74,D
-29.63256,-61.4571,338.85,0.46,0.47,2026-06-04,1819,N21,nominal,2.0NRT,281.74,6.99,D
-10.3521,-64.46805,340.97,0.35,0.57,2026-06-04,1826,N21,nominal,2.0NRT,299.08,2.74,D
-28.76022,-57.62812,327.25,0.4,0.6,2026-06-04,1819,N21,nominal,2.0NRT,286.47,3.49,D
-12.15932,-75.54971,330.81,0.44,0.38,2026-06-04,1826,N21,nominal,2.0NRT,296.15,2.09,D
-28.72531,-57.65194,343.23,0.4,0.6,2026-06-04,1819,N21,nominal,2.0NRT,290.23,5.07,D
-10.68969,-68.59035,327.13,0.55,0.43,2026-06-04,1826,N21,nominal,2.0NRT,290.78,4.29,D
-28.72089,-57.65765,332.85,0.4,0.6,2026-06-04,1819,N21,nominal,2.0NRT,291.22,5.45,D
-10.68996,-68.59289,327.23,0.55,0.43,2026-06-04,1826,N21,nominal,2.0NRT,292.63,3.53,D
-28.72187,-57.66165,334.85,0.4,0.6,2026-06-04,1819,N21,nominal,2.0NRT,292.07,5.61,D
-10.39428,-67.9234,327.54,0.41,0.45,2026-06-04,1826,N21,nominal,2.0NRT,295.76,4.09,D
-28.75918,-57.90895,326.68,0.39,0.59,2026-06-04,1819,N21,nominal,2.0NRT,292.18,1.97,D
-9.42502,-64.70001,351.87,0.35,0.57,2026-06-04,1826,N21,nominal,2.0NRT,301.4,7.47,D
-29.46842,-61.00998,325.48,0.49,0.49,2026-06-04,1819,N21,nominal,2.0NRT,285.77,5.4,D
-10.84082,-74.25629,326.9,0.39,0.36,2026-06-04,1826,N21,nominal,2.0NRT,290.7,2.45,D
-29.4695,-61.01497,344.38,0.49,0.49,2026-06-04,1819,N21,nominal,2.0NRT,286.92,7.98,D
-9.60421,-67.15447,344.02,0.47,0.48,2026-06-04,1826,N21,nominal,2.0NRT,300.41,6.81,D
-29.46292,-61.00621,338.79,0.49,0.49,2026-06-04,1819,N21,nominal,2.0NRT,286.56,7.04,D
-10.55132,-73.88626,330.37,0.39,0.36,2026-06-04,1826,N21,nominal,2.0NRT,292.73,3.98,D
-29.46401,-61.0112,343.99,0.49,0.49,2026-06-04,1819,N21,nominal,2.0NRT,286.61,7.04,D
-10.55185,-73.88979,330.19,0.39,0.36,2026-06-04,1826,N21,nominal,2.0NRT,292.7,3.6,D
-29.45851,-61.00744,335.84,0.49,0.49,2026-06-04,1819,N21,nominal,2.0NRT,285.85,7.04,D
-9.107,-65.51624,342.57,0.62,0.54,2026-06-04,1826,N21,nominal,2.0NRT,304.14,13.32,D
-29.4596,-61.01245,333.91,0.49,0.49,2026-06-04,1819,N21,nominal,2.0NRT,285.95,7.04,D
-8.78868,-63.8567,333.04,0.41,0.6,2026-06-04,1826,N21,nominal,2.0NRT,296.65,3.3,D
-29.47085,-61.01222,340.8,0.49,0.49,2026-06-04,1819,N21,nominal,2.0NRT,286.23,7.65,D
-10.4491,-73.90627,330.07,0.39,0.36,2026-06-04,1826,N21,nominal,2.0NRT,292.59,3.29,D
-29.46539,-61.00845,326.27,0.49,0.49,2026-06-04,1819,N21,nominal,2.0NRT,285.8,10.6,D
-8.78916,-63.85723,330.68,0.41,0.6,2026-06-04,1826,N21,nominal,2.0NRT,296.41,4.29,D
-29.46645,-61.01347,337.49,0.49,0.49,2026-06-04,1819,N21,nominal,2.0NRT,286.37,11.52,D
-9.1409,-66.01242,331.98,0.57,0.52,2026-06-04,1826,N21,low,2.0NRT,302.05,8.32,D
-29.46099,-61.00969,353.39,0.49,0.49,2026-06-04,1819,N21,nominal,2.0NRT,286.45,10.6,D
-8.75525,-64.04701,367,0.4,0.6,2026-06-04,1826,N21,high,2.0NRT,296.13,17.72,D
-29.45553,-61.00593,329.61,0.49,0.49,2026-06-04,1819,N21,nominal,2.0NRT,285.38,4.35,D
-8.75591,-64.05065,354.37,0.4,0.6,2026-06-04,1826,N21,nominal,2.0NRT,296.52,17.84,D
-29.45658,-61.01094,330.84,0.49,0.49,2026-06-04,1819,N21,nominal,2.0NRT,285.53,4.35,D
-8.96981,-67.9854,333.15,0.43,0.46,2026-06-04,1826,N21,nominal,2.0NRT,298.33,6.15,D
-28.93371,-58.6868,335.07,0.34,0.56,2026-06-04,1819,N21,nominal,2.0NRT,284.47,2.52,D
-8.97049,-67.9893,340.87,0.43,0.46,2026-06-04,1826,N21,nominal,2.0NRT,297.94,6.13,D
-28.92863,-58.68833,326.27,0.34,0.56,2026-06-04,1819,N21,nominal,2.0NRT,285.28,2.52,D
-8.965,-67.98239,348.55,0.43,0.46,2026-06-04,1826,N21,nominal,2.0NRT,297.82,6.15,D
-28.81653,-58.84327,349.67,0.34,0.56,2026-06-04,1819,N21,nominal,2.0NRT,292.4,7.32,D
-28.06232,-56.04552,341.26,0.51,0.66,2026-06-04,1819,N21,nominal,2.0NRT,283.19,10.21,D
-8.96567,-67.98631,329.25,0.43,0.46,2026-06-04,1826,N21,nominal,2.0NRT,297.86,6.15,D
-28.85863,-59.27704,327.39,0.32,0.55,2026-06-04,1819,N21,nominal,2.0NRT,286.13,4.58,D
-8.96375,-67.98274,348.46,0.43,0.46,2026-06-04,1826,N21,nominal,2.0NRT,297.47,9.51,D
-28.85938,-59.28026,343.75,0.32,0.54,2026-06-04,1819,N21,nominal,2.0NRT,287.36,6.29,D
-8.64232,-67.27168,339.03,0.48,0.48,2026-06-04,1826,N21,nominal,2.0NRT,299.87,5.08,D
-28.85916,-59.27863,351.19,0.32,0.55,2026-06-04,1819,N21,nominal,2.0NRT,287.66,6.4,D
-8.57689,-67.36527,331.26,0.48,0.48,2026-06-04,1826,N21,nominal,2.0NRT,297.3,7.99,D
-29.54658,-62.52506,326.48,0.4,0.45,2026-06-04,1819,N21,nominal,2.0NRT,277.09,2.27,D
-9.04567,-70.19756,330.71,0.48,0.4,2026-06-04,1826,N21,nominal,2.0NRT,293.22,18.59,D
-28.85423,-59.28008,355.92,0.32,0.55,2026-06-04,1819,N21,low,2.0NRT,288.9,6.4,D
-9.93355,-76.2831,332.49,0.45,0.39,2026-06-04,1826,N21,nominal,2.0NRT,299.13,1.25,D
-28.06141,-56.04399,335.83,0.52,0.66,2026-06-04,1819,N21,nominal,2.0NRT,282.18,6.36,D
-8.65652,-69.62311,326.6,0.52,0.41,2026-06-04,1826,N21,nominal,2.0NRT,294.65,3.84,D
-28.70473,-58.86002,367,0.34,0.56,2026-06-04,1819,N21,high,2.0NRT,294.64,12.74,D
-8.65727,-69.62773,329.82,0.52,0.41,2026-06-04,1826,N21,nominal,2.0NRT,295.32,3.84,D
-28.70393,-58.85659,345.44,0.34,0.56,2026-06-04,1819,N21,nominal,2.0NRT,294.03,10.02,D
-8.9079,-71.52618,327.27,0.42,0.38,2026-06-04,1826,N21,nominal,2.0NRT,279.84,1.95,D
-28.69967,-58.86153,367,0.34,0.56,2026-06-04,1819,N21,high,2.0NRT,298.83,9,D
-8.00843,-70.89062,333.65,0.45,0.39,2026-06-04,1826,N21,nominal,2.0NRT,294.59,6.89,D
-28.69887,-58.8581,343.28,0.34,0.56,2026-06-04,1819,N21,nominal,2.0NRT,293.81,10.75,D
-8.00486,-70.89122,339.99,0.45,0.39,2026-06-04,1826,N21,nominal,2.0NRT,293.67,9.89,D
-28.6946,-58.86301,331.42,0.34,0.56,2026-06-04,1819,N21,nominal,2.0NRT,294.2,9,D
-8.85927,-77.19275,334.72,0.48,0.4,2026-06-04,1826,N21,nominal,2.0NRT,297.79,4.96,D
-28.53376,-58.50543,325.38,0.36,0.57,2026-06-04,1819,N21,nominal,2.0NRT,294.86,1.74,D
-7.32459,-72.9835,328.08,0.39,0.36,2026-06-04,1826,N21,nominal,2.0NRT,301.11,4.32,D
-28.65105,-59.1502,340.3,0.33,0.55,2026-06-04,1819,N21,nominal,2.0NRT,293.3,3.92,D
-7.28577,-72.93153,328.86,0.39,0.36,2026-06-04,1826,N21,nominal,2.0NRT,294.77,2.76,D
-29.12176,-61.40303,343.21,0.47,0.48,2026-06-04,1819,N21,nominal,2.0NRT,287.14,26.76,D
-6.56807,-76.37614,333.17,0.42,0.38,2026-06-04,1826,N21,nominal,2.0NRT,290.95,6.86,D
-29.12279,-61.40784,355.38,0.47,0.48,2026-06-04,1819,N21,nominal,2.0NRT,284.45,26.76,D
-6.6607,-79.77896,338.61,0.43,0.46,2026-06-04,1828,N21,nominal,2.0NRT,287.26,3.43,D
-28.44469,-58.43479,327.07,0.37,0.58,2026-06-04,1819,N21,nominal,2.0NRT,295.65,2.03,D
-6.03247,-76.00373,328.06,0.41,0.37,2026-06-04,1828,N21,nominal,2.0NRT,292.38,3.29,D
-28.44769,-58.56142,367,0.36,0.57,2026-06-04,1819,N21,high,2.0NRT,291.49,12.09,D
-6.02581,-75.98232,327.94,0.41,0.37,2026-06-04,1828,N21,nominal,2.0NRT,290.69,1.86,D
-28.44685,-58.55781,330.11,0.36,0.57,2026-06-04,1819,N21,nominal,2.0NRT,288.83,9.78,D
-6.54248,-79.89381,336.74,0.43,0.46,2026-06-04,1828,N21,nominal,2.0NRT,286.73,6.13,D
-28.44168,-58.55938,337.57,0.36,0.57,2026-06-04,1819,N21,nominal,2.0NRT,288.09,6.69,D
-6.07418,-79.08092,327.34,0.57,0.43,2026-06-04,1828,N21,nominal,2.0NRT,283.6,6.34,D
-27.61818,-55.53948,325.54,0.56,0.69,2026-06-04,1819,N21,nominal,2.0NRT,291.74,2.77,D
-3.68655,-69.44757,330.25,0.41,0.45,2026-06-04,1828,N21,nominal,2.0NRT,295.14,3.33,D
-28.29451,-58.4483,341.62,0.37,0.58,2026-06-04,1819,N21,nominal,2.0NRT,289.32,11.11,D
-4.01466,-73.38612,330.52,0.4,0.37,2026-06-04,1828,N21,nominal,2.0NRT,297.08,5.06,D
-28.29538,-58.45199,355.6,0.37,0.58,2026-06-04,1819,N21,nominal,2.0NRT,292.55,12.49,D
-4.01521,-73.38969,331.1,0.4,0.37,2026-06-04,1828,N21,nominal,2.0NRT,297.36,5.06,D
-28.29624,-58.45567,337.58,0.37,0.58,2026-06-04,1819,N21,nominal,2.0NRT,289.64,12.49,D
-4.76452,-80.2707,342.44,0.43,0.46,2026-06-04,1828,N21,nominal,2.0NRT,290.81,15.47,D
-28.28929,-58.44988,341.85,0.37,0.58,2026-06-04,1819,N21,nominal,2.0NRT,290.4,11.11,D
-28.29016,-58.45356,347.42,0.37,0.58,2026-06-04,1819,N21,nominal,2.0NRT,290.43,12.49,D
-4.76327,-80.26722,334.39,0.43,0.46,2026-06-04,1828,N21,nominal,2.0NRT,288.38,7.84,D
-27.63732,-55.83105,329.09,0.54,0.68,2026-06-04,1819,N21,nominal,2.0NRT,293.15,4.64,D
-28.28667,-58.46251,329.53,0.37,0.58,2026-06-04,1819,N21,nominal,2.0NRT,287.54,2.48,D
-4.76385,-80.2711,341.46,0.43,0.46,2026-06-04,1828,N21,nominal,2.0NRT,290.2,7.84,D
-28.17659,-58.09499,325.33,0.39,0.59,2026-06-04,1819,N21,nominal,2.0NRT,278.28,5.92,D
-4.42941,-79.48441,330.69,0.38,0.43,2026-06-04,1828,N21,nominal,2.0NRT,298.24,6.24,D
-27.6185,-55.93631,367,0.54,0.68,2026-06-04,1819,N21,high,2.0NRT,294.8,13.51,D
-28.31657,-58.77723,343.17,0.35,0.57,2026-06-04,1819,N21,nominal,2.0NRT,297.28,3.67,D
-2.27809,-80.89458,328.29,0.44,0.46,2026-06-04,1828,N21,nominal,2.0NRT,285.93,2.47,D
-27.6431,-56.13154,326.31,0.52,0.67,2026-06-04,1819,N21,nominal,2.0NRT,293.54,7.02,D
1.03247,-79.47519,330.73,0.49,0.4,2026-06-04,1828,N21,nominal,2.0NRT,291.35,2.35,D
-27.6191,-55.93352,333.11,0.54,0.68,2026-06-04,1819,N21,nominal,2.0NRT,293.54,10.04,D
1.7931,-77.22694,327.94,0.39,0.37,2026-06-04,1830,N21,nominal,2.0NRT,294.63,3.4,D
-27.61307,-55.93558,351.1,0.54,0.68,2026-06-04,1819,N21,nominal,2.0NRT,294.69,10.04,D
4.23894,-71.18311,338.95,0.42,0.45,2026-06-04,1830,N21,nominal,2.0NRT,288.38,8.08,D
-27.6486,-56.12757,327.6,0.52,0.67,2026-06-04,1819,N21,nominal,2.0NRT,292.31,3.32,D
4.2384,-71.18684,348.04,0.42,0.45,2026-06-04,1830,N21,nominal,2.0NRT,289.21,11.97,D
-27.64261,-56.12953,328.57,0.52,0.67,2026-06-04,1819,N21,nominal,2.0NRT,293.7,6.68,D
3.74623,-74.97006,330.12,0.4,0.37,2026-06-04,1830,N21,nominal,2.0NRT,292.43,2,D
-28.3006,-58.87663,367,0.35,0.56,2026-06-04,1819,N21,high,2.0NRT,295.98,11.57,D
3.7496,-74.97057,341.42,0.4,0.37,2026-06-04,1830,N21,nominal,2.0NRT,293.68,3.16,D
-27.63662,-56.13146,348.47,0.52,0.67,2026-06-04,1819,N21,nominal,2.0NRT,294.69,6.68,D
3.83051,-75.09656,335.23,0.4,0.37,2026-06-04,1830,N21,nominal,2.0NRT,302.17,2.44,D
-28.30141,-58.88012,335.76,0.35,0.56,2026-06-04,1819,N21,nominal,2.0NRT,295.11,8.56,D
3.83257,-75.0974,342.97,0.4,0.37,2026-06-04,1830,N21,nominal,2.0NRT,303.81,6.73,D
-27.63194,-56.13858,329.15,0.52,0.67,2026-06-04,1819,N21,nominal,2.0NRT,294.34,6.85,D
3.90946,-75.02083,340.89,0.4,0.37,2026-06-04,1830,N21,nominal,2.0NRT,302.2,5.39,D
-27.91036,-57.47749,327.79,0.43,0.62,2026-06-04,1819,N21,nominal,2.0NRT,282.08,4.04,D
3.90892,-75.02443,333.96,0.4,0.37,2026-06-04,1830,N21,nominal,2.0NRT,299.92,1.23,D
-27.53692,-56.19765,334.28,0.52,0.67,2026-06-04,1819,N21,nominal,2.0NRT,294.1,10.33,D
3.98569,-74.91454,342.16,0.41,0.37,2026-06-04,1830,N21,nominal,2.0NRT,287.65,21,D
-27.53094,-56.19961,367,0.52,0.67,2026-06-04,1819,N21,high,2.0NRT,295.57,10.33,D
-27.52964,-56.19446,341.83,0.52,0.67,2026-06-04,1819,N21,nominal,2.0NRT,294.89,10.33,D
-27.53225,-56.20478,332.36,0.52,0.67,2026-06-04,1819,N21,nominal,2.0NRT,294.8,10.39,D
-27.52497,-56.20158,341.27,0.52,0.67,2026-06-04,1819,N21,nominal,2.0NRT,295.42,7.57,D
-28.2133,-59.27834,337.83,0.33,0.55,2026-06-04,1819,N21,nominal,2.0NRT,288.16,2.72,D
-27.22876,-55.34648,327.61,0.59,0.7,2026-06-04,1819,N21,nominal,2.0NRT,292.89,4.23,D
-28.21688,-59.49794,329.77,0.32,0.55,2026-06-04,1819,N21,nominal,2.0NRT,294.53,2.72,D
-27.86462,-58.10072,339.97,0.39,0.6,2026-06-04,1819,N21,nominal,2.0NRT,291.39,5.63,D
-27.86556,-58.10466,338.16,0.39,0.6,2026-06-04,1819,N21,nominal,2.0NRT,290.57,5.63,D
-27.81472,-58.40128,367,0.38,0.59,2026-06-04,1819,N21,high,2.0NRT,295.52,28.12,D
-27.81382,-58.3975,329.36,0.38,0.59,2026-06-04,1819,N21,nominal,2.0NRT,286.79,28.12,D
-27.32676,-56.5663,332.27,0.5,0.66,2026-06-04,1819,N21,nominal,2.0NRT,294.22,7.09,D
-27.99331,-59.30306,327.86,0.33,0.55,2026-06-04,1819,N21,nominal,2.0NRT,295.15,2.17,D
-27.32086,-56.56816,347.85,0.5,0.66,2026-06-04,1819,N21,nominal,2.0NRT,295.55,10.49,D
-27.32212,-56.5731,325.65,0.5,0.66,2026-06-04,1819,N21,nominal,2.0NRT,294.44,7.64,D
-27.32524,-56.56787,367,0.5,0.66,2026-06-04,1819,N21,high,2.0NRT,297.99,24.52,D
-27.92722,-59.12037,340.24,0.34,0.56,2026-06-04,1819,N21,nominal,2.0NRT,293.35,3.91,D
-28.16884,-60.29344,338.59,0.58,0.52,2026-06-04,1819,N21,nominal,2.0NRT,286.01,6.55,D
-28.16412,-60.29478,338.21,0.58,0.52,2026-06-04,1819,N21,nominal,2.0NRT,285.09,5.99,D
-27.98362,-59.53286,341.77,0.32,0.55,2026-06-04,1819,N21,nominal,2.0NRT,292.64,6.59,D
-27.97867,-59.5343,367,0.32,0.55,2026-06-04,1819,N21,high,2.0NRT,294.15,6.59,D
-27.91528,-59.39626,327.59,0.33,0.55,2026-06-04,1819,N21,nominal,2.0NRT,294.29,2.3,D
-27.91105,-59.401,326.73,0.33,0.55,2026-06-04,1819,N21,nominal,2.0NRT,294.18,1.76,D
-27.58798,-58.05942,325.13,0.4,0.6,2026-06-04,1819,N21,nominal,2.0NRT,293.06,5.23,D
-27.58895,-58.06342,336.71,0.4,0.6,2026-06-04,1819,N21,nominal,2.0NRT,293.4,5.49,D
-27.88226,-59.2997,345.38,0.33,0.56,2026-06-04,1819,N21,nominal,2.0NRT,297.48,5.69,D
-27.88304,-59.30304,330.65,0.33,0.56,2026-06-04,1819,N21,nominal,2.0NRT,295.38,3.93,D
-27.87724,-59.30117,367,0.33,0.56,2026-06-04,1819,N21,high,2.0NRT,298.12,6.84,D
-27.87993,-59.30149,367,0.33,0.56,2026-06-04,1819,N21,high,2.0NRT,299.37,15.72,D
-27.58927,-58.06308,344.18,0.4,0.6,2026-06-04,1819,N21,nominal,2.0NRT,293.4,5.54,D
-26.50741,-54.54749,367,0.69,0.74,2026-06-04,1819,N21,high,2.0NRT,295,27.29,D
-26.50935,-54.5547,339.62,0.69,0.74,2026-06-04,1819,N21,nominal,2.0NRT,293.2,27.29,D
-26.49603,-54.55897,367,0.69,0.74,2026-06-04,1819,N21,high,2.0NRT,296.86,26.14,D
-26.50735,-54.5526,367,0.69,0.74,2026-06-04,1819,N21,high,2.0NRT,295.02,28.66,D
-26.49401,-54.55679,352.39,0.69,0.74,2026-06-04,1819,N21,nominal,2.0NRT,294.54,13.79,D
-26.49584,-54.56373,333.73,0.69,0.74,2026-06-04,1819,N21,nominal,2.0NRT,291.95,13.79,D
-26.7549,-55.9024,328.93,0.56,0.69,2026-06-04,1819,N21,nominal,2.0NRT,293.11,4.95,D
-27.27723,-58.57643,341.82,0.38,0.59,2026-06-04,1819,N21,nominal,2.0NRT,294.6,5.38,D
-27.71348,-60.49602,344.95,0.57,0.52,2026-06-04,1819,N21,nominal,2.0NRT,289.65,15.22,D
-27.71397,-60.4979,338.03,0.57,0.52,2026-06-04,1819,N21,nominal,2.0NRT,289.18,8.61,D
-27.27521,-58.57712,345.07,0.38,0.59,2026-06-04,1819,N21,nominal,2.0NRT,295.27,5.19,D
-27.4255,-59.30745,329.51,0.34,0.56,2026-06-04,1819,N21,nominal,2.0NRT,294.52,2.23,D
-26.11266,-54.25243,325.61,0.73,0.76,2026-06-04,1819,N21,nominal,2.0NRT,294.51,12.48,D
-26.63275,-56.41187,326.68,0.53,0.67,2026-06-04,1819,N21,nominal,2.0NRT,293.62,4.33,D
-27.29896,-59.1826,336.63,0.35,0.57,2026-06-04,1819,N21,nominal,2.0NRT,294.99,5.53,D
-27.30312,-59.18069,339.34,0.35,0.57,2026-06-04,1819,N21,nominal,2.0NRT,295.83,4.41,D
-26.63349,-56.41222,328.7,0.53,0.67,2026-06-04,1819,N21,nominal,2.0NRT,293.53,3.83,D
-27.71917,-61.19813,339.59,0.52,0.5,2026-06-04,1819,N21,nominal,2.0NRT,284.88,11.24,D
-27.76925,-61.50294,339.14,0.5,0.49,2026-06-04,1819,N21,nominal,2.0NRT,276.65,7.21,D
-27.76562,-61.53027,326.01,0.5,0.49,2026-06-04,1819,N21,nominal,2.0NRT,272.13,4.43,D
-26.46996,-56.30173,353.21,0.54,0.68,2026-06-04,1819,N21,nominal,2.0NRT,294.32,11.95,D
-26.46568,-56.56915,333.31,0.52,0.67,2026-06-04,1819,N21,nominal,2.0NRT,294.2,17.35,D
-26.45967,-56.57101,367,0.52,0.67,2026-06-04,1819,N21,high,2.0NRT,298.94,17.35,D
-26.46097,-56.57613,352.79,0.52,0.67,2026-06-04,1819,N21,nominal,2.0NRT,295.03,17.35,D
-26.45935,-56.56897,367,0.52,0.67,2026-06-04,1819,N21,high,2.0NRT,296.08,23.81,D
-26.46061,-56.57409,353.68,0.52,0.67,2026-06-04,1819,N21,nominal,2.0NRT,297.32,23.81,D
-26.76114,-57.91487,328.14,0.43,0.62,2026-06-04,1819,N21,nominal,2.0NRT,293.1,2.75,D
-26.49413,-56.96796,337.37,0.49,0.65,2026-06-04,1819,N21,nominal,2.0NRT,292.82,6.36,D
-26.59127,-57.4876,330.15,0.46,0.63,2026-06-04,1819,N21,nominal,2.0NRT,293.2,3.67,D
-26.69304,-58.04057,329.63,0.42,0.61,2026-06-04,1819,N21,nominal,2.0NRT,294.49,3.49,D
-26.28111,-56.45073,329.46,0.54,0.68,2026-06-04,1819,N21,nominal,2.0NRT,294.64,2.99,D
-26.79865,-58.66266,333.28,0.39,0.59,2026-06-04,1819,N21,nominal,2.0NRT,289.81,7.1,D
-27.23285,-60.78744,335.68,0.56,0.52,2026-06-04,1819,N21,nominal,2.0NRT,294.23,6.59,D
-27.22622,-60.99127,327.08,0.55,0.51,2026-06-04,1819,N21,nominal,2.0NRT,295.91,4.9,D
-26.6438,-58.44699,338.23,0.4,0.6,2026-06-04,1819,N21,nominal,2.0NRT,294.32,4.16,D
-26.15571,-56.62285,328.67,0.53,0.67,2026-06-04,1819,N21,nominal,2.0NRT,294.29,4.15,D
-26.15099,-56.62991,331.43,0.53,0.67,2026-06-04,1819,N21,nominal,2.0NRT,294.06,7.51,D
-26.31396,-57.35597,367,0.47,0.64,2026-06-04,1819,N21,high,2.0NRT,295.3,21.86,D
-26.31279,-57.35126,338.75,0.47,0.64,2026-06-04,1819,N21,nominal,2.0NRT,290.24,18.16,D
-26.30819,-57.35775,367,0.47,0.64,2026-06-04,1819,N21,high,2.0NRT,296.3,14.97,D
-26.30704,-57.35314,333.43,0.47,0.64,2026-06-04,1819,N21,nominal,2.0NRT,293.48,14.09,D
-26.29885,-57.34528,347.91,0.47,0.64,2026-06-04,1819,N21,nominal,2.0NRT,292.84,12.38,D
-26.15108,-56.62733,338.22,0.53,0.67,2026-06-04,1819,N21,nominal,2.0NRT,294.38,10.73,D
-26.31554,-57.35402,329,0.47,0.64,2026-06-04,1819,N21,nominal,2.0NRT,292.44,4.92,D
-26.30977,-57.35585,367,0.47,0.64,2026-06-04,1819,N21,high,2.0NRT,299.44,37.42,D
-26.30054,-57.34335,346.57,0.48,0.64,2026-06-04,1819,N21,nominal,2.0NRT,293.75,8.26,D
-26.29472,-57.34501,329.88,0.48,0.64,2026-06-04,1819,N21,nominal,2.0NRT,294.01,4.36,D
-25.84409,-55.72839,333.69,0.61,0.71,2026-06-04,1819,N21,nominal,2.0NRT,294.19,19.35,D
-25.84565,-55.73442,355.06,0.61,0.71,2026-06-04,1819,N21,nominal,2.0NRT,296.64,19.35,D
-26.34676,-58.1454,341.8,0.42,0.61,2026-06-04,1819,N21,nominal,2.0NRT,294.56,6.25,D
-26.34774,-58.14954,339.8,0.42,0.61,2026-06-04,1819,N21,nominal,2.0NRT,294.12,6.25,D
-26.60816,-59.88962,326.52,0.33,0.55,2026-06-04,1819,N21,nominal,2.0NRT,293.93,0.08,D
-25.49755,-55.55413,327.97,0.63,0.72,2026-06-04,1819,N21,nominal,2.0NRT,293.08,6.35,D
-26.84258,-61.84054,367,0.5,0.49,2026-06-04,1819,N21,high,2.0NRT,294.83,33.91,D
-25.64605,-56.65045,338.88,0.54,0.68,2026-06-04,1819,N21,nominal,2.0NRT,295.14,6.35,D
-25.65491,-57.67902,350.72,0.47,0.64,2026-06-04,1819,N21,nominal,2.0NRT,294.86,7.7,D
-26.12788,-59.78159,326.14,0.34,0.56,2026-06-04,1819,N21,nominal,2.0NRT,295.97,2.64,D
-25.49657,-57.98243,339.73,0.45,0.63,2026-06-04,1819,N21,nominal,2.0NRT,293.91,8.42,D
-25.07118,-56.32453,330.3,0.58,0.7,2026-06-04,1819,N21,nominal,2.0NRT,295.06,4.34,D
-25.49618,-57.98174,331.58,0.45,0.63,2026-06-04,1819,N21,nominal,2.0NRT,293.5,8.69,D
-25.87335,-59.85107,330.67,0.34,0.56,2026-06-04,1819,N21,nominal,2.0NRT,296.73,3.5,D
-25.86826,-59.85246,337.85,0.34,0.56,2026-06-04,1819,N21,nominal,2.0NRT,297.47,3.6,D
-26.05247,-60.94143,335.68,0.58,0.52,2026-06-04,1819,N21,nominal,2.0NRT,296.14,4.78,D
-26.05345,-60.94175,329.5,0.58,0.52,2026-06-04,1819,N21,nominal,2.0NRT,295.71,3.36,D
-27.20715,-67.20374,332.4,0.41,0.37,2026-06-04,1819,N21,nominal,2.0NRT,280.29,3.35,D
-27.20375,-67.20438,334.84,0.41,0.37,2026-06-04,1819,N21,nominal,2.0NRT,286.67,12.86,D
-26.33982,-62.85901,337.38,0.44,0.46,2026-06-04,1819,N21,nominal,2.0NRT,296.72,5.49,D
-25.9847,-61.5749,345.49,0.54,0.51,2026-06-04,1819,N21,nominal,2.0NRT,298.64,20.93,D
-25.02865,-57.60638,347.89,0.49,0.65,2026-06-04,1819,N21,nominal,2.0NRT,295.51,40.39,D
-25.02979,-57.6111,349.64,0.49,0.65,2026-06-04,1819,N21,nominal,2.0NRT,304.79,25.97,D
-25.03093,-57.61586,337.54,0.49,0.65,2026-06-04,1819,N21,nominal,2.0NRT,294.72,25.97,D
-25.02392,-57.61284,331.68,0.49,0.65,2026-06-04,1819,N21,nominal,2.0NRT,295.07,25.97,D
-24.75285,-56.77427,325.63,0.56,0.69,2026-06-04,1819,N21,nominal,2.0NRT,295.17,4.52,D
-25.97216,-62.12339,339.9,0.5,0.49,2026-06-04,1819,N21,nominal,2.0NRT,295.39,5.15,D
-25.97385,-62.11961,328.84,0.5,0.49,2026-06-04,1819,N21,nominal,2.0NRT,295.18,5.23,D
-25.97485,-62.12454,337.15,0.5,0.49,2026-06-04,1819,N21,nominal,2.0NRT,294.78,5.23,D
-24.75573,-56.77395,331.89,0.56,0.69,2026-06-04,1819,N21,nominal,2.0NRT,295.65,6.68,D
-24.61502,-56.39495,335.78,0.59,0.7,2026-06-04,1819,N21,nominal,2.0NRT,292.46,9.3,D
-24.60683,-56.52396,338.21,0.58,0.7,2026-06-04,1819,N21,nominal,2.0NRT,292.64,5.77,D
-24.25902,-55.28332,325.66,0.7,0.75,2026-06-04,1819,N21,nominal,2.0NRT,293.65,6.73,D
-24.72986,-58.24395,338.7,0.45,0.63,2026-06-04,1821,N21,nominal,2.0NRT,295.67,7.07,D
-24.31696,-57.67128,327.58,0.5,0.66,2026-06-04,1821,N21,nominal,2.0NRT,294.66,3.06,D
-24.31446,-57.66803,325.2,0.5,0.66,2026-06-04,1821,N21,nominal,2.0NRT,294.99,6.49,D
-24.6296,-59.1264,332.53,0.4,0.6,2026-06-04,1821,N21,nominal,2.0NRT,296.94,3.81,D
-23.91586,-57.16374,333.77,0.55,0.68,2026-06-04,1821,N21,nominal,2.0NRT,294.69,8.04,D
-23.6844,-56.25817,335.91,0.63,0.72,2026-06-04,1821,N21,nominal,2.0NRT,296.89,9.46,D
-24.00783,-57.6216,353.86,0.51,0.66,2026-06-04,1821,N21,nominal,2.0NRT,297.17,18.11,D
-24.77024,-61.0332,338.74,0.61,0.54,2026-06-04,1821,N21,nominal,2.0NRT,296.42,11.62,D
-24.27069,-58.92755,325.77,0.42,0.61,2026-06-04,1821,N21,low,2.0NRT,296.07,3.33,D
-24.27305,-58.92653,342.3,0.42,0.61,2026-06-04,1821,N21,nominal,2.0NRT,296.6,4.39,D
-24.52662,-60.63395,327.95,0.33,0.55,2026-06-04,1821,N21,low,2.0NRT,299.01,3.81,D
-24.52094,-60.63205,341.22,0.33,0.55,2026-06-04,1821,N21,nominal,2.0NRT,300.73,9.72,D
-24.52163,-60.63527,332.87,0.33,0.55,2026-06-04,1821,N21,nominal,2.0NRT,299.04,3.81,D
-23.49381,-56.61706,341.99,0.61,0.71,2026-06-04,1821,N21,nominal,2.0NRT,299.43,9,D
-23.48749,-56.61917,336.1,0.61,0.71,2026-06-04,1821,N21,nominal,2.0NRT,298.52,6,D
-23.48841,-56.62164,330.14,0.61,0.71,2026-06-04,1821,N21,nominal,2.0NRT,297.5,8.88,D
-24.10033,-59.50985,328.87,0.39,0.6,2026-06-04,1821,N21,nominal,2.0NRT,298.2,2.6,D
-23.24352,-56.41048,367,0.63,0.72,2026-06-04,1821,N21,high,2.0NRT,296.97,15.42,D
-23.24523,-56.40874,340.85,0.64,0.72,2026-06-04,1821,N21,nominal,2.0NRT,295.01,11.51,D
-23.24667,-56.4146,339.96,0.63,0.72,2026-06-04,1821,N21,nominal,2.0NRT,294.75,11.51,D
-23.27274,-56.68888,367,0.61,0.71,2026-06-04,1821,N21,high,2.0NRT,298.54,18.66,D
-24.23334,-61.10947,332.31,0.62,0.54,2026-06-04,1821,N21,nominal,2.0NRT,299.87,6.71,D
-23.13851,-56.64362,325.05,0.62,0.71,2026-06-04,1821,N21,nominal,2.0NRT,299.18,3.85,D
-24.33031,-63.24719,367,0.46,0.47,2026-06-04,1821,N21,high,2.0NRT,300.06,27.77,D
-24.33122,-63.25167,356.06,0.46,0.47,2026-06-04,1821,N21,nominal,2.0NRT,300.92,27.77,D
-24.33213,-63.25615,355.24,0.46,0.47,2026-06-04,1821,N21,nominal,2.0NRT,300.72,27.77,D
-24.32945,-63.25069,367,0.46,0.47,2026-06-04,1821,N21,high,2.0NRT,300.27,31.47,D
-24.33033,-63.25517,367,0.46,0.47,2026-06-04,1821,N21,high,2.0NRT,300.95,31.47,D
-24.32857,-63.2462,341,0.46,0.47,2026-06-04,1821,N21,nominal,2.0NRT,297.91,16.73,D
-24.33121,-63.25965,338.88,0.46,0.47,2026-06-04,1821,N21,nominal,2.0NRT,296,9.11,D
-23.90579,-61.50559,342.57,0.6,0.53,2026-06-04,1821,N21,nominal,2.0NRT,297.52,14.26,D
-23.90099,-61.50682,346,0.6,0.53,2026-06-04,1821,N21,nominal,2.0NRT,299.33,14.26,D
-23.90222,-61.51262,335.76,0.6,0.53,2026-06-04,1821,N21,nominal,2.0NRT,298.37,8.55,D
-23.89618,-61.50804,345.6,0.6,0.53,2026-06-04,1821,N21,nominal,2.0NRT,303.67,43.39,D
-23.89865,-61.5196,326.09,0.6,0.53,2026-06-04,1821,N21,low,2.0NRT,297.18,8.84,D
-23.89262,-61.51504,332.63,0.6,0.53,2026-06-04,1821,N21,nominal,2.0NRT,299.01,8.84,D
-22.94916,-58.64133,325.4,0.47,0.64,2026-06-04,1821,N21,low,2.0NRT,295.68,4.36,D
-23.28315,-60.13268,338.18,0.37,0.58,2026-06-04,1821,N21,nominal,2.0NRT,302.41,4.17,D
-22.23996,-56.04471,325.23,0.71,0.75,2026-06-04,1821,N21,nominal,2.0NRT,296.67,7.27,D
-22.86995,-58.95386,325.05,0.45,0.63,2026-06-04,1821,N21,nominal,2.0NRT,297.02,3.31,D
-22.41637,-57.14857,342.72,0.6,0.7,2026-06-04,1821,N21,nominal,2.0NRT,298.26,7.4,D
-22.41002,-57.15036,327.89,0.6,0.7,2026-06-04,1821,N21,nominal,2.0NRT,298.02,7.4,D
-22.41563,-57.14858,343.93,0.6,0.7,2026-06-04,1821,N21,nominal,2.0NRT,298.16,6.38,D
-22.40929,-57.15039,325.13,0.6,0.7,2026-06-04,1821,N21,nominal,2.0NRT,297.72,6.38,D
-22.3934,-57.11276,331.7,0.6,0.71,2026-06-04,1821,N21,nominal,2.0NRT,297.38,6.23,D
-22.39407,-57.22733,325.68,0.59,0.7,2026-06-04,1821,N21,nominal,2.0NRT,297.17,3.84,D
-22.29332,-57.06598,342.85,0.61,0.71,2026-06-04,1821,N21,nominal,2.0NRT,298.33,7.81,D
-22.30207,-57.15633,342.81,0.6,0.71,2026-06-04,1821,N21,nominal,2.0NRT,297.93,11.54,D
-22.29426,-57.0685,339.01,0.61,0.71,2026-06-04,1821,N21,nominal,2.0NRT,297.76,6.81,D
-22.30247,-57.15906,348.13,0.6,0.71,2026-06-04,1821,N21,nominal,2.0NRT,298.46,10.31,D
-22.35073,-57.49888,339.55,0.57,0.69,2026-06-04,1821,N21,nominal,2.0NRT,297.83,9.58,D
-22.78371,-59.45031,344.89,0.42,0.61,2026-06-04,1821,N21,nominal,2.0NRT,297.73,8.92,D
-22.22334,-57.42387,329.1,0.58,0.7,2026-06-04,1821,N21,nominal,2.0NRT,296.42,7.5,D
-22.238,-57.48467,335.67,0.57,0.69,2026-06-04,1821,N21,nominal,2.0NRT,297.84,5.73,D
-23.01099,-61.41838,339.79,0.63,0.54,2026-06-04,1821,N21,nominal,2.0NRT,300.77,18.86,D
-23.00607,-61.41962,339.77,0.63,0.54,2026-06-04,1821,N21,nominal,2.0NRT,302.05,18.86,D
-22.49246,-62.16784,339.5,0.58,0.52,2026-06-04,1821,N21,nominal,2.0NRT,301.22,6.47,D
-21.55379,-58.61207,334.51,0.51,0.66,2026-06-04,1821,N21,nominal,2.0NRT,300.43,8.27,D
-21.91682,-60.80951,367,0.36,0.58,2026-06-04,1821,N21,high,2.0NRT,302.04,11.93,D
-21.61939,-59.87095,327.68,0.42,0.61,2026-06-04,1821,N21,low,2.0NRT,299.75,3.12,D
-21.60829,-59.87379,341.09,0.42,0.61,2026-06-04,1821,N21,nominal,2.0NRT,300.9,7.36,D
-21.79493,-61.7278,367,0.32,0.54,2026-06-04,1821,N21,high,2.0NRT,301.19,11.43,D
-21.79557,-61.73086,367,0.32,0.54,2026-06-04,1821,N21,high,2.0NRT,301.64,11.43,D
-21.78934,-61.72596,367,0.32,0.55,2026-06-04,1821,N21,high,2.0NRT,300.35,23.05,D
-21.78999,-61.72902,352.08,0.32,0.54,2026-06-04,1821,N21,nominal,2.0NRT,305.68,11.43,D
-21.79062,-61.73206,354.41,0.32,0.54,2026-06-04,1821,N21,nominal,2.0NRT,301.02,11.43,D
-21.39969,-60.30984,336.74,0.4,0.6,2026-06-04,1821,N21,nominal,2.0NRT,303.25,4.13,D
-20.37152,-56.19559,327.88,0.76,0.77,2026-06-04,1821,N21,nominal,2.0NRT,296.9,5.74,D
-21.32573,-61.03281,367,0.36,0.57,2026-06-04,1821,N21,high,2.0NRT,304.58,33.75,D
-21.32646,-61.03625,367,0.36,0.57,2026-06-04,1821,N21,high,2.0NRT,305.63,31.34,D
-21.3272,-61.03969,349.29,0.36,0.57,2026-06-04,1821,N21,nominal,2.0NRT,304.74,31.34,D
-21.32793,-61.04312,346.65,0.36,0.57,2026-06-04,1821,N21,nominal,2.0NRT,301.4,7.98,D
-21.32866,-61.04655,337.35,0.36,0.57,2026-06-04,1821,N21,nominal,2.0NRT,301.28,7.98,D
-21.32052,-61.0341,367,0.36,0.57,2026-06-04,1821,N21,high,2.0NRT,301.55,12.05,D
-21.32126,-61.03755,367,0.36,0.57,2026-06-04,1821,N21,high,2.0NRT,301.42,7.5,D
-21.32199,-61.04098,334.18,0.36,0.57,2026-06-04,1821,N21,nominal,2.0NRT,300.22,7.5,D
-21.46949,-62.15635,328.74,0.61,0.53,2026-06-04,1821,N21,low,2.0NRT,300.98,4.6,D
-20.70977,-59.46181,367,0.47,0.64,2026-06-04,1821,N21,high,2.0NRT,302.4,10.88,D
-20.48553,-58.4866,330.93,0.54,0.68,2026-06-04,1821,N21,nominal,2.0NRT,298.62,4.98,D
-19.80041,-56.35213,367,0.77,0.77,2026-06-04,1821,N21,high,2.0NRT,299.09,21.34,D
-22.31797,-68.88044,334.76,0.4,0.37,2026-06-04,1821,N21,nominal,2.0NRT,304.34,18.64,D
-18.98845,-58.07518,333.05,0.62,0.71,2026-06-04,1821,N21,nominal,2.0NRT,299.1,6.11,D
-18.55179,-58.59588,367,0.59,0.7,2026-06-04,1821,N21,high,2.0NRT,298.41,21.08,D
-18.54547,-58.59755,367,0.59,0.7,2026-06-04,1821,N21,high,2.0NRT,299.92,21.08,D
-18.53916,-58.59921,367,0.59,0.7,2026-06-04,1821,N21,high,2.0NRT,299.31,28.02,D
-18.54041,-58.60466,367,0.59,0.7,2026-06-04,1821,N21,high,2.0NRT,300.29,28.02,D
-18.5507,-58.59668,367,0.59,0.7,2026-06-04,1821,N21,high,2.0NRT,301.22,46.03,D
-18.53808,-58.60007,367,0.59,0.7,2026-06-04,1821,N21,high,2.0NRT,299.12,42.22,D
-18.53929,-58.60552,367,0.59,0.7,2026-06-04,1821,N21,high,2.0NRT,300.04,38.81,D
-18.39098,-59.04502,354.88,0.55,0.68,2026-06-04,1821,N21,nominal,2.0NRT,297.93,11.21,D
-18.39216,-59.05017,340.24,0.55,0.68,2026-06-04,1821,N21,nominal,2.0NRT,296.49,11.21,D
-18.38799,-59.04888,367,0.56,0.68,2026-06-04,1821,N21,high,2.0NRT,300.18,23.69,D
-18.38914,-59.05404,367,0.55,0.68,2026-06-04,1821,N21,high,2.0NRT,299.35,32.34,D
-18.39028,-59.0592,367,0.55,0.68,2026-06-04,1821,N21,high,2.0NRT,297,32.34,D
-18.38684,-59.04373,327.54,0.56,0.68,2026-06-04,1821,N21,nominal,2.0NRT,297.09,23.69,D
-18.39144,-59.06436,339.39,0.55,0.68,2026-06-04,1821,N21,nominal,2.0NRT,295.72,11.95,D
-18.38411,-59.0608,367,0.55,0.68,2026-06-04,1821,N21,high,2.0NRT,298.73,21.02,D
-18.38526,-59.06595,367,0.55,0.68,2026-06-04,1821,N21,high,2.0NRT,300,20.92,D
-18.38983,-59.08651,367,0.55,0.68,2026-06-04,1821,N21,high,2.0NRT,296.95,16.57,D
-18.38295,-59.05563,349.69,0.55,0.68,2026-06-04,1821,N21,nominal,2.0NRT,297.99,21.02,D
-18.3864,-59.07109,352.76,0.55,0.68,2026-06-04,1821,N21,nominal,2.0NRT,297.41,20.92,D
-18.38755,-59.07624,337.06,0.55,0.68,2026-06-04,1821,N21,nominal,2.0NRT,296.65,11.27,D
-18.38869,-59.08138,336.3,0.55,0.68,2026-06-04,1821,N21,nominal,2.0NRT,296.28,11.27,D
-18.39098,-59.09167,336.76,0.55,0.68,2026-06-04,1821,N21,nominal,2.0NRT,295.71,16.57,D
-18.37792,-59.06238,367,0.55,0.68,2026-06-04,1821,N21,high,2.0NRT,299.87,21.02,D
-18.37907,-59.06754,367,0.55,0.68,2026-06-04,1821,N21,high,2.0NRT,298.81,20.92,D
-18.37677,-59.05722,330.34,0.55,0.68,2026-06-04,1821,N21,nominal,2.0NRT,297.95,21.02,D
-18.38022,-59.07268,330.2,0.55,0.68,2026-06-04,1821,N21,nominal,2.0NRT,296.72,20.92,D
-18.38251,-59.08295,344.65,0.55,0.68,2026-06-04,1821,N21,nominal,2.0NRT,296.37,11.27,D
-18.13661,-59.41423,331.34,0.53,0.67,2026-06-04,1821,N21,nominal,2.0NRT,296.4,10.43,D
-19.7141,-67.7522,350.69,0.46,0.39,2026-06-04,1821,N21,nominal,2.0NRT,301.49,13.19,D
-18.31934,-62.06642,339.29,0.36,0.57,2026-06-04,1821,N21,nominal,2.0NRT,297.12,4.06,D
-17.71921,-59.92364,325.83,0.5,0.66,2026-06-04,1821,N21,low,2.0NRT,298.05,3.72,D
-17.71783,-59.92528,334.55,0.5,0.66,2026-06-04,1821,N21,nominal,2.0NRT,297.75,6.47,D
-17.72712,-60.33957,338.32,0.47,0.64,2026-06-04,1821,N21,nominal,2.0NRT,299.85,5.29,D
-17.7284,-60.33887,337.61,0.47,0.64,2026-06-04,1821,N21,nominal,2.0NRT,300.52,5.42,D
-17.56436,-59.65889,331.68,0.53,0.67,2026-06-04,1821,N21,nominal,2.0NRT,297.84,4.39,D
-17.50311,-59.49551,367,0.54,0.68,2026-06-04,1821,N21,high,2.0NRT,298.38,165.13,D
-17.50423,-59.50068,330.62,0.54,0.68,2026-06-04,1821,N21,nominal,2.0NRT,294.47,165.13,D
-17.49582,-59.49179,334.9,0.54,0.68,2026-06-04,1821,N21,nominal,2.0NRT,299.14,99.38,D
-17.50033,-59.51238,326.14,0.54,0.68,2026-06-04,1821,N21,nominal,2.0NRT,299.78,14.19,D
-17.50144,-59.51746,341.65,0.54,0.68,2026-06-04,1821,N21,nominal,2.0NRT,300.39,12.16,D
-17.96708,-61.70538,327.36,0.38,0.59,2026-06-04,1821,N21,nominal,2.0NRT,296.75,7.99,D
-17.96782,-61.70895,353.82,0.38,0.59,2026-06-04,1821,N21,nominal,2.0NRT,297.33,7.99,D
-17.49085,-59.49862,367,0.54,0.68,2026-06-04,1821,N21,high,2.0NRT,302.76,28.96,D
-17.49528,-59.51884,367,0.54,0.68,2026-06-04,1821,N21,high,2.0NRT,303.7,15.05,D
-17.48974,-59.4936,341.22,0.54,0.68,2026-06-04,1821,N21,nominal,2.0NRT,302.34,24.92,D
-17.49306,-59.50873,340.46,0.54,0.68,2026-06-04,1821,N21,nominal,2.0NRT,300.86,17.79,D
-17.49416,-59.5137,347.09,0.54,0.68,2026-06-04,1821,N21,nominal,2.0NRT,300.93,17.79,D
-17.49642,-59.52402,354.68,0.54,0.68,2026-06-04,1821,N21,nominal,2.0NRT,301.56,15.05,D
-17.49755,-59.52918,343.62,0.54,0.68,2026-06-04,1821,N21,nominal,2.0NRT,300.69,10.74,D
-17.49864,-59.53416,347.03,0.54,0.68,2026-06-04,1821,N21,nominal,2.0NRT,302.13,10.74,D
-18.15052,-62.65613,367,0.33,0.55,2026-06-04,1821,N21,high,2.0NRT,300.33,20.01,D
-17.48913,-59.52026,355.33,0.54,0.68,2026-06-04,1821,N21,nominal,2.0NRT,303.57,15.05,D
-17.49025,-59.52535,346.86,0.54,0.68,2026-06-04,1821,N21,nominal,2.0NRT,301.32,15.05,D
-17.49137,-59.53044,343.21,0.54,0.68,2026-06-04,1821,N21,nominal,2.0NRT,300.13,10.74,D
-17.49247,-59.53545,346.29,0.54,0.68,2026-06-04,1821,N21,nominal,2.0NRT,302.49,10.74,D
-17.49688,-59.55553,335.96,0.54,0.68,2026-06-04,1821,N21,nominal,2.0NRT,298.84,11.6,D
-18.15114,-62.65921,355.24,0.33,0.55,2026-06-04,1821,N21,nominal,2.0NRT,301.34,21.7,D
-17.48962,-59.55183,336.26,0.54,0.68,2026-06-04,1821,N21,nominal,2.0NRT,299.54,6.14,D
-17.49073,-59.55691,332.91,0.54,0.68,2026-06-04,1821,N21,nominal,2.0NRT,297.61,6.14,D
-17.48848,-59.60517,331.48,0.53,0.67,2026-06-04,1821,N21,nominal,2.0NRT,299.98,5.54,D
-17.48958,-59.61014,327.43,0.53,0.67,2026-06-04,1821,N21,nominal,2.0NRT,298.94,5.54,D
-17.60131,-60.48166,337.02,0.47,0.64,2026-06-04,1821,N21,nominal,2.0NRT,298.19,4.3,D
-17.59688,-61.87184,348.27,0.38,0.59,2026-06-04,1824,N21,nominal,2.0NRT,296.94,7.57,D
-17.59762,-61.87535,352.25,0.38,0.59,2026-06-04,1824,N21,nominal,2.0NRT,297.76,7.57,D
-17.59957,-61.87257,367,0.38,0.59,2026-06-04,1824,N21,high,2.0NRT,297.4,13.42,D
-18.38236,-66.32038,336.1,0.38,0.44,2026-06-04,1824,N21,low,2.0NRT,307.85,4.52,D
-16.59746,-58.23472,367,0.68,0.74,2026-06-04,1824,N21,high,2.0NRT,298.73,34.61,D
-17.61346,-62.92733,342.54,0.32,0.55,2026-06-04,1824,N21,nominal,2.0NRT,294.06,6.31,D
-17.66779,-63.28363,329.65,0.61,0.54,2026-06-04,1824,N21,nominal,2.0NRT,296.25,3.18,D
-16.60257,-58.23593,335.24,0.68,0.74,2026-06-04,1824,N21,nominal,2.0NRT,296.09,16.3,D
-16.59586,-58.23755,367,0.68,0.74,2026-06-04,1824,N21,high,2.0NRT,298.67,16.3,D
-17.52443,-62.74093,367,0.33,0.56,2026-06-04,1824,N21,high,2.0NRT,302.77,13.08,D
-17.52505,-62.74403,367,0.33,0.56,2026-06-04,1824,N21,high,2.0NRT,301.8,13.08,D
-16.87531,-59.83783,326.52,0.53,0.67,2026-06-04,1824,N21,nominal,2.0NRT,295.27,0.21,D
-16.55339,-59.3004,350.69,0.58,0.7,2026-06-04,1824,N21,nominal,2.0NRT,297.04,11.16,D
-16.62728,-59.86804,330.15,0.53,0.67,2026-06-04,1824,N21,nominal,2.0NRT,299.8,4.85,D
-16.48141,-59.34405,327.56,0.58,0.7,2026-06-04,1824,N21,nominal,2.0NRT,295.86,8.28,D
-16.19376,-58.46741,367,0.67,0.74,2026-06-04,1824,N21,high,2.0NRT,298.72,26.3,D
-16.18714,-58.46921,337.74,0.67,0.74,2026-06-04,1824,N21,nominal,2.0NRT,296.28,26.3,D
-16.41606,-59.54173,351.66,0.57,0.69,2026-06-04,1824,N21,nominal,2.0NRT,294.82,11.85,D
-16.41718,-59.5469,348.54,0.57,0.69,2026-06-04,1824,N21,nominal,2.0NRT,295.19,11.85,D
-16.38087,-59.56122,341.99,0.57,0.69,2026-06-04,1824,N21,nominal,2.0NRT,295.79,6.07,D
-16.38202,-59.56647,327.88,0.57,0.69,2026-06-04,1824,N21,nominal,2.0NRT,295.03,6.07,D
-16.64424,-60.77875,336.58,0.47,0.64,2026-06-04,1824,N21,nominal,2.0NRT,298.92,5.43,D
-16.1247,-58.50395,342.93,0.67,0.74,2026-06-04,1824,N21,nominal,2.0NRT,298.66,15.52,D
-16.35473,-59.56197,334.17,0.57,0.69,2026-06-04,1824,N21,nominal,2.0NRT,295.9,4.78,D
-16.37797,-59.56208,337.77,0.57,0.69,2026-06-04,1824,N21,nominal,2.0NRT,295.68,7.65,D
-16.3791,-59.56739,328.83,0.57,0.69,2026-06-04,1824,N21,nominal,2.0NRT,295.05,6.07,D
-16.35809,-59.56127,334.67,0.57,0.69,2026-06-04,1824,N21,nominal,2.0NRT,295.55,5.14,D
-16.16026,-59.3306,367,0.59,0.7,2026-06-04,1824,N21,high,2.0NRT,295.63,29.62,D
-16.16148,-59.3362,329.2,0.59,0.7,2026-06-04,1824,N21,nominal,2.0NRT,294.87,13.19,D
-16.83355,-62.89602,350.84,0.34,0.56,2026-06-04,1824,N21,nominal,2.0NRT,299.98,6.62,D
-16.83026,-62.8949,329.11,0.34,0.56,2026-06-04,1824,N21,nominal,2.0NRT,298.35,4.05,D
-16.83086,-62.89799,343.05,0.34,0.56,2026-06-04,1824,N21,nominal,2.0NRT,303.29,4.05,D
-16.80588,-62.8248,328.5,0.34,0.56,2026-06-04,1824,N21,nominal,2.0NRT,298.84,1.19,D
-16.48742,-61.55426,330.98,0.42,0.61,2026-06-04,1824,N21,nominal,2.0NRT,298.01,4.21,D
-16.48821,-61.55804,332.98,0.42,0.61,2026-06-04,1824,N21,nominal,2.0NRT,299.11,4.21,D
-16.62891,-62.26762,348.46,0.37,0.58,2026-06-04,1824,N21,nominal,2.0NRT,298.02,6.59,D
-16.62363,-62.26885,341.5,0.37,0.58,2026-06-04,1824,N21,nominal,2.0NRT,296.77,6.59,D
-16.80949,-63.96479,339.61,0.57,0.52,2026-06-04,1824,N21,nominal,2.0NRT,294.64,30.35,D
-16.81051,-63.97012,351.31,0.57,0.52,2026-06-04,1824,N21,nominal,2.0NRT,300.57,55.31,D
-16.80577,-63.97111,355.36,0.57,0.52,2026-06-04,1824,N21,nominal,2.0NRT,298.29,55.31,D
-16.79016,-63.94116,328.35,0.58,0.52,2026-06-04,1824,N21,nominal,2.0NRT,295.21,4.05,D
-16.18216,-61.13319,339.32,0.45,0.63,2026-06-04,1824,N21,nominal,2.0NRT,303.73,6.71,D
-16.17555,-61.13025,325.89,0.45,0.63,2026-06-04,1824,N21,low,2.0NRT,298.66,6.3,D
-16.17645,-61.13453,326.5,0.45,0.63,2026-06-04,1824,N21,low,2.0NRT,300.74,8.02,D
-16.17734,-61.13878,345.22,0.45,0.63,2026-06-04,1824,N21,nominal,2.0NRT,302.87,8.02,D
-16.08122,-60.71322,341.85,0.48,0.65,2026-06-04,1824,N21,nominal,2.0NRT,298.92,4.83,D
-16.07738,-60.71313,349.02,0.48,0.65,2026-06-04,1824,N21,nominal,2.0NRT,300.98,6.77,D
-16.62627,-63.68232,337.55,0.6,0.53,2026-06-04,1824,N21,nominal,2.0NRT,296.55,7.16,D
-16.15706,-62.00489,325.82,0.4,0.6,2026-06-04,1824,N21,nominal,2.0NRT,297.09,1.47,D
-16.09206,-61.82762,332.12,0.41,0.6,2026-06-04,1824,N21,nominal,2.0NRT,299.49,4.47,D
-16.09284,-61.8314,326.26,0.41,0.6,2026-06-04,1824,N21,nominal,2.0NRT,298.58,3.1,D
-15.95111,-61.83555,325.94,0.41,0.61,2026-06-04,1824,N21,low,2.0NRT,300.08,4.76,D
-15.94634,-61.84044,330.34,0.41,0.61,2026-06-04,1824,N21,nominal,2.0NRT,299.28,3.45,D
-16.08718,-62.86932,367,0.35,0.57,2026-06-04,1824,N21,high,2.0NRT,299.57,9.3,D
-15.80449,-61.81908,329.27,0.41,0.61,2026-06-04,1824,N21,nominal,2.0NRT,298.23,1.94,D
-17.49219,-71.35859,346.32,0.38,0.36,2026-06-04,1824,N21,nominal,2.0NRT,311.92,22.77,D
-15.96091,-63.35291,336.32,0.33,0.55,2026-06-04,1824,N21,nominal,2.0NRT,298.47,3.96,D
-16.03297,-63.84506,347.85,0.6,0.53,2026-06-04,1824,N21,nominal,2.0NRT,300.42,14.71,D
-16.03426,-63.84173,335.96,0.6,0.53,2026-06-04,1824,N21,nominal,2.0NRT,299.6,9.95,D
-16.03532,-63.84731,336.4,0.6,0.53,2026-06-04,1824,N21,nominal,2.0NRT,298.09,7.3,D
-15.89284,-63.21406,367,0.33,0.56,2026-06-04,1824,N21,high,2.0NRT,300.1,19.71,D
-15.89344,-63.21713,347.14,0.33,0.56,2026-06-04,1824,N21,nominal,2.0NRT,298.43,18.59,D
-15.77489,-63.27422,342.37,0.33,0.55,2026-06-04,1824,N21,nominal,2.0NRT,302.55,6.4,D
-15.76953,-63.43311,337.28,0.32,0.55,2026-06-04,1824,N21,nominal,2.0NRT,301.75,3.69,D
-39.19964,-73.08914,338.25,0.71,0.75,2026-06-04,1957,N21,nominal,2.0NRT,287.05,11.2,D
-39.19337,-73.09346,336.49,0.71,0.75,2026-06-04,1957,N21,nominal,2.0NRT,287.71,4.02,D
-39.1834,-73.0865,286,0.72,0.75,2026-06-04,1957,N21,low,2.0NRT,286.17,4.02,D
-38.27369,-73.0877,325.47,0.76,0.77,2026-06-04,1957,N21,nominal,2.0NRT,283.65,7.93,D
-23.83854,-46.3906,298.63,0.4,0.44,2026-06-05,0353,N21,nominal,2.0NRT,288.24,0.59,N
-24.5449,-42.47046,327.79,0.4,0.37,2026-06-05,0353,N21,nominal,2.0NRT,295.88,17.28,N
-24.63621,-42.41075,314.67,0.4,0.37,2026-06-05,0353,N21,nominal,2.0NRT,292.23,0.71,N
-24.63956,-42.41142,309.44,0.4,0.37,2026-06-05,0353,N21,nominal,2.0NRT,292.62,0.71,N
-24.65022,-42.51467,315.7,0.4,0.37,2026-06-05,0353,N21,nominal,2.0NRT,292.46,1.49,N
-24.78957,-42.50871,303.56,0.4,0.37,2026-06-05,0353,N21,nominal,2.0NRT,292.31,0.88,N
-23.81984,-48.70983,299.83,0.55,0.51,2026-06-05,0353,N21,nominal,2.0NRT,284.67,0.99,N
-23.81747,-48.71107,297.79,0.55,0.51,2026-06-05,0353,N21,nominal,2.0NRT,284.98,1.3,N
-25.02303,-42.66731,303.46,0.4,0.37,2026-06-05,0353,N21,nominal,2.0NRT,292.1,0.81,N
-23.98583,-48.91855,300.29,0.56,0.52,2026-06-05,0353,N21,nominal,2.0NRT,284.98,1.13,N
-25.20582,-42.8792,340.35,0.4,0.37,2026-06-05,0353,N21,nominal,2.0NRT,293.13,6.07,N
-25.33188,-42.69456,303.83,0.4,0.37,2026-06-05,0353,N21,nominal,2.0NRT,292.35,1.14,N
-25.60352,-42.82064,316.29,0.4,0.37,2026-06-05,0353,N21,nominal,2.0NRT,291.61,1.38,N
-25.65945,-42.86069,319.72,0.4,0.37,2026-06-05,0353,N21,nominal,2.0NRT,289.77,2.1,N
-28.46828,-56.29902,311.28,0.62,0.71,2026-06-05,0355,N21,nominal,2.0NRT,276.16,1.96,N
-28.75908,-56.69974,309.99,0.64,0.72,2026-06-05,0355,N21,nominal,2.0NRT,281.76,3.29,N
-3.584,-38.85751,302.45,0.45,0.39,2026-06-05,0347,N21,nominal,2.0NRT,290.14,2.45,N
-3.95796,-43.11444,322.59,0.53,0.5,2026-06-05,0347,N21,nominal,2.0NRT,290.17,2.69,N
-3.96256,-43.11518,302.31,0.53,0.5,2026-06-05,0347,N21,nominal,2.0NRT,289.73,2.69,N
-5.13079,-36.38432,303.41,0.38,0.36,2026-06-05,0347,N21,nominal,2.0NRT,292.34,0.95,N
-4.63225,-43.04947,302.29,0.52,0.5,2026-06-05,0347,N21,nominal,2.0NRT,290.56,1.04,N
-4.63678,-43.05021,313.88,0.52,0.5,2026-06-05,0347,N21,nominal,2.0NRT,290.26,1.64,N
-4.63325,-43.0524,311.8,0.51,0.5,2026-06-05,0347,N21,nominal,2.0NRT,290.23,1.88,N
-7.21869,-34.95805,302.2,0.41,0.37,2026-06-05,0347,N21,nominal,2.0NRT,288.3,0.75,N
-5.81481,-43.79285,307.14,0.55,0.51,2026-06-05,0347,N21,nominal,2.0NRT,288.99,1.29,N
-5.81243,-43.79447,303.38,0.55,0.51,2026-06-05,0347,N21,nominal,2.0NRT,288.67,1.29,N
-5.81328,-43.78955,305.69,0.55,0.51,2026-06-05,0347,N21,nominal,2.0NRT,288.95,1.29,N
-5.92837,-43.47719,328.88,0.52,0.5,2026-06-05,0347,N21,nominal,2.0NRT,289.84,5.07,N
-5.92758,-43.48191,315.26,0.53,0.5,2026-06-05,0347,N21,nominal,2.0NRT,290.29,6.89,N
-5.93134,-43.48747,324.92,0.53,0.5,2026-06-05,0347,N21,nominal,2.0NRT,290.08,6.89,N
-5.93213,-43.48275,343.44,0.53,0.5,2026-06-05,0347,N21,nominal,2.0NRT,291.64,6.89,N
-5.93292,-43.47805,337,0.52,0.5,2026-06-05,0347,N21,nominal,2.0NRT,290.25,5.07,N
-5.72107,-45.02811,304.8,0.34,0.56,2026-06-05,0347,N21,nominal,2.0NRT,288.99,1.11,N
-5.72458,-45.03802,307.79,0.34,0.56,2026-06-05,0347,N21,nominal,2.0NRT,289.15,1.34,N
-5.72511,-45.035,302.59,0.34,0.56,2026-06-05,0347,N21,nominal,2.0NRT,288.75,2.16,N
-5.72617,-45.02893,315.11,0.34,0.56,2026-06-05,0347,N21,nominal,2.0NRT,288.84,1.11,N
-6.98725,-42.88383,348.37,0.46,0.47,2026-06-05,0349,N21,nominal,2.0NRT,292.9,19.08,N
-7.64446,-45.23256,324.64,0.32,0.55,2026-06-05,0349,N21,nominal,2.0NRT,289.02,2.14,N
-7.64894,-45.23632,321.5,0.32,0.55,2026-06-05,0349,N21,nominal,2.0NRT,288.59,2.14,N
-7.64947,-45.23339,321.17,0.32,0.55,2026-06-05,0349,N21,nominal,2.0NRT,288.58,2.14,N
-7.64841,-45.2393,307.09,0.32,0.55,2026-06-05,0349,N21,nominal,2.0NRT,288.53,1.9,N
-7.34483,-49.83231,329.33,0.68,0.74,2026-06-05,0349,N21,nominal,2.0NRT,286.53,6.96,N
-7.34754,-49.83372,332.89,0.68,0.74,2026-06-05,0349,N21,nominal,2.0NRT,286.52,8.39,N
-7.35651,-49.82304,302.1,0.68,0.74,2026-06-05,0349,N21,nominal,2.0NRT,286.25,4.58,N
-7.95167,-46.84129,317.59,0.41,0.61,2026-06-05,0349,N21,nominal,2.0NRT,288.3,2.28,N
-7.95651,-46.84617,309.2,0.41,0.61,2026-06-05,0349,N21,nominal,2.0NRT,288.47,2.63,N
-7.95717,-46.84247,315.23,0.41,0.61,2026-06-05,0349,N21,nominal,2.0NRT,288.32,2.28,N
-8.24548,-47.10408,303.88,0.43,0.62,2026-06-05,0349,N21,nominal,2.0NRT,288.95,1.44,N
-8.24753,-47.09268,314.76,0.42,0.61,2026-06-05,0349,N21,nominal,2.0NRT,289.18,2.3,N
-8.24385,-47.10295,305.63,0.42,0.61,2026-06-05,0349,N21,nominal,2.0NRT,289.13,1.53,N
-8.24595,-47.09176,310.89,0.42,0.61,2026-06-05,0349,N21,nominal,2.0NRT,288.8,2.62,N
-8.32134,-46.99598,301.01,0.42,0.61,2026-06-05,0349,N21,nominal,2.0NRT,288.7,1.56,N
-8.32199,-46.99242,313.22,0.42,0.61,2026-06-05,0349,N21,nominal,2.0NRT,288.84,1.91,N
-8.3689,-46.79813,313.11,0.4,0.6,2026-06-05,0349,N21,nominal,2.0NRT,288.65,2.34,N
-8.37508,-46.79525,303.22,0.4,0.6,2026-06-05,0349,N21,nominal,2.0NRT,288.1,1.93,N
-9.49708,-40.31443,297.82,0.45,0.39,2026-06-05,0349,N21,nominal,2.0NRT,282.73,1.24,N
-9.49775,-40.31033,307.41,0.45,0.39,2026-06-05,0349,N21,nominal,2.0NRT,283.6,1.24,N
-8.47988,-46.27671,311.76,0.37,0.58,2026-06-05,0349,N21,nominal,2.0NRT,288.63,1.43,N
-8.48047,-46.27344,302.16,0.37,0.58,2026-06-05,0349,N21,nominal,2.0NRT,288.23,0.85,N
-8.64049,-45.77796,323.17,0.34,0.56,2026-06-05,0349,N21,nominal,2.0NRT,290.13,3.19,N
-8.64105,-45.77488,321.05,0.34,0.56,2026-06-05,0349,N21,nominal,2.0NRT,289.99,3.96,N
-8.64216,-45.76879,308.23,0.34,0.56,2026-06-05,0349,N21,nominal,2.0NRT,289.99,0.91,N
-8.6478,-45.76666,304.8,0.34,0.56,2026-06-05,0349,N21,nominal,2.0NRT,289.74,0.91,N
-9.08236,-44.36575,305.83,0.53,0.5,2026-06-05,0349,N21,nominal,2.0NRT,289.59,0.99,N
-8.72585,-48.33553,344.12,0.51,0.66,2026-06-05,0349,N21,nominal,2.0NRT,287.82,11.79,N
-8.72671,-48.33097,335.8,0.51,0.66,2026-06-05,0349,N21,nominal,2.0NRT,287.87,6.13,N
-8.72755,-48.3265,302.97,0.5,0.66,2026-06-05,0349,N21,nominal,2.0NRT,286.94,6.13,N
-8.73272,-48.33203,367,0.51,0.66,2026-06-05,0349,N21,high,2.0NRT,288.77,11.69,N
-8.73356,-48.32758,301.11,0.5,0.66,2026-06-05,0349,N21,nominal,2.0NRT,286.36,11.69,N
-10.51203,-42.37165,302.68,0.57,0.43,2026-06-05,0349,N21,nominal,2.0NRT,289.91,0.89,N
-10.5118,-42.36949,302.76,0.57,0.43,2026-06-05,0349,N21,nominal,2.0NRT,289.79,0.85,N
-10.51878,-42.37595,343.4,0.57,0.43,2026-06-05,0349,N21,nominal,2.0NRT,291.08,11.61,N
-10.51967,-42.37084,336.04,0.57,0.43,2026-06-05,0349,N21,nominal,2.0NRT,291.36,14.63,N
-9.68447,-47.0435,300.77,0.4,0.6,2026-06-05,0349,N21,nominal,2.0NRT,289.02,1.3,N
-9.08074,-50.62009,306.62,0.71,0.75,2026-06-05,0349,N21,nominal,2.0NRT,287.67,2.86,N
-9.08197,-50.61378,307.8,0.71,0.75,2026-06-05,0349,N21,nominal,2.0NRT,287.78,2.86,N
-9.08883,-50.61494,318.82,0.71,0.75,2026-06-05,0349,N21,nominal,2.0NRT,288.35,5.05,N
-9.08166,-50.62039,303.34,0.71,0.75,2026-06-05,0349,N21,nominal,2.0NRT,287.61,4.53,N
-9.08293,-50.61408,310.2,0.71,0.75,2026-06-05,0349,N21,nominal,2.0NRT,287.99,4.25,N
-9.08979,-50.61525,316.38,0.71,0.75,2026-06-05,0349,N21,nominal,2.0NRT,288.18,4.25,N
-9.90466,-47.48054,309.5,0.42,0.61,2026-06-05,0349,N21,nominal,2.0NRT,288.66,1.61,N
-9.369,-50.539,301.42,0.69,0.74,2026-06-05,0349,N21,nominal,2.0NRT,287.67,3.17,N
-9.37454,-50.54649,303.6,0.69,0.75,2026-06-05,0349,N21,nominal,2.0NRT,287.81,3.17,N
-9.37577,-50.54031,314.31,0.69,0.74,2026-06-05,0349,N21,nominal,2.0NRT,287.71,3.17,N
-9.92787,-48.00408,300.35,0.46,0.63,2026-06-05,0349,N21,nominal,2.0NRT,288.26,0.71,N
-9.93364,-48.00511,311.29,0.46,0.63,2026-06-05,0349,N21,nominal,2.0NRT,287.98,1.14,N
-11.03551,-44.32204,312.88,0.49,0.49,2026-06-05,0349,N21,nominal,2.0NRT,288.5,2.97,N
-11.03993,-44.32288,314.73,0.49,0.49,2026-06-05,0349,N21,nominal,2.0NRT,288.49,2.7,N
-11.03473,-44.32035,314.17,0.49,0.49,2026-06-05,0349,N21,nominal,2.0NRT,288.09,2.25,N
-11.03915,-44.32117,312.05,0.49,0.49,2026-06-05,0349,N21,nominal,2.0NRT,288.29,1.22,N
-10.58635,-46.77328,322.17,0.37,0.58,2026-06-05,0349,N21,nominal,2.0NRT,288.38,2.01,N
-11.04358,-44.32201,300.14,0.49,0.49,2026-06-05,0349,N21,nominal,2.0NRT,287.71,1.22,N
-10.79155,-47.03702,328.82,0.38,0.59,2026-06-05,0349,N21,nominal,2.0NRT,289.4,4.23,N
-10.79222,-47.03349,332.95,0.38,0.59,2026-06-05,0349,N21,nominal,2.0NRT,289.67,4.23,N
-10.38918,-49.44932,313.5,0.56,0.69,2026-06-05,0349,N21,nominal,2.0NRT,289.38,5.48,N
-10.39018,-49.44419,311.73,0.56,0.69,2026-06-05,0349,N21,nominal,2.0NRT,288.96,4.49,N
-10.88274,-46.99124,305.87,0.37,0.58,2026-06-05,0349,N21,nominal,2.0NRT,289.01,1.52,N
-10.38746,-49.4459,322.97,0.56,0.69,2026-06-05,0349,N21,nominal,2.0NRT,289.39,2.88,N
-10.38642,-49.45105,299.14,0.56,0.69,2026-06-05,0349,N21,nominal,2.0NRT,288.93,2.88,N
-10.88118,-46.99132,301.56,0.37,0.58,2026-06-05,0349,N21,nominal,2.0NRT,288.77,1.22,N
-12.39869,-38.34484,306.3,0.38,0.36,2026-06-05,0349,N21,nominal,2.0NRT,280.14,1.01,N
-12.40199,-38.34538,303.35,0.38,0.36,2026-06-05,0349,N21,nominal,2.0NRT,282.01,1.01,N
-10.93316,-46.94886,300.26,0.37,0.58,2026-06-05,0349,N21,nominal,2.0NRT,289.21,1.06,N
-10.93378,-46.94556,312.94,0.37,0.58,2026-06-05,0349,N21,nominal,2.0NRT,289.06,1.64,N
-10.93973,-46.94305,301.36,0.37,0.58,2026-06-05,0349,N21,nominal,2.0NRT,289.32,0.72,N
-11.11889,-46.00885,316.39,0.32,0.54,2026-06-05,0349,N21,nominal,2.0NRT,287.58,1.39,N
-12.86125,-38.36683,305.48,0.38,0.36,2026-06-05,0349,N21,nominal,2.0NRT,290.56,0.85,N
-11.38807,-47.82214,304.56,0.42,0.61,2026-06-05,0349,N21,nominal,2.0NRT,289.4,1.17,N
-11.38879,-47.81844,299.27,0.42,0.61,2026-06-05,0349,N21,nominal,2.0NRT,288.57,0.89,N
-11.3895,-47.81475,301.31,0.42,0.61,2026-06-05,0349,N21,nominal,2.0NRT,288.56,0.89,N
-11.99932,-45.35518,298.49,0.55,0.51,2026-06-05,0349,N21,nominal,2.0NRT,287.6,1.22,N
-12.00024,-45.35016,306.2,0.55,0.51,2026-06-05,0349,N21,nominal,2.0NRT,287.83,1.22,N
-12.00399,-45.35605,316.47,0.55,0.51,2026-06-05,0349,N21,nominal,2.0NRT,287.85,2.57,N
-12.00491,-45.35102,304.85,0.55,0.51,2026-06-05,0349,N21,nominal,2.0NRT,287.43,2.57,N
-11.54646,-48.27105,325.86,0.44,0.63,2026-06-05,0349,N21,nominal,2.0NRT,289.22,4.92,N
-11.63405,-47.8789,303.62,0.42,0.61,2026-06-05,0349,N21,nominal,2.0NRT,290.13,2.15,N
-11.63477,-47.87513,300.62,0.42,0.61,2026-06-05,0349,N21,nominal,2.0NRT,289.59,1.52,N
-12.03011,-45.88755,305.63,0.6,0.53,2026-06-05,0349,N21,nominal,2.0NRT,286.88,1.81,N
-12.0311,-45.88215,308.53,0.6,0.53,2026-06-05,0349,N21,nominal,2.0NRT,287.02,1.81,N
-11.99627,-47.77391,303.55,0.4,0.6,2026-06-05,0349,N21,nominal,2.0NRT,288.81,1.22,N
-12.06417,-48.07459,322.25,0.42,0.61,2026-06-05,0349,N21,nominal,2.0NRT,286.34,2.25,N
-12.53242,-45.67878,309.59,0.57,0.52,2026-06-05,0349,N21,nominal,2.0NRT,286.68,1.64,N
-12.06258,-48.07417,325.7,0.42,0.61,2026-06-05,0349,N21,nominal,2.0NRT,285.86,2.31,N
-12.53305,-45.68122,297.08,0.57,0.52,2026-06-05,0349,N21,nominal,2.0NRT,286.5,1.31,N
-12.53402,-45.67605,305.11,0.57,0.52,2026-06-05,0349,N21,nominal,2.0NRT,287.07,1.31,N
-12.92733,-43.61792,305.7,0.41,0.45,2026-06-05,0349,N21,nominal,2.0NRT,287.98,1.08,N
-12.50397,-46.34441,322.19,0.63,0.54,2026-06-05,0349,N21,nominal,2.0NRT,289.79,4.2,N
-12.5264,-46.27826,325.3,0.63,0.54,2026-06-05,0349,N21,nominal,2.0NRT,290.85,5.61,N
-12.50463,-46.34723,314.36,0.63,0.54,2026-06-05,0349,N21,nominal,2.0NRT,289.77,3.24,N
-12.50577,-46.34134,305.34,0.63,0.54,2026-06-05,0349,N21,nominal,2.0NRT,289.34,1.77,N
-12.52266,-46.28012,319.26,0.63,0.54,2026-06-05,0349,N21,nominal,2.0NRT,290.47,4.38,N
-12.52381,-46.27417,307.94,0.63,0.54,2026-06-05,0349,N21,nominal,2.0NRT,290.05,3.9,N
-13.66412,-47.76012,303.6,0.38,0.58,2026-06-05,0351,N21,nominal,2.0NRT,289.02,1.33,N
-13.66476,-47.75676,309.03,0.38,0.58,2026-06-05,0351,N21,nominal,2.0NRT,288.79,1.33,N
-13.66541,-47.75337,318.19,0.38,0.58,2026-06-05,0351,N21,nominal,2.0NRT,289.17,2.4,N
-13.6676,-47.76134,321.57,0.38,0.58,2026-06-05,0351,N21,nominal,2.0NRT,289.91,2.38,N
-13.66826,-47.75801,319.15,0.37,0.58,2026-06-05,0351,N21,nominal,2.0NRT,288.98,2.38,N
-13.66892,-47.75468,316.28,0.37,0.58,2026-06-05,0351,N21,nominal,2.0NRT,289.36,1.43,N
-13.66959,-47.75132,300.92,0.37,0.58,2026-06-05,0351,N21,nominal,2.0NRT,288.84,1.43,N
-14.79767,-42.80801,300.92,0.52,0.42,2026-06-05,0351,N21,nominal,2.0NRT,289.87,0.73,N
-14.37328,-45.56493,302.53,0.52,0.5,2026-06-05,0351,N21,nominal,2.0NRT,287.29,1.19,N
-14.37416,-45.56016,301.91,0.52,0.5,2026-06-05,0351,N21,nominal,2.0NRT,287.38,1.19,N
-14.37429,-45.58487,305.73,0.52,0.5,2026-06-05,0351,N21,nominal,2.0NRT,285.85,1.9,N
-14.37883,-45.58575,308.88,0.52,0.5,2026-06-05,0351,N21,nominal,2.0NRT,286.17,1.9,N
-15.31413,-41.89688,302.66,0.46,0.39,2026-06-05,0351,N21,nominal,2.0NRT,286.68,1.13,N
-15.31772,-41.89749,339.27,0.46,0.39,2026-06-05,0351,N21,nominal,2.0NRT,294.62,8.25,N
-15.31698,-41.90177,302.5,0.46,0.39,2026-06-05,0351,N21,nominal,2.0NRT,286.48,8.25,N
-16.22939,-40.14861,297.05,0.4,0.37,2026-06-05,0351,N21,nominal,2.0NRT,286.14,0.28,N
-14.1567,-51.59317,306.28,0.66,0.73,2026-06-05,0351,N21,nominal,2.0NRT,292.25,3.43,N
-14.1534,-51.59409,315.02,0.66,0.73,2026-06-05,0351,N21,nominal,2.0NRT,292.35,3.35,N
-16.22815,-42.78574,297.25,0.5,0.41,2026-06-05,0351,N21,nominal,2.0NRT,285.74,0.77,N
-15.56783,-47.85614,308.56,0.35,0.57,2026-06-05,0351,N21,nominal,2.0NRT,291.91,1.48,N
-14.76946,-52.67859,303.1,0.75,0.77,2026-06-05,0351,N21,nominal,2.0NRT,288.74,4.66,N
-14.76851,-52.67531,301.52,0.75,0.77,2026-06-05,0351,N21,nominal,2.0NRT,288.88,1.52,N
-14.77537,-52.67727,306.78,0.75,0.77,2026-06-05,0351,N21,nominal,2.0NRT,288.8,2.16,N
-16.68189,-43.88457,306.12,0.56,0.43,2026-06-05,0351,N21,nominal,2.0NRT,289.44,2.22,N
-16.68139,-43.88634,302.5,0.56,0.43,2026-06-05,0351,N21,nominal,2.0NRT,289.55,1.61,N
-17.09638,-43.8031,299.2,0.55,0.42,2026-06-05,0351,N21,nominal,2.0NRT,287.86,0.81,N
-18.03982,-39.92423,305.37,0.39,0.36,2026-06-05,0351,N21,nominal,2.0NRT,291.13,0.65,N
-19.28158,-40.44042,300.74,0.39,0.36,2026-06-05,0351,N21,nominal,2.0NRT,287.4,0.53,N
-17.77871,-50.47127,320.78,0.47,0.64,2026-06-05,0351,N21,nominal,2.0NRT,289.07,3.97,N
-17.78544,-50.46822,325.83,0.47,0.64,2026-06-05,0351,N21,nominal,2.0NRT,289.57,6.77,N
-17.78455,-50.47244,317.42,0.47,0.64,2026-06-05,0351,N21,nominal,2.0NRT,288.54,3.97,N
-17.7784,-50.46912,311.59,0.47,0.64,2026-06-05,0351,N21,nominal,2.0NRT,288.82,5.03,N
-17.78425,-50.47028,346.98,0.47,0.64,2026-06-05,0351,N21,nominal,2.0NRT,290.98,5.03,N
-19.71749,-40.35452,304.16,0.39,0.36,2026-06-05,0351,N21,nominal,2.0NRT,289.73,0.82,N
-19.0574,-44.80401,300.8,0.39,0.44,2026-06-05,0351,N21,nominal,2.0NRT,286.1,0.85,N
-19.48259,-42.53377,309.35,0.44,0.38,2026-06-05,0351,N21,nominal,2.0NRT,284,1.4,N
-19.43903,-44.33975,298.18,0.54,0.42,2026-06-05,0351,N21,nominal,2.0NRT,286.45,1.08,N
-19.51447,-44.27554,301.16,0.53,0.42,2026-06-05,0351,N21,nominal,2.0NRT,287.03,0.85,N
-20.23176,-40.24498,320.86,0.39,0.36,2026-06-05,0351,N21,nominal,2.0NRT,290.26,1.21,N
-20.23349,-40.23398,322.37,0.38,0.36,2026-06-05,0351,N21,nominal,2.0NRT,294.98,2.76,N
-20.23407,-40.23031,329.35,0.38,0.36,2026-06-05,0351,N21,nominal,2.0NRT,295.97,3.78,N
-20.23234,-40.24131,303.03,0.39,0.36,2026-06-05,0351,N21,nominal,2.0NRT,289.68,1.21,N
-20.23894,-40.2428,327.78,0.38,0.36,2026-06-05,0351,N21,nominal,2.0NRT,291.68,6.31,N
-20.2401,-40.23547,302.05,0.38,0.36,2026-06-05,0351,N21,nominal,2.0NRT,288.94,1.67,N
-20.24224,-40.24339,350.33,0.38,0.36,2026-06-05,0351,N21,nominal,2.0NRT,295.13,6.31,N
-20.24282,-40.23972,301.15,0.38,0.36,2026-06-05,0351,N21,nominal,2.0NRT,290.41,1.67,N
-20.24555,-40.24397,300.31,0.38,0.36,2026-06-05,0351,N21,nominal,2.0NRT,288.96,3.18,N
-20.24613,-40.24031,309.24,0.38,0.36,2026-06-05,0351,N21,nominal,2.0NRT,290.22,1.61,N
-20.24886,-40.24456,341.71,0.38,0.36,2026-06-05,0351,N21,nominal,2.0NRT,291.43,3.18,N
-20.24944,-40.24089,316.49,0.38,0.36,2026-06-05,0351,N21,nominal,2.0NRT,289.84,1.61,N
-20.25002,-40.23722,314.51,0.38,0.36,2026-06-05,0351,N21,nominal,2.0NRT,291.07,1.61,N
-20.25449,-40.23048,330.62,0.38,0.36,2026-06-05,0351,N21,nominal,2.0NRT,290.91,2.03,N
-20.25275,-40.24148,306.68,0.38,0.36,2026-06-05,0351,N21,nominal,2.0NRT,291.26,1.13,N
-20.25391,-40.23415,314.77,0.38,0.36,2026-06-05,0351,N21,nominal,2.0NRT,290.14,2.03,N
-19.60743,-44.06123,297.25,0.52,0.41,2026-06-05,0351,N21,nominal,2.0NRT,285.34,1.21,N
-19.60832,-44.05639,298.67,0.52,0.41,2026-06-05,0351,N21,nominal,2.0NRT,285.4,1.14,N
-20.36976,-41.9111,296.68,0.41,0.37,2026-06-05,0351,N21,nominal,2.0NRT,283.83,0.64,N
-19.97908,-44.85659,307.1,0.57,0.43,2026-06-05,0351,N21,nominal,2.0NRT,284.21,1.48,N
-20.15242,-44.88049,296.24,0.56,0.43,2026-06-05,0351,N21,nominal,2.0NRT,285.82,1.11,N
-20.53956,-43.76518,295.18,0.49,0.4,2026-06-05,0351,N21,nominal,2.0NRT,284.12,0.71,N
-20.54324,-43.76589,312.66,0.49,0.4,2026-06-05,0351,N21,nominal,2.0NRT,283.56,2.26,N
-20.5449,-43.75664,297.89,0.49,0.4,2026-06-05,0351,N21,nominal,2.0NRT,286.38,2.92,N
-20.54573,-43.75202,295.96,0.49,0.4,2026-06-05,0351,N21,nominal,2.0NRT,285.03,1.04,N
-20.54941,-43.75271,297.77,0.49,0.4,2026-06-05,0351,N21,nominal,2.0NRT,284.15,1.04,N
-20.28131,-46.48098,304.13,0.47,0.47,2026-06-05,0351,N21,nominal,2.0NRT,283.34,0.92,N
-20.28218,-46.47654,295.97,0.47,0.47,2026-06-05,0351,N21,nominal,2.0NRT,283.44,0.92,N
-20.66247,-45.50362,301.74,0.4,0.44,2026-06-05,0351,N21,nominal,2.0NRT,284.23,0.83,N
-21.17978,-43.97844,297.75,0.49,0.4,2026-06-05,0351,N21,nominal,2.0NRT,286.4,1.1,N
-21.6589,-41.3249,310.58,0.39,0.36,2026-06-05,0351,N21,nominal,2.0NRT,287.87,1.09,N
-21.99355,-39.74129,307.05,0.39,0.36,2026-06-05,0351,N21,nominal,2.0NRT,293.67,0.88,N
-19.73654,-53.54652,367,0.67,0.74,2026-06-05,0353,N21,high,2.0NRT,289.86,16.37,N
-19.74315,-53.54836,352.1,0.67,0.74,2026-06-05,0353,N21,nominal,2.0NRT,289.36,16.37,N
-19.72288,-54.65078,321.15,0.79,0.78,2026-06-05,0353,N21,nominal,2.0NRT,288.14,7.55,N
-19.72119,-54.6577,308.36,0.79,0.78,2026-06-05,0353,N21,nominal,2.0NRT,288.49,8.41,N
-19.71916,-54.64988,306.86,0.79,0.78,2026-06-05,0353,N21,nominal,2.0NRT,287.77,5.77,N
-19.72615,-54.65189,316.53,0.79,0.78,2026-06-05,0353,N21,nominal,2.0NRT,287.59,5.77,N
-21.27694,-48.61798,303.99,0.61,0.53,2026-06-05,0353,N21,nominal,2.0NRT,286.56,1.45,N
-22.5065,-44.1045,300.18,0.48,0.4,2026-06-05,0353,N21,nominal,2.0NRT,286.91,1.23,N
-22.51014,-44.10524,300.81,0.48,0.4,2026-06-05,0353,N21,nominal,2.0NRT,287.77,1.23,N
-22.51296,-44.11056,298.18,0.48,0.4,2026-06-05,0353,N21,nominal,2.0NRT,287.93,1.23,N
-22.51943,-44.1166,303.48,0.48,0.4,2026-06-05,0353,N21,nominal,2.0NRT,286.55,2.36,N
-20.99471,-51.79184,301.86,0.49,0.65,2026-06-05,0353,N21,nominal,2.0NRT,291.16,2.13,N
-22.7262,-43.26786,325.79,0.44,0.38,2026-06-05,0353,N21,nominal,2.0NRT,289.21,3.02,N
-22.08936,-47.06496,299.32,0.47,0.48,2026-06-05,0353,N21,nominal,2.0NRT,285.6,0.96,N
-22.09053,-47.0635,306.3,0.47,0.48,2026-06-05,0353,N21,nominal,2.0NRT,286.29,1.43,N
-21.80738,-49.11834,321.5,0.32,0.54,2026-06-05,0353,N21,nominal,2.0NRT,288.61,1.45,N
-21.80605,-49.12458,308.38,0.32,0.54,2026-06-05,0353,N21,nominal,2.0NRT,288.15,1.77,N
-21.80671,-49.12149,313.66,0.32,0.54,2026-06-05,0353,N21,nominal,2.0NRT,288.07,1.77,N
-21.80806,-49.11515,317.67,0.32,0.54,2026-06-05,0353,N21,nominal,2.0NRT,288.07,1.45,N
-21.81231,-49.11958,300.43,0.32,0.54,2026-06-05,0353,N21,nominal,2.0NRT,287.69,1.45,N
-22.90422,-43.75049,327.48,0.45,0.39,2026-06-05,0353,N21,nominal,2.0NRT,288.71,2.93,N
-22.90652,-43.73734,323.33,0.45,0.39,2026-06-05,0353,N21,nominal,2.0NRT,291.19,3.53,N
-22.90729,-43.73295,333.63,0.45,0.39,2026-06-05,0353,N21,nominal,2.0NRT,290.13,8.38,N
-22.91008,-43.73807,322.2,0.45,0.39,2026-06-05,0353,N21,nominal,2.0NRT,288.41,3.65,N
-22.91084,-43.73368,303.01,0.45,0.39,2026-06-05,0353,N21,nominal,2.0NRT,286.68,1.55,N
-22.91161,-43.72929,316.61,0.45,0.39,2026-06-05,0353,N21,nominal,2.0NRT,286.72,1.55,N
-22.91517,-43.73002,320.41,0.45,0.39,2026-06-05,0353,N21,nominal,2.0NRT,284.15,1.55,N
-22.9144,-43.73441,298.9,0.45,0.39,2026-06-05,0353,N21,nominal,2.0NRT,284.56,1.55,N
-22.9126,-43.76587,303.28,0.45,0.39,2026-06-05,0353,N21,nominal,2.0NRT,287.11,0.88,N
-22.91769,-43.75781,299.12,0.45,0.39,2026-06-05,0353,N21,nominal,2.0NRT,288.21,0.93,N
-22.92126,-43.75854,301.01,0.45,0.39,2026-06-05,0353,N21,nominal,2.0NRT,288.77,1.58,N
-22.92202,-43.75415,314.02,0.45,0.39,2026-06-05,0353,N21,nominal,2.0NRT,288.68,1.39,N
-22.92558,-43.75488,304.34,0.45,0.39,2026-06-05,0353,N21,nominal,2.0NRT,290.6,1.39,N
-22.91998,-43.7574,317.04,0.45,0.39,2026-06-05,0353,N21,nominal,2.0NRT,290.72,1.57,N
-22.92354,-43.75812,304.97,0.45,0.39,2026-06-05,0353,N21,nominal,2.0NRT,289.35,1.57,N
-22.92433,-43.75373,304.21,0.45,0.39,2026-06-05,0353,N21,nominal,2.0NRT,290.14,2,N
-22.58208,-46.1163,300.59,0.4,0.45,2026-06-05,0353,N21,nominal,2.0NRT,283.09,0.77,N
-22.67366,-47.40839,300.98,0.48,0.48,2026-06-05,0353,N21,nominal,2.0NRT,286.46,1.35,N
-22.67456,-47.40382,301.02,0.48,0.48,2026-06-05,0353,N21,nominal,2.0NRT,285.86,1.08,N
-22.67377,-47.40651,311.51,0.48,0.48,2026-06-05,0353,N21,nominal,2.0NRT,286.71,1.79,N
-22.69664,-47.65738,311.06,0.5,0.49,2026-06-05,0353,N21,nominal,2.0NRT,288.18,1.88,N
-22.5398,-48.81082,301.44,0.59,0.53,2026-06-05,0353,N21,nominal,2.0NRT,288.22,2.44,N
-23.31502,-46.11341,301.04,0.39,0.44,2026-06-05,0353,N21,nominal,2.0NRT,284.75,0.74,N
-23.14793,-47.08496,298.23,0.45,0.47,2026-06-05,0353,N21,nominal,2.0NRT,286.37,0.59,N
-52.60456,-68.13027,298.22,0.56,0.43,2026-06-05,0544,N21,nominal,2.0NRT,279.09,0.7,N
11.73839,-70.19742,329.94,0.6,0.71,2026-06-05,0525,N21,nominal,2.0NRT,239.37,9.3,N
10.59343,-66.47627,326.8,0.32,0.55,2026-06-05,0525,N21,nominal,2.0NRT,279.76,2.38,N
10.59407,-66.48129,307.03,0.32,0.55,2026-06-05,0525,N21,nominal,2.0NRT,279.26,1.61,N
10.59373,-66.47858,317.29,0.32,0.55,2026-06-05,0525,N21,nominal,2.0NRT,279.61,2.38,N
6.06477,-58.24703,299.69,0.39,0.36,2026-06-05,0525,N21,nominal,2.0NRT,274.14,0.74,N
-3.98823,-47.93113,309.61,0.77,0.77,2026-06-05,0527,N21,nominal,2.0NRT,285.77,3.4,N
-6.5763,-51.10373,339.09,0.5,0.66,2026-06-05,0529,N21,nominal,2.0NRT,287.09,13.17,N
-27.07298,-61.10088,307.05,0.41,0.45,2026-06-05,0536,N21,nominal,2.0NRT,277.85,1.22,N
-6.57692,-51.09907,336.59,0.5,0.66,2026-06-05,0529,N21,nominal,2.0NRT,286.61,12.65,N
-27.52534,-56.19557,324.35,0.41,0.61,2026-06-05,0536,N21,nominal,2.0NRT,285.82,3.05,N
-27.52565,-56.19141,302.06,0.41,0.61,2026-06-05,0536,N21,nominal,2.0NRT,285.39,1.88,N
-27.53124,-56.192,314.46,0.41,0.61,2026-06-05,0536,N21,nominal,2.0NRT,285.31,1.54,N
-27.71866,-61.19705,312.32,0.41,0.45,2026-06-05,0536,N21,nominal,2.0NRT,286.87,1.53,N
-28.76102,-56.69942,299.35,0.39,0.59,2026-06-05,0536,N21,nominal,2.0NRT,282.32,0.73,N
-28.76131,-56.69539,296.11,0.39,0.59,2026-06-05,0536,N21,nominal,2.0NRT,282.93,0.73,N
-28.65177,-61.16706,303.09,0.42,0.45,2026-06-05,0536,N21,nominal,2.0NRT,285.66,1.27,N
-28.65225,-61.16277,300.5,0.42,0.45,2026-06-05,0536,N21,nominal,2.0NRT,285.52,0.57,N
-29.12417,-61.40261,304.51,0.41,0.45,2026-06-05,0536,N21,nominal,2.0NRT,286.37,1.03,N
-29.85307,-61.75424,301.7,0.4,0.44,2026-06-05,0536,N21,nominal,2.0NRT,286.55,1.49,N
-32.52055,-58.67442,316.87,0.32,0.55,2026-06-05,0538,N21,nominal,2.0NRT,273.86,1.59,N
-32.5238,-58.67665,315.82,0.32,0.55,2026-06-05,0538,N21,nominal,2.0NRT,273.85,2.03,N
-32.80267,-70.95082,298.93,0.42,0.37,2026-06-05,0538,N21,nominal,2.0NRT,282.7,1.12,N
-33.02116,-70.70852,303.32,0.41,0.37,2026-06-05,0538,N21,nominal,2.0NRT,275.32,0.8,N
-33.07197,-70.63866,301.12,0.41,0.37,2026-06-05,0538,N21,nominal,2.0NRT,278.76,0.8,N
-33.15113,-70.8343,295.17,0.41,0.37,2026-06-05,0538,N21,nominal,2.0NRT,279.69,0.99,N
-33.29619,-70.73075,305.7,0.41,0.37,2026-06-05,0538,N21,nominal,2.0NRT,281.15,1.69,N
-33.29695,-70.72642,316.92,0.41,0.37,2026-06-05,0538,N21,nominal,2.0NRT,280.83,1.69,N
-33.48078,-70.72416,314.85,0.41,0.37,2026-06-05,0538,N21,nominal,2.0NRT,281.89,2.54,N
-33.48416,-70.72498,325.89,0.41,0.37,2026-06-05,0538,N21,nominal,2.0NRT,282.51,2.54,N
-34.1054,-70.45027,295.39,0.4,0.37,2026-06-05,0538,N21,nominal,2.0NRT,281.45,0.58,N
-34.10583,-70.45757,331.23,0.4,0.37,2026-06-05,0538,N21,nominal,2.0NRT,289.21,13.68,N
-34.10655,-70.4533,316.72,0.4,0.37,2026-06-05,0538,N21,nominal,2.0NRT,281.83,13.68,N
-34.27171,-71.03042,295.13,0.41,0.37,2026-06-05,0538,N21,nominal,2.0NRT,281.86,0.82,N
-36.297,-71.51069,297.92,0.4,0.37,2026-06-05,0538,N21,nominal,2.0NRT,280.28,0.67,N
-36.29853,-71.50178,296.24,0.4,0.37,2026-06-05,0538,N21,nominal,2.0NRT,281.35,0.58,N
-36.2993,-71.49734,298.95,0.4,0.37,2026-06-05,0538,N21,nominal,2.0NRT,280.74,0.77,N
-36.29729,-71.52943,321.1,0.4,0.37,2026-06-05,0538,N21,nominal,2.0NRT,282.6,2.02,N
-36.29653,-71.53387,301.86,0.4,0.37,2026-06-05,0538,N21,nominal,2.0NRT,281.38,2.02,N
-36.29806,-71.52499,315.73,0.4,0.37,2026-06-05,0538,N21,nominal,2.0NRT,281.1,1.31,N
-36.30143,-71.52583,305.77,0.4,0.37,2026-06-05,0538,N21,nominal,2.0NRT,280.68,1.31,N
-36.30219,-71.5214,304.05,0.4,0.37,2026-06-05,0538,N21,nominal,2.0NRT,279.09,1.31,N
-36.30603,-71.49908,296.37,0.4,0.37,2026-06-05,0538,N21,nominal,2.0NRT,281.11,0.68,N
-36.3068,-71.49459,300.88,0.4,0.37,2026-06-05,0538,N21,nominal,2.0NRT,280.64,0.68,N
-36.40826,-72.24981,312.95,0.42,0.38,2026-06-05,0538,N21,nominal,2.0NRT,281.39,1.77,N
-36.40907,-72.24531,318.03,0.42,0.38,2026-06-05,0538,N21,nominal,2.0NRT,281.74,2.2,N
-36.40987,-72.24077,309.32,0.42,0.38,2026-06-05,0538,N21,nominal,2.0NRT,281.14,2.2,N
-36.41247,-72.24635,304.45,0.42,0.38,2026-06-05,0538,N21,nominal,2.0NRT,280.38,1.25,N
-36.41588,-72.24733,298.28,0.42,0.38,2026-06-05,0538,N21,nominal,2.0NRT,279.21,1.25,N
-37.12839,-71.85242,314.58,0.4,0.37,2026-06-05,0538,N21,nominal,2.0NRT,280.86,1.44,N
-37.12917,-71.84794,301.66,0.4,0.37,2026-06-05,0538,N21,nominal,2.0NRT,279.17,1.44,N
-37.13176,-71.85334,334.72,0.4,0.37,2026-06-05,0538,N21,nominal,2.0NRT,285.01,2.02,N
-37.13253,-71.84885,307.02,0.4,0.37,2026-06-05,0538,N21,nominal,2.0NRT,279.28,2.02,N
-37.13512,-71.85425,300.1,0.4,0.37,2026-06-05,0538,N21,nominal,2.0NRT,279.68,2.02,N
-37.1359,-71.84976,299.05,0.4,0.37,2026-06-05,0538,N21,nominal,2.0NRT,278.99,2.02,N
-37.51049,-71.95277,297.89,0.4,0.37,2026-06-05,0540,N21,nominal,2.0NRT,279.21,0.46,N
-38.35703,-72.02574,296.1,0.4,0.37,2026-06-05,0540,N21,nominal,2.0NRT,278.37,0.61,N
-38.36037,-72.02666,319.57,0.4,0.37,2026-06-05,0540,N21,nominal,2.0NRT,279.53,2.17,N
-38.27035,-73.09315,295.89,0.42,0.38,2026-06-05,0540,N21,nominal,2.0NRT,278.35,0.63,N
-6.23009,-55.63094,315.41,0.48,0.48,2026-06-05,0529,N21,nominal,2.0NRT,288.79,2.5,N
-6.23044,-55.62972,318.9,0.48,0.48,2026-06-05,0529,N21,nominal,2.0NRT,288.77,2.67,N
-6.55114,-55.03851,302.48,0.53,0.5,2026-06-05,0529,N21,nominal,2.0NRT,288.58,0.99,N
-7.34665,-49.83119,312.67,0.63,0.72,2026-06-05,0529,N21,nominal,2.0NRT,286.29,4.57,N
-7.35472,-49.82072,300.87,0.63,0.72,2026-06-05,0529,N21,nominal,2.0NRT,285.98,2.63,N
-7.34571,-49.83229,317.62,0.63,0.72,2026-06-05,0529,N21,nominal,2.0NRT,286,4.29,N
-9.08096,-50.61861,304.87,0.59,0.7,2026-06-05,0529,N21,nominal,2.0NRT,287.52,1.46,N
-9.08161,-50.61328,299.92,0.59,0.7,2026-06-05,0529,N21,nominal,2.0NRT,287.54,1.46,N
-9.08799,-50.61433,320.23,0.59,0.7,2026-06-05,0529,N21,nominal,2.0NRT,288.58,2.89,N
-9.09439,-50.61512,305.16,0.59,0.7,2026-06-05,0529,N21,nominal,2.0NRT,287.71,2.89,N
-9.37429,-50.54025,327.18,0.6,0.71,2026-06-05,0529,N21,nominal,2.0NRT,287.87,6.33,N
-9.37361,-50.54567,302.48,0.6,0.7,2026-06-05,0529,N21,nominal,2.0NRT,287.64,4.51,N
-7.86447,-61.49135,311.82,0.39,0.36,2026-06-05,0529,N21,nominal,2.0NRT,291.21,1.26,N
-9.37492,-50.54474,315.07,0.6,0.71,2026-06-05,0529,N21,nominal,2.0NRT,287.8,3.65,N
-9.37556,-50.53931,313.45,0.6,0.71,2026-06-05,0529,N21,nominal,2.0NRT,287.51,3.65,N
-7.94549,-63.45473,303.08,0.39,0.36,2026-06-05,0529,N21,nominal,2.0NRT,285.97,0.99,N
-9.89034,-52.43916,306.98,0.45,0.63,2026-06-05,0529,N21,nominal,2.0NRT,288.46,1.84,N
-10.38718,-49.44646,313.6,0.74,0.76,2026-06-05,0529,N21,nominal,2.0NRT,288.17,4.81,N
-10.02423,-59.34279,301.56,0.48,0.4,2026-06-05,0531,N21,nominal,2.0NRT,288.66,1.35,N
-10.02789,-59.34333,308.68,0.48,0.4,2026-06-05,0531,N21,nominal,2.0NRT,291.37,2.52,N
-10.03155,-59.34387,324.34,0.48,0.4,2026-06-05,0531,N21,nominal,2.0NRT,292.09,2.52,N
-10.03091,-59.34819,313.99,0.48,0.4,2026-06-05,0531,N21,nominal,2.0NRT,291.81,2.86,N
-10.03219,-59.33955,314.81,0.48,0.4,2026-06-05,0531,N21,nominal,2.0NRT,291.85,2.52,N
-10.02363,-59.34578,302.71,0.48,0.4,2026-06-05,0531,N21,nominal,2.0NRT,289.47,1.15,N
-10.02791,-59.342,308.76,0.48,0.4,2026-06-05,0531,N21,nominal,2.0NRT,291.61,1.47,N
-10.03157,-59.34253,323.21,0.48,0.4,2026-06-05,0531,N21,nominal,2.0NRT,292.22,2.63,N
-10.03096,-59.34687,318.09,0.48,0.4,2026-06-05,0531,N21,nominal,2.0NRT,292.06,3.02,N
-10.03219,-59.33821,305.3,0.48,0.4,2026-06-05,0531,N21,nominal,2.0NRT,291.08,2.63,N
-10.03524,-59.34308,330.46,0.48,0.4,2026-06-05,0531,N21,nominal,2.0NRT,292.27,2.63,N
-10.03462,-59.34741,317.6,0.48,0.4,2026-06-05,0531,N21,nominal,2.0NRT,291.91,3.02,N
-10.7695,-54.10072,299.02,0.35,0.57,2026-06-05,0531,N21,nominal,2.0NRT,289,0.33,N
-9.40121,-63.74,310.84,0.39,0.36,2026-06-05,0531,N21,nominal,2.0NRT,290.81,0.93,N
-10.77471,-54.1015,306.97,0.35,0.57,2026-06-05,0531,N21,nominal,2.0NRT,289.15,0.93,N
-10.77513,-54.09818,300.19,0.36,0.57,2026-06-05,0531,N21,nominal,2.0NRT,289.13,0.96,N
-10.8452,-53.754,306.01,0.38,0.58,2026-06-05,0531,N21,nominal,2.0NRT,288.75,1.13,N
-10.85054,-53.75481,313.51,0.38,0.58,2026-06-05,0531,N21,nominal,2.0NRT,289.22,2,N
-10.86925,-53.73606,305.6,0.38,0.59,2026-06-05,0531,N21,nominal,2.0NRT,288.98,1.97,N
-10.90421,-54.13454,302.34,0.35,0.57,2026-06-05,0531,N21,nominal,2.0NRT,289.08,0.41,N
-10.90903,-54.13843,307.05,0.35,0.57,2026-06-05,0531,N21,nominal,2.0NRT,289.56,1.3,N
-10.90943,-54.13525,298.91,0.35,0.57,2026-06-05,0531,N21,nominal,2.0NRT,288.83,0.88,N
-10.513,-57.60723,307.42,0.41,0.45,2026-06-05,0531,N21,nominal,2.0NRT,290.21,1.14,N
-10.57301,-57.3219,317.34,0.43,0.46,2026-06-05,0531,N21,nominal,2.0NRT,289.94,2.76,N
-10.57353,-57.31805,303.62,0.43,0.46,2026-06-05,0531,N21,nominal,2.0NRT,289.41,1.48,N
-10.57772,-57.31861,303.53,0.43,0.46,2026-06-05,0531,N21,nominal,2.0NRT,289.27,1.12,N
-11.00434,-54.31236,304.06,0.35,0.56,2026-06-05,0531,N21,nominal,2.0NRT,289.05,1.54,N
-11.00473,-54.30925,317.12,0.35,0.56,2026-06-05,0531,N21,nominal,2.0NRT,289.34,2.13,N
-11.0095,-54.31306,313.4,0.35,0.56,2026-06-05,0531,N21,nominal,2.0NRT,289.14,1.54,N
-11.0099,-54.30997,310.96,0.35,0.56,2026-06-05,0531,N21,nominal,2.0NRT,289.32,2.13,N
-11.01426,-54.31685,299.2,0.35,0.56,2026-06-05,0531,N21,nominal,2.0NRT,288.81,0.61,N
-11.01466,-54.31376,302.95,0.35,0.56,2026-06-05,0531,N21,nominal,2.0NRT,288.62,0.61,N
-11.01902,-54.32067,300.51,0.35,0.56,2026-06-05,0531,N21,nominal,2.0NRT,288.54,1,N
-11.01943,-54.31756,302.39,0.35,0.56,2026-06-05,0531,N21,nominal,2.0NRT,288.51,0.61,N
-9.54188,-64.50372,303.76,0.41,0.37,2026-06-05,0531,N21,nominal,2.0NRT,291.02,0.67,N
-9.54527,-64.5043,312.22,0.41,0.37,2026-06-05,0531,N21,nominal,2.0NRT,291.04,1.53,N
-11.27223,-53.97366,314.28,0.37,0.58,2026-06-05,0531,N21,nominal,2.0NRT,288.61,1.94,N
-11.27265,-53.9704,314.2,0.37,0.58,2026-06-05,0531,N21,nominal,2.0NRT,288.76,2.35,N
-11.33721,-53.96444,301.01,0.37,0.58,2026-06-05,0531,N21,nominal,2.0NRT,288.55,0.5,N
-11.34254,-53.96506,301,0.37,0.58,2026-06-05,0531,N21,nominal,2.0NRT,289.2,0.5,N
-11.54816,-52.80486,318.54,0.45,0.63,2026-06-05,0531,N21,nominal,2.0NRT,289.27,6.08,N
-11.54865,-52.80085,316.23,0.45,0.63,2026-06-05,0531,N21,nominal,2.0NRT,289.07,6.96,N
-11.55389,-52.80576,348.69,0.45,0.63,2026-06-05,0531,N21,nominal,2.0NRT,293.1,6.08,N
-11.55439,-52.80172,343.99,0.45,0.63,2026-06-05,0531,N21,nominal,2.0NRT,291.71,6.96,N
-11.55339,-52.80978,303.84,0.45,0.63,2026-06-05,0531,N21,nominal,2.0NRT,290.05,6.08,N
-11.54942,-52.80447,332.84,0.45,0.63,2026-06-05,0531,N21,nominal,2.0NRT,290.53,6.99,N
-11.54989,-52.80045,319.99,0.45,0.63,2026-06-05,0531,N21,nominal,2.0NRT,289.48,7.52,N
-11.55515,-52.80536,347.11,0.45,0.63,2026-06-05,0531,N21,nominal,2.0NRT,292.83,6.99,N
-11.55563,-52.8013,344.73,0.45,0.63,2026-06-05,0531,N21,nominal,2.0NRT,291.81,7.52,N
-11.55468,-52.80941,303.99,0.45,0.63,2026-06-05,0531,N21,nominal,2.0NRT,289.93,6.99,N
-11.5609,-52.80611,338.5,0.45,0.63,2026-06-05,0531,N21,nominal,2.0NRT,291.74,5.73,N
-11.56138,-52.80201,350.77,0.45,0.63,2026-06-05,0531,N21,nominal,2.0NRT,292.84,5.84,N
-11.56186,-52.79791,318.39,0.45,0.63,2026-06-05,0531,N21,nominal,2.0NRT,289.29,5.84,N
-11.56666,-52.80682,306.09,0.45,0.63,2026-06-05,0531,N21,nominal,2.0NRT,289.4,5.73,N
-11.56714,-52.8027,305.47,0.45,0.63,2026-06-05,0531,N21,nominal,2.0NRT,289.16,5.84,N
-11.05406,-56.9229,309.49,0.46,0.47,2026-06-05,0531,N21,nominal,2.0NRT,290.38,1.35,N
-11.05837,-56.92358,300.74,0.46,0.47,2026-06-05,0531,N21,nominal,2.0NRT,290.19,1.35,N
-9.63155,-67.21548,299.53,0.54,0.42,2026-06-05,0531,N21,nominal,2.0NRT,288.02,0.81,N
-9.63541,-67.21616,306.61,0.54,0.42,2026-06-05,0531,N21,nominal,2.0NRT,289.1,0.81,N
-11.57102,-54.58047,322.25,0.34,0.56,2026-06-05,0531,N21,nominal,2.0NRT,288.68,7.31,N
-11.57027,-54.58651,299.74,0.34,0.56,2026-06-05,0531,N21,nominal,2.0NRT,288.37,0.85,N
-11.57139,-54.57744,299.32,0.34,0.56,2026-06-05,0531,N21,nominal,2.0NRT,288.73,3.44,N
-11.57614,-54.58105,367,0.34,0.56,2026-06-05,0531,N21,high,2.0NRT,292.15,7.31,N
-11.57652,-54.57803,304.43,0.34,0.56,2026-06-05,0531,N21,nominal,2.0NRT,288.79,3.44,N
-11.60266,-55.34019,314.1,0.6,0.53,2026-06-05,0531,N21,nominal,2.0NRT,291.75,5.11,N
-11.60336,-55.33477,317.63,0.6,0.53,2026-06-05,0531,N21,nominal,2.0NRT,291.54,2.73,N
-11.60752,-55.34085,329.73,0.6,0.53,2026-06-05,0531,N21,nominal,2.0NRT,292.85,5.11,N
-11.60822,-55.33544,303.19,0.6,0.53,2026-06-05,0531,N21,nominal,2.0NRT,290.94,2.73,N
-12.09091,-51.99858,299.54,0.52,0.67,2026-06-05,0531,N21,nominal,2.0NRT,288.33,1.39,N
-12.09143,-51.99395,300.22,0.52,0.67,2026-06-05,0531,N21,nominal,2.0NRT,288.61,1.39,N
-12.09196,-51.98934,303.1,0.52,0.67,2026-06-05,0531,N21,nominal,2.0NRT,288.78,2.44,N
-10.01016,-67.76127,313.48,0.38,0.43,2026-06-05,0531,N21,nominal,2.0NRT,287.22,1.99,N
-11.73345,-56.84296,307.8,0.48,0.48,2026-06-05,0531,N21,nominal,2.0NRT,290.25,1.92,N
-11.63846,-58.24712,302.54,0.39,0.44,2026-06-05,0531,N21,nominal,2.0NRT,290.5,0.86,N
-12.17927,-54.54054,306.32,0.35,0.56,2026-06-05,0531,N21,nominal,2.0NRT,289.31,1.27,N
-12.18105,-54.54026,302.75,0.35,0.56,2026-06-05,0531,N21,nominal,2.0NRT,289.56,1.33,N
-11.87852,-57.82493,304.88,0.41,0.45,2026-06-05,0531,N21,nominal,2.0NRT,290.53,0.86,N
-11.88213,-57.8293,301.72,0.41,0.45,2026-06-05,0531,N21,nominal,2.0NRT,290.48,0.86,N
-11.88264,-57.8255,301.85,0.41,0.45,2026-06-05,0531,N21,nominal,2.0NRT,290.12,0.86,N
-11.88315,-57.82168,302.47,0.41,0.45,2026-06-05,0531,N21,nominal,2.0NRT,290.17,0.88,N
-11.88625,-57.82985,314.18,0.41,0.45,2026-06-05,0531,N21,nominal,2.0NRT,291.49,1.45,N
-11.88676,-57.82606,307.75,0.41,0.45,2026-06-05,0531,N21,nominal,2.0NRT,290.97,1.45,N
-11.89037,-57.83042,304.8,0.41,0.45,2026-06-05,0531,N21,nominal,2.0NRT,290.81,1.45,N
-11.98947,-57.80114,303.86,0.42,0.45,2026-06-05,0531,N21,nominal,2.0NRT,290.12,1.3,N
-12.22252,-57.28158,301.99,0.45,0.47,2026-06-05,0531,N21,nominal,2.0NRT,290.35,1.49,N
-12.2268,-57.28218,301.46,0.45,0.47,2026-06-05,0531,N21,nominal,2.0NRT,290.49,1.42,N
-12.22736,-57.27809,300.7,0.45,0.47,2026-06-05,0531,N21,nominal,2.0NRT,290.32,1.42,N
-12.23164,-57.27869,317.54,0.45,0.47,2026-06-05,0531,N21,nominal,2.0NRT,292.06,1.42,N
-12.2322,-57.27457,315.19,0.45,0.47,2026-06-05,0531,N21,nominal,2.0NRT,291.06,3.11,N
-12.72844,-54.73898,307.96,0.34,0.56,2026-06-05,0531,N21,nominal,2.0NRT,290.92,2,N
-12.72882,-54.73588,311.63,0.34,0.56,2026-06-05,0531,N21,nominal,2.0NRT,291.16,2.46,N
-12.72919,-54.73277,309.53,0.34,0.56,2026-06-05,0531,N21,nominal,2.0NRT,290.84,2.46,N
-12.72957,-54.72966,301.82,0.34,0.56,2026-06-05,0531,N21,nominal,2.0NRT,290.41,3.3,N
-12.73357,-54.7398,323.1,0.34,0.56,2026-06-05,0531,N21,nominal,2.0NRT,291.4,2,N
-12.73394,-54.73671,324.3,0.34,0.56,2026-06-05,0531,N21,nominal,2.0NRT,291.4,2.46,N
-12.73432,-54.73359,325.77,0.34,0.56,2026-06-05,0531,N21,nominal,2.0NRT,291.8,2.46,N
-12.7347,-54.73046,330.88,0.34,0.56,2026-06-05,0531,N21,nominal,2.0NRT,292.1,3.3,N
-12.73508,-54.72733,333.46,0.34,0.56,2026-06-05,0531,N21,nominal,2.0NRT,291.71,3.3,N
-12.73546,-54.72419,320.01,0.34,0.56,2026-06-05,0531,N21,nominal,2.0NRT,291.14,3.6,N
-12.73319,-54.74286,308.4,0.34,0.56,2026-06-05,0531,N21,nominal,2.0NRT,290.83,2,N
-12.74021,-54.72812,300.21,0.34,0.56,2026-06-05,0531,N21,nominal,2.0NRT,289.72,0.64,N
-12.74098,-54.72182,303.16,0.34,0.56,2026-06-05,0531,N21,nominal,2.0NRT,289.63,0.65,N
-12.80954,-54.86599,328.2,0.34,0.56,2026-06-05,0531,N21,nominal,2.0NRT,290.36,2.01,N
-12.80992,-54.86288,305.63,0.34,0.56,2026-06-05,0531,N21,nominal,2.0NRT,289.2,2.01,N
-12.81029,-54.85976,301.1,0.34,0.56,2026-06-05,0531,N21,nominal,2.0NRT,289.27,1.06,N
-12.43134,-58.48275,317.2,0.57,0.43,2026-06-05,0531,N21,nominal,2.0NRT,292.16,3.35,N
-12.43208,-58.47745,301.62,0.57,0.43,2026-06-05,0531,N21,nominal,2.0NRT,290.82,0.9,N
-12.43051,-58.47923,307.57,0.57,0.43,2026-06-05,0531,N21,nominal,2.0NRT,291.2,3.61,N
-12.4391,-58.41504,302.24,0.39,0.44,2026-06-05,0531,N21,nominal,2.0NRT,290.97,3.88,N
-12.44052,-58.40444,302.61,0.39,0.44,2026-06-05,0531,N21,nominal,2.0NRT,291.2,4.77,N
-12.43449,-58.47979,327.78,0.57,0.43,2026-06-05,0531,N21,nominal,2.0NRT,292.95,3.61,N
-12.4431,-58.41556,343.2,0.39,0.44,2026-06-05,0531,N21,nominal,2.0NRT,292.42,3.88,N
-12.44452,-58.40497,343.82,0.39,0.44,2026-06-05,0531,N21,nominal,2.0NRT,292.87,4.77,N
-12.43378,-58.48509,319.27,0.57,0.43,2026-06-05,0531,N21,nominal,2.0NRT,292.6,3.61,N
-12.44357,-58.41205,312.14,0.39,0.44,2026-06-05,0531,N21,nominal,2.0NRT,291.31,2.73,N
-12.44405,-58.4085,307.76,0.39,0.44,2026-06-05,0531,N21,nominal,2.0NRT,290.95,2.73,N
-12.43775,-58.48567,324.73,0.57,0.43,2026-06-05,0531,N21,nominal,2.0NRT,293.44,5.48,N
-12.43847,-58.48037,329.22,0.57,0.43,2026-06-05,0531,N21,nominal,2.0NRT,292.96,5.48,N
-12.4471,-58.4161,323.05,0.39,0.44,2026-06-05,0531,N21,nominal,2.0NRT,291.54,2.95,N
-12.43705,-58.49089,301.78,0.57,0.43,2026-06-05,0531,N21,nominal,2.0NRT,290.65,2.52,N
-12.44757,-58.41257,314.97,0.39,0.44,2026-06-05,0531,N21,nominal,2.0NRT,291.31,2.55,N
-12.44173,-58.48626,338.03,0.57,0.43,2026-06-05,0531,N21,nominal,2.0NRT,293.82,5.48,N
-12.44244,-58.48096,323.89,0.57,0.43,2026-06-05,0531,N21,nominal,2.0NRT,291.4,5.48,N
-12.44352,-58.47298,320.04,0.38,0.43,2026-06-05,0531,N21,nominal,2.0NRT,292.55,2.74,N
-12.444,-58.46942,340.07,0.38,0.43,2026-06-05,0531,N21,nominal,2.0NRT,293.55,5.57,N
-12.44304,-58.47654,301.09,0.38,0.43,2026-06-05,0531,N21,nominal,2.0NRT,290.53,2.74,N
-12.4457,-58.48684,343.39,0.57,0.43,2026-06-05,0531,N21,nominal,2.0NRT,292.02,8.49,N
-12.44749,-58.47358,320.27,0.38,0.43,2026-06-05,0531,N21,nominal,2.0NRT,292.65,3.47,N
-12.44797,-58.47002,342.72,0.38,0.43,2026-06-05,0531,N21,nominal,2.0NRT,294.37,6.22,N
-12.44701,-58.47714,304.03,0.38,0.43,2026-06-05,0531,N21,nominal,2.0NRT,290.6,3.47,N
-12.45146,-58.47421,324.31,0.38,0.43,2026-06-05,0531,N21,nominal,2.0NRT,292.96,3.47,N
-12.45195,-58.47065,339.55,0.38,0.43,2026-06-05,0531,N21,nominal,2.0NRT,294.14,6.22,N
-12.45544,-58.47482,313.89,0.38,0.43,2026-06-05,0531,N21,nominal,2.0NRT,291.91,2.9,N
-12.45592,-58.47126,308.27,0.38,0.43,2026-06-05,0531,N21,nominal,2.0NRT,291.83,1.29,N
-12.4599,-58.47186,302.43,0.38,0.43,2026-06-05,0531,N21,nominal,2.0NRT,291.55,1.29,N
-12.46388,-58.47243,302.42,0.38,0.43,2026-06-05,0531,N21,nominal,2.0NRT,291.44,1.6,N
-13.52126,-54.31216,303.05,0.37,0.58,2026-06-05,0531,N21,nominal,2.0NRT,289.75,1.84,N
-13.52166,-54.30867,313.24,0.37,0.58,2026-06-05,0531,N21,nominal,2.0NRT,290.7,3.03,N
-12.21792,-66.55216,301.79,0.46,0.39,2026-06-05,0531,N21,nominal,2.0NRT,290.98,0.55,N
-12.61822,-67.51823,303.34,0.51,0.41,2026-06-05,0531,N21,nominal,2.0NRT,282.68,1.3,N
-14.77114,-52.6763,310.25,0.5,0.66,2026-06-05,0531,N21,nominal,2.0NRT,288.49,1.8,N
-14.77163,-52.67168,304.31,0.5,0.66,2026-06-05,0531,N21,nominal,2.0NRT,288.36,2.76,N
-14.7772,-52.6768,298.89,0.5,0.66,2026-06-05,0531,N21,nominal,2.0NRT,287.57,1.8,N
-14.09528,-59.39234,299.89,0.53,0.42,2026-06-05,0531,N21,nominal,2.0NRT,287.64,1.73,N
-14.09596,-59.38741,302.02,0.53,0.42,2026-06-05,0531,N21,nominal,2.0NRT,287.8,1.37,N
-14.09665,-59.38244,301.2,0.53,0.42,2026-06-05,0531,N21,nominal,2.0NRT,287.78,1.37,N
-14.09913,-59.39287,301.98,0.53,0.42,2026-06-05,0531,N21,nominal,2.0NRT,287.04,1.51,N
-14.09981,-59.38794,313.76,0.53,0.42,2026-06-05,0531,N21,nominal,2.0NRT,287.49,1.89,N
-14.1005,-59.38298,315.53,0.53,0.42,2026-06-05,0531,N21,nominal,2.0NRT,287.54,1.89,N
-14.10434,-59.38352,297,0.53,0.42,2026-06-05,0531,N21,nominal,2.0NRT,285.47,1.89,N
-14.30076,-58.64598,303.34,0.39,0.44,2026-06-05,0531,N21,nominal,2.0NRT,289.64,0.93,N
-14.30172,-58.63881,304.46,0.39,0.44,2026-06-05,0531,N21,nominal,2.0NRT,289.46,0.94,N
-15.05054,-54.97811,320.98,0.35,0.57,2026-06-05,0531,N21,nominal,2.0NRT,288.98,1.88,N
-15.05017,-54.98133,307.44,0.35,0.57,2026-06-05,0531,N21,nominal,2.0NRT,288.98,1.88,N
-15.48123,-55.83178,309.83,0.63,0.54,2026-06-05,0531,N21,nominal,2.0NRT,292.53,1.99,N
-14.54585,-63.50387,302.97,0.39,0.36,2026-06-05,0531,N21,nominal,2.0NRT,290.46,0.59,N
-14.87412,-63.92866,306.75,0.38,0.36,2026-06-05,0531,N21,nominal,2.0NRT,291.56,1.31,N
-15.60928,-60.55381,307.91,0.48,0.4,2026-06-05,0531,N21,nominal,2.0NRT,290.24,1.17,N
-15.61295,-60.55437,302.43,0.48,0.4,2026-06-05,0531,N21,nominal,2.0NRT,290.59,1.17,N
-15.76742,-61.33969,322.68,0.44,0.39,2026-06-05,0531,N21,nominal,2.0NRT,291.82,5.72,N
-15.76801,-61.33556,350.92,0.44,0.39,2026-06-05,0531,N21,nominal,2.0NRT,295.14,5.72,N
-16.18771,-58.46485,310.15,0.43,0.46,2026-06-05,0531,N21,nominal,2.0NRT,290.97,2.11,N
-16.19191,-58.4654,322.02,0.43,0.46,2026-06-05,0531,N21,nominal,2.0NRT,291.11,2.93,N
-16.19087,-58.47338,304.28,0.43,0.46,2026-06-05,0531,N21,nominal,2.0NRT,290.98,1.08,N
-16.19139,-58.46941,317.19,0.43,0.46,2026-06-05,0531,N21,nominal,2.0NRT,291.94,2.93,N
-15.95807,-60.65003,332.03,0.48,0.4,2026-06-05,0531,N21,nominal,2.0NRT,290.31,3.92,N
-15.95746,-60.6545,302.99,0.48,0.4,2026-06-05,0531,N21,nominal,2.0NRT,289.8,1.76,N
-15.86486,-61.54108,310.59,0.44,0.38,2026-06-05,0531,N21,nominal,2.0NRT,289.21,1.31,N
-15.86837,-61.54159,302.04,0.44,0.38,2026-06-05,0531,N21,nominal,2.0NRT,288.78,0.54,N
-16.05614,-60.40638,304.15,0.49,0.41,2026-06-05,0531,N21,nominal,2.0NRT,290.02,1.13,N
-16.05421,-60.408,300.32,0.49,0.41,2026-06-05,0531,N21,nominal,2.0NRT,289.52,0.82,N
-16.0908,-60.39002,302.14,0.5,0.41,2026-06-05,0531,N21,nominal,2.0NRT,289.64,1.13,N
-16.32045,-58.90614,309.19,0.4,0.44,2026-06-05,0531,N21,nominal,2.0NRT,289.45,1.64,N
-15.87009,-62.17765,301.88,0.41,0.37,2026-06-05,0531,N21,nominal,2.0NRT,286.66,0.66,N
-16.08024,-60.71188,309.07,0.48,0.4,2026-06-05,0531,N21,nominal,2.0NRT,290.94,1.49,N
-15.87239,-62.18585,304.89,0.41,0.37,2026-06-05,0531,N21,nominal,2.0NRT,287.64,0.87,N
-15.94448,-61.83831,305.94,0.43,0.38,2026-06-05,0531,N21,nominal,2.0NRT,288.3,1.16,N
-15.94506,-61.83435,317.21,0.43,0.38,2026-06-05,0531,N21,nominal,2.0NRT,289.18,1.77,N
-15.94737,-61.84279,299.92,0.43,0.38,2026-06-05,0531,N21,nominal,2.0NRT,288.33,0.71,N
-15.94795,-61.83886,302.86,0.43,0.38,2026-06-05,0531,N21,nominal,2.0NRT,288.77,0.71,N
-15.94852,-61.8349,317.3,0.43,0.38,2026-06-05,0531,N21,nominal,2.0NRT,289.56,1.62,N
-15.95257,-61.83149,302.33,0.43,0.38,2026-06-05,0531,N21,nominal,2.0NRT,289.2,1.62,N
-16.34524,-59.53509,306.45,0.56,0.43,2026-06-05,0531,N21,nominal,2.0NRT,289.58,0.78,N
-16.35745,-59.56332,322.11,0.55,0.43,2026-06-05,0531,N21,nominal,2.0NRT,290.79,3.54,N
-16.35606,-59.57367,309.39,0.55,0.43,2026-06-05,0531,N21,nominal,2.0NRT,290.57,1.97,N
-16.38095,-59.56676,322.01,0.55,0.43,2026-06-05,0531,N21,nominal,2.0NRT,291.11,3.45,N
-16.38166,-59.56158,321.49,0.55,0.43,2026-06-05,0531,N21,nominal,2.0NRT,291.04,3.45,N
-16.38025,-59.57195,313.92,0.55,0.43,2026-06-05,0531,N21,nominal,2.0NRT,290.45,2.41,N
-15.79707,-63.63477,300.83,0.39,0.36,2026-06-05,0531,N21,nominal,2.0NRT,290.74,0.73,N
-16.16962,-61.13208,298.62,0.46,0.39,2026-06-05,0531,N21,nominal,2.0NRT,288.17,0.43,N
-16.38165,-59.56265,330.03,0.55,0.43,2026-06-05,0531,N21,nominal,2.0NRT,291.36,4.39,N
-16.17209,-61.13037,301.17,0.46,0.39,2026-06-05,0531,N21,nominal,2.0NRT,288.23,0.8,N
-16.38031,-59.57304,309.45,0.55,0.43,2026-06-05,0531,N21,nominal,2.0NRT,290.2,2.11,N
-16.38099,-59.56784,311.22,0.55,0.43,2026-06-05,0531,N21,nominal,2.0NRT,290.48,2.11,N
-16.1739,-61.14373,308.78,0.46,0.39,2026-06-05,0531,N21,nominal,2.0NRT,290.4,2.56,N
-16.17449,-61.13948,311.75,0.46,0.39,2026-06-05,0531,N21,nominal,2.0NRT,290.14,2.48,N
-16.17567,-61.13092,300.36,0.46,0.39,2026-06-05,0531,N21,nominal,2.0NRT,288.76,0.8,N
-16.17926,-61.13147,323.37,0.46,0.39,2026-06-05,0531,N21,nominal,2.0NRT,290.36,2.34,N
-16.17748,-61.14429,302.16,0.46,0.39,2026-06-05,0531,N21,nominal,2.0NRT,289.06,1.11,N
-16.17807,-61.14003,308.37,0.46,0.39,2026-06-05,0531,N21,nominal,2.0NRT,289.41,1.63,N
-16.17867,-61.13576,306.82,0.46,0.39,2026-06-05,0531,N21,nominal,2.0NRT,290.01,1.63,N
-16.18284,-61.13202,314.28,0.46,0.39,2026-06-05,0531,N21,nominal,2.0NRT,289.57,2.34,N
-16.40139,-59.53381,315.97,0.56,0.43,2026-06-05,0531,N21,nominal,2.0NRT,290.9,2.08,N
-16.09153,-61.83119,303.64,0.43,0.38,2026-06-05,0531,N21,nominal,2.0NRT,287.92,1.13,N
-15.89129,-63.21732,308.24,0.39,0.36,2026-06-05,0531,N21,nominal,2.0NRT,291,0.92,N
-16.41574,-59.54646,344.91,0.56,0.43,2026-06-05,0531,N21,nominal,2.0NRT,296.67,19.99,N
-16.41642,-59.54129,330.8,0.56,0.43,2026-06-05,0531,N21,nominal,2.0NRT,292.45,19.99,N
-16.41967,-59.54702,341.26,0.56,0.43,2026-06-05,0531,N21,nominal,2.0NRT,299.82,19.99,N
-16.42035,-59.54182,325.16,0.56,0.43,2026-06-05,0531,N21,nominal,2.0NRT,290.85,19.99,N
-16.42617,-59.55841,322.93,0.56,0.43,2026-06-05,0531,N21,nominal,2.0NRT,289.78,3.52,N
-16.60002,-58.23778,336.04,0.45,0.47,2026-06-05,0531,N21,nominal,2.0NRT,286.84,4.42,N
-16.6043,-58.23837,310.14,0.45,0.47,2026-06-05,0531,N21,nominal,2.0NRT,282.52,4.42,N
-16.4685,-59.32864,331.1,0.57,0.43,2026-06-05,0531,N21,nominal,2.0NRT,290.66,5.04,N
-16.4692,-59.32332,341.13,0.57,0.43,2026-06-05,0531,N21,nominal,2.0NRT,291.94,5.04,N
-16.47318,-59.32395,306.42,0.57,0.43,2026-06-05,0531,N21,nominal,2.0NRT,290.6,5.04,N
-16.482,-59.28776,309.93,0.38,0.44,2026-06-05,0531,N21,nominal,2.0NRT,290.2,1.46,N
-16.48295,-59.28059,312.11,0.38,0.44,2026-06-05,0531,N21,nominal,2.0NRT,290.33,1.43,N
-16.47832,-59.34647,329.4,0.57,0.43,2026-06-05,0531,N21,nominal,2.0NRT,291.52,5.43,N
-16.47902,-59.34118,310.92,0.57,0.43,2026-06-05,0531,N21,nominal,2.0NRT,291.17,3.07,N
-16.48505,-59.29552,303.56,0.38,0.43,2026-06-05,0531,N21,nominal,2.0NRT,290.28,1,N
-16.48557,-59.35289,306.38,0.57,0.43,2026-06-05,0531,N21,nominal,2.0NRT,289.5,1.24,N
-16.5029,-59.34453,300.32,0.57,0.43,2026-06-05,0531,N21,nominal,2.0NRT,290.01,1.49,N
-16.51588,-59.2779,327.5,0.39,0.44,2026-06-05,0531,N21,nominal,2.0NRT,290.89,2.9,N
-16.50261,-59.37694,316.36,0.57,0.43,2026-06-05,0531,N21,nominal,2.0NRT,290.25,2.77,N
-16.5154,-59.28149,319.78,0.38,0.44,2026-06-05,0531,N21,nominal,2.0NRT,290.71,2.9,N
-16.51939,-59.28209,325.56,0.38,0.44,2026-06-05,0531,N21,nominal,2.0NRT,291.41,2.9,N
-16.51987,-59.2785,337.36,0.39,0.44,2026-06-05,0531,N21,nominal,2.0NRT,291.28,2.9,N
-16.51414,-59.35146,301.34,0.57,0.43,2026-06-05,0531,N21,nominal,2.0NRT,290.11,1.23,N
-16.51485,-59.34618,319.38,0.57,0.43,2026-06-05,0531,N21,nominal,2.0NRT,291.11,3.85,N
-16.50503,-59.37846,318.12,0.57,0.43,2026-06-05,0531,N21,nominal,2.0NRT,290.74,2.37,N
-16.51308,-59.34708,324.9,0.57,0.43,2026-06-05,0531,N21,nominal,2.0NRT,291.05,3.84,N
-16.51706,-59.3476,301.73,0.57,0.43,2026-06-05,0531,N21,nominal,2.0NRT,290.38,0.98,N
-16.52849,-59.28988,309.31,0.38,0.44,2026-06-05,0531,N21,nominal,2.0NRT,290.33,0.82,N
-16.52895,-59.28628,300.98,0.39,0.44,2026-06-05,0531,N21,nominal,2.0NRT,289.69,0.82,N
-16.53187,-59.327,299.91,0.38,0.43,2026-06-05,0531,N21,nominal,2.0NRT,289.5,0.69,N
-16.53233,-59.32341,300.13,0.38,0.43,2026-06-05,0531,N21,nominal,2.0NRT,290.04,0.69,N
-16.54493,-59.28867,311.8,0.39,0.44,2026-06-05,0531,N21,nominal,2.0NRT,291.04,1.88,N
-16.54892,-59.28927,320.84,0.39,0.44,2026-06-05,0531,N21,nominal,2.0NRT,290.73,1.59,N
-16.54846,-59.29288,312.59,0.38,0.44,2026-06-05,0531,N21,nominal,2.0NRT,290.25,1.59,N
-16.55152,-59.30064,339.95,0.38,0.44,2026-06-05,0531,N21,nominal,2.0NRT,292.27,3.86,N
-16.55106,-59.3042,315.45,0.38,0.44,2026-06-05,0531,N21,nominal,2.0NRT,290.53,2.02,N
-16.55198,-59.29708,317.84,0.38,0.44,2026-06-05,0531,N21,nominal,2.0NRT,291.2,3.86,N
-16.55245,-59.29349,302.8,0.38,0.44,2026-06-05,0531,N21,nominal,2.0NRT,290.49,1.59,N
-16.55552,-59.3012,310.74,0.38,0.44,2026-06-05,0531,N21,nominal,2.0NRT,290.29,1.56,N
-16.55738,-59.28682,317.03,0.39,0.44,2026-06-05,0531,N21,nominal,2.0NRT,290.7,2.05,N
-16.56491,-59.29154,302.75,0.39,0.44,2026-06-05,0531,N21,nominal,2.0NRT,290.21,1.05,N
-16.56538,-59.28795,309.06,0.39,0.44,2026-06-05,0531,N21,nominal,2.0NRT,290.43,1.18,N
-16.56776,-59.33212,310.62,0.38,0.43,2026-06-05,0531,N21,nominal,2.0NRT,290.26,1.5,N
-16.57314,-59.32204,325.68,0.38,0.43,2026-06-05,0531,N21,nominal,2.0NRT,291.42,2.44,N
-16.57221,-59.32916,315.6,0.38,0.43,2026-06-05,0531,N21,nominal,2.0NRT,291.02,1.5,N
-16.57267,-59.32561,317.71,0.38,0.43,2026-06-05,0531,N21,nominal,2.0NRT,290.94,2.44,N
-16.32314,-61.21675,313.44,0.45,0.39,2026-06-05,0531,N21,nominal,2.0NRT,287.71,1.41,N
-16.43933,-60.62724,321.72,0.49,0.4,2026-06-05,0531,N21,nominal,2.0NRT,292.23,3.54,N
-16.43995,-60.62274,322.31,0.49,0.4,2026-06-05,0531,N21,nominal,2.0NRT,291.36,2.51,N
-16.45229,-60.77444,302.08,0.48,0.4,2026-06-05,0531,N21,nominal,2.0NRT,289.42,0.7,N
-16.35681,-61.48982,302.51,0.44,0.39,2026-06-05,0531,N21,nominal,2.0NRT,288.26,0.74,N
-16.03395,-63.84221,303.88,0.39,0.36,2026-06-05,0531,N21,nominal,2.0NRT,290.1,0.52,N
-16.09942,-63.4366,315.46,0.39,0.36,2026-06-05,0531,N21,nominal,2.0NRT,291.44,1.37,N
-16.12916,-63.28545,311.39,0.39,0.36,2026-06-05,0531,N21,nominal,2.0NRT,291.22,1.13,N
-16.12971,-63.28181,311.1,0.39,0.36,2026-06-05,0531,N21,nominal,2.0NRT,291.68,1.39,N
-16.40097,-61.50919,298.11,0.44,0.39,2026-06-05,0531,N21,nominal,2.0NRT,287.81,0.61,N
-16.6289,-59.86677,303.42,0.54,0.42,2026-06-05,0531,N21,nominal,2.0NRT,289.23,0.76,N
-16.67295,-59.59768,305,0.56,0.43,2026-06-05,0531,N21,nominal,2.0NRT,289.51,0.84,N
-16.48205,-61.26416,311.24,0.45,0.39,2026-06-05,0531,N21,nominal,2.0NRT,288.15,1.74,N
-16.55976,-60.83388,346.81,0.48,0.4,2026-06-05,0531,N21,nominal,2.0NRT,292.92,5.27,N
-16.20585,-63.29373,302.84,0.39,0.36,2026-06-05,0531,N21,nominal,2.0NRT,291.07,0.79,N
-16.2064,-63.29009,309.55,0.39,0.36,2026-06-05,0531,N21,nominal,2.0NRT,291.85,0.79,N
-16.56402,-60.83003,367,0.48,0.4,2026-06-05,0531,N21,high,2.0NRT,294.98,15.62,N
-16.56462,-60.82563,339.75,0.48,0.4,2026-06-05,0531,N21,nominal,2.0NRT,292.89,15.62,N
-16.46196,-61.56332,314.43,0.44,0.38,2026-06-05,0531,N21,nominal,2.0NRT,287.51,1.48,N
-16.56341,-60.83444,314.5,0.48,0.4,2026-06-05,0531,N21,nominal,2.0NRT,291.02,5.27,N
-16.56828,-60.82615,335.19,0.48,0.4,2026-06-05,0531,N21,nominal,2.0NRT,291.86,10.87,N
-16.46432,-61.57204,301.44,0.44,0.38,2026-06-05,0531,N21,nominal,2.0NRT,288.24,0.77,N
-16.4649,-61.56796,306.16,0.44,0.38,2026-06-05,0531,N21,nominal,2.0NRT,287.58,0.77,N
-16.15931,-63.73395,307.22,0.39,0.36,2026-06-05,0531,N21,nominal,2.0NRT,291.03,0.99,N
-16.48427,-61.55836,328.72,0.44,0.38,2026-06-05,0531,N21,nominal,2.0NRT,289.23,2.29,N
-16.48485,-61.55426,308.7,0.44,0.38,2026-06-05,0531,N21,nominal,2.0NRT,287.77,2.29,N
-16.48722,-61.56298,299.22,0.44,0.38,2026-06-05,0531,N21,nominal,2.0NRT,287.68,0.46,N
-16.4878,-61.55889,314.64,0.44,0.38,2026-06-05,0531,N21,nominal,2.0NRT,287.97,1.33,N
-16.48838,-61.5548,308.78,0.44,0.38,2026-06-05,0531,N21,nominal,2.0NRT,287.9,1.33,N
-17.77747,-50.46766,302.9,0.77,0.77,2026-06-05,0531,N21,nominal,2.0NRT,287.67,3.24,N
-17.78454,-50.46872,321.98,0.77,0.77,2026-06-05,0531,N21,nominal,2.0NRT,288.49,6.36,N
-16.61236,-60.98988,303.76,0.47,0.4,2026-06-05,0531,N21,nominal,2.0NRT,289.05,1.41,N
-16.64592,-60.77858,308.21,0.48,0.4,2026-06-05,0531,N21,nominal,2.0NRT,289.85,1.18,N
-16.64538,-60.78056,310.28,0.48,0.4,2026-06-05,0531,N21,nominal,2.0NRT,289.83,1.11,N
-17.7815,-50.47218,312.19,0.77,0.77,2026-06-05,0531,N21,nominal,2.0NRT,288.42,6.29,N
-17.78211,-50.46452,306.43,0.77,0.77,2026-06-05,0531,N21,nominal,2.0NRT,286.84,4.94,N
-16.57194,-62.3346,307.34,0.41,0.37,2026-06-05,0531,N21,nominal,2.0NRT,288.89,1.21,N
-16.62375,-62.26779,301.07,0.42,0.37,2026-06-05,0531,N21,nominal,2.0NRT,289.7,1.4,N
-16.62719,-62.26831,321.1,0.42,0.37,2026-06-05,0531,N21,nominal,2.0NRT,290.32,1.4,N
-16.63062,-62.26883,299.18,0.42,0.37,2026-06-05,0531,N21,nominal,2.0NRT,288.89,0.44,N
-16.63118,-62.26499,309.94,0.42,0.37,2026-06-05,0531,N21,nominal,2.0NRT,290.37,1.29,N
-16.89364,-62.21518,304.73,0.42,0.38,2026-06-05,0533,N21,nominal,2.0NRT,292.64,0.38,N
-17.4868,-59.51256,327.65,0.38,0.43,2026-06-05,0533,N21,nominal,2.0NRT,290.04,2.11,N
-17.48588,-59.51976,303.92,0.38,0.43,2026-06-05,0533,N21,nominal,2.0NRT,289.15,1.1,N
-17.48634,-59.51616,313.27,0.38,0.43,2026-06-05,0533,N21,nominal,2.0NRT,289.46,1.1,N
-17.48726,-59.50897,305.32,0.38,0.43,2026-06-05,0533,N21,nominal,2.0NRT,289.15,2.11,N
-17.48863,-59.49819,308.01,0.38,0.44,2026-06-05,0533,N21,nominal,2.0NRT,289.55,1.3,N
-17.4847,-59.56078,332.48,0.57,0.43,2026-06-05,0533,N21,nominal,2.0NRT,289.14,6.84,N
-17.48539,-59.55539,322.96,0.57,0.43,2026-06-05,0533,N21,nominal,2.0NRT,289.45,6.57,N
-17.48608,-59.54998,322.39,0.57,0.43,2026-06-05,0533,N21,nominal,2.0NRT,289.18,6.57,N
-17.48849,-59.53118,339.86,0.38,0.43,2026-06-05,0533,N21,nominal,2.0NRT,291.54,6.77,N
-17.48895,-59.52758,326.92,0.38,0.43,2026-06-05,0533,N21,nominal,2.0NRT,290.58,2.97,N
-17.48941,-59.52399,330.72,0.38,0.43,2026-06-05,0533,N21,nominal,2.0NRT,292.15,2.97,N
-17.48987,-59.52038,334.29,0.38,0.43,2026-06-05,0533,N21,nominal,2.0NRT,292.32,4.5,N
-17.49033,-59.51677,349.34,0.38,0.43,2026-06-05,0533,N21,nominal,2.0NRT,292.63,4.5,N
-17.49125,-59.50957,324.07,0.38,0.43,2026-06-05,0533,N21,nominal,2.0NRT,290.58,2.49,N
-17.49263,-59.49875,328.57,0.38,0.44,2026-06-05,0533,N21,nominal,2.0NRT,290.75,5.55,N
-17.48746,-59.53925,314.99,0.57,0.43,2026-06-05,0533,N21,nominal,2.0NRT,289.27,3.4,N
-17.48803,-59.53478,314.46,0.38,0.43,2026-06-05,0533,N21,nominal,2.0NRT,290.05,6.77,N
-17.49079,-59.51316,312.33,0.38,0.43,2026-06-05,0533,N21,nominal,2.0NRT,289.96,2.49,N
-17.49309,-59.49509,303.01,0.38,0.44,2026-06-05,0533,N21,nominal,2.0NRT,289.2,5.55,N
-17.48868,-59.56135,328.24,0.57,0.43,2026-06-05,0533,N21,nominal,2.0NRT,289.56,6.84,N
-17.48937,-59.55598,338.15,0.57,0.43,2026-06-05,0533,N21,nominal,2.0NRT,290.95,6.57,N
-17.49006,-59.55059,337.57,0.57,0.43,2026-06-05,0533,N21,nominal,2.0NRT,290.1,6.57,N
-17.49201,-59.53538,330.16,0.38,0.43,2026-06-05,0533,N21,nominal,2.0NRT,290.66,6.77,N
-17.49247,-59.53181,343.51,0.38,0.43,2026-06-05,0533,N21,nominal,2.0NRT,292.8,6.77,N
-17.49293,-59.52822,325.26,0.38,0.43,2026-06-05,0533,N21,nominal,2.0NRT,291.2,2.97,N
-17.49339,-59.52461,323.84,0.38,0.43,2026-06-05,0533,N21,nominal,2.0NRT,291.69,2.97,N
-17.49385,-59.52099,322.53,0.38,0.43,2026-06-05,0533,N21,nominal,2.0NRT,291.82,4.5,N
-17.49431,-59.51737,330.47,0.38,0.43,2026-06-05,0533,N21,nominal,2.0NRT,292.13,4.5,N
-17.49478,-59.51375,329.28,0.38,0.43,2026-06-05,0533,N21,nominal,2.0NRT,290.66,2.49,N
-17.49524,-59.51016,325.2,0.38,0.43,2026-06-05,0533,N21,nominal,2.0NRT,290.48,2.49,N
-17.49662,-59.49932,367,0.38,0.44,2026-06-05,0533,N21,high,2.0NRT,295.55,5.55,N
-17.49709,-59.49564,338.3,0.38,0.44,2026-06-05,0533,N21,nominal,2.0NRT,292.49,5.55,N
-17.49615,-59.50299,300.1,0.38,0.44,2026-06-05,0533,N21,nominal,2.0NRT,289.99,2.84,N
-17.49335,-59.55658,325.58,0.57,0.43,2026-06-05,0533,N21,nominal,2.0NRT,289.5,12.3,N
-17.49404,-59.55118,333.69,0.57,0.43,2026-06-05,0533,N21,nominal,2.0NRT,292.74,12.3,N
-17.49599,-59.53598,328.91,0.38,0.43,2026-06-05,0533,N21,nominal,2.0NRT,290.39,3.06,N
-17.49691,-59.52885,332.8,0.38,0.43,2026-06-05,0533,N21,nominal,2.0NRT,291.28,1.81,N
-17.4983,-59.51798,332.86,0.38,0.43,2026-06-05,0533,N21,nominal,2.0NRT,292.43,2.15,N
-17.50061,-59.49992,345.57,0.38,0.44,2026-06-05,0533,N21,nominal,2.0NRT,293.44,6.11,N
-17.50108,-59.49625,337.65,0.38,0.44,2026-06-05,0533,N21,nominal,2.0NRT,292.21,6.11,N
-17.48644,-59.61028,303.14,0.57,0.43,2026-06-05,0533,N21,nominal,2.0NRT,289.04,1.84,N
-17.49645,-59.53243,319.56,0.38,0.43,2026-06-05,0533,N21,nominal,2.0NRT,290.84,3.06,N
-17.49737,-59.52523,316,0.38,0.43,2026-06-05,0533,N21,nominal,2.0NRT,291.06,1.81,N
-17.49784,-59.5216,317.76,0.38,0.43,2026-06-05,0533,N21,nominal,2.0NRT,291.59,2.15,N
-17.49876,-59.51436,316.36,0.38,0.43,2026-06-05,0533,N21,nominal,2.0NRT,290.17,1.61,N
-17.49923,-59.51077,310.7,0.38,0.43,2026-06-05,0533,N21,nominal,2.0NRT,289.94,1.61,N
-17.49732,-59.55721,349.06,0.57,0.43,2026-06-05,0533,N21,nominal,2.0NRT,292.98,12.3,N
-17.49801,-59.55182,350.27,0.57,0.43,2026-06-05,0533,N21,nominal,2.0NRT,291.98,12.3,N
-17.49041,-59.61087,311.57,0.57,0.43,2026-06-05,0533,N21,nominal,2.0NRT,288.92,1.84,N
-17.49997,-59.53661,299.42,0.38,0.43,2026-06-05,0533,N21,nominal,2.0NRT,289.33,3.06,N
-17.50043,-59.53305,312.42,0.38,0.43,2026-06-05,0533,N21,nominal,2.0NRT,290.28,3.06,N
-17.50089,-59.52948,301.67,0.38,0.43,2026-06-05,0533,N21,nominal,2.0NRT,289.69,1.81,N
-17.50135,-59.52585,302.98,0.38,0.43,2026-06-05,0533,N21,nominal,2.0NRT,290.01,1.81,N
-17.50229,-59.51859,304.53,0.38,0.43,2026-06-05,0533,N21,nominal,2.0NRT,289.87,2.15,N
-17.50129,-59.55787,344.87,0.57,0.43,2026-06-05,0533,N21,nominal,2.0NRT,291.45,6.64,N
-17.50199,-59.55248,319.4,0.57,0.43,2026-06-05,0533,N21,nominal,2.0NRT,290.14,6.64,N
-17.50424,-59.6288,305.17,0.57,0.43,2026-06-05,0533,N21,nominal,2.0NRT,288.48,1.4,N
-17.50493,-59.6235,317.85,0.57,0.43,2026-06-05,0533,N21,nominal,2.0NRT,288.65,3.14,N
-17.5089,-59.62404,300.57,0.57,0.43,2026-06-05,0533,N21,nominal,2.0NRT,287.85,1.56,N
-17.50959,-59.61876,313.17,0.57,0.43,2026-06-05,0533,N21,nominal,2.0NRT,288.49,1.56,N
-17.51287,-59.62457,307.63,0.57,0.43,2026-06-05,0533,N21,nominal,2.0NRT,287.94,1.56,N
-17.56082,-59.65877,307.38,0.57,0.43,2026-06-05,0533,N21,nominal,2.0NRT,288.26,1.88,N
-17.4157,-60.76429,304.93,0.49,0.4,2026-06-05,0533,N21,nominal,2.0NRT,289.15,1.07,N
-17.4194,-60.76489,306.54,0.49,0.4,2026-06-05,0533,N21,nominal,2.0NRT,289.87,1.25,N
-17.56347,-59.66121,304.74,0.57,0.43,2026-06-05,0533,N21,nominal,2.0NRT,288.63,1.74,N
-17.63392,-60.39988,323.16,0.51,0.41,2026-06-05,0533,N21,nominal,2.0NRT,289.26,3.32,N
-17.28638,-63.26685,317.33,0.4,0.37,2026-06-05,0533,N21,nominal,2.0NRT,290.02,1.54,N
-17.64197,-60.74573,299.71,0.49,0.41,2026-06-05,0533,N21,nominal,2.0NRT,287.24,0.58,N
-17.64569,-60.7463,297.96,0.49,0.41,2026-06-05,0533,N21,nominal,2.0NRT,287.32,1.33,N
-17.67172,-60.75024,320.47,0.49,0.41,2026-06-05,0533,N21,nominal,2.0NRT,287.91,5.5,N
-17.67234,-60.74561,342.98,0.49,0.41,2026-06-05,0533,N21,nominal,2.0NRT,290.33,5.5,N
-17.67297,-60.74097,335.69,0.49,0.41,2026-06-05,0533,N21,nominal,2.0NRT,288.99,4.6,N
-17.6736,-60.73633,325.5,0.49,0.41,2026-06-05,0533,N21,nominal,2.0NRT,288.17,4.6,N
-17.67669,-60.74154,302.98,0.49,0.41,2026-06-05,0533,N21,nominal,2.0NRT,288.27,1.71,N
-17.67732,-60.73689,316.67,0.49,0.41,2026-06-05,0533,N21,nominal,2.0NRT,288.46,1.71,N
-17.67795,-60.73224,304.85,0.5,0.41,2026-06-05,0533,N21,nominal,2.0NRT,287.87,1.19,N
-17.67858,-60.72759,307.28,0.5,0.41,2026-06-05,0533,N21,nominal,2.0NRT,287.66,1.19,N
-17.77367,-60.42275,297.5,0.52,0.41,2026-06-05,0533,N21,nominal,2.0NRT,286.78,0.43,N
-17.59701,-61.86692,307.94,0.44,0.38,2026-06-05,0533,N21,nominal,2.0NRT,289.42,0.9,N
-17.59758,-61.8628,299.33,0.44,0.38,2026-06-05,0533,N21,nominal,2.0NRT,288.67,0.9,N
-17.66264,-61.60447,303.97,0.45,0.39,2026-06-05,0533,N21,nominal,2.0NRT,288.42,1.2,N
-17.5226,-62.73059,302.41,0.41,0.37,2026-06-05,0533,N21,nominal,2.0NRT,290.39,0.67,N
-17.52316,-62.72676,304.27,0.41,0.37,2026-06-05,0533,N21,nominal,2.0NRT,290.7,0.67,N
-18.01274,-59.58234,298.77,0.39,0.44,2026-06-05,0533,N21,nominal,2.0NRT,287.8,0.92,N
-18.03277,-59.58511,303.81,0.39,0.44,2026-06-05,0533,N21,nominal,2.0NRT,288.24,0.77,N
-18.04107,-59.61572,327.42,0.38,0.44,2026-06-05,0533,N21,nominal,2.0NRT,289.22,2.96,N
-18.04153,-59.61209,312.53,0.38,0.44,2026-06-05,0533,N21,nominal,2.0NRT,288.2,1.66,N
-18.05351,-59.61386,310.96,0.38,0.44,2026-06-05,0533,N21,nominal,2.0NRT,288.66,1.35,N
-18.05871,-59.63659,325.21,0.38,0.43,2026-06-05,0533,N21,nominal,2.0NRT,287.99,3.05,N
-18.0627,-59.63714,309.29,0.38,0.43,2026-06-05,0533,N21,nominal,2.0NRT,288.17,1.04,N
-18.0815,-59.61775,313.5,0.38,0.44,2026-06-05,0533,N21,nominal,2.0NRT,288.39,1.44,N
-18.10179,-59.58742,333.53,0.39,0.44,2026-06-05,0533,N21,nominal,2.0NRT,289.52,5.74,N
-18.10227,-59.58381,323.65,0.39,0.44,2026-06-05,0533,N21,nominal,2.0NRT,289.08,2.97,N
-18.10579,-59.58799,347.78,0.39,0.44,2026-06-05,0533,N21,nominal,2.0NRT,290.89,5.74,N
-18.10627,-59.58437,314.83,0.39,0.44,2026-06-05,0533,N21,nominal,2.0NRT,288.74,2.97,N
-18.10375,-59.58669,367,0.39,0.44,2026-06-05,0533,N21,high,2.0NRT,293.24,6.7,N
-18.1042,-59.58307,321.74,0.39,0.44,2026-06-05,0533,N21,nominal,2.0NRT,288.84,3.06,N
-18.1033,-59.59031,305.18,0.39,0.44,2026-06-05,0533,N21,nominal,2.0NRT,288.62,6.7,N
-18.1334,-59.41457,324.44,0.4,0.44,2026-06-05,0533,N21,nominal,2.0NRT,289.28,3.33,N
-17.96949,-61.70771,303.58,0.45,0.39,2026-06-05,0533,N21,nominal,2.0NRT,288.9,0.79,N
-17.85278,-62.60325,300.64,0.41,0.37,2026-06-05,0533,N21,nominal,2.0NRT,288.66,0.73,N
-17.8562,-62.6038,299.58,0.41,0.37,2026-06-05,0533,N21,nominal,2.0NRT,287.76,0.51,N
-18.37123,-59.07697,320.34,0.42,0.45,2026-06-05,0533,N21,nominal,2.0NRT,288.86,2.12,N
-18.36972,-59.08876,309.83,0.42,0.45,2026-06-05,0533,N21,nominal,2.0NRT,287.84,1.43,N
-18.37023,-59.08483,308.34,0.42,0.45,2026-06-05,0533,N21,nominal,2.0NRT,287.75,1.43,N
-18.37073,-59.08091,312.7,0.42,0.45,2026-06-05,0533,N21,nominal,2.0NRT,288.19,2.12,N
-18.37325,-59.06121,311.94,0.42,0.45,2026-06-05,0533,N21,nominal,2.0NRT,287.61,1.9,N
-18.37438,-59.08541,322.81,0.42,0.45,2026-06-05,0533,N21,nominal,2.0NRT,289.39,2.93,N
-18.37488,-59.08148,327.95,0.42,0.45,2026-06-05,0533,N21,nominal,2.0NRT,289.53,3.41,N
-18.37538,-59.07755,323.82,0.42,0.45,2026-06-05,0533,N21,nominal,2.0NRT,288.77,3.41,N
-18.37337,-59.09328,319.29,0.42,0.45,2026-06-05,0533,N21,nominal,2.0NRT,288.86,3.37,N
-18.37387,-59.08934,316.46,0.42,0.45,2026-06-05,0533,N21,nominal,2.0NRT,288.55,2.93,N
-18.37589,-59.07362,298.98,0.42,0.45,2026-06-05,0533,N21,nominal,2.0NRT,287.78,1.37,N
-18.37639,-59.06967,301.91,0.42,0.45,2026-06-05,0533,N21,nominal,2.0NRT,287.83,1.37,N
-18.3769,-59.06573,316.23,0.42,0.45,2026-06-05,0533,N21,nominal,2.0NRT,288.1,1.43,N
-18.3774,-59.06179,297.85,0.42,0.45,2026-06-05,0533,N21,nominal,2.0NRT,287.42,1.43,N
-18.37752,-59.09386,336.65,0.42,0.45,2026-06-05,0533,N21,nominal,2.0NRT,289.93,3.37,N
-18.37853,-59.08599,324.01,0.42,0.45,2026-06-05,0533,N21,nominal,2.0NRT,290.2,2.93,N
-18.37903,-59.08206,322.55,0.42,0.45,2026-06-05,0533,N21,nominal,2.0NRT,290.25,3.41,N
-18.37954,-59.07812,324.17,0.42,0.45,2026-06-05,0533,N21,nominal,2.0NRT,289.89,3.41,N
-18.38105,-59.0663,323.37,0.42,0.45,2026-06-05,0533,N21,nominal,2.0NRT,289.39,1.43,N
-18.38257,-59.05446,320.76,0.42,0.45,2026-06-05,0533,N21,nominal,2.0NRT,289.75,2.56,N
-18.37802,-59.08993,318.49,0.42,0.45,2026-06-05,0533,N21,nominal,2.0NRT,289.48,2.93,N
-18.38004,-59.07419,307.77,0.42,0.45,2026-06-05,0533,N21,nominal,2.0NRT,288.15,1.37,N
-18.38055,-59.07025,314.94,0.42,0.45,2026-06-05,0533,N21,nominal,2.0NRT,288.52,1.37,N
-18.38156,-59.06236,302.18,0.42,0.45,2026-06-05,0533,N21,nominal,2.0NRT,287.92,1.43,N
-18.38206,-59.05841,314.84,0.42,0.45,2026-06-05,0533,N21,nominal,2.0NRT,288.93,2.56,N
-18.38308,-59.0505,313.76,0.42,0.45,2026-06-05,0533,N21,nominal,2.0NRT,288.89,2.12,N
-18.38358,-59.04655,317.33,0.42,0.45,2026-06-05,0533,N21,nominal,2.0NRT,288.93,2.12,N
-18.38166,-59.09445,330.37,0.42,0.45,2026-06-05,0533,N21,nominal,2.0NRT,289.62,2.96,N
-18.38217,-59.09051,328.79,0.42,0.45,2026-06-05,0533,N21,nominal,2.0NRT,290.54,3.55,N
-18.38268,-59.08657,328.36,0.42,0.45,2026-06-05,0533,N21,nominal,2.0NRT,290.67,3.55,N
-18.38318,-59.08263,329.95,0.42,0.45,2026-06-05,0533,N21,nominal,2.0NRT,290.89,2.23,N
-18.3847,-59.07082,325.2,0.42,0.45,2026-06-05,0533,N21,nominal,2.0NRT,289.67,3.38,N
-18.38521,-59.06688,328.92,0.42,0.45,2026-06-05,0533,N21,nominal,2.0NRT,290.58,3.23,N
-18.38572,-59.06293,334.65,0.42,0.45,2026-06-05,0533,N21,nominal,2.0NRT,291.45,3.23,N
-18.38622,-59.05898,322.92,0.42,0.45,2026-06-05,0533,N21,nominal,2.0NRT,290.1,3.26,N
-18.38673,-59.05503,339.94,0.42,0.45,2026-06-05,0533,N21,nominal,2.0NRT,292.05,3.26,N
-18.38724,-59.05107,326.27,0.42,0.45,2026-06-05,0533,N21,nominal,2.0NRT,290.41,1.53,N
-18.38369,-59.0787,308.1,0.42,0.45,2026-06-05,0533,N21,nominal,2.0NRT,288.38,2.23,N
-18.38775,-59.04712,309.82,0.42,0.45,2026-06-05,0533,N21,nominal,2.0NRT,288.52,1.53,N
-18.38632,-59.09108,329.98,0.42,0.45,2026-06-05,0533,N21,nominal,2.0NRT,290.06,3.55,N
-18.38886,-59.0714,320.69,0.42,0.45,2026-06-05,0533,N21,nominal,2.0NRT,288.03,3.38,N
-18.38987,-59.06351,322.54,0.42,0.45,2026-06-05,0533,N21,nominal,2.0NRT,289.47,3.23,N
-18.38581,-59.09503,309.25,0.42,0.45,2026-06-05,0533,N21,nominal,2.0NRT,288.77,2.96,N
-18.38683,-59.08714,305.74,0.42,0.45,2026-06-05,0533,N21,nominal,2.0NRT,288.87,3.55,N
-18.38733,-59.08321,305.07,0.42,0.45,2026-06-05,0533,N21,nominal,2.0NRT,288.73,2.23,N
-18.38936,-59.06745,311.19,0.42,0.45,2026-06-05,0533,N21,nominal,2.0NRT,288.59,3.23,N
-18.39038,-59.05955,313.92,0.42,0.45,2026-06-05,0533,N21,nominal,2.0NRT,289.38,3.26,N
-18.39089,-59.05561,303.72,0.42,0.45,2026-06-05,0533,N21,nominal,2.0NRT,288.45,3.26,N
-18.3914,-59.05166,300.36,0.42,0.45,2026-06-05,0533,N21,nominal,2.0NRT,288.08,1.53,N
-18.39191,-59.0477,300.14,0.42,0.45,2026-06-05,0533,N21,nominal,2.0NRT,288.13,1.53,N
-18.37989,-59.09234,334.14,0.42,0.45,2026-06-05,0533,N21,nominal,2.0NRT,290.21,5.4,N
-18.38276,-59.06866,336.06,0.42,0.45,2026-06-05,0533,N21,nominal,2.0NRT,291.14,2.97,N
-18.38324,-59.06472,321.11,0.42,0.45,2026-06-05,0533,N21,nominal,2.0NRT,289.62,3.42,N
-18.3842,-59.0568,336.46,0.42,0.45,2026-06-05,0533,N21,nominal,2.0NRT,291.45,3.88,N
-18.38468,-59.05284,332.32,0.42,0.45,2026-06-05,0533,N21,nominal,2.0NRT,290.79,3.88,N
-18.38515,-59.04888,334.48,0.42,0.45,2026-06-05,0533,N21,nominal,2.0NRT,290.21,2.52,N
-18.38037,-59.08839,318.19,0.42,0.45,2026-06-05,0533,N21,nominal,2.0NRT,290.07,2.48,N
-18.38085,-59.08445,315.98,0.42,0.45,2026-06-05,0533,N21,nominal,2.0NRT,289.89,2.48,N
-18.38132,-59.08051,319.47,0.42,0.45,2026-06-05,0533,N21,nominal,2.0NRT,290.12,2.37,N
-18.3818,-59.07656,313.79,0.42,0.45,2026-06-05,0533,N21,nominal,2.0NRT,288.81,2.37,N
-18.38228,-59.07261,308.65,0.42,0.45,2026-06-05,0533,N21,nominal,2.0NRT,288.54,2.97,N
-18.38372,-59.06076,316.21,0.42,0.45,2026-06-05,0533,N21,nominal,2.0NRT,288.99,3.42,N
-18.38404,-59.09293,339.25,0.42,0.45,2026-06-05,0533,N21,nominal,2.0NRT,290.05,5.4,N
-18.38452,-59.08897,321.62,0.42,0.45,2026-06-05,0533,N21,nominal,2.0NRT,289.92,2.48,N
-18.38548,-59.08109,320.73,0.42,0.45,2026-06-05,0533,N21,nominal,2.0NRT,288.9,2.37,N
-18.38644,-59.0732,324.05,0.42,0.45,2026-06-05,0533,N21,nominal,2.0NRT,288.3,2.97,N
-18.3874,-59.0653,329.34,0.42,0.45,2026-06-05,0533,N21,nominal,2.0NRT,290.55,3.42,N
-18.38787,-59.06134,330.76,0.42,0.45,2026-06-05,0533,N21,nominal,2.0NRT,290.51,3.42,N
-18.38836,-59.05738,329.29,0.42,0.45,2026-06-05,0533,N21,nominal,2.0NRT,290.74,3.88,N
-18.385,-59.08503,317.31,0.42,0.45,2026-06-05,0533,N21,nominal,2.0NRT,289.64,2.48,N
-18.38692,-59.06924,319.99,0.42,0.45,2026-06-05,0533,N21,nominal,2.0NRT,288.95,2.97,N
-18.38884,-59.05342,313.26,0.42,0.45,2026-06-05,0533,N21,nominal,2.0NRT,289.32,3.88,N
-18.38932,-59.04947,310.84,0.42,0.45,2026-06-05,0533,N21,nominal,2.0NRT,289.09,2.52,N
-18.3898,-59.0455,304.6,0.42,0.45,2026-06-05,0533,N21,nominal,2.0NRT,288.3,2.52,N
-18.38819,-59.09351,328.49,0.42,0.45,2026-06-05,0533,N21,nominal,2.0NRT,289.99,3.6,N
-18.38867,-59.08956,318.41,0.42,0.45,2026-06-05,0533,N21,nominal,2.0NRT,289.27,2.3,N
-18.38915,-59.08561,315.32,0.42,0.45,2026-06-05,0533,N21,nominal,2.0NRT,289.18,2.3,N
-18.38963,-59.08166,303.5,0.42,0.45,2026-06-05,0533,N21,nominal,2.0NRT,287.85,0.89,N
-18.53122,-58.59391,309.68,0.45,0.47,2026-06-05,0533,N21,nominal,2.0NRT,289.21,1.2,N
-18.53604,-58.59024,299.91,0.45,0.47,2026-06-05,0533,N21,nominal,2.0NRT,289.16,1.46,N
-18.53822,-58.60776,339.6,0.45,0.47,2026-06-05,0533,N21,nominal,2.0NRT,291.26,7.48,N
-18.53875,-58.60353,354.19,0.45,0.47,2026-06-05,0533,N21,nominal,2.0NRT,293.62,9.88,N
-18.53928,-58.59929,348.6,0.45,0.47,2026-06-05,0533,N21,nominal,2.0NRT,293.19,9.88,N
-18.5398,-58.59506,300.55,0.45,0.47,2026-06-05,0533,N21,nominal,2.0NRT,290,1.46,N
-18.54786,-58.60043,320.05,0.45,0.47,2026-06-05,0533,N21,nominal,2.0NRT,290.91,3.03,N
-18.5484,-58.59621,325.31,0.45,0.47,2026-06-05,0533,N21,nominal,2.0NRT,290.68,3.5,N
-17.64181,-65.00359,323.95,0.39,0.36,2026-06-05,0533,N21,nominal,2.0NRT,273.01,2.5,N
-17.6451,-65.00418,312.48,0.39,0.36,2026-06-05,0533,N21,nominal,2.0NRT,274.74,2.5,N
-18.54646,-58.59801,321.19,0.45,0.47,2026-06-05,0533,N21,nominal,2.0NRT,290.76,2.69,N
-18.54696,-58.59376,301.9,0.45,0.47,2026-06-05,0533,N21,nominal,2.0NRT,288.97,1.48,N
-18.55075,-58.5986,313.15,0.45,0.47,2026-06-05,0533,N21,nominal,2.0NRT,289.83,2.69,N
-18.59611,-58.65648,301.92,0.45,0.47,2026-06-05,0533,N21,nominal,2.0NRT,288.41,0.84,N
-18.14577,-62.65928,342.44,0.42,0.37,2026-06-05,0533,N21,nominal,2.0NRT,294.15,6.68,N
-18.14633,-62.65538,305.84,0.42,0.37,2026-06-05,0533,N21,nominal,2.0NRT,289.07,6.68,N
-18.1492,-62.65984,350.26,0.42,0.37,2026-06-05,0533,N21,nominal,2.0NRT,297.17,6.68,N
-18.14976,-62.65593,342.92,0.42,0.37,2026-06-05,0533,N21,nominal,2.0NRT,294.29,6.68,N
-18.15263,-62.66038,329.1,0.42,0.37,2026-06-05,0533,N21,nominal,2.0NRT,292.67,3.05,N
-18.15319,-62.65648,320.96,0.42,0.37,2026-06-05,0533,N21,nominal,2.0NRT,291.69,3.05,N
-18.31969,-62.07109,320.2,0.44,0.38,2026-06-05,0533,N21,nominal,2.0NRT,289.88,3.04,N
-18.32026,-62.06697,328.19,0.44,0.38,2026-06-05,0533,N21,nominal,2.0NRT,289.82,3.04,N
-19.17049,-55.1832,307.04,0.38,0.59,2026-06-05,0533,N21,nominal,2.0NRT,292.39,1.6,N
-17.72372,-66.29226,301.84,0.4,0.37,2026-06-05,0533,N21,nominal,2.0NRT,284.62,0.88,N
-18.35669,-62.21494,313.22,0.43,0.38,2026-06-05,0533,N21,nominal,2.0NRT,288.18,1.28,N
-18.35726,-62.21087,300.99,0.43,0.38,2026-06-05,0533,N21,nominal,2.0NRT,288.67,1.14,N
-18.98753,-58.08018,349.56,0.49,0.49,2026-06-05,0533,N21,nominal,2.0NRT,289.73,10.27,N
-19.73993,-53.54993,350.35,0.5,0.66,2026-06-05,0533,N21,nominal,2.0NRT,289.65,11.66,N
-19.74037,-53.54521,346.39,0.5,0.66,2026-06-05,0533,N21,nominal,2.0NRT,290.01,11.66,N
-19.73577,-53.5453,320.71,0.5,0.66,2026-06-05,0533,N21,nominal,2.0NRT,288.32,8.92,N
-19.74141,-53.55067,327.79,0.5,0.66,2026-06-05,0533,N21,nominal,2.0NRT,289.04,13.17,N
-19.74183,-53.546,354.39,0.5,0.66,2026-06-05,0533,N21,nominal,2.0NRT,290.15,8.92,N
-19.72079,-54.65242,314.17,0.42,0.61,2026-06-05,0533,N21,nominal,2.0NRT,289.29,1.83,N
-19.72646,-54.65293,315.7,0.42,0.61,2026-06-05,0533,N21,nominal,2.0NRT,290.04,2.03,N
-19.72395,-54.65373,324.21,0.42,0.61,2026-06-05,0533,N21,nominal,2.0NRT,290.55,4.37,N
-18.69451,-63.36408,310.17,0.4,0.37,2026-06-05,0533,N21,nominal,2.0NRT,288.14,0.04,N
-18.69843,-63.36084,308.25,0.4,0.37,2026-06-05,0533,N21,nominal,2.0NRT,287.94,0.04,N
-18.83754,-62.98333,301.07,0.41,0.37,2026-06-05,0533,N21,nominal,2.0NRT,289.15,0.84,N
-19.00683,-65.23856,309.62,0.38,0.36,2026-06-05,0533,N21,nominal,2.0NRT,281.77,1.39,N
-20.5389,-60.41436,316.3,0.56,0.43,2026-06-05,0533,N21,nominal,2.0NRT,290.67,1.85,N
-21.55403,-58.61388,317.79,0.49,0.49,2026-06-05,0533,N21,nominal,2.0NRT,290.25,2.92,N
-21.55213,-58.61512,304.84,0.49,0.49,2026-06-05,0533,N21,nominal,2.0NRT,288.97,1.91,N
-21.5566,-58.61573,301.47,0.49,0.49,2026-06-05,0533,N21,nominal,2.0NRT,289.44,1.24,N
-21.32259,-61.03324,302.74,0.52,0.42,2026-06-05,0533,N21,nominal,2.0NRT,288.63,1.69,N
-21.32577,-61.03887,313.05,0.52,0.42,2026-06-05,0533,N21,nominal,2.0NRT,290.06,1.74,N
-21.32642,-61.03381,300.09,0.52,0.42,2026-06-05,0533,N21,nominal,2.0NRT,288.9,1.74,N
-21.32895,-61.04448,301.03,0.52,0.42,2026-06-05,0533,N21,nominal,2.0NRT,289.43,1.77,N
-21.24902,-63.32175,299.09,0.42,0.37,2026-06-05,0533,N21,nominal,2.0NRT,288.23,0.46,N
-21.82988,-59.8272,301.68,0.42,0.45,2026-06-05,0533,N21,nominal,2.0NRT,289.08,1.1,N
-21.83037,-59.82318,303.47,0.42,0.45,2026-06-05,0533,N21,nominal,2.0NRT,288.24,1,N
-21.78678,-61.73034,311.2,0.49,0.4,2026-06-05,0533,N21,nominal,2.0NRT,288.95,1.63,N
-21.7874,-61.72562,308.9,0.49,0.4,2026-06-05,0533,N21,nominal,2.0NRT,288.62,1.63,N
-21.79048,-61.73092,315.6,0.49,0.4,2026-06-05,0533,N21,nominal,2.0NRT,290.26,1.9,N
-21.79111,-61.72619,314.28,0.49,0.4,2026-06-05,0533,N21,nominal,2.0NRT,288.99,1.9,N
-21.79419,-61.73148,310.48,0.49,0.4,2026-06-05,0533,N21,nominal,2.0NRT,289.85,1.9,N
-21.79482,-61.72676,306.5,0.49,0.4,2026-06-05,0533,N21,nominal,2.0NRT,288.72,1.9,N
-21.889,-61.88676,334.43,0.48,0.4,2026-06-05,0533,N21,nominal,2.0NRT,290.04,3.29,N
-21.88837,-61.89143,316.16,0.48,0.4,2026-06-05,0533,N21,nominal,2.0NRT,289.15,2.16,N
-21.88962,-61.88211,306.04,0.48,0.4,2026-06-05,0533,N21,nominal,2.0NRT,287.38,3.29,N
-22.55292,-56.99162,313.18,0.32,0.55,2026-06-05,0533,N21,nominal,2.0NRT,288.93,1.23,N
-22.55325,-56.9884,297.66,0.32,0.55,2026-06-05,0533,N21,nominal,2.0NRT,287.32,0.88,N
-22.18979,-62.39853,331.78,0.46,0.39,2026-06-05,0533,N21,nominal,2.0NRT,289.87,3.24,N
-22.19339,-62.3991,312.24,0.46,0.39,2026-06-05,0533,N21,nominal,2.0NRT,289.05,3.24,N
-22.47902,-62.1851,304.47,0.47,0.4,2026-06-05,0533,N21,nominal,2.0NRT,289.69,1.23,N
-22.47963,-62.1805,299.19,0.47,0.4,2026-06-05,0533,N21,nominal,2.0NRT,286.49,0.79,N
-22.48267,-62.18566,305.28,0.47,0.4,2026-06-05,0533,N21,nominal,2.0NRT,289.25,1.23,N
-22.48632,-62.18624,316.77,0.47,0.4,2026-06-05,0533,N21,nominal,2.0NRT,290.26,2.29,N
-22.48878,-62.16785,302.45,0.47,0.4,2026-06-05,0533,N21,nominal,2.0NRT,287.66,1.2,N
-23.26429,-60.13731,298.63,0.41,0.45,2026-06-05,0533,N21,nominal,2.0NRT,287.66,0.85,N
-22.31436,-68.88665,295.32,0.45,0.39,2026-06-05,0533,N21,nominal,2.0NRT,281.52,1.48,N
-22.31512,-68.88229,313.04,0.45,0.39,2026-06-05,0533,N21,nominal,2.0NRT,279.47,1.48,N
-23.58581,-60.90839,302.13,0.57,0.43,2026-06-05,0533,N21,nominal,2.0NRT,288.7,0.7,N
-24.52047,-60.63411,308.8,0.4,0.44,2026-06-05,0533,N21,nominal,2.0NRT,275.68,1.09,N
-24.52094,-60.63014,301.81,0.4,0.44,2026-06-05,0533,N21,nominal,2.0NRT,276.28,1.09,N
-24.52456,-60.6347,332.18,0.4,0.44,2026-06-05,0533,N21,nominal,2.0NRT,279.9,2.99,N
-24.52503,-60.63074,304.25,0.4,0.44,2026-06-05,0533,N21,nominal,2.0NRT,277.68,2.99,N
-24.3328,-63.24901,299.42,0.44,0.39,2026-06-05,0533,N21,nominal,2.0NRT,287.94,0.7,N
-26.31785,-57.33863,298.39,0.34,0.56,2026-06-05,0536,N21,nominal,2.0NRT,287.71,0.58,N
-26.31815,-57.33529,299.99,0.34,0.56,2026-06-05,0536,N21,nominal,2.0NRT,287.65,0.59,N
-25.98451,-61.57893,297.16,0.56,0.43,2026-06-05,0536,N21,nominal,2.0NRT,285.3,0.63,N
-26.28819,-65.95466,328.99,0.39,0.36,2026-06-05,0536,N21,nominal,2.0NRT,279.15,4.46,N
-27.52713,-56.19481,334.23,0.41,0.61,2026-06-05,0536,N21,nominal,2.0NRT,286.19,2.83,N
-27.52746,-56.19066,296.11,0.41,0.61,2026-06-05,0536,N21,nominal,2.0NRT,285.09,2.83,N
-13.78652,-76.16944,315.52,0.65,0.73,2026-06-05,0714,N21,nominal,2.0NRT,289.3,3.97,N
-13.7901,-76.1688,308.19,0.66,0.73,2026-06-05,0714,N21,nominal,2.0NRT,289.09,4.87,N
10.85024,-74.82061,302.78,0.34,0.56,2026-06-05,0705,N21,nominal,2.0NRT,278.02,0.76,N
10.32091,-75.48708,316.24,0.63,0.54,2026-06-05,0705,N21,nominal,2.0NRT,277.17,3.62,N
-28.82218,-50.23693,332.17,0.44,0.62,2026-06-05,1620,N21,nominal,2.0NRT,290.77,4.22,D
-28.82196,-50.23862,328.03,0.44,0.62,2026-06-05,1620,N21,nominal,2.0NRT,289.62,4.4,D
-26.75412,-52.08758,367,0.55,0.68,2026-06-05,1620,N21,high,2.0NRT,291.99,38.02,D
-26.74782,-52.08822,367,0.55,0.68,2026-06-05,1620,N21,high,2.0NRT,291.51,38.02,D
-26.7505,-52.08367,351.28,0.55,0.68,2026-06-05,1620,N21,nominal,2.0NRT,288.1,44.46,D
-26.75087,-52.0891,337.84,0.55,0.68,2026-06-05,1620,N21,nominal,2.0NRT,298.28,44.46,D
-26.38993,-54.14832,344.04,0.73,0.76,2026-06-05,1622,N21,nominal,2.0NRT,291.86,10.51,D
-26.38287,-54.14865,339.83,0.73,0.76,2026-06-05,1622,N21,nominal,2.0NRT,292.28,10.51,D
-26.38524,-54.15086,348.43,0.73,0.76,2026-06-05,1622,N21,nominal,2.0NRT,292.49,23.7,D
-26.32352,-54.05725,328.84,0.72,0.76,2026-06-05,1622,N21,nominal,2.0NRT,289.08,10.08,D
-26.20541,-54.45824,327.84,0.76,0.77,2026-06-05,1622,N21,nominal,2.0NRT,291.05,12.19,D
-26.19788,-54.45118,367,0.76,0.77,2026-06-05,1622,N21,high,2.0NRT,300.98,74.57,D
-26.19827,-54.45889,343.53,0.76,0.77,2026-06-05,1622,N21,nominal,2.0NRT,298.19,74.57,D
-26.19073,-54.45178,367,0.76,0.77,2026-06-05,1622,N21,high,2.0NRT,293.97,74.57,D
-26.19522,-54.46173,367,0.76,0.77,2026-06-05,1622,N21,high,2.0NRT,292.74,61.1,D
-26.19436,-54.44653,342.65,0.76,0.77,2026-06-05,1622,N21,nominal,2.0NRT,292.2,73.6,D
-26.19478,-54.45387,352.51,0.76,0.77,2026-06-05,1622,N21,nominal,2.0NRT,302.8,73.6,D
-24.63687,-42.41158,327.63,0.43,0.38,2026-06-05,1622,N21,nominal,2.0NRT,290.61,3.01,D
-24.63975,-50.98589,338.78,0.45,0.63,2026-06-05,1622,N21,nominal,2.0NRT,291.52,4.09,D
-24.4534,-52.35379,330.38,0.54,0.68,2026-06-05,1622,N21,nominal,2.0NRT,293.61,4.16,D
-24.45559,-52.35215,332.8,0.54,0.68,2026-06-05,1622,N21,nominal,2.0NRT,292.93,4.13,D
-23.39014,-46.86517,327.79,0.47,0.48,2026-06-05,1622,N21,nominal,2.0NRT,294.06,3.21,D
-22.90654,-43.7341,346.07,0.47,0.4,2026-06-05,1622,N21,nominal,2.0NRT,294.81,8.35,D
-23.02595,-45.64133,328.26,0.39,0.44,2026-06-05,1622,N21,nominal,2.0NRT,292.64,0.9,D
-21.99303,-39.74131,328.88,0.39,0.36,2026-06-05,1622,N21,nominal,2.0NRT,295.01,1.84,D
-22.795,-49.33285,345.11,0.33,0.55,2026-06-05,1622,N21,nominal,2.0NRT,296.95,4.82,D
-22.78987,-49.33329,367,0.33,0.55,2026-06-05,1622,N21,high,2.0NRT,301.05,14.99,D
-22.72093,-48.99667,326.89,0.63,0.54,2026-06-05,1622,N21,nominal,2.0NRT,292.6,0.59,D
-22.44667,-47.01287,325.81,0.47,0.48,2026-06-05,1622,N21,nominal,2.0NRT,300.3,2.21,D
-22.11994,-47.04536,337.96,0.47,0.47,2026-06-05,1622,N21,nominal,2.0NRT,299.42,8.74,D
-22.03654,-47.84602,325.75,0.52,0.5,2026-06-05,1622,N21,nominal,2.0NRT,295.41,2.5,D
-22.03745,-47.84889,325.44,0.52,0.5,2026-06-05,1622,N21,nominal,2.0NRT,295.61,2.53,D
-20.94303,-45.36811,334.4,0.54,0.42,2026-06-05,1622,N21,nominal,2.0NRT,295.27,7.79,D
-20.54658,-43.76432,325.94,0.45,0.39,2026-06-05,1622,N21,nominal,2.0NRT,292.13,3.78,D
-20.49358,-46.86737,367,0.43,0.46,2026-06-05,1622,N21,high,2.0NRT,304.32,19.58,D
-20.56485,-47.87114,332.12,0.5,0.49,2026-06-05,1622,N21,nominal,2.0NRT,302.5,4.98,D
-20.19052,-45.11316,325.44,0.51,0.41,2026-06-05,1622,N21,nominal,2.0NRT,298.05,3.96,D
-20.3144,-46.4468,327.44,0.41,0.45,2026-06-05,1622,N21,nominal,2.0NRT,293.16,2.81,D
-19.42082,-41.26754,325.22,0.38,0.36,2026-06-05,1622,N21,nominal,2.0NRT,288.22,2.58,D
-19.5291,-42.61885,332.54,0.4,0.37,2026-06-05,1622,N21,nominal,2.0NRT,299.2,2.97,D
-19.48208,-42.53276,329.3,0.4,0.37,2026-06-05,1622,N21,nominal,2.0NRT,298.21,2.45,D
-19.60938,-44.05826,325.97,0.45,0.39,2026-06-05,1622,N21,nominal,2.0NRT,299.13,2.41,D
-18.77344,-40.89971,332.3,0.38,0.36,2026-06-05,1622,N21,nominal,2.0NRT,299.11,4.64,D
-19.18903,-44.07037,326.58,0.45,0.39,2026-06-05,1622,N21,nominal,2.0NRT,297.22,2.12,D
-18.25772,-41.1034,329.84,0.38,0.36,2026-06-05,1622,N21,nominal,2.0NRT,298.42,1.97,D
-18.66391,-44.18741,338.2,0.45,0.39,2026-06-05,1622,N21,nominal,2.0NRT,296.97,5.92,D
-17.93446,-39.83168,340.55,0.4,0.37,2026-06-05,1622,N21,nominal,2.0NRT,304.02,6.26,D
-18.4006,-43.58573,334.25,0.42,0.38,2026-06-05,1622,N21,nominal,2.0NRT,299.02,4.56,D
-18.89104,-48.306,334.34,0.51,0.49,2026-06-05,1622,N21,nominal,2.0NRT,303.33,4.96,D
-17.7033,-42.17715,325.82,0.39,0.36,2026-06-05,1622,N21,nominal,2.0NRT,288.32,7.16,D
-19.16874,-55.18206,339.91,0.73,0.76,2026-06-05,1624,N21,nominal,2.0NRT,298.97,15.44,D
-17.57617,-41.82697,329.86,0.38,0.36,2026-06-05,1624,N21,nominal,2.0NRT,296.03,3.96,D
-16.54587,-39.52387,340.95,0.42,0.38,2026-06-05,1624,N21,nominal,2.0NRT,298.37,5.82,D
-16.95776,-43.54401,326.38,0.41,0.37,2026-06-05,1624,N21,nominal,2.0NRT,296.28,1.97,D
-17.87618,-52.00759,348.52,0.44,0.62,2026-06-05,1624,N21,nominal,2.0NRT,296.84,0.51,D
-16.19574,-40.44457,329.33,0.4,0.37,2026-06-05,1624,N21,nominal,2.0NRT,290.5,3.97,D
-16.19178,-40.44143,325.89,0.4,0.37,2026-06-05,1624,N21,nominal,2.0NRT,290.74,2.05,D
-17.19547,-47.64217,332.19,0.44,0.46,2026-06-05,1624,N21,low,2.0NRT,303.69,12.28,D
-17.19597,-47.64631,346.96,0.44,0.46,2026-06-05,1624,N21,nominal,2.0NRT,310.64,44.67,D
-17.196,-47.64222,333.25,0.44,0.46,2026-06-05,1624,N21,nominal,2.0NRT,303.94,12.44,D
-17.19653,-47.64635,348.93,0.44,0.46,2026-06-05,1624,N21,nominal,2.0NRT,309.37,24.46,D
-17.19228,-47.64692,349.4,0.44,0.46,2026-06-05,1624,N21,nominal,2.0NRT,303.9,24.46,D
-15.99959,-39.77438,334.98,0.42,0.37,2026-06-05,1624,N21,nominal,2.0NRT,302.84,6.84,D
-15.99551,-39.77102,331.99,0.42,0.37,2026-06-05,1624,N21,nominal,2.0NRT,299,3.96,D
-16.97609,-46.63756,332.45,0.57,0.43,2026-06-05,1624,N21,nominal,2.0NRT,304.03,27.89,D
-16.97676,-46.64289,348.09,0.57,0.43,2026-06-05,1624,N21,nominal,2.0NRT,308.95,40.3,D
-16.92806,-47.14496,344.4,0.41,0.45,2026-06-05,1624,N21,nominal,2.0NRT,301.28,9.87,D
-16.92854,-47.14885,335.16,0.41,0.45,2026-06-05,1624,N21,nominal,2.0NRT,297.26,3.72,D
-16.92395,-47.14556,343.99,0.41,0.45,2026-06-05,1624,N21,nominal,2.0NRT,300.65,8.14,D
-16.92444,-47.14946,338.12,0.41,0.45,2026-06-05,1624,N21,nominal,2.0NRT,298.48,5.23,D
-16.40038,-44.26755,331.56,0.43,0.38,2026-06-05,1624,N21,nominal,2.0NRT,301.42,5.52,D
-17.15842,-52.88461,367,0.49,0.65,2026-06-05,1624,N21,high,2.0NRT,298.15,0.68,D
-15.90626,-44.29111,330.71,0.43,0.38,2026-06-05,1624,N21,nominal,2.0NRT,299.48,4.71,D
-16.53838,-49.39687,367,0.56,0.52,2026-06-05,1624,N21,high,2.0NRT,305.34,23.96,D
-16.5369,-49.39523,346.16,0.56,0.52,2026-06-05,1624,N21,nominal,2.0NRT,300.7,11.26,D
-16.53753,-49.4004,340.12,0.56,0.52,2026-06-05,1624,N21,nominal,2.0NRT,303.53,11.26,D
-16.52644,-49.5093,353.86,0.57,0.52,2026-06-05,1624,N21,nominal,2.0NRT,310.36,66.15,D
-16.52706,-49.51452,292.15,0.57,0.52,2026-06-05,1624,N21,low,2.0NRT,305.34,59.86,D
-16.87142,-53.69004,336.76,0.55,0.68,2026-06-05,1624,N21,nominal,2.0NRT,298.31,3.96,D
-11.01529,-54.31221,339.93,0.51,0.66,2026-06-05,1626,N21,nominal,2.0NRT,294.85,7.33,D
-15.18263,-41.8145,336.32,0.38,0.36,2026-06-05,1624,N21,nominal,2.0NRT,298.06,5.5,D
-15.17932,-41.81504,348.1,0.38,0.36,2026-06-05,1624,N21,nominal,2.0NRT,297.44,5.5,D
-15.9277,-47.78943,338.6,0.43,0.46,2026-06-05,1624,N21,nominal,2.0NRT,299.1,7.74,D
-15.57781,-47.5723,338.23,0.42,0.45,2026-06-05,1624,N21,nominal,2.0NRT,298.01,5.03,D
-15.11072,-44.79926,344.47,0.44,0.38,2026-06-05,1624,N21,nominal,2.0NRT,303.94,11.78,D
-14.7438,-43.94057,353.03,0.41,0.37,2026-06-05,1624,N21,nominal,2.0NRT,313.41,20.46,D
-14.7404,-43.94109,333.24,0.41,0.37,2026-06-05,1624,N21,nominal,2.0NRT,305.69,4.23,D
-15.17461,-48.26619,342.34,0.45,0.47,2026-06-05,1624,N21,nominal,2.0NRT,307.14,20.95,D
-14.24108,-43.04435,333.63,0.39,0.36,2026-06-05,1624,N21,nominal,2.0NRT,305.68,2.51,D
-14.1953,-42.80659,346.74,0.39,0.36,2026-06-05,1624,N21,nominal,2.0NRT,307.26,8.07,D
-14.19199,-42.80711,336.47,0.39,0.36,2026-06-05,1624,N21,nominal,2.0NRT,305.14,3.09,D
-14.19252,-42.81068,344.93,0.39,0.36,2026-06-05,1624,N21,nominal,2.0NRT,303.67,12.31,D
-15.79635,-56.2172,345.58,0.79,0.78,2026-06-05,1624,N21,nominal,2.0NRT,297.64,11.32,D
-14.99263,-48.8548,337.82,0.49,0.49,2026-06-05,1624,N21,nominal,2.0NRT,302.06,5.13,D
-15.80095,-56.21959,344.86,0.79,0.78,2026-06-05,1624,N21,nominal,2.0NRT,297.87,11.99,D
-14.39523,-45.56705,335.78,0.47,0.39,2026-06-05,1624,N21,nominal,2.0NRT,300.16,7.64,D
-14.39583,-45.57137,351.92,0.47,0.39,2026-06-05,1624,N21,nominal,2.0NRT,303.13,7.64,D
-14.39643,-45.57568,339.35,0.47,0.39,2026-06-05,1624,N21,nominal,2.0NRT,303.3,11.58,D
-14.38918,-45.57674,340.04,0.47,0.39,2026-06-05,1624,N21,nominal,2.0NRT,301.32,9.27,D
-14.38978,-45.58105,353.28,0.47,0.4,2026-06-05,1624,N21,nominal,2.0NRT,303.61,9.27,D
-14.39038,-45.58537,344.23,0.47,0.4,2026-06-05,1624,N21,nominal,2.0NRT,305.13,8.6,D
-14.38375,-45.56433,331.1,0.47,0.39,2026-06-05,1624,N21,nominal,2.0NRT,298.1,7.07,D
-14.38675,-45.5859,338.79,0.47,0.4,2026-06-05,1624,N21,nominal,2.0NRT,301.17,8.6,D
-14.38312,-45.58643,335.83,0.47,0.4,2026-06-05,1624,N21,nominal,2.0NRT,300.21,6.49,D
-14.38432,-45.59505,342.91,0.47,0.4,2026-06-05,1624,N21,nominal,2.0NRT,301.98,4.47,D
-14.38013,-45.56486,300.23,0.47,0.39,2026-06-05,1624,N21,low,2.0NRT,308.82,106.2,D
-14.3765,-45.56539,332.33,0.47,0.39,2026-06-05,1624,N21,nominal,2.0NRT,301.22,106.2,D
-14.37283,-45.5923,331.25,0.47,0.4,2026-06-05,1624,N21,nominal,2.0NRT,301.25,3.48,D
-14.48265,-46.51336,334.01,0.52,0.42,2026-06-05,1624,N21,low,2.0NRT,306.48,5.88,D
-14.70766,-48.32252,349.14,0.45,0.47,2026-06-05,1624,N21,nominal,2.0NRT,307.82,22.2,D
-13.76989,-42.62118,331.32,0.38,0.36,2026-06-05,1624,N21,nominal,2.0NRT,300.06,9.59,D
-14.59456,-52.01777,349.12,0.4,0.6,2026-06-05,1624,N21,nominal,2.0NRT,301.9,6.81,D
-13.3083,-42.22201,343.91,0.38,0.36,2026-06-05,1624,N21,nominal,2.0NRT,301.4,4.22,D
-14.02647,-47.34635,336.55,0.38,0.44,2026-06-05,1624,N21,nominal,2.0NRT,301.93,3.55,D
-14.59443,-52.01888,337.6,0.4,0.6,2026-06-05,1624,N21,nominal,2.0NRT,301.04,4.58,D
-14.58721,-52.00479,335.72,0.4,0.6,2026-06-05,1624,N21,nominal,2.0NRT,301.43,9.35,D
-14.58128,-52.00175,367,0.4,0.6,2026-06-05,1624,N21,high,2.0NRT,300.71,10.92,D
-13.96106,-47.81514,332.23,0.41,0.45,2026-06-05,1624,N21,nominal,2.0NRT,305.62,2.59,D
-14.32163,-53.37682,349.53,0.49,0.65,2026-06-05,1624,N21,nominal,2.0NRT,299.7,8.87,D
-13.64978,-47.72161,338.32,0.4,0.44,2026-06-05,1624,N21,nominal,2.0NRT,303.31,5.52,D
-13.65027,-47.72538,338.11,0.4,0.44,2026-06-05,1624,N21,nominal,2.0NRT,298.35,5.52,D
-13.65034,-47.72511,338.18,0.4,0.44,2026-06-05,1624,N21,nominal,2.0NRT,300.13,10.33,D
-14.32516,-53.37856,334.65,0.49,0.65,2026-06-05,1624,N21,nominal,2.0NRT,300.41,8.56,D
-14.31867,-53.37475,354.94,0.49,0.65,2026-06-05,1624,N21,nominal,2.0NRT,299.76,8.56,D
-14.23435,-53.3798,330.19,0.49,0.65,2026-06-05,1624,N21,nominal,2.0NRT,299.62,7.46,D
-12.92768,-43.61648,333.29,0.39,0.36,2026-06-05,1624,N21,nominal,2.0NRT,305.14,3.76,D
-12.92821,-43.62008,343.9,0.39,0.36,2026-06-05,1624,N21,nominal,2.0NRT,306.48,5.22,D
-13.5857,-48.56625,330.07,0.45,0.47,2026-06-05,1624,N21,nominal,2.0NRT,302.4,3.45,D
-13.94033,-53.89166,332.34,0.52,0.67,2026-06-05,1624,N21,nominal,2.0NRT,299.07,5.2,D
-13.93531,-53.90267,334.86,0.53,0.67,2026-06-05,1624,N21,nominal,2.0NRT,300.3,12.35,D
-12.92712,-47.71438,339.54,0.39,0.44,2026-06-05,1624,N21,nominal,2.0NRT,304.19,3.66,D
-12.92482,-47.88522,345.14,0.4,0.44,2026-06-05,1624,N21,nominal,2.0NRT,310.66,13.35,D
-12.9253,-47.88885,350.24,0.4,0.44,2026-06-05,1624,N21,nominal,2.0NRT,312.98,13.35,D
-12.92074,-47.88578,339.82,0.4,0.44,2026-06-05,1624,N21,nominal,2.0NRT,303.94,13.35,D
-12.92122,-47.88941,344.61,0.4,0.44,2026-06-05,1624,N21,nominal,2.0NRT,305.27,13.35,D
-13.25216,-51.54495,331.89,0.35,0.57,2026-06-05,1624,N21,nominal,2.0NRT,296.92,3.34,D
-12.52297,-46.27413,336.22,0.48,0.4,2026-06-05,1624,N21,nominal,2.0NRT,306.01,7.57,D
-12.5236,-46.27868,342.03,0.48,0.4,2026-06-05,1624,N21,nominal,2.0NRT,308.88,9.66,D
-12.51621,-46.27954,332.51,0.48,0.4,2026-06-05,1624,N21,low,2.0NRT,307.1,6.8,D
-12.51183,-46.27507,339.96,0.48,0.4,2026-06-05,1624,N21,nominal,2.0NRT,306.45,7.43,D
-12.51314,-46.28455,338.51,0.48,0.4,2026-06-05,1624,N21,nominal,2.0NRT,304.66,6.8,D
-12.50882,-46.28049,340.52,0.48,0.4,2026-06-05,1624,N21,nominal,2.0NRT,303.63,12.63,D
-12.50946,-46.28505,340.31,0.48,0.4,2026-06-05,1624,N21,nominal,2.0NRT,305.84,12.63,D
-12.50264,-46.34486,346.01,0.49,0.4,2026-06-05,1624,N21,nominal,2.0NRT,307.19,8.84,D
-12.65848,-47.66871,345.76,0.39,0.44,2026-06-05,1624,N21,nominal,2.0NRT,307.16,9.4,D
-12.65897,-47.67226,337.92,0.39,0.44,2026-06-05,1624,N21,nominal,2.0NRT,307.4,7.58,D
-11.955,-43.4014,340.06,0.39,0.36,2026-06-05,1624,N21,nominal,2.0NRT,305.7,3.36,D
-11.95553,-43.40493,332.74,0.39,0.36,2026-06-05,1624,N21,nominal,2.0NRT,305.12,3.36,D
-11.95125,-43.39889,338.68,0.39,0.36,2026-06-05,1624,N21,nominal,2.0NRT,308.95,4.44,D
-11.95178,-43.40242,341.27,0.39,0.36,2026-06-05,1624,N21,nominal,2.0NRT,308.51,6.2,D
-12.12611,-44.95344,335,0.42,0.38,2026-06-05,1624,N21,nominal,2.0NRT,305.99,2.36,D
-13.50071,-56.56754,346.13,0.79,0.78,2026-06-05,1624,N21,nominal,2.0NRT,295.63,14.09,D
-13.49352,-56.56814,347.26,0.79,0.78,2026-06-05,1624,N21,nominal,2.0NRT,297.35,14.09,D
-12.51706,-48.27509,335.79,0.42,0.45,2026-06-05,1624,N21,nominal,2.0NRT,307.72,4.34,D
-13.49706,-56.56406,327.91,0.79,0.78,2026-06-05,1624,N21,nominal,2.0NRT,294.8,17.54,D
-13.49778,-56.57094,351.79,0.79,0.78,2026-06-05,1624,N21,nominal,2.0NRT,298.18,23.39,D
-12.00476,-45.344,351.54,0.43,0.38,2026-06-05,1624,N21,nominal,2.0NRT,314.63,21.26,D
-12.00533,-45.34795,345.21,0.43,0.38,2026-06-05,1624,N21,nominal,2.0NRT,309.02,21.26,D
-12.00183,-45.34847,348.76,0.43,0.38,2026-06-05,1624,N21,nominal,2.0NRT,309.41,73.43,D
-12.06603,-45.94664,338.14,0.46,0.39,2026-06-05,1624,N21,nominal,2.0NRT,301.41,8.75,D
-12.06059,-45.9861,347.24,0.46,0.39,2026-06-05,1624,N21,nominal,2.0NRT,302.35,6.52,D
-12.06119,-45.99032,347.8,0.46,0.39,2026-06-05,1624,N21,nominal,2.0NRT,300.53,6.52,D
-12.05638,-45.98237,339.2,0.46,0.39,2026-06-05,1624,N21,nominal,2.0NRT,301.27,4.27,D
-12.03137,-45.88324,341.63,0.46,0.39,2026-06-05,1624,N21,nominal,2.0NRT,306.43,12.53,D
-12.03196,-45.88741,343.66,0.46,0.39,2026-06-05,1624,N21,nominal,2.0NRT,305.88,6.87,D
-12.07541,-47.36033,336.95,0.55,0.42,2026-06-05,1626,N21,nominal,2.0NRT,301.63,5,D
-12.06692,-47.35644,335.51,0.55,0.42,2026-06-05,1626,N21,nominal,2.0NRT,301.9,7.58,D
-12.06761,-47.36139,344.62,0.55,0.42,2026-06-05,1626,N21,nominal,2.0NRT,303.14,7.58,D
-11.68434,-44.85167,335.13,0.41,0.37,2026-06-05,1626,N21,low,2.0NRT,305.58,16.77,D
-11.94718,-46.74788,330.83,0.5,0.41,2026-06-05,1626,N21,low,2.0NRT,304.23,6.11,D
-11.99523,-47.76617,333.27,0.38,0.43,2026-06-05,1626,N21,low,2.0NRT,306.35,4.5,D
-11.9957,-47.76966,334.04,0.38,0.44,2026-06-05,1626,N21,low,2.0NRT,306.46,4.5,D
-11.34857,-43.32147,330.68,0.38,0.36,2026-06-05,1626,N21,low,2.0NRT,304.99,3.12,D
-12.74086,-54.19548,334.03,0.53,0.67,2026-06-05,1626,N21,nominal,2.0NRT,300.68,11.96,D
-12.7352,-54.20105,367,0.53,0.67,2026-06-05,1626,N21,high,2.0NRT,303.66,11.96,D
-12.73466,-54.19613,341.39,0.53,0.67,2026-06-05,1626,N21,nominal,2.0NRT,302.77,11.96,D
-12.73574,-54.20597,354.75,0.53,0.67,2026-06-05,1626,N21,nominal,2.0NRT,302.57,20.45,D
-12.80721,-54.86409,335.34,0.59,0.7,2026-06-05,1626,N21,nominal,2.0NRT,300.61,8.89,D
-12.72848,-54.19688,367,0.53,0.67,2026-06-05,1626,N21,high,2.0NRT,302.55,21.32,D
-12.72902,-54.20187,367,0.53,0.67,2026-06-05,1626,N21,high,2.0NRT,301.96,21.32,D
-12.72957,-54.20683,327.39,0.53,0.67,2026-06-05,1626,N21,nominal,2.0NRT,300.15,12.42,D
-12.73589,-54.20029,367,0.53,0.67,2026-06-05,1626,N21,high,2.0NRT,303.61,15.39,D
-12.73532,-54.19539,342.3,0.53,0.67,2026-06-05,1626,N21,nominal,2.0NRT,302.7,15.39,D
-12.73647,-54.2052,354.03,0.53,0.67,2026-06-05,1626,N21,nominal,2.0NRT,302.37,15.95,D
-12.72914,-54.19612,367,0.53,0.67,2026-06-05,1626,N21,high,2.0NRT,302.25,15.39,D
-12.72972,-54.20107,367,0.53,0.67,2026-06-05,1626,N21,high,2.0NRT,301.68,15.39,D
-12.73029,-54.20603,330,0.53,0.67,2026-06-05,1626,N21,nominal,2.0NRT,300.86,15.95,D
-12.72411,-54.2068,331.5,0.53,0.67,2026-06-05,1626,N21,nominal,2.0NRT,296.11,6.42,D
-12.54972,-54.61415,325.19,0.56,0.69,2026-06-05,1626,N21,low,2.0NRT,299.9,10.41,D
-11.9326,-49.67657,331.27,0.51,0.49,2026-06-05,1626,N21,nominal,2.0NRT,298.96,3.3,D
-12.52825,-54.73442,367,0.57,0.69,2026-06-05,1626,N21,high,2.0NRT,305.69,117.46,D
-12.52767,-54.72927,337.7,0.57,0.69,2026-06-05,1626,N21,nominal,2.0NRT,297.88,33.02,D
-12.52883,-54.73962,207.38,0.58,0.69,2026-06-05,1626,N21,low,2.0NRT,303.28,117.46,D
-12.36353,-54.1621,332.41,0.52,0.67,2026-06-05,1626,N21,nominal,2.0NRT,293.33,4.75,D
-12.36407,-54.16685,330.01,0.52,0.67,2026-06-05,1626,N21,nominal,2.0NRT,296.77,4.75,D
-12.10049,-51.99891,330.84,0.37,0.58,2026-06-05,1626,N21,nominal,2.0NRT,298.53,4.42,D
-12.10091,-52.00235,338.63,0.37,0.58,2026-06-05,1626,N21,nominal,2.0NRT,298.4,4.42,D
-12.09475,-51.99617,367,0.37,0.58,2026-06-05,1626,N21,high,2.0NRT,302.45,25.96,D
-12.09517,-51.9996,367,0.37,0.58,2026-06-05,1626,N21,high,2.0NRT,303.75,38.55,D
-12.09601,-52.00646,367,0.37,0.58,2026-06-05,1626,N21,high,2.0NRT,302.41,30.36,D
-12.09643,-52.00988,367,0.37,0.58,2026-06-05,1626,N21,high,2.0NRT,301.21,30.36,D
-12.09559,-52.00304,351.39,0.37,0.58,2026-06-05,1626,N21,nominal,2.0NRT,305.98,38.55,D
-12.09684,-52.0133,335.49,0.37,0.58,2026-06-05,1626,N21,nominal,2.0NRT,295.61,13.22,D
-12.24726,-53.36837,367,0.46,0.64,2026-06-05,1626,N21,high,2.0NRT,295.41,14.93,D
-12.24626,-53.35984,325.08,0.46,0.63,2026-06-05,1626,N21,nominal,2.0NRT,294.74,8.4,D
-12.24774,-53.37258,351.92,0.46,0.64,2026-06-05,1626,N21,nominal,2.0NRT,294.98,14.93,D
-12.24141,-53.36902,334.58,0.46,0.64,2026-06-05,1626,N21,nominal,2.0NRT,295.13,14.93,D
-10.99126,-45.13973,345.69,0.42,0.37,2026-06-05,1626,N21,nominal,2.0NRT,307.45,28.23,D
-10.52051,-42.3732,344.11,0.39,0.36,2026-06-05,1626,N21,nominal,2.0NRT,302.78,12.35,D
-12.15046,-54.6521,325.07,0.56,0.69,2026-06-05,1626,N21,low,2.0NRT,297.29,5.3,D
-12.14414,-54.65285,340.42,0.56,0.69,2026-06-05,1626,N21,nominal,2.0NRT,294.22,7.84,D
-10.99778,-45.62585,331.88,0.44,0.38,2026-06-05,1626,N21,low,2.0NRT,306.8,3.58,D
-10.99948,-45.63776,353.89,0.44,0.38,2026-06-05,1626,N21,nominal,2.0NRT,308.98,10.98,D
-11.00004,-45.64173,346.55,0.44,0.38,2026-06-05,1626,N21,nominal,2.0NRT,307.61,9.37,D
-12.14708,-54.65107,342.9,0.56,0.69,2026-06-05,1626,N21,nominal,2.0NRT,296.63,14.34,D
-10.99297,-46.99888,346.33,0.51,0.41,2026-06-05,1626,N21,nominal,2.0NRT,305.39,10.34,D
-10.99747,-47.03125,350.56,0.51,0.41,2026-06-05,1626,N21,nominal,2.0NRT,304.69,15.24,D
-10.97524,-46.92642,336.06,0.5,0.41,2026-06-05,1626,N21,low,2.0NRT,309.36,4.89,D
-10.97587,-46.93099,339.74,0.5,0.41,2026-06-05,1626,N21,nominal,2.0NRT,306.8,4.89,D
-10.98482,-46.99543,337.85,0.51,0.41,2026-06-05,1626,N21,nominal,2.0NRT,303.78,6,D
-10.98802,-47.0185,351.03,0.51,0.41,2026-06-05,1626,N21,nominal,2.0NRT,307.54,11.68,D
-10.98993,-47.03234,334.03,0.51,0.41,2026-06-05,1626,N21,low,2.0NRT,308.44,8.34,D
-10.98425,-47.01905,344.95,0.51,0.41,2026-06-05,1626,N21,nominal,2.0NRT,303.52,11.68,D
-10.98489,-47.0237,334.74,0.51,0.41,2026-06-05,1626,N21,nominal,2.0NRT,303.7,11.68,D
-10.99125,-47.06968,336.5,0.51,0.41,2026-06-05,1626,N21,nominal,2.0NRT,306.09,4.32,D
-10.9919,-47.0744,350.15,0.51,0.41,2026-06-05,1626,N21,nominal,2.0NRT,310.67,23.88,D
-10.99256,-47.07914,336.89,0.51,0.41,2026-06-05,1626,N21,nominal,2.0NRT,306.02,23.88,D
-10.97157,-46.95507,334.91,0.5,0.41,2026-06-05,1626,N21,low,2.0NRT,306.2,9.62,D
-10.97282,-46.96417,347.85,0.5,0.41,2026-06-05,1626,N21,nominal,2.0NRT,308.08,26.15,D
-10.96718,-46.95105,341.25,0.5,0.41,2026-06-05,1626,N21,nominal,2.0NRT,307.92,6.54,D
-10.95834,-46.9147,337.85,0.5,0.41,2026-06-05,1626,N21,nominal,2.0NRT,306.84,5.72,D
-10.96344,-46.95162,334.89,0.5,0.41,2026-06-05,1626,N21,low,2.0NRT,305.44,6.08,D
-10.96596,-46.96996,341.05,0.5,0.41,2026-06-05,1626,N21,nominal,2.0NRT,308.84,11.4,D
-10.96721,-46.97902,351.84,0.5,0.41,2026-06-05,1626,N21,nominal,2.0NRT,308.23,17.66,D
-10.96784,-46.98359,351.44,0.5,0.41,2026-06-05,1626,N21,nominal,2.0NRT,313.42,26.23,D
-10.9546,-46.91525,333.72,0.5,0.41,2026-06-05,1626,N21,low,2.0NRT,304.68,5.72,D
-10.95524,-46.91988,346.71,0.5,0.41,2026-06-05,1626,N21,nominal,2.0NRT,311.44,20.56,D
-10.96032,-46.95676,333.4,0.5,0.41,2026-06-05,1626,N21,low,2.0NRT,306.81,10.73,D
-10.96408,-46.98411,342.11,0.5,0.41,2026-06-05,1626,N21,nominal,2.0NRT,306.49,26.23,D
-10.95719,-46.96186,345.72,0.5,0.41,2026-06-05,1626,N21,nominal,2.0NRT,304.38,10.01,D
-10.95783,-46.96649,338.01,0.5,0.41,2026-06-05,1626,N21,nominal,2.0NRT,303.12,11.18,D
-10.95095,-46.97216,344.76,0.5,0.41,2026-06-05,1626,N21,nominal,2.0NRT,307.09,18,D
-10.95158,-46.97676,341.3,0.5,0.41,2026-06-05,1626,N21,nominal,2.0NRT,311.11,24,D
-10.94279,-46.94052,345.06,0.5,0.41,2026-06-05,1626,N21,nominal,2.0NRT,307.53,7.8,D
-10.94782,-46.97731,341.05,0.5,0.41,2026-06-05,1626,N21,nominal,2.0NRT,308.25,24,D
-10.9566,-46.9646,345.85,0.5,0.41,2026-06-05,1626,N21,nominal,2.0NRT,303.9,6.18,D
-10.95727,-46.96922,337.86,0.5,0.41,2026-06-05,1626,N21,nominal,2.0NRT,304.54,6.18,D
-10.95417,-46.97433,346.81,0.5,0.41,2026-06-05,1626,N21,nominal,2.0NRT,308.48,16.89,D
-10.94975,-46.97025,335.24,0.5,0.41,2026-06-05,1626,N21,low,2.0NRT,308.15,5.44,D
-10.95042,-46.97486,351.7,0.5,0.41,2026-06-05,1626,N21,nominal,2.0NRT,310.87,44.47,D
-10.9414,-46.93871,335.97,0.5,0.41,2026-06-05,1626,N21,low,2.0NRT,306.81,7.04,D
-10.95061,-47.00298,344.5,0.51,0.41,2026-06-05,1626,N21,nominal,2.0NRT,302,7.04,D
-10.94422,-46.98512,339.47,0.5,0.41,2026-06-05,1626,N21,nominal,2.0NRT,306.96,11.29,D
-10.94487,-46.98967,351.84,0.5,0.41,2026-06-05,1626,N21,nominal,2.0NRT,309.26,11.29,D
-10.94176,-46.99477,342.66,0.5,0.41,2026-06-05,1626,N21,nominal,2.0NRT,304.79,7.05,D
-10.94242,-46.99941,333.58,0.51,0.41,2026-06-05,1626,N21,low,2.0NRT,305.26,7.05,D
-10.93736,-46.9908,354.39,0.5,0.41,2026-06-05,1626,N21,nominal,2.0NRT,306.17,33.17,D
-11.07824,-48.25725,348.75,0.4,0.44,2026-06-05,1626,N21,nominal,2.0NRT,300.98,5.64,D
-10.90761,-47.07951,335.71,0.51,0.41,2026-06-05,1626,N21,nominal,2.0NRT,296.34,6.82,D
-10.90383,-47.08009,332.53,0.51,0.41,2026-06-05,1626,N21,nominal,2.0NRT,298.87,4.38,D
-11.2386,-49.65532,342.94,0.5,0.49,2026-06-05,1626,N21,nominal,2.0NRT,301.34,7.65,D
-11.23919,-49.65984,336.44,0.5,0.49,2026-06-05,1626,N21,nominal,2.0NRT,300.46,6.66,D
-11.23978,-49.66436,334.22,0.5,0.49,2026-06-05,1626,N21,nominal,2.0NRT,300.66,6.66,D
-11.24037,-49.6689,331.13,0.5,0.49,2026-06-05,1626,N21,nominal,2.0NRT,299.85,3.64,D
-10.87347,-46.99985,341.57,0.5,0.41,2026-06-05,1626,N21,nominal,2.0NRT,306.7,10.03,D
-10.70351,-46.27039,332.89,0.46,0.39,2026-06-05,1626,N21,nominal,2.0NRT,302,3.85,D
-10.6969,-46.27563,334.41,0.46,0.39,2026-06-05,1626,N21,nominal,2.0NRT,301.82,3.06,D
-11.56378,-52.79833,326.6,0.41,0.61,2026-06-05,1626,N21,low,2.0NRT,297.06,5.32,D
-11.56424,-52.80206,330.96,0.41,0.61,2026-06-05,1626,N21,nominal,2.0NRT,297.49,5.17,D
-11.55819,-52.7989,331.27,0.41,0.61,2026-06-05,1626,N21,nominal,2.0NRT,300.76,5.32,D
-11.55865,-52.80263,336.72,0.41,0.61,2026-06-05,1626,N21,nominal,2.0NRT,301.17,5.17,D
-11.55911,-52.80638,325.7,0.41,0.61,2026-06-05,1626,N21,low,2.0NRT,299.34,5.17,D
-11.55307,-52.80327,336.44,0.41,0.61,2026-06-05,1626,N21,nominal,2.0NRT,301.16,5.37,D
-11.55352,-52.80702,326.38,0.41,0.61,2026-06-05,1626,N21,low,2.0NRT,300.03,5.37,D
-10.50764,-45.25797,344.86,0.42,0.38,2026-06-05,1626,N21,nominal,2.0NRT,301.18,14.99,D
-10.69677,-46.72467,338.59,0.49,0.4,2026-06-05,1626,N21,nominal,2.0NRT,302.74,14.43,D
-10.69738,-46.72905,345.15,0.49,0.4,2026-06-05,1626,N21,nominal,2.0NRT,304.7,14.43,D
-10.69825,-46.72794,355.16,0.49,0.4,2026-06-05,1626,N21,nominal,2.0NRT,303.06,11.89,D
-10.6933,-46.71971,330.66,0.49,0.4,2026-06-05,1626,N21,low,2.0NRT,302.62,4.57,D
-10.69393,-46.72409,339.89,0.49,0.4,2026-06-05,1626,N21,nominal,2.0NRT,302.6,11.89,D
-10.69456,-46.72847,346.46,0.49,0.4,2026-06-05,1626,N21,nominal,2.0NRT,300.83,11.89,D
-11.73562,-54.80632,328.41,0.57,0.69,2026-06-05,1626,N21,low,2.0NRT,298.6,12.42,D
-11.63329,-54.15654,333.43,0.51,0.66,2026-06-05,1626,N21,nominal,2.0NRT,298.28,5.98,D
-11.63385,-54.16128,336.84,0.51,0.66,2026-06-05,1626,N21,nominal,2.0NRT,298.33,5.98,D
-10.73492,-47.3366,335.74,0.52,0.42,2026-06-05,1626,N21,nominal,2.0NRT,303.42,11.6,D
-10.7356,-47.34141,348.1,0.52,0.42,2026-06-05,1626,N21,nominal,2.0NRT,303.53,11.6,D
-10.73627,-47.34621,337.57,0.53,0.42,2026-06-05,1626,N21,nominal,2.0NRT,300.5,4.74,D
-10.59546,-46.7742,339.33,0.49,0.4,2026-06-05,1626,N21,nominal,2.0NRT,302.09,6.49,D
-10.59266,-46.77366,335.72,0.49,0.4,2026-06-05,1626,N21,nominal,2.0NRT,302.64,8.34,D
-10.58464,-46.77033,333.34,0.49,0.4,2026-06-05,1626,N21,low,2.0NRT,305.4,6.52,D
-11.57745,-54.58096,355.05,0.55,0.68,2026-06-05,1626,N21,nominal,2.0NRT,294.52,13.09,D
-11.57177,-54.58658,367,0.55,0.68,2026-06-05,1626,N21,high,2.0NRT,294.37,13.09,D
-11.63455,-55.18156,367,0.6,0.71,2026-06-05,1626,N21,high,2.0NRT,299.12,17.73,D
-11.63393,-55.17617,345.84,0.6,0.71,2026-06-05,1626,N21,nominal,2.0NRT,298.4,17.73,D
-8.61906,-35.18981,337.02,0.33,0.55,2026-06-05,1626,N21,nominal,2.0NRT,292.12,3.11,D
-11.33717,-53.96395,350.09,0.49,0.65,2026-06-05,1626,N21,nominal,2.0NRT,297.26,12.2,D
-11.33768,-53.96834,352.27,0.49,0.65,2026-06-05,1626,N21,nominal,2.0NRT,295.65,12.2,D
-9.72294,-42.25149,334.45,0.39,0.36,2026-06-05,1626,N21,nominal,2.0NRT,302.74,4.76,D
-11.34031,-53.96444,344.72,0.49,0.65,2026-06-05,1626,N21,nominal,2.0NRT,295.08,7.5,D
-11.34086,-53.96885,338.11,0.49,0.65,2026-06-05,1626,N21,nominal,2.0NRT,294.01,7.5,D
-11.33429,-53.96492,340.21,0.49,0.65,2026-06-05,1626,N21,nominal,2.0NRT,295.82,7.5,D
-11.27434,-53.97183,326.3,0.49,0.65,2026-06-05,1626,N21,low,2.0NRT,297.3,5.35,D
-11.51755,-56.12678,367,0.7,0.75,2026-06-05,1626,N21,high,2.0NRT,297.87,53.68,D
-11.51826,-56.13314,343.02,0.7,0.75,2026-06-05,1626,N21,nominal,2.0NRT,293.82,34.43,D
-10.44732,-47.94929,333.99,0.57,0.43,2026-06-05,1626,N21,low,2.0NRT,306.1,15.06,D
-10.44786,-47.9466,340.47,0.56,0.43,2026-06-05,1626,N21,nominal,2.0NRT,306.92,8.34,D
-10.66895,-49.91724,341.33,0.51,0.49,2026-06-05,1626,N21,nominal,2.0NRT,302.22,19.25,D
-10.66957,-49.92185,353.02,0.51,0.49,2026-06-05,1626,N21,nominal,2.0NRT,300.68,15.25,D
-10.10569,-46.34058,335.97,0.46,0.39,2026-06-05,1626,N21,nominal,2.0NRT,305.59,5.96,D
-10.10706,-46.33929,334.18,0.46,0.39,2026-06-05,1626,N21,nominal,2.0NRT,306.12,3.62,D
-10.10347,-46.33981,333.75,0.46,0.39,2026-06-05,1626,N21,nominal,2.0NRT,303.45,3.62,D
-10.11445,-46.44028,333.78,0.46,0.39,2026-06-05,1626,N21,low,2.0NRT,303.82,2.54,D
-10.10902,-46.42826,347.48,0.46,0.39,2026-06-05,1626,N21,nominal,2.0NRT,308.19,15.07,D
-10.10963,-46.43245,339.06,0.46,0.39,2026-06-05,1626,N21,low,2.0NRT,313.3,45.75,D
-11.21592,-54.83494,330.47,0.56,0.69,2026-06-05,1626,N21,nominal,2.0NRT,293.44,6.33,D
-10.34132,-48.30606,341.31,0.39,0.44,2026-06-05,1626,N21,nominal,2.0NRT,302.89,4.42,D
-10.02423,-46.12071,333.44,0.45,0.39,2026-06-05,1626,N21,nominal,2.0NRT,299.45,3.05,D
-10.04781,-46.33523,352.33,0.46,0.39,2026-06-05,1626,N21,nominal,2.0NRT,301.95,14.46,D
-10.04399,-46.46307,342.84,0.46,0.39,2026-06-05,1626,N21,nominal,2.0NRT,308.6,7.23,D
-10.04459,-46.46733,353.8,0.46,0.39,2026-06-05,1626,N21,nominal,2.0NRT,307.68,9.35,D
-10.0452,-46.4716,337.56,0.46,0.39,2026-06-05,1626,N21,nominal,2.0NRT,303.63,9.35,D
-10.04099,-46.4679,342.33,0.46,0.39,2026-06-05,1626,N21,nominal,2.0NRT,308.08,9.35,D
-10.04159,-46.47215,348.81,0.46,0.39,2026-06-05,1626,N21,nominal,2.0NRT,310.05,9.35,D
-10.03798,-46.47269,339.03,0.46,0.39,2026-06-05,1626,N21,nominal,2.0NRT,306.05,7.95,D
-10.03858,-46.47694,346.15,0.46,0.39,2026-06-05,1626,N21,nominal,2.0NRT,312.82,47.62,D
-10.02174,-46.46217,338.41,0.46,0.39,2026-06-05,1626,N21,nominal,2.0NRT,303.72,4.26,D
-10.02234,-46.46639,334.12,0.46,0.39,2026-06-05,1626,N21,low,2.0NRT,304.63,4.26,D
-10.08207,-47.06814,332.93,0.5,0.41,2026-06-05,1626,N21,nominal,2.0NRT,301.59,3.01,D
-10.38571,-49.44733,336.52,0.47,0.48,2026-06-05,1626,N21,nominal,2.0NRT,305.51,12.73,D
-11.00918,-54.31287,336.76,0.51,0.66,2026-06-05,1626,N21,nominal,2.0NRT,294.26,7.33,D
-10.63541,-51.56784,333.5,0.33,0.55,2026-06-05,1626,N21,nominal,2.0NRT,299.58,3.32,D
-10.92384,-54.11216,339.43,0.5,0.66,2026-06-05,1626,N21,nominal,2.0NRT,294.45,5.41,D
-10.86718,-53.73266,349.87,0.47,0.64,2026-06-05,1626,N21,nominal,2.0NRT,295.56,12.13,D
-10.86767,-53.7368,348.66,0.47,0.64,2026-06-05,1626,N21,nominal,2.0NRT,298.22,12.13,D
-10.86129,-53.73326,367,0.47,0.64,2026-06-05,1626,N21,high,2.0NRT,297.23,10.35,D
-10.86178,-53.73743,344.79,0.47,0.64,2026-06-05,1626,N21,nominal,2.0NRT,298.58,10.35,D
-10.86276,-53.74571,346.91,0.47,0.64,2026-06-05,1626,N21,nominal,2.0NRT,299.48,13.23,D
-10.85639,-53.74221,367,0.47,0.64,2026-06-05,1626,N21,high,2.0NRT,298.79,13.23,D
-10.85541,-53.73388,342.3,0.47,0.64,2026-06-05,1626,N21,nominal,2.0NRT,295.39,10.35,D
-10.8559,-53.73808,348.66,0.47,0.64,2026-06-05,1626,N21,nominal,2.0NRT,296.96,10.35,D
-10.85687,-53.74633,340.38,0.47,0.64,2026-06-05,1626,N21,nominal,2.0NRT,298.41,13.23,D
-10.85735,-53.75049,335.25,0.47,0.64,2026-06-05,1626,N21,nominal,2.0NRT,298.37,8.34,D
-10.92135,-54.11208,340.81,0.5,0.66,2026-06-05,1626,N21,nominal,2.0NRT,295.18,9.3,D
-10.86799,-53.73273,344.53,0.47,0.64,2026-06-05,1626,N21,nominal,2.0NRT,295.58,9.34,D
-10.86851,-53.73686,343.2,0.47,0.64,2026-06-05,1626,N21,nominal,2.0NRT,298.02,9.34,D
-10.86211,-53.73332,367,0.47,0.64,2026-06-05,1626,N21,high,2.0NRT,297.35,11.16,D
-10.86263,-53.73747,344,0.47,0.64,2026-06-05,1626,N21,nominal,2.0NRT,298.21,11.16,D
-10.86366,-53.74574,347.08,0.47,0.64,2026-06-05,1626,N21,nominal,2.0NRT,298.95,12.83,D
-10.91043,-54.12258,331.94,0.5,0.66,2026-06-05,1626,N21,nominal,2.0NRT,296.3,7.93,D
-10.85726,-53.74223,367,0.47,0.64,2026-06-05,1626,N21,high,2.0NRT,299,12.83,D
-10.85623,-53.73392,345.56,0.47,0.64,2026-06-05,1626,N21,nominal,2.0NRT,295.85,11.16,D
-10.85674,-53.73811,351.07,0.47,0.64,2026-06-05,1626,N21,nominal,2.0NRT,297.18,11.16,D
-10.85777,-53.74635,338.59,0.47,0.64,2026-06-05,1626,N21,nominal,2.0NRT,298.5,12.83,D
-10.85828,-53.7505,325.9,0.47,0.64,2026-06-05,1626,N21,low,2.0NRT,298.07,6.71,D
-10.8524,-53.75112,335.5,0.47,0.64,2026-06-05,1626,N21,nominal,2.0NRT,297.4,6.32,D
-10.85291,-53.75528,335.29,0.47,0.64,2026-06-05,1626,N21,nominal,2.0NRT,297.07,6.32,D
-10.84704,-53.75603,345.64,0.47,0.64,2026-06-05,1626,N21,nominal,2.0NRT,296.98,6.32,D
-10.84064,-53.75246,367,0.47,0.64,2026-06-05,1626,N21,high,2.0NRT,297.89,10.9,D
-10.84013,-53.74829,330.36,0.47,0.64,2026-06-05,1626,N21,nominal,2.0NRT,296.02,7.68,D
-10.3421,-49.92294,343.09,0.5,0.49,2026-06-05,1626,N21,nominal,2.0NRT,303.56,13.26,D
-10.33698,-49.91898,340.78,0.5,0.49,2026-06-05,1626,N21,nominal,2.0NRT,302.96,10.68,D
-10.33759,-49.92353,343.06,0.5,0.49,2026-06-05,1626,N21,nominal,2.0NRT,301.13,8.53,D
-9.33704,-43.58862,331.49,0.38,0.36,2026-06-05,1626,N21,nominal,2.0NRT,300.79,17.96,D
-10.77092,-54.09929,326.43,0.49,0.65,2026-06-05,1626,N21,nominal,2.0NRT,296.07,7.38,D
-11.05242,-56.92331,346.52,0.78,0.78,2026-06-05,1626,N21,nominal,2.0NRT,294.33,21.84,D
-10.00527,-48.67336,340.43,0.41,0.45,2026-06-05,1626,N21,nominal,2.0NRT,303.48,8.9,D
-10.00239,-48.67433,340.76,0.41,0.45,2026-06-05,1626,N21,nominal,2.0NRT,304.04,8.93,D
-11.05518,-56.91857,328.79,0.78,0.78,2026-06-05,1626,N21,nominal,2.0NRT,292.33,11.22,D
-11.05599,-56.92546,346.95,0.78,0.78,2026-06-05,1626,N21,nominal,2.0NRT,293.51,11.22,D
-10.59898,-53.47297,326.74,0.44,0.63,2026-06-05,1626,N21,low,2.0NRT,298.35,5.17,D
-9.50684,-45.76572,340.66,0.43,0.38,2026-06-05,1626,N21,nominal,2.0NRT,301.53,6.39,D
-10.36018,-52.51664,329.9,0.38,0.59,2026-06-05,1626,N21,low,2.0NRT,300.47,5.12,D
-9.66969,-47.85063,333.86,0.55,0.42,2026-06-05,1626,N21,nominal,2.0NRT,301.64,6.16,D
-9.66647,-47.85611,330.44,0.55,0.42,2026-06-05,1626,N21,nominal,2.0NRT,299.84,6.88,D
-9.66898,-47.85316,340.93,0.54,0.42,2026-06-05,1626,N21,nominal,2.0NRT,301.85,6.61,D
-9.66507,-47.85359,334.36,0.54,0.42,2026-06-05,1626,N21,nominal,2.0NRT,300.49,6.61,D
-9.72573,-48.42235,333,0.39,0.44,2026-06-05,1626,N21,nominal,2.0NRT,301.7,2.33,D
-10.70944,-56.2444,331.04,0.69,0.74,2026-06-05,1626,N21,nominal,2.0NRT,294.16,9.74,D
-9.62608,-48.3652,340.2,0.39,0.44,2026-06-05,1626,N21,nominal,2.0NRT,301.37,5.91,D
-9.62659,-48.36879,339.1,0.39,0.44,2026-06-05,1626,N21,nominal,2.0NRT,300.67,5.91,D
-9.56365,-48.26977,337.96,0.38,0.43,2026-06-05,1626,N21,nominal,2.0NRT,303.09,4.51,D
-9.56415,-48.27336,344.43,0.38,0.43,2026-06-05,1626,N21,nominal,2.0NRT,302.78,4.86,D
-9.05841,-44.78575,334.1,0.4,0.37,2026-06-05,1626,N21,low,2.0NRT,308.22,4.68,D
-9.56016,-48.27392,335.61,0.38,0.43,2026-06-05,1626,N21,nominal,2.0NRT,302.84,4.86,D
-9.56065,-48.27748,336.48,0.38,0.43,2026-06-05,1626,N21,nominal,2.0NRT,300.11,4.86,D
-9.42786,-48.1587,331.58,0.56,0.43,2026-06-05,1626,N21,nominal,2.0NRT,299.68,9.47,D
-9.01631,-45.75747,336.4,0.42,0.38,2026-06-05,1626,N21,low,2.0NRT,306.83,5.87,D
-9.01228,-45.7541,333.52,0.42,0.38,2026-06-05,1626,N21,low,2.0NRT,308.01,5.87,D
-9.00881,-45.7546,335.67,0.42,0.38,2026-06-05,1626,N21,low,2.0NRT,308.46,4.9,D
-9.00309,-45.73975,347.48,0.42,0.38,2026-06-05,1626,N21,nominal,2.0NRT,309.36,11.51,D
-9.00535,-45.7551,338.43,0.42,0.38,2026-06-05,1626,N21,low,2.0NRT,309.01,4.9,D
-9.37909,-48.35027,330.17,0.39,0.44,2026-06-05,1626,N21,nominal,2.0NRT,299.65,7.32,D
-9.37959,-48.35384,337.31,0.39,0.44,2026-06-05,1626,N21,nominal,2.0NRT,298.22,7.32,D
-8.99963,-45.74026,351.74,0.42,0.38,2026-06-05,1626,N21,nominal,2.0NRT,311.23,29.65,D
-8.99561,-45.73693,334.29,0.42,0.38,2026-06-05,1626,N21,nominal,2.0NRT,303.49,11.03,D
-8.99617,-45.74076,340.31,0.42,0.38,2026-06-05,1626,N21,low,2.0NRT,313.78,29.65,D
-8.99271,-45.74127,341.31,0.42,0.38,2026-06-05,1626,N21,nominal,2.0NRT,302.31,3.92,D
-8.99384,-45.74894,334.26,0.42,0.38,2026-06-05,1626,N21,low,2.0NRT,307.83,6.51,D
-8.99038,-45.74947,346.38,0.42,0.38,2026-06-05,1626,N21,nominal,2.0NRT,308.29,6.51,D
-9.16259,-47.50661,338.86,0.51,0.41,2026-06-05,1626,N21,nominal,2.0NRT,301.77,9.82,D
-9.21634,-48.55397,350.23,0.39,0.44,2026-06-05,1626,N21,nominal,2.0NRT,300.2,8.73,D
-8.9269,-46.83101,330.66,0.47,0.4,2026-06-05,1626,N21,low,2.0NRT,302.67,3.39,D
-9.00509,-47.37704,341.26,0.5,0.41,2026-06-05,1626,N21,nominal,2.0NRT,299.68,5.5,D
-8.99889,-47.38725,330.62,0.5,0.41,2026-06-05,1626,N21,nominal,2.0NRT,297.98,2.57,D
-9.22219,-49.38958,340.91,0.45,0.47,2026-06-05,1626,N21,nominal,2.0NRT,300.79,9.87,D
-9.22275,-49.39358,349.47,0.45,0.47,2026-06-05,1626,N21,nominal,2.0NRT,302.39,9.87,D
-9.22331,-49.39758,348.07,0.45,0.47,2026-06-05,1626,N21,nominal,2.0NRT,301.32,13.09,D
-9.21847,-49.39417,353.14,0.45,0.47,2026-06-05,1626,N21,nominal,2.0NRT,302.26,9.87,D
-8.70547,-45.85831,333.89,0.42,0.38,2026-06-05,1626,N21,nominal,2.0NRT,301.32,3.45,D
-9.37275,-50.53957,332.96,0.54,0.51,2026-06-05,1626,N21,nominal,2.0NRT,301.72,9.45,D
-8.65098,-45.77626,344.36,0.42,0.38,2026-06-05,1626,N21,nominal,2.0NRT,304.78,4.66,D
-8.65154,-45.78009,331.36,0.42,0.38,2026-06-05,1626,N21,nominal,2.0NRT,300.61,4.66,D
-8.64752,-45.77676,336.47,0.42,0.38,2026-06-05,1626,N21,nominal,2.0NRT,303.24,4.66,D
-8.64808,-45.78059,334.38,0.42,0.38,2026-06-05,1626,N21,nominal,2.0NRT,301.42,4.66,D
-8.63315,-45.77502,340.64,0.42,0.38,2026-06-05,1626,N21,nominal,2.0NRT,301.4,9.86,D
-8.44499,-44.99756,334.09,0.4,0.37,2026-06-05,1626,N21,nominal,2.0NRT,301.85,2.39,D
-8.44217,-45.00171,346.52,0.4,0.37,2026-06-05,1626,N21,nominal,2.0NRT,303.39,5.95,D
-8.72509,-47.83016,332.11,0.53,0.42,2026-06-05,1626,N21,low,2.0NRT,302.21,17.28,D
-8.48772,-46.26862,330.53,0.44,0.38,2026-06-05,1626,N21,low,2.0NRT,303.24,3.94,D
-8.48829,-46.27258,340.74,0.44,0.38,2026-06-05,1626,N21,nominal,2.0NRT,304,3.94,D
-8.48886,-46.27653,341.22,0.44,0.38,2026-06-05,1626,N21,nominal,2.0NRT,303.04,5.93,D
-8.48363,-46.26518,338.66,0.44,0.38,2026-06-05,1626,N21,nominal,2.0NRT,304.72,9.05,D
-8.7316,-48.33078,332.32,0.57,0.43,2026-06-05,1626,N21,low,2.0NRT,303.8,6.16,D
-8.72764,-48.33134,335.36,0.57,0.43,2026-06-05,1626,N21,low,2.0NRT,306.83,6.16,D
-9.68859,-56.09604,339.32,0.66,0.73,2026-06-05,1626,N21,nominal,2.0NRT,292.86,12.2,D
-9.69127,-56.09337,328.24,0.65,0.73,2026-06-05,1626,N21,nominal,2.0NRT,292.94,13.25,D
-8.48724,-47.3834,332.91,0.5,0.41,2026-06-05,1626,N21,nominal,2.0NRT,301.36,7.08,D
-8.41214,-46.89172,335.98,0.47,0.4,2026-06-05,1626,N21,nominal,2.0NRT,300.06,7.01,D
-8.39521,-46.85151,340.47,0.47,0.39,2026-06-05,1626,N21,nominal,2.0NRT,301.74,4.94,D
-8.39526,-46.90299,334.4,0.47,0.4,2026-06-05,1626,N21,nominal,2.0NRT,301.62,10.11,D
-8.37457,-46.78536,342.15,0.46,0.39,2026-06-05,1626,N21,nominal,2.0NRT,305.05,5.92,D
-8.33287,-46.98953,336.34,0.47,0.4,2026-06-05,1626,N21,nominal,2.0NRT,301.55,4.14,D
-8.32923,-46.99004,339.84,0.47,0.4,2026-06-05,1626,N21,nominal,2.0NRT,301,7.7,D
-9.32833,-54.60851,327.99,0.51,0.66,2026-06-05,1626,N21,nominal,2.0NRT,291.66,0.79,D
-8.32264,-47.44199,338.94,0.5,0.41,2026-06-05,1626,N21,nominal,2.0NRT,301.79,6.97,D
-8.24575,-47.11007,341.68,0.48,0.4,2026-06-05,1626,N21,nominal,2.0NRT,304.4,8.1,D
-8.29539,-47.47614,346.37,0.5,0.41,2026-06-05,1626,N21,nominal,2.0NRT,304.5,14.57,D
-8.29605,-47.48067,334.4,0.5,0.41,2026-06-05,1626,N21,nominal,2.0NRT,301.92,3.82,D
-8.23775,-47.10653,330.52,0.48,0.4,2026-06-05,1626,N21,nominal,2.0NRT,299.19,2.72,D
-8.27996,-47.50139,336.4,0.5,0.41,2026-06-05,1626,N21,nominal,2.0NRT,298.21,3.35,D
-7.71092,-44.63083,338.64,0.39,0.36,2026-06-05,1626,N21,nominal,2.0NRT,301.26,5.09,D
-7.70759,-44.63134,330.36,0.39,0.36,2026-06-05,1626,N21,nominal,2.0NRT,300.01,1.61,D
-7.50445,-43.42516,335.62,0.39,0.36,2026-06-05,1626,N21,nominal,2.0NRT,300.92,4.08,D
-7.50061,-43.42219,350.61,0.39,0.36,2026-06-05,1626,N21,nominal,2.0NRT,305.39,10.5,D
-7.50168,-43.42913,339.83,0.39,0.36,2026-06-05,1626,N21,nominal,2.0NRT,301.63,4.08,D
-7.49703,-43.42358,330.06,0.39,0.36,2026-06-05,1626,N21,low,2.0NRT,302.17,2.62,D
-7.49756,-43.42705,334.94,0.39,0.36,2026-06-05,1626,N21,nominal,2.0NRT,302.89,3.02,D
-7.49809,-43.43053,333.92,0.39,0.36,2026-06-05,1626,N21,nominal,2.0NRT,302.76,3.02,D
-7.49862,-43.43399,333.82,0.39,0.36,2026-06-05,1626,N21,nominal,2.0NRT,300.6,2.72,D
-7.48551,-43.41468,330.8,0.39,0.36,2026-06-05,1626,N21,low,2.0NRT,302.14,2.56,D
-7.85497,-46.29436,345.4,0.43,0.38,2026-06-05,1626,N21,nominal,2.0NRT,298.29,8.68,D
-7.85148,-46.29491,333.68,0.43,0.38,2026-06-05,1626,N21,nominal,2.0NRT,299.1,4.97,D
-9.19725,-56.45832,326.61,0.68,0.74,2026-06-05,1626,N21,nominal,2.0NRT,289.5,0.78,D
-7.37194,-43.29325,332.24,0.39,0.36,2026-06-05,1626,N21,nominal,2.0NRT,301.3,3.32,D
-8.1773,-48.87803,341.04,0.4,0.44,2026-06-05,1626,N21,nominal,2.0NRT,300.3,4.65,D
-7.29088,-43.11982,330.24,0.39,0.36,2026-06-05,1626,N21,low,2.0NRT,302.46,3.78,D
-7.28369,-43.11734,334.03,0.39,0.36,2026-06-05,1626,N21,nominal,2.0NRT,302.62,5.06,D
-7.51224,-45.09316,341.02,0.4,0.37,2026-06-05,1626,N21,nominal,2.0NRT,301.06,6.36,D
-7.2358,-43.315,333.4,0.39,0.36,2026-06-05,1626,N21,nominal,2.0NRT,301.18,10.06,D
-7.23141,-43.30854,330.39,0.39,0.36,2026-06-05,1626,N21,nominal,2.0NRT,301.33,1.5,D
-7.22863,-43.31255,367,0.39,0.36,2026-06-05,1626,N21,high,2.0NRT,304.72,8.06,D
-7.22917,-43.31603,330.99,0.39,0.36,2026-06-05,1626,N21,nominal,2.0NRT,303.21,8.06,D
-7.17858,-43.14149,349.46,0.39,0.36,2026-06-05,1626,N21,nominal,2.0NRT,301.95,6.6,D
-7.19203,-43.22892,331.02,0.39,0.36,2026-06-05,1626,N21,low,2.0NRT,302.57,1.92,D
-7.92059,-48.26299,343.95,0.55,0.43,2026-06-05,1626,N21,nominal,2.0NRT,306.34,41.64,D
-7.9167,-48.26358,339.81,0.55,0.43,2026-06-05,1626,N21,nominal,2.0NRT,304.46,22.26,D
-7.07286,-43.20513,339.01,0.39,0.36,2026-06-05,1626,N21,nominal,2.0NRT,300.61,3.34,D
-7.08576,-43.39947,336.49,0.39,0.36,2026-06-05,1626,N21,nominal,2.0NRT,300.89,3.53,D
-7.0863,-43.40295,331,0.39,0.36,2026-06-05,1626,N21,low,2.0NRT,304.78,3.53,D
-6.99123,-42.87573,347.85,0.39,0.36,2026-06-05,1626,N21,nominal,2.0NRT,307.21,29.81,D
-6.98789,-42.87626,342.5,0.39,0.36,2026-06-05,1626,N21,nominal,2.0NRT,310.62,29.81,D
-6.98844,-42.8798,337,0.39,0.36,2026-06-05,1626,N21,low,2.0NRT,307.18,29.81,D
-6.98899,-42.88334,340.15,0.39,0.36,2026-06-05,1626,N21,nominal,2.0NRT,304.68,8.76,D
-6.98455,-42.87677,350.96,0.39,0.36,2026-06-05,1626,N21,nominal,2.0NRT,309.13,29.98,D
-6.9851,-42.88031,340.92,0.39,0.36,2026-06-05,1626,N21,nominal,2.0NRT,307.2,29.98,D
-6.9862,-42.8874,337.96,0.39,0.36,2026-06-05,1626,N21,nominal,2.0NRT,307.4,41.26,D
-6.98286,-42.88792,342.64,0.39,0.36,2026-06-05,1626,N21,nominal,2.0NRT,305.52,41.26,D
-7.02088,-43.19894,338.07,0.39,0.36,2026-06-05,1626,N21,nominal,2.0NRT,300.17,5.52,D
-7.01702,-43.19596,335.34,0.39,0.36,2026-06-05,1626,N21,nominal,2.0NRT,302.38,5.52,D
-7.01756,-43.19946,349.34,0.39,0.36,2026-06-05,1626,N21,nominal,2.0NRT,304.01,5.52,D
-7.0181,-43.20296,348.82,0.39,0.36,2026-06-05,1626,N21,nominal,2.0NRT,306.56,15.92,D
-7.01863,-43.20647,334.34,0.39,0.36,2026-06-05,1626,N21,nominal,2.0NRT,299.62,15.92,D
-7.01424,-43.19998,334.45,0.39,0.36,2026-06-05,1626,N21,nominal,2.0NRT,301.25,4.12,D
-7.01477,-43.20347,339.5,0.39,0.36,2026-06-05,1626,N21,nominal,2.0NRT,299.65,6.02,D
-7.01531,-43.20697,335.14,0.39,0.36,2026-06-05,1626,N21,nominal,2.0NRT,301.33,6.02,D
-7.01092,-43.20049,335.84,0.39,0.36,2026-06-05,1626,N21,nominal,2.0NRT,301.89,4.12,D
-7.01145,-43.20399,334.86,0.39,0.36,2026-06-05,1626,N21,nominal,2.0NRT,299.89,6.02,D
-7.00588,-43.21201,337.56,0.39,0.36,2026-06-05,1626,N21,nominal,2.0NRT,300.98,11.27,D
-6.99816,-43.20602,331.17,0.39,0.36,2026-06-05,1626,N21,nominal,2.0NRT,298.55,4.71,D
-7.16023,-44.31345,343.28,0.39,0.36,2026-06-05,1626,N21,nominal,2.0NRT,301.14,5.25,D
-7.15587,-44.30702,330.63,0.39,0.36,2026-06-05,1626,N21,low,2.0NRT,300.93,2.26,D
-7.37939,-45.96297,333.75,0.42,0.38,2026-06-05,1626,N21,nominal,2.0NRT,298.97,2.53,D
-6.91575,-43.6433,352.59,0.38,0.36,2026-06-05,1626,N21,nominal,2.0NRT,303.39,12.03,D
-6.91628,-43.64676,330.87,0.38,0.36,2026-06-05,1626,N21,nominal,2.0NRT,297.84,3.6,D
-6.91191,-43.64034,332.25,0.38,0.36,2026-06-05,1626,N21,nominal,2.0NRT,293.9,3.71,D
-6.96507,-45.22754,340.87,0.4,0.37,2026-06-05,1626,N21,nominal,2.0NRT,300.87,5.77,D
-6.9656,-45.23111,345.81,0.4,0.37,2026-06-05,1626,N21,nominal,2.0NRT,301.76,9.49,D
-7.48976,-49.28334,334.89,0.42,0.45,2026-06-05,1626,N21,nominal,2.0NRT,296.07,2.52,D
-6.55088,-42.88691,335.72,0.39,0.37,2026-06-05,1626,N21,nominal,2.0NRT,296.17,3.35,D
-6.82991,-44.73518,335.04,0.39,0.36,2026-06-05,1626,N21,nominal,2.0NRT,303.37,3.27,D
-6.86278,-44.97513,349.88,0.39,0.36,2026-06-05,1626,N21,nominal,2.0NRT,292.28,9.9,D
-7.15077,-47.47332,333.82,0.48,0.4,2026-06-05,1626,N21,nominal,2.0NRT,297.68,4.7,D
-7.15141,-47.47773,345.78,0.48,0.4,2026-06-05,1626,N21,nominal,2.0NRT,299.42,11.39,D
-7.05108,-47.07392,330.64,0.46,0.39,2026-06-05,1626,N21,low,2.0NRT,304.99,7.2,D
-7.04687,-47.07031,336.2,0.46,0.39,2026-06-05,1626,N21,nominal,2.0NRT,304.64,7.76,D
-7.04092,-47.07983,330.78,0.46,0.39,2026-06-05,1626,N21,low,2.0NRT,302.88,5.21,D
-7.40544,-49.76607,332.18,0.45,0.47,2026-06-05,1626,N21,nominal,2.0NRT,299.93,6.73,D
-6.90742,-46.37106,335.35,0.43,0.38,2026-06-05,1626,N21,nominal,2.0NRT,300.66,5.47,D
-6.90394,-46.37156,338.94,0.43,0.38,2026-06-05,1626,N21,nominal,2.0NRT,298.89,5.47,D
-6.68171,-44.99217,332.68,0.39,0.36,2026-06-05,1626,N21,nominal,2.0NRT,294.07,3.02,D
-6.97964,-47.13974,338.44,0.46,0.39,2026-06-05,1626,N21,nominal,2.0NRT,300.33,6.55,D
-6.98024,-47.14395,350.87,0.46,0.39,2026-06-05,1626,N21,nominal,2.0NRT,302.83,23.64,D
-6.97602,-47.14024,340.79,0.46,0.39,2026-06-05,1626,N21,nominal,2.0NRT,302.83,6.67,D
-6.65221,-45.00009,333.07,0.39,0.36,2026-06-05,1626,N21,nominal,2.0NRT,292.86,4.54,D
-6.44728,-44.56395,346.58,0.39,0.36,2026-06-05,1626,N21,nominal,2.0NRT,300.32,6.74,D
-6.44781,-44.56742,332.31,0.39,0.36,2026-06-05,1626,N21,nominal,2.0NRT,299.81,6.74,D
-6.44833,-44.5709,334.93,0.39,0.36,2026-06-05,1626,N21,nominal,2.0NRT,298.42,3.04,D
-6.44397,-44.56446,337.92,0.39,0.36,2026-06-05,1626,N21,nominal,2.0NRT,298.93,6.74,D
-6.44607,-44.57833,330.15,0.39,0.36,2026-06-05,1626,N21,nominal,2.0NRT,296.85,2.74,D
-6.44066,-44.56497,341.95,0.39,0.36,2026-06-05,1626,N21,nominal,2.0NRT,299.16,6.88,D
-6.44276,-44.57883,343.85,0.39,0.36,2026-06-05,1626,N21,nominal,2.0NRT,299.41,6.43,D
-6.43772,-44.59028,330.37,0.39,0.36,2026-06-05,1626,N21,nominal,2.0NRT,292.96,4.73,D
-6.74348,-47.1209,331.54,0.46,0.39,2026-06-05,1626,N21,nominal,2.0NRT,295.67,54.38,D
-7.51029,-55.00493,335.7,0.52,0.66,2026-06-05,1626,N21,nominal,2.0NRT,291.05,10.35,D
-7.50364,-55.00131,338.53,0.51,0.66,2026-06-05,1626,N21,nominal,2.0NRT,292.86,10.35,D
-7.50423,-55.00596,350.5,0.52,0.66,2026-06-05,1626,N21,nominal,2.0NRT,293.59,10.35,D
-7.50923,-55.00442,367,0.51,0.66,2026-06-05,1626,N21,high,2.0NRT,292.32,14.89,D
-7.50317,-55.00537,341.91,0.51,0.66,2026-06-05,1626,N21,nominal,2.0NRT,292.76,15.68,D
-5.75399,-43.18418,338.08,0.39,0.36,2026-06-05,1626,N21,nominal,2.0NRT,284.81,3.95,D
-6.09636,-45.50698,339.76,0.4,0.37,2026-06-05,1626,N21,nominal,2.0NRT,299.09,6.08,D
-6.07191,-45.49612,332.36,0.4,0.37,2026-06-05,1626,N21,nominal,2.0NRT,297.74,5.87,D
-6.06909,-45.50017,335.97,0.4,0.37,2026-06-05,1626,N21,nominal,2.0NRT,299.27,6.7,D
-6.06519,-45.49711,332.26,0.4,0.37,2026-06-05,1626,N21,nominal,2.0NRT,299.58,5.57,D
-6.06573,-45.50067,339.56,0.4,0.37,2026-06-05,1626,N21,nominal,2.0NRT,299.78,6.93,D
-6.06627,-45.50423,349.54,0.4,0.37,2026-06-05,1626,N21,nominal,2.0NRT,299.53,6.93,D
-6.06681,-45.50782,341.59,0.4,0.37,2026-06-05,1626,N21,nominal,2.0NRT,300.65,6.95,D
-6.06735,-45.5114,341.03,0.4,0.37,2026-06-05,1626,N21,nominal,2.0NRT,300.53,6.95,D
-6.06789,-45.515,333.57,0.4,0.37,2026-06-05,1626,N21,nominal,2.0NRT,297.56,4.97,D
-6.06183,-45.49762,341.89,0.4,0.37,2026-06-05,1626,N21,nominal,2.0NRT,299.06,5.57,D
-6.06237,-45.50117,339.27,0.4,0.37,2026-06-05,1626,N21,nominal,2.0NRT,298.47,6.93,D
-6.06291,-45.50474,343.42,0.4,0.37,2026-06-05,1626,N21,nominal,2.0NRT,300.33,6.93,D
-6.06345,-45.50832,348.52,0.4,0.37,2026-06-05,1626,N21,nominal,2.0NRT,299.49,6.95,D
-6.06399,-45.51191,341.99,0.4,0.37,2026-06-05,1626,N21,nominal,2.0NRT,298.38,6.95,D
-6.06508,-45.5191,336.81,0.4,0.37,2026-06-05,1626,N21,nominal,2.0NRT,293.67,4.97,D
-6.06117,-45.51601,339.44,0.4,0.37,2026-06-05,1626,N21,nominal,2.0NRT,296.75,6.96,D
-6.06171,-45.5196,334.87,0.4,0.37,2026-06-05,1626,N21,nominal,2.0NRT,294.51,6.96,D
-6.05781,-45.51652,348.37,0.4,0.37,2026-06-05,1626,N21,nominal,2.0NRT,296.63,6.96,D
-6.0589,-45.52371,355.2,0.4,0.37,2026-06-05,1626,N21,low,2.0NRT,289.6,22.88,D
-6.05391,-45.51343,367,0.4,0.37,2026-06-05,1626,N21,high,2.0NRT,299.68,14.25,D
-5.58146,-42.72871,338.28,0.4,0.37,2026-06-05,1626,N21,nominal,2.0NRT,297.82,6.56,D
-5.03407,-39.85826,343.68,0.55,0.43,2026-06-05,1626,N21,nominal,2.0NRT,290.14,16.72,D
-5.55492,-43.96881,347.44,0.38,0.36,2026-06-05,1626,N21,nominal,2.0NRT,298.92,24.04,D
-6.57605,-51.10156,341.7,0.53,0.5,2026-06-05,1626,N21,nominal,2.0NRT,297.79,16.53,D
-5.44865,-44.81226,351.2,0.39,0.36,2026-06-05,1626,N21,nominal,2.0NRT,300.36,16.68,D
-5.44534,-44.81276,331.51,0.39,0.36,2026-06-05,1626,N21,nominal,2.0NRT,293.47,2.55,D
-5.56313,-45.93143,338.33,0.41,0.37,2026-06-05,1626,N21,nominal,2.0NRT,297.41,8.16,D
-5.99735,-49.30655,367,0.4,0.44,2026-06-05,1626,N21,high,2.0NRT,295.59,11.7,D
-5.99684,-49.30294,330.15,0.4,0.44,2026-06-05,1626,N21,nominal,2.0NRT,293.18,11.7,D
-5.35239,-45.18728,337.79,0.39,0.36,2026-06-05,1626,N21,nominal,2.0NRT,304.42,10.93,D
-5.41073,-47.28585,330.73,0.45,0.39,2026-06-05,1626,N21,nominal,2.0NRT,294.75,3,D
-4.67075,-43.14743,337.85,0.4,0.37,2026-06-05,1626,N21,nominal,2.0NRT,299.35,9.46,D
-4.66739,-43.14794,337.98,0.4,0.37,2026-06-05,1626,N21,nominal,2.0NRT,300.98,5.66,D
-4.63224,-43.05442,340.39,0.4,0.37,2026-06-05,1626,N21,nominal,2.0NRT,297.85,69.12,D
-4.6255,-43.05547,342.47,0.4,0.37,2026-06-05,1626,N21,nominal,2.0NRT,301.53,30.77,D
-5.10739,-46.94544,337.56,0.44,0.38,2026-06-05,1626,N21,nominal,2.0NRT,298.64,8.39,D
-5.10038,-46.94649,332.44,0.44,0.38,2026-06-05,1626,N21,nominal,2.0NRT,299.31,4.62,D
-3.59362,-38.86058,342.01,0.45,0.47,2026-06-05,1626,N21,nominal,2.0NRT,294.52,7.8,D
-3.58447,-38.85795,328.44,0.45,0.47,2026-06-05,1626,N21,nominal,2.0NRT,293.73,4.61,D
-3.96311,-43.11533,341.53,0.4,0.37,2026-06-05,1626,N21,nominal,2.0NRT,297.02,9.99,D
-3.85731,-42.94596,336.94,0.41,0.37,2026-06-05,1626,N21,nominal,2.0NRT,296.02,5.64,D
-4.17441,-47.53426,329.7,0.45,0.39,2026-06-05,1628,N21,nominal,2.0NRT,285.21,2.5,D
-3.09635,-42.06637,342.7,0.45,0.39,2026-06-05,1628,N21,nominal,2.0NRT,298.3,34.61,D
-2.83724,-42.10164,332.38,0.45,0.39,2026-06-05,1628,N21,nominal,2.0NRT,295.75,5.11,D
-2.83723,-42.10036,330.84,0.45,0.39,2026-06-05,1628,N21,nominal,2.0NRT,295.08,4.62,D
-2.82892,-42.09343,331.95,0.45,0.39,2026-06-05,1628,N21,nominal,2.0NRT,295.4,10.31,D
-3.29715,-45.48114,329.93,0.39,0.36,2026-06-05,1628,N21,nominal,2.0NRT,293.64,2.17,D
-2.76187,-42.6459,331.99,0.42,0.38,2026-06-05,1628,N21,nominal,2.0NRT,293.91,8.07,D
-2.71322,-51.74973,325.43,0.52,0.5,2026-06-05,1628,N21,nominal,2.0NRT,286.2,1.38,D
-33.49915,-58.29597,329.71,0.49,0.4,2026-06-05,1800,N21,nominal,2.0NRT,291.08,2.84,D
11.47047,-69.11794,337.27,0.53,0.42,2026-06-05,1811,N21,nominal,2.0NRT,277.09,10.8,D
-33.05415,-56.5912,339.11,0.4,0.44,2026-06-05,1800,N21,nominal,2.0NRT,296.33,23.31,D
11.73769,-70.19225,337.02,0.47,0.4,2026-06-05,1811,N21,nominal,2.0NRT,282.97,8.8,D
-33.05531,-56.59301,344.67,0.4,0.44,2026-06-05,1800,N21,nominal,2.0NRT,303.79,47.88,D
-32.37793,-54.93792,337.03,0.51,0.49,2026-06-05,1800,N21,nominal,2.0NRT,291.53,4.54,D
-32.38165,-54.93801,335.87,0.51,0.49,2026-06-05,1800,N21,nominal,2.0NRT,291.38,5.37,D
-32.3772,-54.9394,328.73,0.51,0.49,2026-06-05,1800,N21,nominal,2.0NRT,290.98,5.37,D
-32.74865,-58.58189,329.68,0.49,0.4,2026-06-05,1800,N21,nominal,2.0NRT,294.5,2.66,D
-32.41772,-58.08166,326.67,0.52,0.42,2026-06-05,1800,N21,nominal,2.0NRT,290.31,5.65,D
-32.41394,-58.08271,329.63,0.52,0.42,2026-06-05,1800,N21,nominal,2.0NRT,291.21,5.65,D
-32.51874,-58.66968,330.13,0.49,0.4,2026-06-05,1800,N21,nominal,2.0NRT,293.28,8.64,D
-32.13323,-57.8333,330.4,0.54,0.42,2026-06-05,1800,N21,nominal,2.0NRT,297.52,14.68,D
-30.66541,-51.73054,329.1,0.42,0.61,2026-06-05,1800,N21,nominal,2.0NRT,291.85,4.79,D
-30.66652,-51.73493,325.26,0.42,0.61,2026-06-05,1800,N21,nominal,2.0NRT,290.85,4.22,D
-30.62792,-51.65323,330.85,0.43,0.62,2026-06-05,1800,N21,nominal,2.0NRT,291.72,7.78,D
-31.65113,-58.64235,335.08,0.5,0.41,2026-06-05,1800,N21,nominal,2.0NRT,293.76,7.86,D
-29.86397,-51.83821,328.34,0.43,0.62,2026-06-05,1800,N21,nominal,2.0NRT,291.83,6.38,D
-29.8651,-51.84263,338.99,0.43,0.62,2026-06-05,1800,N21,nominal,2.0NRT,291.96,6.38,D
-29.85952,-51.84443,331.07,0.43,0.62,2026-06-05,1800,N21,nominal,2.0NRT,291.63,6.38,D
-29.86209,-51.83878,336.7,0.43,0.62,2026-06-05,1800,N21,nominal,2.0NRT,292.4,9.39,D
-29.8632,-51.84327,354.76,0.43,0.62,2026-06-05,1800,N21,nominal,2.0NRT,292.58,9.39,D
-31.30118,-58.88531,333.6,0.5,0.41,2026-06-05,1800,N21,nominal,2.0NRT,292.55,6.05,D
-29.64646,-51.85902,326.07,0.44,0.62,2026-06-05,1800,N21,nominal,2.0NRT,291.24,3.17,D
-29.80356,-53.19345,342.54,0.36,0.58,2026-06-05,1800,N21,nominal,2.0NRT,293.67,4.82,D
-29.55742,-52.65774,334.03,0.4,0.6,2026-06-05,1800,N21,nominal,2.0NRT,291.58,3,D
-30.77,-59.34779,331.07,0.48,0.4,2026-06-05,1800,N21,nominal,2.0NRT,292.52,8.03,D
-29.37022,-52.9829,337.64,0.38,0.59,2026-06-05,1800,N21,nominal,2.0NRT,291.18,4.19,D
-29.36849,-52.9837,339.56,0.38,0.59,2026-06-05,1800,N21,nominal,2.0NRT,291.51,4.4,D
-30.75805,-60.17282,336.54,0.45,0.39,2026-06-05,1800,N21,nominal,2.0NRT,296.84,9.78,D
-30.31073,-57.91739,338.48,0.38,0.43,2026-06-05,1800,N21,nominal,2.0NRT,293.62,3.66,D
-30.71594,-60.14411,335.86,0.45,0.39,2026-06-05,1800,N21,nominal,2.0NRT,293.49,3.99,D
-31.1064,-62.50372,329.35,0.39,0.36,2026-06-05,1800,N21,nominal,2.0NRT,293.68,2.85,D
-31.10308,-62.50444,327.32,0.39,0.36,2026-06-05,1800,N21,nominal,2.0NRT,293.43,2.85,D
-29.029,-52.37825,326.65,0.42,0.61,2026-06-05,1800,N21,nominal,2.0NRT,288.95,2.6,D
-30.23952,-59.54427,329.02,0.48,0.4,2026-06-05,1800,N21,nominal,2.0NRT,293.19,3.86,D
-30.11415,-59.2555,325.14,0.5,0.41,2026-06-05,1800,N21,nominal,2.0NRT,293.26,2.66,D
-29.46612,-56.97941,327.74,0.45,0.47,2026-06-05,1802,N21,nominal,2.0NRT,293.44,4.91,D
-29.38053,-57.29001,338.73,0.43,0.46,2026-06-05,1802,N21,nominal,2.0NRT,291.81,3.66,D
-29.24833,-56.7228,339.61,0.47,0.48,2026-06-05,1802,N21,nominal,2.0NRT,295.35,8.83,D
-29.17612,-56.53189,340.42,0.48,0.48,2026-06-05,1802,N21,nominal,2.0NRT,293.12,15.32,D
-29.17714,-56.53675,331.59,0.48,0.48,2026-06-05,1802,N21,nominal,2.0NRT,294.13,12.14,D
-29.17277,-56.53794,339.49,0.48,0.48,2026-06-05,1802,N21,nominal,2.0NRT,296.68,8.66,D
-29.24311,-56.87645,327.09,0.46,0.47,2026-06-05,1802,N21,nominal,2.0NRT,295.11,2.46,D
-29.2263,-57.43863,338.89,0.43,0.46,2026-06-05,1802,N21,nominal,2.0NRT,288.17,6.62,D
-29.22718,-57.44299,340.6,0.43,0.46,2026-06-05,1802,N21,nominal,2.0NRT,291.13,7.09,D
-29.22304,-57.44408,367,0.43,0.46,2026-06-05,1802,N21,high,2.0NRT,293.16,19.43,D
-29.22392,-57.44843,341.65,0.43,0.46,2026-06-05,1802,N21,nominal,2.0NRT,289.97,19.43,D
-29.21889,-57.44518,349.49,0.43,0.46,2026-06-05,1802,N21,nominal,2.0NRT,285.39,19.43,D
-29.21977,-57.44952,350.51,0.43,0.46,2026-06-05,1802,N21,nominal,2.0NRT,286.75,19.43,D
-29.21474,-57.44627,339.81,0.43,0.46,2026-06-05,1802,N21,nominal,2.0NRT,284.74,7.31,D
-29.21148,-57.4517,346.19,0.43,0.46,2026-06-05,1802,N21,nominal,2.0NRT,288.34,7.31,D
-29.04079,-56.67352,332.32,0.47,0.48,2026-06-05,1802,N21,nominal,2.0NRT,294.32,7.76,D
-29.92797,-61.4249,332.18,0.42,0.37,2026-06-05,1802,N21,nominal,2.0NRT,294.36,2.85,D
-28.99273,-56.81615,337.84,0.47,0.48,2026-06-05,1802,N21,nominal,2.0NRT,294.62,6.09,D
-28.99469,-56.82561,325.71,0.47,0.47,2026-06-05,1802,N21,nominal,2.0NRT,293.79,3.72,D
-28.93589,-56.56674,339.54,0.48,0.48,2026-06-05,1802,N21,nominal,2.0NRT,294.65,7.95,D
-29.13869,-57.57005,337.74,0.42,0.45,2026-06-05,1802,N21,nominal,2.0NRT,294.98,6.83,D
-28.92921,-56.579,339.35,0.48,0.48,2026-06-05,1802,N21,nominal,2.0NRT,294.8,12.26,D
-29.2531,-58.26816,328.98,0.38,0.44,2026-06-05,1802,N21,nominal,2.0NRT,295.05,2.8,D
-29.26392,-58.48959,345,0.56,0.43,2026-06-05,1802,N21,nominal,2.0NRT,296.97,23.41,D
-29.26554,-58.49106,342.24,0.56,0.43,2026-06-05,1802,N21,nominal,2.0NRT,296.44,19.65,D
-29.26162,-58.49206,326.45,0.56,0.43,2026-06-05,1802,N21,nominal,2.0NRT,293.75,4.47,D
-28.85691,-56.80095,328.78,0.47,0.48,2026-06-05,1802,N21,nominal,2.0NRT,295.44,4.73,D
-28.83207,-56.72653,330.38,0.48,0.48,2026-06-05,1802,N21,nominal,2.0NRT,295.21,3.71,D
-28.83309,-56.73137,325.32,0.48,0.48,2026-06-05,1802,N21,nominal,2.0NRT,295.77,3.71,D
-28.82772,-56.72771,348.57,0.48,0.48,2026-06-05,1802,N21,nominal,2.0NRT,297.6,9.98,D
-29.02782,-57.69261,355.69,0.42,0.45,2026-06-05,1802,N21,nominal,2.0NRT,296.69,7.75,D
-28.82337,-56.7289,329.07,0.48,0.48,2026-06-05,1802,N21,nominal,2.0NRT,295.39,9.98,D
-29.02372,-57.69369,353.23,0.42,0.45,2026-06-05,1802,N21,nominal,2.0NRT,296.83,7.75,D
-29.02459,-57.69793,332.19,0.42,0.45,2026-06-05,1802,N21,nominal,2.0NRT,295.54,7.75,D
-28.92618,-57.36854,327.97,0.44,0.46,2026-06-05,1802,N21,nominal,2.0NRT,290.52,1.62,D
-28.9271,-57.37086,335.77,0.44,0.46,2026-06-05,1802,N21,nominal,2.0NRT,289.83,7.03,D
-29.12266,-58.51075,348.75,0.56,0.43,2026-06-05,1802,N21,nominal,2.0NRT,302.09,24.49,D
-29.11874,-58.51175,344.25,0.56,0.43,2026-06-05,1802,N21,nominal,2.0NRT,298.57,24.49,D
-28.89394,-57.46782,343.17,0.43,0.46,2026-06-05,1802,N21,nominal,2.0NRT,281.43,31.49,D
-28.77833,-57.14497,335.57,0.45,0.47,2026-06-05,1802,N21,nominal,2.0NRT,295.54,3.45,D
-28.85444,-57.51051,326.08,0.43,0.46,2026-06-05,1802,N21,nominal,2.0NRT,293.21,3.06,D
-29.06897,-58.57243,337.39,0.56,0.43,2026-06-05,1802,N21,nominal,2.0NRT,299.01,13.84,D
-29.06506,-58.57341,338.61,0.56,0.43,2026-06-05,1802,N21,nominal,2.0NRT,300.34,13.84,D
-29.0665,-58.57485,348.71,0.56,0.43,2026-06-05,1802,N21,nominal,2.0NRT,301.5,24.16,D
-28.86367,-57.83935,331.16,0.41,0.45,2026-06-05,1802,N21,nominal,2.0NRT,294.54,3.99,D
-28.85959,-57.84042,329.06,0.41,0.45,2026-06-05,1802,N21,nominal,2.0NRT,294.09,3.99,D
-28.60103,-56.7177,331.88,0.48,0.48,2026-06-05,1802,N21,nominal,2.0NRT,292.65,4.56,D
-29.60459,-62.35443,326.96,0.4,0.37,2026-06-05,1802,N21,nominal,2.0NRT,288.17,1.27,D
-28.63433,-57.14179,345.25,0.45,0.47,2026-06-05,1802,N21,nominal,2.0NRT,295.41,6.71,D
-28.72793,-57.62404,325.08,0.43,0.46,2026-06-05,1802,N21,nominal,2.0NRT,292.19,1.62,D
-28.27684,-55.93956,345.16,0.54,0.51,2026-06-05,1802,N21,nominal,2.0NRT,295.43,13.48,D
-28.38228,-56.85362,335.95,0.48,0.48,2026-06-05,1802,N21,nominal,2.0NRT,293.51,4.92,D
-28.37894,-56.85958,327.16,0.48,0.48,2026-06-05,1802,N21,nominal,2.0NRT,294.44,9.8,D
-28.38241,-56.85165,331.71,0.48,0.48,2026-06-05,1802,N21,nominal,2.0NRT,292.64,3.67,D
-28.75167,-59.46004,335.89,0.51,0.41,2026-06-05,1802,N21,nominal,2.0NRT,295.59,5.35,D
-27.73601,-54.92761,347.35,0.32,0.55,2026-06-05,1802,N21,nominal,2.0NRT,295.36,5.32,D
-27.79029,-55.21049,332.57,0.61,0.54,2026-06-05,1802,N21,nominal,2.0NRT,295.34,4.02,D
-27.73609,-54.92762,347.94,0.32,0.55,2026-06-05,1802,N21,nominal,2.0NRT,295.45,4.36,D
-27.78857,-55.21149,332.04,0.61,0.54,2026-06-05,1802,N21,nominal,2.0NRT,295.26,5.36,D
-28.45811,-58.43415,333.54,0.39,0.44,2026-06-05,1802,N21,nominal,2.0NRT,294.12,2.04,D
-28.45716,-58.55736,326.17,0.38,0.43,2026-06-05,1802,N21,nominal,2.0NRT,294.87,3.13,D
-28.04503,-56.55594,353.88,0.5,0.49,2026-06-05,1802,N21,nominal,2.0NRT,286.07,10.74,D
-28.45016,-58.54284,327.32,0.38,0.43,2026-06-05,1802,N21,nominal,2.0NRT,294.42,3.75,D
-28.4532,-58.55836,330.4,0.38,0.43,2026-06-05,1802,N21,nominal,2.0NRT,295.28,3.13,D
-27.76487,-55.2901,325.16,0.61,0.53,2026-06-05,1802,N21,nominal,2.0NRT,296.04,5.41,D
-28.44848,-58.55547,339.29,0.38,0.43,2026-06-05,1802,N21,nominal,2.0NRT,296.49,4.99,D
-28.49157,-58.9235,332.75,0.55,0.43,2026-06-05,1802,N21,nominal,2.0NRT,296.53,7.39,D
-27.88233,-56.17244,339.42,0.54,0.51,2026-06-05,1802,N21,nominal,2.0NRT,294.37,8.93,D
-27.87775,-56.1737,340.4,0.54,0.51,2026-06-05,1802,N21,nominal,2.0NRT,296.61,25.1,D
-27.53784,-54.86292,331.78,0.33,0.55,2026-06-05,1802,N21,nominal,2.0NRT,297.28,3.08,D
-28.28116,-58.45381,339.66,0.39,0.44,2026-06-05,1802,N21,nominal,2.0NRT,296.21,8.94,D
-28.28195,-58.45776,335.39,0.39,0.44,2026-06-05,1802,N21,nominal,2.0NRT,294.93,8.94,D
-28.27717,-58.45482,337.45,0.39,0.44,2026-06-05,1802,N21,nominal,2.0NRT,295.05,4.94,D
-28.18932,-58.09501,353.31,0.41,0.45,2026-06-05,1802,N21,nominal,2.0NRT,295.32,14.06,D
-27.35763,-54.43895,325.51,0.35,0.57,2026-06-05,1802,N21,nominal,2.0NRT,294.91,5.43,D
-27.35838,-54.44218,327.72,0.35,0.57,2026-06-05,1802,N21,nominal,2.0NRT,295.82,5.06,D
-27.27854,-54.14433,325.34,0.36,0.58,2026-06-05,1802,N21,nominal,2.0NRT,293.29,2.1,D
-27.44867,-54.97839,328.03,0.32,0.55,2026-06-05,1802,N21,nominal,2.0NRT,294.98,1.62,D
-28.64551,-61.17451,350.07,0.44,0.38,2026-06-05,1802,N21,nominal,2.0NRT,294.92,16.49,D
-28.64628,-61.17895,329.06,0.44,0.38,2026-06-05,1802,N21,nominal,2.0NRT,292.8,2.68,D
-27.3378,-54.73963,367,0.33,0.56,2026-06-05,1802,N21,high,2.0NRT,298.38,6.26,D
-27.33861,-54.74324,341.49,0.33,0.56,2026-06-05,1802,N21,nominal,2.0NRT,296.3,6.26,D
-27.322,-54.69346,367,0.34,0.56,2026-06-05,1802,N21,high,2.0NRT,296.94,7.39,D
-27.19605,-54.35762,325.51,0.36,0.57,2026-06-05,1802,N21,nominal,2.0NRT,294.64,2.7,D
-27.2813,-54.77361,332.14,0.33,0.56,2026-06-05,1802,N21,nominal,2.0NRT,295.56,2.24,D
-27.14048,-54.35527,325.9,0.36,0.57,2026-06-05,1802,N21,nominal,2.0NRT,293.9,1.75,D
-27.20934,-54.75271,331.83,0.34,0.56,2026-06-05,1802,N21,nominal,2.0NRT,294.88,2.21,D
-27.07034,-54.33794,330.2,0.36,0.57,2026-06-05,1802,N21,nominal,2.0NRT,293.29,7.81,D
-28.15767,-59.69342,325.45,0.51,0.41,2026-06-05,1802,N21,nominal,2.0NRT,293.43,3.62,D
-27.12898,-54.69277,329.86,0.34,0.56,2026-06-05,1802,N21,nominal,2.0NRT,293.3,2.6,D
-27.47713,-56.80987,336.18,0.5,0.49,2026-06-05,1802,N21,nominal,2.0NRT,294.63,3.82,D
-28.18371,-60.91454,325.63,0.45,0.39,2026-06-05,1802,N21,nominal,2.0NRT,294.03,2.23,D
-27.33965,-56.56234,338.08,0.52,0.5,2026-06-05,1802,N21,nominal,2.0NRT,296.64,6.31,D
-27.51561,-57.42031,328.28,0.46,0.47,2026-06-05,1802,N21,nominal,2.0NRT,276.01,4.08,D
-26.80054,-54.26138,331.02,0.37,0.58,2026-06-05,1802,N21,nominal,2.0NRT,293.7,2.3,D
-26.80449,-54.42366,343.33,0.36,0.57,2026-06-05,1802,N21,nominal,2.0NRT,294.58,4.05,D
-26.76403,-54.27219,330.28,0.37,0.58,2026-06-05,1802,N21,nominal,2.0NRT,293.96,4.21,D
-26.70048,-54.25559,331.8,0.37,0.58,2026-06-05,1802,N21,nominal,2.0NRT,293.81,2.77,D
-27.35293,-57.29392,339.38,0.47,0.48,2026-06-05,1802,N21,nominal,2.0NRT,296.02,10.55,D
-28.31743,-62.82448,326.17,0.4,0.37,2026-06-05,1802,N21,low,2.0NRT,300.71,2.62,D
-26.59346,-54.18069,331.66,0.38,0.58,2026-06-05,1802,N21,nominal,2.0NRT,293.36,3.11,D
-26.41801,-53.97526,334.31,0.39,0.59,2026-06-05,1802,N21,nominal,2.0NRT,293.86,3.4,D
-26.95282,-56.32281,346.32,0.55,0.51,2026-06-05,1802,N21,nominal,2.0NRT,301.26,16,D
-26.94819,-56.32404,330.74,0.55,0.51,2026-06-05,1802,N21,nominal,2.0NRT,297.53,16,D
-26.95549,-56.32301,338.19,0.55,0.51,2026-06-05,1802,N21,nominal,2.0NRT,297.58,15.57,D
-26.95086,-56.32426,339.15,0.55,0.51,2026-06-05,1802,N21,nominal,2.0NRT,300.09,25.97,D
-26.41626,-53.97386,333.99,0.39,0.59,2026-06-05,1802,N21,nominal,2.0NRT,293.73,4.72,D
-25.68813,-50.99506,327.91,0.61,0.71,2026-06-05,1802,N21,nominal,2.0NRT,272.13,4.96,D
-26.54253,-54.5757,332.88,0.36,0.57,2026-06-05,1802,N21,nominal,2.0NRT,294.36,2.41,D
-26.35369,-53.92638,325.72,0.39,0.6,2026-06-05,1802,N21,nominal,2.0NRT,292.71,2.45,D
-27.04063,-57.02434,328.3,0.5,0.49,2026-06-05,1802,N21,nominal,2.0NRT,296.41,10.7,D
-27.04165,-57.02921,345.79,0.5,0.49,2026-06-05,1802,N21,nominal,2.0NRT,297.98,7.15,D
-27.04268,-57.03412,344.75,0.5,0.49,2026-06-05,1802,N21,nominal,2.0NRT,298.1,7.15,D
-26.40466,-54.16921,367,0.38,0.59,2026-06-05,1802,N21,high,2.0NRT,295.36,8.32,D
-27.0362,-57.02549,349.05,0.5,0.49,2026-06-05,1802,N21,nominal,2.0NRT,298.88,10.7,D
-27.03722,-57.03038,336.63,0.5,0.49,2026-06-05,1802,N21,nominal,2.0NRT,298.38,7.15,D
-26.39157,-54.1373,367,0.38,0.59,2026-06-05,1802,N21,high,2.0NRT,295.47,13.74,D
-27.03176,-57.02665,333.49,0.5,0.49,2026-06-05,1802,N21,nominal,2.0NRT,297.3,4.31,D
-28.02156,-62.29113,346.1,0.41,0.37,2026-06-05,1802,N21,nominal,2.0NRT,301.86,5.44,D
-28.02225,-62.29526,335.28,0.41,0.37,2026-06-05,1802,N21,nominal,2.0NRT,301.24,5.44,D
-28.01817,-62.29186,367,0.41,0.37,2026-06-05,1802,N21,high,2.0NRT,306.31,7.97,D
-28.01678,-62.28359,331.83,0.41,0.37,2026-06-05,1802,N21,nominal,2.0NRT,299.78,6.89,D
-28.01748,-62.28773,352.94,0.41,0.37,2026-06-05,1802,N21,nominal,2.0NRT,304.79,6.89,D
-28.01886,-62.29599,335.35,0.41,0.37,2026-06-05,1802,N21,nominal,2.0NRT,301.87,7.97,D
-28.01955,-62.30012,345.38,0.41,0.37,2026-06-05,1802,N21,nominal,2.0NRT,304.58,7.82,D
-28.02024,-62.30423,331.59,0.41,0.37,2026-06-05,1802,N21,nominal,2.0NRT,301.1,7.82,D
-28.01546,-62.29672,339.63,0.41,0.37,2026-06-05,1802,N21,nominal,2.0NRT,298.9,7.97,D
-28.01616,-62.30085,338.25,0.41,0.37,2026-06-05,1802,N21,nominal,2.0NRT,300.19,7.82,D
-26.87817,-56.39564,337.28,0.54,0.51,2026-06-05,1802,N21,nominal,2.0NRT,296.6,8.01,D
-26.87473,-56.40229,338.24,0.54,0.51,2026-06-05,1802,N21,nominal,2.0NRT,297.02,8.01,D
-26.7865,-56.0208,333.09,0.58,0.52,2026-06-05,1802,N21,nominal,2.0NRT,295.82,5.82,D
-26.87012,-56.40352,340.91,0.54,0.51,2026-06-05,1802,N21,nominal,2.0NRT,297.62,7.4,D
-26.8655,-56.40475,325.52,0.54,0.51,2026-06-05,1802,N21,nominal,2.0NRT,296.67,7.4,D
-26.85971,-56.40056,328.64,0.54,0.51,2026-06-05,1802,N21,nominal,2.0NRT,297.57,4.5,D
-26.78734,-56.02287,329.24,0.58,0.52,2026-06-05,1802,N21,nominal,2.0NRT,295.93,5.16,D
-13.31829,-66.69679,344.07,0.39,0.37,2026-06-05,1806,N21,nominal,2.0NRT,298.23,6.92,D
-26.86726,-56.40115,332.97,0.55,0.51,2026-06-05,1802,N21,nominal,2.0NRT,297.78,9.31,D
-26.67101,-56.01771,325.35,0.58,0.52,2026-06-05,1802,N21,nominal,2.0NRT,295.87,4.29,D
-13.31494,-66.69734,345.5,0.39,0.37,2026-06-05,1806,N21,nominal,2.0NRT,298.06,6.92,D
-26.65392,-55.98581,331.51,0.58,0.52,2026-06-05,1802,N21,nominal,2.0NRT,295.41,5.99,D
-26.655,-55.98767,338.65,0.58,0.52,2026-06-05,1802,N21,nominal,2.0NRT,295.54,6.31,D
-13.3172,-66.71186,340.13,0.39,0.37,2026-06-05,1806,N21,nominal,2.0NRT,298.91,4.65,D
-26.79661,-56.7033,338.7,0.52,0.5,2026-06-05,1802,N21,nominal,2.0NRT,298.42,9.23,D
-13.31329,-66.70878,333.92,0.39,0.37,2026-06-05,1806,N21,nominal,2.0NRT,299.16,3.12,D
-13.31612,-66.72691,331.44,0.39,0.36,2026-06-05,1806,N21,nominal,2.0NRT,299.48,2.96,D
-27.58898,-61.01,328.42,0.45,0.39,2026-06-05,1802,N21,nominal,2.0NRT,297.95,1.71,D
-12.92998,-64.3671,329.45,0.48,0.4,2026-06-05,1806,N21,nominal,2.0NRT,296.03,4.31,D
-13.29996,-66.73328,336.22,0.39,0.36,2026-06-05,1806,N21,nominal,2.0NRT,299.45,5.48,D
-26.58728,-55.99999,331.63,0.58,0.52,2026-06-05,1802,N21,nominal,2.0NRT,295.24,7.91,D
-13.11705,-66.35011,342.49,0.4,0.37,2026-06-05,1806,N21,nominal,2.0NRT,299.49,4.99,D
-26.58252,-56.00123,345.91,0.58,0.52,2026-06-05,1802,N21,nominal,2.0NRT,296.91,13.22,D
-13.11822,-66.35749,339.1,0.4,0.37,2026-06-05,1806,N21,nominal,2.0NRT,299.49,14.74,D
-26.57775,-56.00247,340.6,0.58,0.52,2026-06-05,1802,N21,nominal,2.0NRT,297.48,13.22,D
-13.11425,-66.35436,350.33,0.4,0.37,2026-06-05,1806,N21,nominal,2.0NRT,300.76,29.78,D
-26.81541,-57.131,330.47,0.49,0.49,2026-06-05,1802,N21,nominal,2.0NRT,297.25,2.79,D
-13.11263,-66.366,335.5,0.4,0.37,2026-06-05,1806,N21,nominal,2.0NRT,299.34,4.29,D
-26.2284,-54.54922,326.1,0.36,0.58,2026-06-05,1802,N21,nominal,2.0NRT,294.6,2.86,D
-13.10984,-66.37026,332.25,0.4,0.37,2026-06-05,1806,N21,nominal,2.0NRT,299.7,2.76,D
-26.19986,-54.45061,367,0.37,0.58,2026-06-05,1802,N21,high,2.0NRT,299.93,20.01,D
-14.14039,-73.89246,338.65,0.46,0.47,2026-06-05,1806,N21,nominal,2.0NRT,298.7,7.84,D
-26.20072,-54.4543,367,0.37,0.58,2026-06-05,1802,N21,high,2.0NRT,302.44,20.63,D
-14.14243,-73.89248,337.38,0.46,0.47,2026-06-05,1806,N21,nominal,2.0NRT,295.12,4.03,D
-26.20156,-54.45788,367,0.37,0.58,2026-06-05,1802,N21,high,2.0NRT,299.98,20.63,D
-12.88122,-66.36689,332.13,0.4,0.37,2026-06-05,1806,N21,low,2.0NRT,303.54,5.18,D
-26.20238,-54.46142,367,0.37,0.58,2026-06-05,1802,N21,high,2.0NRT,297.83,9.53,D
-12.8638,-66.30121,333.71,0.41,0.37,2026-06-05,1806,N21,nominal,2.0NRT,305.36,6.01,D
-26.19899,-54.44688,330.95,0.37,0.58,2026-06-05,1802,N21,nominal,2.0NRT,293.71,20.01,D
-12.87387,-66.36431,334.28,0.4,0.37,2026-06-05,1806,N21,nominal,2.0NRT,302.35,7.74,D
-26.64123,-56.40669,340.42,0.55,0.51,2026-06-05,1802,N21,nominal,2.0NRT,297.44,29.71,D
-12.87166,-66.37228,338.49,0.4,0.37,2026-06-05,1806,N21,nominal,2.0NRT,301.35,5.43,D
-12.87225,-66.37598,332.33,0.4,0.37,2026-06-05,1806,N21,nominal,2.0NRT,301.9,5.43,D
-26.64242,-56.41214,340.5,0.55,0.51,2026-06-05,1802,N21,nominal,2.0NRT,303.96,29.71,D
-26.1946,-54.452,367,0.37,0.58,2026-06-05,1802,N21,high,2.0NRT,304.6,20.01,D
-12.85643,-66.29861,332.2,0.41,0.37,2026-06-05,1806,N21,low,2.0NRT,303.84,4.65,D
-26.1963,-54.45925,367,0.37,0.58,2026-06-05,1802,N21,high,2.0NRT,297.32,20.63,D
-12.59902,-64.76915,329.84,0.47,0.39,2026-06-05,1806,N21,nominal,2.0NRT,293.79,2.36,D
-26.19546,-54.45567,354,0.37,0.58,2026-06-05,1802,N21,nominal,2.0NRT,299.04,20.63,D
-12.6911,-65.32357,338.05,0.44,0.38,2026-06-05,1806,N21,nominal,2.0NRT,302.61,9.95,D
-26.19713,-54.4628,334.61,0.37,0.58,2026-06-05,1802,N21,nominal,2.0NRT,294.16,9.53,D
-12.69176,-65.3276,334.86,0.44,0.38,2026-06-05,1806,N21,nominal,2.0NRT,295.89,6.84,D
-12.5954,-64.76977,351.75,0.47,0.39,2026-06-05,1806,N21,nominal,2.0NRT,297.29,18.71,D
-26.63778,-56.41337,344.97,0.55,0.51,2026-06-05,1802,N21,nominal,2.0NRT,298.18,29.71,D
-12.59612,-64.77405,345.12,0.47,0.39,2026-06-05,1806,N21,nominal,2.0NRT,294.28,8.58,D
-28.01622,-63.83972,337.49,0.39,0.36,2026-06-05,1802,N21,nominal,2.0NRT,292.74,4.75,D
-26.64419,-56.40681,338.41,0.55,0.51,2026-06-05,1802,N21,nominal,2.0NRT,296.5,16.55,D
-12.68824,-65.3282,330.37,0.44,0.38,2026-06-05,1806,N21,low,2.0NRT,300.52,5.49,D
-12.68406,-65.32478,339.63,0.44,0.38,2026-06-05,1806,N21,nominal,2.0NRT,303.18,7.1,D
-26.64534,-56.41227,331.52,0.55,0.51,2026-06-05,1802,N21,nominal,2.0NRT,297.38,18.48,D
-12.68473,-65.3288,354.18,0.44,0.38,2026-06-05,1806,N21,nominal,2.0NRT,303.61,5.49,D
-26.63956,-56.40805,342.04,0.55,0.51,2026-06-05,1802,N21,nominal,2.0NRT,297.74,27.67,D
-26.64071,-56.41351,336.05,0.55,0.51,2026-06-05,1802,N21,nominal,2.0NRT,301.08,30.64,D
-12.6854,-65.33285,331.39,0.44,0.38,2026-06-05,1806,N21,nominal,2.0NRT,299.04,5.49,D
-12.87842,-66.57876,336.28,0.4,0.37,2026-06-05,1806,N21,nominal,2.0NRT,305.3,5.19,D
-26.22995,-54.55142,327.98,0.36,0.58,2026-06-05,1802,N21,nominal,2.0NRT,296.94,3.97,D
-12.66677,-65.31017,336.28,0.44,0.38,2026-06-05,1806,N21,nominal,2.0NRT,304.13,7.26,D
-26.63262,-56.39836,326.57,0.55,0.51,2026-06-05,1802,N21,nominal,2.0NRT,295.54,3.31,D
-12.66742,-65.31422,352.36,0.44,0.38,2026-06-05,1806,N21,nominal,2.0NRT,303.41,17.32,D
-26.20208,-54.45258,367,0.37,0.58,2026-06-05,1802,N21,high,2.0NRT,297.66,21.9,D
-12.6639,-65.31482,339.49,0.44,0.38,2026-06-05,1806,N21,nominal,2.0NRT,298.53,5.93,D
-26.20291,-54.45621,367,0.37,0.58,2026-06-05,1802,N21,high,2.0NRT,297.99,21.9,D
-12.76118,-66.12189,343.03,0.41,0.37,2026-06-05,1806,N21,nominal,2.0NRT,304.07,8.31,D
-26.20371,-54.45978,349.75,0.37,0.58,2026-06-05,1802,N21,nominal,2.0NRT,296.65,15.37,D
-12.76178,-66.12566,355.61,0.41,0.37,2026-06-05,1806,N21,nominal,2.0NRT,306.54,8.31,D
-26.19598,-54.45024,367,0.37,0.58,2026-06-05,1802,N21,high,2.0NRT,300.75,41.19,D
-12.75837,-66.12623,339.27,0.41,0.37,2026-06-05,1806,N21,nominal,2.0NRT,306.49,4.42,D
-26.19765,-54.45759,367,0.37,0.58,2026-06-05,1802,N21,high,2.0NRT,301.22,21.9,D
-12.75897,-66.13,331.22,0.41,0.37,2026-06-05,1806,N21,low,2.0NRT,305.26,2.88,D
-26.19845,-54.46116,367,0.37,0.58,2026-06-05,1802,N21,high,2.0NRT,298.94,15.37,D
-11.09929,-56.95495,342.55,0.52,0.67,2026-06-05,1806,N21,nominal,2.0NRT,295.13,1.29,D
-26.19683,-54.45399,348.5,0.37,0.58,2026-06-05,1802,N21,nominal,2.0NRT,305.84,21.9,D
-11.05458,-56.92037,344.96,0.52,0.67,2026-06-05,1806,N21,nominal,2.0NRT,299.68,9.09,D
-26.67648,-56.65319,327.22,0.53,0.5,2026-06-05,1802,N21,nominal,2.0NRT,293.98,4.58,D
-11.05554,-56.92519,345.35,0.52,0.67,2026-06-05,1806,N21,nominal,2.0NRT,300.39,9.09,D
-26.19073,-54.45167,330.48,0.37,0.58,2026-06-05,1802,N21,nominal,2.0NRT,294.73,5.14,D
-12.68431,-65.97126,335.34,0.42,0.37,2026-06-05,1806,N21,nominal,2.0NRT,302.23,5.34,D
-26.19157,-54.45538,336.41,0.37,0.58,2026-06-05,1802,N21,nominal,2.0NRT,294.28,4.82,D
-11.05395,-56.91916,328.8,0.52,0.67,2026-06-05,1806,N21,nominal,2.0NRT,297.18,7.14,D
-27.95494,-63.90334,325.11,0.38,0.36,2026-06-05,1802,N21,nominal,2.0NRT,292.15,2.74,D
-11.05487,-56.92399,348.8,0.52,0.67,2026-06-05,1806,N21,nominal,2.0NRT,301.17,7.14,D
-26.15284,-54.62574,325.15,0.36,0.57,2026-06-05,1802,N21,nominal,2.0NRT,295.41,1.67,D
-12.77795,-67.11483,345.4,0.39,0.36,2026-06-05,1806,N21,nominal,2.0NRT,299.32,3.06,D
-26.54486,-56.51368,353.03,0.54,0.51,2026-06-05,1802,N21,nominal,2.0NRT,297.89,18.63,D
-12.60384,-66.45843,340.35,0.4,0.37,2026-06-05,1806,N21,nominal,2.0NRT,303.24,5.09,D
-26.54604,-56.51906,345.92,0.54,0.51,2026-06-05,1802,N21,nominal,2.0NRT,297.89,19.31,D
-12.59428,-66.4638,332.5,0.4,0.37,2026-06-05,1806,N21,nominal,2.0NRT,302.35,2.14,D
-26.54306,-56.49419,333.96,0.55,0.51,2026-06-05,1802,N21,nominal,2.0NRT,296.09,5.44,D
-10.48081,-54.79959,367,0.74,0.76,2026-06-05,1806,N21,high,2.0NRT,291.81,35.56,D
-26.54183,-56.51155,338.25,0.55,0.51,2026-06-05,1802,N21,nominal,2.0NRT,297.11,6.35,D
-10.82629,-56.59932,343.36,0.55,0.68,2026-06-05,1806,N21,nominal,2.0NRT,295.94,10.6,D
-26.54297,-56.51694,352.49,0.54,0.51,2026-06-05,1802,N21,nominal,2.0NRT,298.67,9.74,D
-12.60567,-66.60162,330.83,0.4,0.37,2026-06-05,1806,N21,low,2.0NRT,301.92,3.7,D
-26.5441,-56.52233,328.3,0.54,0.51,2026-06-05,1802,N21,nominal,2.0NRT,295.83,9.74,D
-12.60231,-66.60217,331.06,0.4,0.37,2026-06-05,1806,N21,low,2.0NRT,301.96,4.62,D
-26.53836,-56.51818,335.16,0.54,0.51,2026-06-05,1802,N21,nominal,2.0NRT,296.71,9.74,D
-12.59604,-66.5844,340.58,0.4,0.37,2026-06-05,1806,N21,nominal,2.0NRT,307.57,15.18,D
-26.53949,-56.52358,327.31,0.54,0.51,2026-06-05,1802,N21,nominal,2.0NRT,296.32,9.74,D
-12.61853,-66.72688,351.79,0.4,0.37,2026-06-05,1806,N21,nominal,2.0NRT,302.09,6.8,D
-26.53374,-56.51942,326.4,0.54,0.51,2026-06-05,1802,N21,nominal,2.0NRT,296.81,3.48,D
-12.61911,-66.73052,344.7,0.4,0.37,2026-06-05,1806,N21,nominal,2.0NRT,301.32,4.64,D
-26.69436,-57.38157,344.12,0.48,0.48,2026-06-05,1802,N21,nominal,2.0NRT,297.96,21.85,D
-12.60731,-66.72125,341.17,0.4,0.37,2026-06-05,1806,N21,nominal,2.0NRT,306.03,22.2,D
-26.69535,-57.38636,337.16,0.48,0.48,2026-06-05,1802,N21,nominal,2.0NRT,297.96,17.22,D
-12.60395,-66.7218,344.87,0.4,0.37,2026-06-05,1806,N21,nominal,2.0NRT,302.31,22.2,D
-26.69098,-57.38747,340.91,0.48,0.48,2026-06-05,1802,N21,nominal,2.0NRT,302.8,17.22,D
-12.60452,-66.72544,330.03,0.4,0.37,2026-06-05,1806,N21,nominal,2.0NRT,302.5,9.78,D
-26.92371,-58.63028,345.44,0.4,0.45,2026-06-05,1802,N21,nominal,2.0NRT,293.53,8.34,D
-10.70953,-56.24266,335.73,0.59,0.7,2026-06-05,1806,N21,nominal,2.0NRT,295.77,5.48,D
-26.50429,-56.79004,350.42,0.53,0.5,2026-06-05,1802,N21,nominal,2.0NRT,303.52,63.98,D
-12.60059,-66.72236,332.09,0.4,0.37,2026-06-05,1806,N21,nominal,2.0NRT,300.76,3.02,D
-27.81793,-63.89814,333.71,0.39,0.36,2026-06-05,1802,N21,nominal,2.0NRT,297.75,3.31,D
-12.60117,-66.726,329.17,0.4,0.37,2026-06-05,1806,N21,low,2.0NRT,300.64,5.77,D
-27.36244,-61.19401,331.94,0.45,0.39,2026-06-05,1802,N21,nominal,2.0NRT,295.91,11.87,D
-12.60232,-66.73328,352.64,0.4,0.37,2026-06-05,1806,N21,nominal,2.0NRT,304.23,13.89,D
-27.36324,-61.19852,342.78,0.45,0.39,2026-06-05,1802,N21,nominal,2.0NRT,298.92,10.29,D
-12.59781,-66.72654,334.15,0.4,0.37,2026-06-05,1806,N21,nominal,2.0NRT,299.1,5.77,D
-27.3597,-61.1993,343.79,0.45,0.39,2026-06-05,1802,N21,nominal,2.0NRT,298.55,10.29,D
-12.59896,-66.73383,332.19,0.4,0.37,2026-06-05,1806,N21,nominal,2.0NRT,298.32,13.89,D
-26.50427,-56.78699,343.81,0.53,0.5,2026-06-05,1802,N21,nominal,2.0NRT,302.02,42.2,D
-12.46577,-65.94483,352.46,0.42,0.38,2026-06-05,1806,N21,nominal,2.0NRT,310.45,20.49,D
-26.50535,-56.7922,328.06,0.53,0.5,2026-06-05,1802,N21,nominal,2.0NRT,297.22,25.24,D
-12.46639,-65.94867,331.8,0.42,0.38,2026-06-05,1806,N21,low,2.0NRT,302.18,20.49,D
-27.23938,-60.78426,351.36,0.47,0.4,2026-06-05,1802,N21,nominal,2.0NRT,306.02,24.3,D
-12.56966,-66.59251,339.41,0.4,0.37,2026-06-05,1806,N21,nominal,2.0NRT,302.17,6.62,D
-27.23577,-60.78508,354.87,0.47,0.4,2026-06-05,1802,N21,nominal,2.0NRT,309.28,24.3,D
-12.57025,-66.59617,332.38,0.4,0.37,2026-06-05,1806,N21,nominal,2.0NRT,301.93,3.71,D
-27.23661,-60.78977,329.87,0.47,0.4,2026-06-05,1802,N21,low,2.0NRT,302.23,24.3,D
-12.57083,-66.59984,333.13,0.4,0.37,2026-06-05,1806,N21,nominal,2.0NRT,301.38,3.71,D
-25.08234,-51.14778,332.47,0.62,0.71,2026-06-05,1802,N21,nominal,2.0NRT,285.77,6.37,D
-12.46171,-65.94157,334.37,0.42,0.38,2026-06-05,1806,N21,nominal,2.0NRT,302.75,4.65,D
-25.0832,-51.14766,331.95,0.62,0.71,2026-06-05,1802,N21,nominal,2.0NRT,285.37,9.42,D
-12.56409,-66.60094,338.22,0.4,0.37,2026-06-05,1806,N21,nominal,2.0NRT,301.8,5.03,D
-26.34686,-56.87951,330.3,0.52,0.5,2026-06-05,1802,N21,nominal,2.0NRT,296.71,13.35,D
-12.56072,-66.60149,334.03,0.4,0.37,2026-06-05,1806,N21,nominal,2.0NRT,303.33,2.36,D
-26.34796,-56.88469,335.81,0.52,0.5,2026-06-05,1802,N21,nominal,2.0NRT,300.45,21.94,D
-12.55735,-66.60204,329.85,0.4,0.37,2026-06-05,1806,N21,nominal,2.0NRT,303.35,2.36,D
-26.03105,-55.44723,354.85,0.32,0.55,2026-06-05,1802,N21,nominal,2.0NRT,295.56,14.94,D
-10.70821,-56.24399,331.66,0.59,0.7,2026-06-05,1806,N21,nominal,2.0NRT,294.02,3.78,D
-26.03176,-55.45044,347.23,0.32,0.55,2026-06-05,1802,N21,nominal,2.0NRT,300.27,18.48,D
-12.62596,-67.51555,335.96,0.39,0.36,2026-06-05,1806,N21,nominal,2.0NRT,298.71,3.07,D
-26.34233,-56.88069,326.44,0.52,0.5,2026-06-05,1802,N21,nominal,2.0NRT,296.99,3.96,D
-12.6221,-67.51254,367,0.39,0.36,2026-06-05,1806,N21,high,2.0NRT,302.6,14.32,D
-26.34343,-56.88587,327.88,0.52,0.5,2026-06-05,1802,N21,nominal,2.0NRT,297.33,4.02,D
-12.62319,-67.51962,367,0.39,0.36,2026-06-05,1806,N21,high,2.0NRT,298.89,9.69,D
-26.48617,-57.56973,330.76,0.47,0.48,2026-06-05,1802,N21,nominal,2.0NRT,296.95,3.28,D
-12.62264,-67.51608,350.62,0.39,0.36,2026-06-05,1806,N21,nominal,2.0NRT,301.82,9.69,D
-26.0268,-55.45179,367,0.32,0.55,2026-06-05,1802,N21,high,2.0NRT,297.66,18.48,D
-12.62374,-67.52316,345.94,0.39,0.36,2026-06-05,1806,N21,nominal,2.0NRT,296.47,4.93,D
-26.02608,-55.44859,346.77,0.32,0.55,2026-06-05,1802,N21,nominal,2.0NRT,297.49,14.94,D
-12.62042,-67.5237,335.18,0.39,0.36,2026-06-05,1806,N21,nominal,2.0NRT,300.13,4.93,D
-26.22084,-56.40396,339.61,0.56,0.52,2026-06-05,1802,N21,nominal,2.0NRT,296.3,5.91,D
-12.62097,-67.52723,339.76,0.39,0.36,2026-06-05,1806,N21,nominal,2.0NRT,295.6,4.93,D
-26.07353,-56.11571,338.16,0.59,0.53,2026-06-05,1802,N21,nominal,2.0NRT,296.51,6.13,D
-12.49447,-67.47902,334.64,0.39,0.36,2026-06-05,1806,N21,nominal,2.0NRT,297.85,4.24,D
-27.5799,-64.24828,325.61,0.38,0.36,2026-06-05,1802,N21,nominal,2.0NRT,294.74,1.57,D
-12.11534,-65.578,331.2,0.44,0.38,2026-06-05,1806,N21,nominal,2.0NRT,298.79,3.49,D
-26.15981,-56.62997,344.25,0.55,0.51,2026-06-05,1802,N21,nominal,2.0NRT,296.69,10.89,D
-10.42621,-56.30862,348.71,0.59,0.7,2026-06-05,1806,N21,nominal,2.0NRT,293.14,13.59,D
-26.1552,-56.63119,348.97,0.55,0.51,2026-06-05,1802,N21,nominal,2.0NRT,298.78,10.89,D
-12.25302,-66.61108,334.74,0.4,0.37,2026-06-05,1806,N21,nominal,2.0NRT,301.79,2.91,D
-26.31121,-57.36644,340.21,0.49,0.49,2026-06-05,1802,N21,nominal,2.0NRT,297.76,5.17,D
-12.24964,-66.61164,339.8,0.4,0.37,2026-06-05,1806,N21,nominal,2.0NRT,306.17,14.41,D
-26.12978,-56.62656,338.38,0.55,0.51,2026-06-05,1802,N21,nominal,2.0NRT,297.86,7.4,D
-12.23176,-66.54282,347.25,0.4,0.37,2026-06-05,1806,N21,nominal,2.0NRT,304.37,5.9,D
-26.96829,-60.88987,332.7,0.47,0.39,2026-06-05,1802,N21,nominal,2.0NRT,300.36,3.5,D
-12.2429,-66.61275,332.27,0.4,0.37,2026-06-05,1806,N21,nominal,2.0NRT,301.48,2.72,D
-26.96755,-60.88845,338.32,0.47,0.4,2026-06-05,1802,N21,nominal,2.0NRT,300.33,6.12,D
-12.22779,-66.5397,332.31,0.4,0.37,2026-06-05,1806,N21,low,2.0NRT,304.07,5.9,D
-26.95839,-60.90026,336.24,0.47,0.39,2026-06-05,1802,N21,nominal,2.0NRT,297.87,4.3,D
-12.22897,-66.54707,346.71,0.4,0.37,2026-06-05,1806,N21,nominal,2.0NRT,306.11,5.68,D
-26.9994,-61.25883,330.27,0.45,0.39,2026-06-05,1802,N21,nominal,2.0NRT,297.82,3.74,D
-12.22956,-66.55075,346.31,0.4,0.37,2026-06-05,1806,N21,nominal,2.0NRT,303.51,5.68,D
-26.86629,-61.03917,341.73,0.46,0.39,2026-06-05,1802,N21,nominal,2.0NRT,302.71,7.99,D
-12.21688,-66.54496,332.54,0.4,0.37,2026-06-05,1806,N21,low,2.0NRT,303.08,3.33,D
-26.8627,-61.03997,367,0.46,0.39,2026-06-05,1802,N21,high,2.0NRT,331.63,90.94,D
-12.21745,-66.54865,350.22,0.4,0.37,2026-06-05,1806,N21,nominal,2.0NRT,305.96,5.61,D
-26.86188,-61.03534,333.44,0.46,0.39,2026-06-05,1802,N21,nominal,2.0NRT,300.32,90.94,D
-12.21803,-66.55235,341.57,0.4,0.37,2026-06-05,1806,N21,nominal,2.0NRT,305.69,5.61,D
-25.75151,-55.45694,337.3,0.33,0.55,2026-06-05,1802,N21,nominal,2.0NRT,296.15,3.13,D
-26.85911,-61.04077,350.85,0.46,0.39,2026-06-05,1802,N21,nominal,2.0NRT,302.84,90.94,D
-12.21861,-66.55604,338.33,0.4,0.37,2026-06-05,1806,N21,nominal,2.0NRT,304.22,4.58,D
-26.14293,-57.38882,351.4,0.49,0.49,2026-06-05,1802,N21,nominal,2.0NRT,298.83,18.54,D
-12.21581,-66.56028,349.4,0.4,0.37,2026-06-05,1806,N21,nominal,2.0NRT,303.44,9.88,D
-26.13851,-57.38995,367,0.49,0.49,2026-06-05,1802,N21,high,2.0NRT,299.14,17.17,D
-12.21011,-66.54607,328.78,0.4,0.37,2026-06-05,1806,N21,low,2.0NRT,303.08,3.52,D
-26.42988,-59.32291,339.17,0.57,0.43,2026-06-05,1802,N21,nominal,2.0NRT,299.37,23.03,D
-10.42462,-56.30952,345.78,0.59,0.7,2026-06-05,1806,N21,nominal,2.0NRT,293.04,13.46,D
-25.98661,-57.3444,328.2,0.5,0.49,2026-06-05,1802,N21,nominal,2.0NRT,296.78,2.06,D
-12.20673,-66.54663,334.09,0.4,0.37,2026-06-05,1806,N21,nominal,2.0NRT,304.14,3.51,D
-25.01437,-53.16825,343.59,0.47,0.64,2026-06-05,1802,N21,nominal,2.0NRT,299.68,7.33,D
-12.20335,-66.54719,336.48,0.4,0.37,2026-06-05,1806,N21,nominal,2.0NRT,304.29,3.51,D
-26.27356,-58.96871,332.4,0.4,0.44,2026-06-05,1802,N21,nominal,2.0NRT,297.09,3,D
-12.20055,-66.55144,332.08,0.4,0.37,2026-06-05,1806,N21,low,2.0NRT,303.64,2.82,D
-25.0155,-53.16691,341.63,0.47,0.64,2026-06-05,1802,N21,nominal,2.0NRT,299.02,4.61,D
-12.19717,-66.55199,337.32,0.4,0.37,2026-06-05,1806,N21,nominal,2.0NRT,302.22,2.82,D
-25.00971,-53.16848,325.04,0.47,0.64,2026-06-05,1802,N21,nominal,2.0NRT,296.93,4.61,D
-12.19775,-66.55569,331.29,0.4,0.37,2026-06-05,1806,N21,nominal,2.0NRT,302.79,2.82,D
-26.27381,-59.14426,336.64,0.39,0.44,2026-06-05,1802,N21,nominal,2.0NRT,299.15,3.84,D
-12.19437,-66.55624,341.1,0.4,0.37,2026-06-05,1806,N21,nominal,2.0NRT,302.77,4.43,D
-25.6238,-56.01932,345.88,0.61,0.53,2026-06-05,1802,N21,nominal,2.0NRT,296.03,12.37,D
-12.19495,-66.55994,346.39,0.4,0.37,2026-06-05,1806,N21,nominal,2.0NRT,303.6,4.67,D
-26.44252,-60.61022,345.7,0.49,0.4,2026-06-05,1802,N21,nominal,2.0NRT,302.06,11.82,D
-12.19553,-66.56363,331.36,0.4,0.37,2026-06-05,1806,N21,nominal,2.0NRT,299.59,4.67,D
-26.29764,-60.079,343.2,0.52,0.42,2026-06-05,1802,N21,nominal,2.0NRT,298.95,9.57,D
-10.57235,-57.31771,343.36,0.5,0.66,2026-06-05,1806,N21,nominal,2.0NRT,292,11.49,D
-26.68312,-62.43034,329.69,0.41,0.37,2026-06-05,1802,N21,nominal,2.0NRT,297.84,4.29,D
-10.57319,-57.32212,335.12,0.5,0.66,2026-06-05,1806,N21,nominal,2.0NRT,291.58,10.23,D
-25.39902,-55.9476,338.94,0.62,0.54,2026-06-05,1802,N21,nominal,2.0NRT,297.07,7.34,D
-10.51151,-57.59654,328.87,0.48,0.65,2026-06-05,1806,N21,nominal,2.0NRT,292.91,3.16,D
-26.16888,-59.76445,330.41,0.54,0.42,2026-06-05,1802,N21,nominal,2.0NRT,297.21,4.23,D
-10.50888,-57.96062,340.66,0.45,0.63,2026-06-05,1806,N21,nominal,2.0NRT,292.77,7.03,D
-25.04712,-54.57008,333.35,0.38,0.59,2026-06-05,1802,N21,nominal,2.0NRT,296.23,6.26,D
-12.58747,-70.43491,335.42,0.43,0.38,2026-06-05,1806,N21,nominal,2.0NRT,299.8,3.2,D
-26.11973,-59.78157,331.43,0.54,0.42,2026-06-05,1802,N21,nominal,2.0NRT,297.73,4.51,D
-10.50835,-57.96101,341.03,0.45,0.63,2026-06-05,1806,N21,nominal,2.0NRT,292.83,6.41,D
-26.1195,-59.78419,330.53,0.54,0.42,2026-06-05,1802,N21,nominal,2.0NRT,297.15,3.93,D
-12.65404,-72.1112,334.7,0.51,0.41,2026-06-05,1806,N21,nominal,2.0NRT,293.37,5.28,D
-24.95845,-55.09379,330.03,0.36,0.57,2026-06-05,1802,N21,nominal,2.0NRT,296.09,2.33,D
-11.70071,-66.62627,336.85,0.4,0.37,2026-06-05,1806,N21,nominal,2.0NRT,300.99,4.7,D
-25.70423,-58.71299,344.36,0.42,0.45,2026-06-05,1802,N21,nominal,2.0NRT,297.49,6.53,D
-10.03619,-59.34102,367,0.37,0.58,2026-06-05,1806,N21,high,2.0NRT,294.64,12.86,D
-25.55928,-58.01848,333.05,0.46,0.47,2026-06-05,1802,N21,nominal,2.0NRT,297.73,4.67,D
-10.03681,-59.34435,367,0.37,0.58,2026-06-05,1806,N21,high,2.0NRT,294.67,12.86,D
-25.03839,-55.68147,334.89,0.33,0.55,2026-06-05,1802,N21,nominal,2.0NRT,295.61,5.14,D
-10.03558,-59.3377,341.33,0.37,0.58,2026-06-05,1806,N21,nominal,2.0NRT,290.9,14.02,D
-25.48722,-57.84551,332.61,0.48,0.48,2026-06-05,1802,N21,nominal,2.0NRT,297.85,5,D
-11.08926,-65.36124,331.83,0.46,0.39,2026-06-05,1806,N21,nominal,2.0NRT,296.71,5.02,D
-25.59175,-58.54606,332.82,0.43,0.46,2026-06-05,1802,N21,nominal,2.0NRT,296.61,4.51,D
-10.0315,-59.34534,367,0.37,0.58,2026-06-05,1806,N21,high,2.0NRT,295.23,12.86,D
-25.3858,-57.7766,338.46,0.48,0.48,2026-06-05,1802,N21,nominal,2.0NRT,297.59,6.3,D
-10.03088,-59.34204,329.34,0.37,0.58,2026-06-05,1806,N21,nominal,2.0NRT,293.46,12.86,D
-26.17608,-61.90315,335.07,0.43,0.38,2026-06-05,1802,N21,nominal,2.0NRT,299.83,4.34,D
-11.07292,-65.3512,335.24,0.46,0.39,2026-06-05,1806,N21,nominal,2.0NRT,296.64,5.41,D
-25.38644,-57.77451,327.64,0.48,0.48,2026-06-05,1802,N21,nominal,2.0NRT,297.25,3.87,D
-11.08157,-65.42613,342.93,0.45,0.39,2026-06-05,1806,N21,nominal,2.0NRT,297.95,6.75,D
-24.81941,-55.28111,346.59,0.35,0.57,2026-06-05,1802,N21,nominal,2.0NRT,296.62,5.24,D
-11.02955,-66.1165,331.64,0.42,0.38,2026-06-05,1806,N21,nominal,2.0NRT,298.68,10.55,D
-24.86507,-55.51188,367,0.34,0.56,2026-06-05,1802,N21,high,2.0NRT,298.66,19.49,D
-9.25431,-56.22704,352.99,0.63,0.72,2026-06-05,1806,N21,nominal,2.0NRT,290.38,2.91,D
-24.85925,-55.50988,332.14,0.34,0.56,2026-06-05,1802,N21,nominal,2.0NRT,296.45,2.76,D
-10.87914,-65.47509,337.74,0.45,0.39,2026-06-05,1806,N21,nominal,2.0NRT,297.97,4.93,D
-24.85999,-55.51318,326.5,0.34,0.56,2026-06-05,1802,N21,nominal,2.0NRT,296.67,2.76,D
-10.88048,-65.48331,336.31,0.45,0.39,2026-06-05,1806,N21,nominal,2.0NRT,297.72,7.49,D
-25.13879,-57.07958,334.02,0.54,0.51,2026-06-05,1802,N21,nominal,2.0NRT,297.52,5.33,D
-10.88115,-65.4874,326.67,0.45,0.39,2026-06-05,1806,N21,nominal,2.0NRT,295.61,1.95,D
-25.14055,-57.08039,328.74,0.54,0.51,2026-06-05,1802,N21,nominal,2.0NRT,297.17,3.78,D
-10.87557,-65.47568,328.84,0.45,0.39,2026-06-05,1806,N21,nominal,2.0NRT,299.11,17.11,D
-24.94209,-56.20358,328.47,0.61,0.54,2026-06-05,1802,N21,nominal,2.0NRT,296.88,4.34,D
-10.87625,-65.47979,332.5,0.45,0.39,2026-06-05,1806,N21,nominal,2.0NRT,298.52,40.26,D
-24.78318,-55.68667,335.05,0.33,0.55,2026-06-05,1802,N21,nominal,2.0NRT,294.41,4.07,D
-10.87759,-65.488,342.44,0.45,0.39,2026-06-05,1806,N21,nominal,2.0NRT,297.53,14.69,D
-24.72194,-55.65087,334.84,0.34,0.56,2026-06-05,1802,N21,nominal,2.0NRT,296.83,3.02,D
-10.87201,-65.47626,332.49,0.45,0.39,2026-06-05,1806,N21,nominal,2.0NRT,299.46,17.11,D
-24.82978,-56.13675,326.53,0.62,0.54,2026-06-05,1802,N21,nominal,2.0NRT,297.04,3.09,D
-10.87336,-65.48449,335.94,0.45,0.39,2026-06-05,1806,N21,nominal,2.0NRT,298.89,40.26,D
-24.71961,-55.65293,326.89,0.34,0.56,2026-06-05,1802,N21,nominal,2.0NRT,296.17,2.5,D
-10.87403,-65.48859,329.99,0.45,0.39,2026-06-05,1806,N21,nominal,2.0NRT,299.22,14.69,D
-24.47639,-54.65258,325.28,0.39,0.59,2026-06-05,1802,N21,nominal,2.0NRT,295.3,1.94,D
-10.86979,-65.48508,332.44,0.45,0.39,2026-06-05,1806,N21,nominal,2.0NRT,298.29,22.97,D
-24.76563,-56.01178,337.52,0.32,0.54,2026-06-05,1802,N21,nominal,2.0NRT,296.6,2.51,D
-10.87047,-65.48918,343.48,0.45,0.39,2026-06-05,1806,N21,nominal,2.0NRT,298.33,122.68,D
-24.69419,-55.73175,326.89,0.33,0.55,2026-06-05,1802,N21,nominal,2.0NRT,295.13,2.02,D
-10.86623,-65.48567,332.22,0.45,0.39,2026-06-05,1806,N21,nominal,2.0NRT,296.89,22.97,D
-24.72753,-55.90854,325.84,0.32,0.55,2026-06-05,1802,N21,nominal,2.0NRT,296.46,3.07,D
-10.24515,-62.78031,338.92,0.44,0.46,2026-06-05,1806,N21,nominal,2.0NRT,294.83,11.37,D
-24.78996,-56.31507,326.69,0.61,0.53,2026-06-05,1802,N21,low,2.0NRT,297,4.44,D
-11.05704,-67.79004,333.18,0.39,0.36,2026-06-05,1806,N21,nominal,2.0NRT,298.51,3.76,D
-25.07806,-57.7001,328.12,0.49,0.49,2026-06-05,1802,N21,nominal,2.0NRT,298.11,3.39,D
-9.20435,-58.06935,329,0.47,0.64,2026-06-05,1806,N21,nominal,2.0NRT,291.76,6.73,D
-24.93183,-57.50118,327.24,0.51,0.49,2026-06-05,1802,N21,nominal,2.0NRT,297.44,3.39,D
-11.00452,-68.80469,327.2,0.39,0.36,2026-06-05,1806,N21,low,2.0NRT,298.45,4.16,D
-24.60874,-56.15332,340.45,0.63,0.54,2026-06-05,1802,N21,nominal,2.0NRT,297.87,7.72,D
-9.17353,-58.06644,367,0.47,0.64,2026-06-05,1806,N21,high,2.0NRT,293.28,46.21,D
-24.60815,-56.15371,340.52,0.63,0.54,2026-06-05,1802,N21,nominal,2.0NRT,297.62,9.16,D
-9.17272,-58.06211,350.6,0.47,0.64,2026-06-05,1806,N21,nominal,2.0NRT,292.36,26.07,D
-24.56294,-56.03973,331.26,0.32,0.55,2026-06-05,1802,N21,nominal,2.0NRT,296.34,2.33,D
-10.75375,-68.02727,333.67,0.39,0.36,2026-06-05,1806,N21,nominal,2.0NRT,300.11,4.4,D
-24.57453,-56.11786,325.18,0.63,0.54,2026-06-05,1802,N21,nominal,2.0NRT,296.68,3.26,D
-8.01388,-55.50022,334.46,0.74,0.76,2026-06-05,1806,N21,nominal,2.0NRT,290.19,12.94,D
-24.52499,-55.93691,337.05,0.33,0.55,2026-06-05,1802,N21,nominal,2.0NRT,296.94,3.99,D
-8.01512,-55.50666,330.4,0.74,0.76,2026-06-05,1806,N21,nominal,2.0NRT,290.6,12.94,D
-24.49156,-55.95255,325.86,0.32,0.55,2026-06-05,1802,N21,nominal,2.0NRT,296.61,1.41,D
-8.01762,-55.51955,335.03,0.74,0.76,2026-06-05,1806,N21,nominal,2.0NRT,289.73,22.01,D
-24.35899,-55.45188,336.97,0.35,0.57,2026-06-05,1802,N21,nominal,2.0NRT,295.29,4.46,D
-8.00693,-55.50152,335.77,0.74,0.76,2026-06-05,1806,N21,nominal,2.0NRT,290.32,12.94,D
-24.35977,-55.45535,331.01,0.35,0.57,2026-06-05,1802,N21,nominal,2.0NRT,295.29,4.46,D
-8.00819,-55.50801,346.66,0.74,0.76,2026-06-05,1806,N21,nominal,2.0NRT,291.3,12.94,D
-24.4239,-55.74231,335.28,0.34,0.56,2026-06-05,1802,N21,nominal,2.0NRT,295.84,2.44,D
-8.01664,-55.50846,325.19,0.74,0.76,2026-06-05,1806,N21,nominal,2.0NRT,290.23,6.67,D
-25.47593,-61.08481,332.93,0.48,0.4,2026-06-05,1802,N21,nominal,2.0NRT,297.6,5.13,D
-8.0085,-55.5034,367,0.74,0.76,2026-06-05,1806,N21,high,2.0NRT,291.31,31.22,D
-25.47228,-61.08561,329.82,0.48,0.4,2026-06-05,1802,N21,nominal,2.0NRT,298.68,5.13,D
-8.01215,-55.52286,341.48,0.74,0.76,2026-06-05,1806,N21,nominal,2.0NRT,290.32,13.26,D
-25.47263,-61.08375,338.15,0.48,0.4,2026-06-05,1802,N21,nominal,2.0NRT,298.57,5.2,D
-8.45572,-61.63595,344.41,0.55,0.51,2026-06-05,1809,N21,nominal,2.0NRT,291.21,16.66,D
-25.47346,-61.08849,331.48,0.48,0.4,2026-06-05,1802,N21,nominal,2.0NRT,299.76,5.2,D
-8.45406,-61.63876,341.34,0.55,0.51,2026-06-05,1809,N21,nominal,2.0NRT,290.07,13.18,D
-24.99831,-58.64656,340.03,0.44,0.46,2026-06-05,1802,N21,nominal,2.0NRT,298.85,7.94,D
-9.76344,-70.70744,329.8,0.42,0.37,2026-06-05,1809,N21,nominal,2.0NRT,297.41,2.35,D
-24.32261,-55.48819,329.35,0.35,0.57,2026-06-05,1802,N21,nominal,2.0NRT,294.93,2.38,D
-9.32404,-68.81134,331.65,0.38,0.36,2026-06-05,1809,N21,nominal,2.0NRT,295.75,5.57,D
-24.24902,-55.30437,326.41,0.36,0.57,2026-06-05,1802,N21,nominal,2.0NRT,295.26,1.81,D
-9.4127,-71.25256,326.56,0.43,0.38,2026-06-05,1809,N21,nominal,2.0NRT,296.04,6.73,D
-23.87064,-53.81174,353.92,0.45,0.63,2026-06-05,1802,N21,nominal,2.0NRT,297.3,9.58,D
-8.74453,-68.69051,330.55,0.38,0.36,2026-06-05,1809,N21,nominal,2.0NRT,296.36,4.44,D
-23.87162,-53.81591,343.88,0.45,0.63,2026-06-05,1802,N21,nominal,2.0NRT,296.82,9.58,D
-8.74506,-68.69399,326.93,0.38,0.36,2026-06-05,1809,N21,nominal,2.0NRT,296.82,4.44,D
-23.86492,-53.81329,344.27,0.45,0.63,2026-06-05,1802,N21,nominal,2.0NRT,298.04,8.69,D
-8.66292,-69.63017,331.34,0.39,0.36,2026-06-05,1809,N21,nominal,2.0NRT,296.5,4.48,D
-23.86592,-53.81752,352.27,0.45,0.63,2026-06-05,1802,N21,nominal,2.0NRT,298.21,8.69,D
-8.69336,-69.96802,332.31,0.39,0.36,2026-06-05,1809,N21,nominal,2.0NRT,297.4,4.24,D
-24.93222,-58.73386,329.8,0.43,0.46,2026-06-05,1802,N21,nominal,2.0NRT,298.25,3.64,D
-8.56306,-70.57317,337.06,0.4,0.37,2026-06-05,1809,N21,nominal,2.0NRT,297.41,8.95,D
-23.87127,-53.81499,367,0.45,0.63,2026-06-05,1802,N21,high,2.0NRT,298.45,9.71,D
-8.39127,-71.06821,331.64,0.42,0.37,2026-06-05,1809,N21,nominal,2.0NRT,298.37,45.45,D
-23.87031,-53.8108,331.28,0.45,0.63,2026-06-05,1802,N21,nominal,2.0NRT,296.31,9.71,D
-8.27212,-70.47189,332.58,0.4,0.37,2026-06-05,1809,N21,nominal,2.0NRT,294.12,11.8,D
-23.86558,-53.81661,367,0.45,0.63,2026-06-05,1802,N21,high,2.0NRT,300.05,14.79,D
-8.27266,-70.47549,337.61,0.4,0.37,2026-06-05,1809,N21,nominal,2.0NRT,296.42,13.15,D
-24.32182,-56.17953,337.16,0.63,0.54,2026-06-05,1802,N21,nominal,2.0NRT,297.15,5.38,D
-8.19098,-70.08255,331.2,0.39,0.36,2026-06-05,1809,N21,nominal,2.0NRT,289.85,6.53,D
-24.16513,-55.94026,330.6,0.33,0.55,2026-06-05,1802,N21,nominal,2.0NRT,296.11,1.68,D
-8.1566,-70.14935,335.21,0.39,0.36,2026-06-05,1809,N21,nominal,2.0NRT,290.12,39.29,D
-24.0638,-55.75757,329.3,0.34,0.56,2026-06-05,1802,N21,nominal,2.0NRT,295.56,2.98,D
-8.07299,-71.0006,330.95,0.41,0.37,2026-06-05,1809,N21,nominal,2.0NRT,296.31,3.44,D
-24.06727,-55.79825,336.68,0.34,0.56,2026-06-05,1802,N21,nominal,2.0NRT,296.28,2.72,D
-7.89298,-70.11369,331.16,0.39,0.36,2026-06-05,1809,N21,nominal,2.0NRT,297.89,2.71,D
-24.12063,-56.0936,367,0.32,0.55,2026-06-05,1802,N21,high,2.0NRT,299.05,6.64,D
-9.05623,-78.60191,329.23,0.41,0.6,2026-06-05,1809,N21,nominal,2.0NRT,294.26,2.76,D
-24.03459,-55.79582,337.46,0.34,0.56,2026-06-05,1802,N21,nominal,2.0NRT,295.88,3.52,D
-8.97097,-78.55179,344.56,0.4,0.6,2026-06-05,1809,N21,nominal,2.0NRT,292.55,5.37,D
-24.02235,-55.76459,344.52,0.34,0.56,2026-06-05,1802,N21,nominal,2.0NRT,295.8,7.04,D
-4.23977,-73.49297,332.02,0.48,0.4,2026-06-05,1809,N21,nominal,2.0NRT,292.77,5.49,D
-23.99992,-55.7847,348.09,0.34,0.56,2026-06-05,1802,N21,nominal,2.0NRT,296.26,5.16,D
-3.92334,-71.51612,330.76,0.4,0.37,2026-06-05,1809,N21,nominal,2.0NRT,295.37,2.94,D
-24.24202,-57.08915,330.39,0.56,0.51,2026-06-05,1802,N21,nominal,2.0NRT,297.63,3.84,D
-3.91997,-71.51662,330.16,0.4,0.37,2026-06-05,1809,N21,nominal,2.0NRT,294.87,2.1,D
-24.01067,-56.3091,336.54,0.63,0.54,2026-06-05,1802,N21,nominal,2.0NRT,297.74,8.82,D
-3.61729,-80.55667,337.69,0.47,0.64,2026-06-05,1811,N21,nominal,2.0NRT,287.36,6.4,D
-23.22638,-53.11353,325.97,0.52,0.67,2026-06-05,1802,N21,nominal,2.0NRT,295,2.7,D
-2.36381,-79.58196,367,0.38,0.59,2026-06-05,1811,N21,high,2.0NRT,291.49,21.02,D
-23.75387,-55.41668,345.34,0.36,0.58,2026-06-05,1802,N21,nominal,2.0NRT,297.35,7.06,D
-2.04641,-79.76253,355.61,0.39,0.59,2026-06-05,1811,N21,nominal,2.0NRT,287.37,9.28,D
-23.99621,-56.53512,327.73,0.61,0.54,2026-06-05,1802,N21,nominal,2.0NRT,296.18,6.9,D
-2.04385,-79.7615,329.15,0.39,0.59,2026-06-05,1811,N21,nominal,2.0NRT,286.85,6.08,D
-23.98883,-56.52453,337.36,0.61,0.54,2026-06-05,1802,N21,nominal,2.0NRT,296.97,23.87,D
-2.04438,-79.76494,338.34,0.39,0.59,2026-06-05,1811,N21,nominal,2.0NRT,286.31,6.08,D
-23.99009,-56.53042,349.76,0.61,0.54,2026-06-05,1802,N21,nominal,2.0NRT,299.79,23.87,D
-2.02499,-79.74657,341.21,0.39,0.59,2026-06-05,1811,N21,nominal,2.0NRT,288.06,5.9,D
-24.17758,-57.44764,338.53,0.53,0.5,2026-06-05,1802,N21,nominal,2.0NRT,298.83,16.32,D
-2.01625,-79.7618,348.17,0.39,0.59,2026-06-05,1811,N21,nominal,2.0NRT,290.15,28.88,D
-23.8449,-55.9301,337.22,0.34,0.56,2026-06-05,1802,N21,nominal,2.0NRT,296.34,5.75,D
-2.01573,-79.75835,355.73,0.39,0.59,2026-06-05,1811,N21,low,2.0NRT,288.48,28.88,D
-23.92256,-56.31189,333.43,0.63,0.54,2026-06-05,1802,N21,nominal,2.0NRT,296.48,6.96,D
-1.87868,-79.70734,333.84,0.38,0.59,2026-06-05,1811,N21,nominal,2.0NRT,286.4,6.81,D
-23.86724,-56.27332,335.96,0.32,0.55,2026-06-05,1802,N21,nominal,2.0NRT,296.5,2.78,D
0.33446,-77.95396,335.4,0.53,0.5,2026-06-05,1811,N21,nominal,2.0NRT,293.93,10.67,D
-23.74518,-55.99974,328.01,0.33,0.56,2026-06-05,1802,N21,nominal,2.0NRT,296.81,1.93,D
4.80329,-68.1208,345.17,0.5,0.41,2026-06-05,1811,N21,nominal,2.0NRT,291.7,6.95,D
-23.81332,-56.36177,329.85,0.63,0.54,2026-06-05,1802,N21,nominal,2.0NRT,296.47,4.37,D
-23.57874,-55.69041,344.46,0.35,0.57,2026-06-05,1802,N21,nominal,2.0NRT,296.59,5.62,D
-23.79802,-56.80053,326.25,0.6,0.53,2026-06-05,1802,N21,nominal,2.0NRT,295.64,4.42,D
-24.07579,-58.13485,338.27,0.49,0.48,2026-06-05,1802,N21,nominal,2.0NRT,298.15,3.46,D
-23.58517,-55.9886,343.23,0.34,0.56,2026-06-05,1802,N21,nominal,2.0NRT,297.34,3.81,D
-24.5287,-60.6321,347.73,0.52,0.41,2026-06-05,1802,N21,nominal,2.0NRT,303.78,21.18,D
-24.52491,-60.63293,344.53,0.52,0.41,2026-06-05,1802,N21,nominal,2.0NRT,303.48,7.7,D
-24.52018,-60.62868,329,0.52,0.41,2026-06-05,1802,N21,nominal,2.0NRT,300.87,7.09,D
-24.52113,-60.63377,333.83,0.52,0.41,2026-06-05,1802,N21,nominal,2.0NRT,303.07,7.7,D
-24.52614,-60.63453,337.28,0.52,0.41,2026-06-05,1802,N21,nominal,2.0NRT,302.1,12.97,D
-24.52143,-60.63028,345.72,0.52,0.41,2026-06-05,1802,N21,nominal,2.0NRT,303.54,12.97,D
-23.58764,-55.98787,341.88,0.34,0.56,2026-06-05,1802,N21,nominal,2.0NRT,297.09,3.82,D
-24.23215,-59.49778,327.79,0.4,0.44,2026-06-05,1802,N21,nominal,2.0NRT,298.86,3.93,D
-23.89097,-57.88197,328.29,0.51,0.49,2026-06-05,1802,N21,nominal,2.0NRT,297.89,3.8,D
-24.00649,-58.65625,336.41,0.45,0.47,2026-06-05,1802,N21,nominal,2.0NRT,299.02,7.34,D
-24.23338,-61.10957,334.39,0.5,0.41,2026-06-05,1802,N21,nominal,2.0NRT,304.46,6.97,D
-23.30109,-56.84874,325.84,0.61,0.53,2026-06-05,1802,N21,nominal,2.0NRT,297.11,3.79,D
-22.99389,-56.04531,334.23,0.34,0.56,2026-06-05,1802,N21,nominal,2.0NRT,296.06,3.31,D
-23.14838,-57.02705,325.9,0.59,0.53,2026-06-05,1802,N21,low,2.0NRT,296.49,4.79,D
-23.14399,-57.02295,334.18,0.59,0.53,2026-06-05,1802,N21,nominal,2.0NRT,297.34,4.44,D
-23.1212,-57.01051,340.29,0.6,0.53,2026-06-05,1802,N21,nominal,2.0NRT,297.3,12.32,D
-23.1224,-57.01627,337.53,0.6,0.53,2026-06-05,1802,N21,nominal,2.0NRT,297.56,12.32,D
-23.11639,-57.0117,339.57,0.6,0.53,2026-06-05,1802,N21,nominal,2.0NRT,298.36,12.32,D
-22.99493,-56.63125,350.46,0.63,0.54,2026-06-05,1802,N21,nominal,2.0NRT,299.4,15.37,D
-22.64067,-55.75449,327.04,0.37,0.58,2026-06-05,1802,N21,nominal,2.0NRT,294.78,0.34,D
-23.20051,-58.63754,349.58,0.47,0.48,2026-06-05,1802,N21,nominal,2.0NRT,300.03,12.59,D
-22.74596,-56.589,325.78,0.32,0.55,2026-06-05,1802,N21,nominal,2.0NRT,296.77,1.44,D
-23.28511,-60.13729,341.69,0.38,0.44,2026-06-05,1802,N21,nominal,2.0NRT,306.99,6.13,D
-23.27974,-60.13071,367,0.39,0.44,2026-06-05,1802,N21,high,2.0NRT,310.36,11.21,D
-23.28044,-60.13445,340.16,0.38,0.44,2026-06-05,1802,N21,nominal,2.0NRT,306.67,11.21,D
-23.27576,-60.13161,339.98,0.39,0.44,2026-06-05,1802,N21,nominal,2.0NRT,305.78,3.52,D
-23.27647,-60.13534,330.38,0.38,0.44,2026-06-05,1802,N21,nominal,2.0NRT,304.47,3.52,D
-22.35389,-55.96964,337.8,0.36,0.57,2026-06-05,1802,N21,nominal,2.0NRT,296.75,3.37,D
-23.06839,-59.81523,337.75,0.4,0.45,2026-06-05,1802,N21,nominal,2.0NRT,302.59,3.1,D
-22.52153,-57.19345,333.43,0.6,0.53,2026-06-05,1802,N21,nominal,2.0NRT,297.13,6.38,D
-22.52337,-57.19396,333.4,0.6,0.53,2026-06-05,1802,N21,nominal,2.0NRT,296.92,5.61,D
-22.36659,-56.78825,367,0.32,0.54,2026-06-05,1802,N21,high,2.0NRT,299.51,8.28,D
-22.43048,-57.16136,334.74,0.6,0.53,2026-06-05,1802,N21,nominal,2.0NRT,296.65,8.2,D
-22.42703,-57.15791,338.86,0.6,0.53,2026-06-05,1802,N21,nominal,2.0NRT,297.52,9.07,D
-22.40423,-57.12107,338.46,0.61,0.53,2026-06-05,1802,N21,nominal,2.0NRT,296.51,5.12,D
-23.008,-61.41365,339.5,0.5,0.41,2026-06-05,1802,N21,low,2.0NRT,310.78,47.58,D
-22.63784,-60.13848,340.2,0.39,0.44,2026-06-05,1802,N21,nominal,2.0NRT,304.34,12.29,D
-22.48941,-62.16943,338.81,0.47,0.4,2026-06-05,1804,N21,nominal,2.0NRT,304.25,5.94,D
-22.48579,-62.17017,333.78,0.47,0.4,2026-06-05,1804,N21,nominal,2.0NRT,303.57,5.94,D
-22.48092,-62.1852,339.53,0.47,0.39,2026-06-05,1804,N21,nominal,2.0NRT,304.46,18.08,D
-22.13353,-61.17374,339.69,0.53,0.42,2026-06-05,1804,N21,nominal,2.0NRT,302,4.29,D
-21.55507,-58.61322,332.91,0.51,0.49,2026-06-05,1804,N21,nominal,2.0NRT,302.53,5.32,D
-21.9204,-60.80951,333.15,0.56,0.43,2026-06-05,1804,N21,nominal,2.0NRT,304.21,3.95,D
-21.9203,-60.80641,339.1,0.56,0.43,2026-06-05,1804,N21,nominal,2.0NRT,303.51,8.54,D
-22.19374,-62.39642,367,0.46,0.39,2026-06-05,1804,N21,high,2.0NRT,309.1,27.88,D
-22.19451,-62.40086,350.13,0.46,0.39,2026-06-05,1804,N21,nominal,2.0NRT,305.99,18.23,D
-22.17875,-62.54557,345.24,0.45,0.39,2026-06-05,1804,N21,nominal,2.0NRT,308.15,6.69,D
-19.62159,-52.27926,367,0.7,0.75,2026-06-05,1804,N21,high,2.0NRT,296.08,0.71,D
-20.71098,-59.45988,340.02,0.47,0.48,2026-06-05,1804,N21,nominal,2.0NRT,305.32,26.24,D
-20.71185,-59.46432,332.15,0.47,0.48,2026-06-05,1804,N21,nominal,2.0NRT,303.43,19.45,D
-20.49166,-58.4944,329.64,0.54,0.51,2026-06-05,1804,N21,nominal,2.0NRT,299.26,2.38,D
-19.84135,-56.32874,367,0.38,0.59,2026-06-05,1804,N21,high,2.0NRT,298.49,8.99,D
-19.83522,-56.32641,330.11,0.38,0.59,2026-06-05,1804,N21,nominal,2.0NRT,298.4,8.99,D
-19.8253,-56.33258,348.87,0.38,0.59,2026-06-05,1804,N21,nominal,2.0NRT,299.9,8.86,D
-19.82609,-56.33619,328.91,0.38,0.59,2026-06-05,1804,N21,nominal,2.0NRT,297.41,4.47,D
-19.83942,-56.32976,367,0.38,0.59,2026-06-05,1804,N21,high,2.0NRT,298.45,8.25,D
-19.83866,-56.32613,338.93,0.38,0.59,2026-06-05,1804,N21,nominal,2.0NRT,299.61,8.25,D
-19.82872,-56.33236,336.41,0.38,0.59,2026-06-05,1804,N21,nominal,2.0NRT,297.56,4.4,D
-19.82337,-56.33363,352.06,0.38,0.59,2026-06-05,1804,N21,nominal,2.0NRT,299.32,13.04,D
-19.82413,-56.33725,344.74,0.38,0.59,2026-06-05,1804,N21,nominal,2.0NRT,298.03,8.33,D
-20.55752,-60.3863,367,0.41,0.45,2026-06-05,1804,N21,high,2.0NRT,306.22,60.09,D
-20.55527,-60.37449,340.66,0.41,0.45,2026-06-05,1804,N21,nominal,2.0NRT,305,65.06,D
-20.55677,-60.38237,342.01,0.41,0.45,2026-06-05,1804,N21,nominal,2.0NRT,310.4,60.09,D
-20.55827,-60.39024,341.72,0.41,0.45,2026-06-05,1804,N21,nominal,2.0NRT,301.71,176.14,D
-20.55117,-60.37537,344.1,0.41,0.45,2026-06-05,1804,N21,nominal,2.0NRT,304.55,65.06,D
-20.55192,-60.37931,349.97,0.41,0.45,2026-06-05,1804,N21,nominal,2.0NRT,308.86,65.06,D
-20.55267,-60.38324,347.6,0.41,0.45,2026-06-05,1804,N21,nominal,2.0NRT,314.74,60.09,D
-20.55342,-60.38718,341.2,0.41,0.45,2026-06-05,1804,N21,nominal,2.0NRT,313.18,60.09,D
-20.55006,-60.39199,350.37,0.41,0.45,2026-06-05,1804,N21,nominal,2.0NRT,304.5,14.25,D
-20.55081,-60.39591,338.91,0.41,0.45,2026-06-05,1804,N21,nominal,2.0NRT,304.7,14.25,D
-19.74782,-57.7042,332.59,0.63,0.54,2026-06-05,1804,N21,nominal,2.0NRT,299.69,8.24,D
-19.7441,-57.71127,347.35,0.63,0.54,2026-06-05,1804,N21,nominal,2.0NRT,299.96,14.46,D
-19.17155,-55.18402,345.19,0.47,0.64,2026-06-05,1804,N21,nominal,2.0NRT,299.45,9.76,D
-20.76044,-65.12986,332.8,0.39,0.36,2026-06-05,1804,N21,low,2.0NRT,307.1,6.05,D
-20.75712,-65.13047,332.74,0.39,0.36,2026-06-05,1804,N21,low,2.0NRT,305.89,9.38,D
-19.78094,-60.095,337.12,0.44,0.46,2026-06-05,1804,N21,nominal,2.0NRT,305.63,4.99,D
-18.59126,-58.66116,338.52,0.57,0.52,2026-06-05,1804,N21,nominal,2.0NRT,297.49,13.69,D
-18.53872,-58.59579,341.07,0.58,0.52,2026-06-05,1804,N21,nominal,2.0NRT,300.54,40.24,D
-18.53979,-58.60123,355.02,0.58,0.52,2026-06-05,1804,N21,nominal,2.0NRT,304.36,40.24,D
-18.54085,-58.60665,353.77,0.58,0.52,2026-06-05,1804,N21,nominal,2.0NRT,301.08,44.63,D
-18.38826,-59.06748,341.74,0.55,0.51,2026-06-05,1804,N21,nominal,2.0NRT,297.74,10.23,D
-18.38926,-59.07259,327.12,0.55,0.51,2026-06-05,1804,N21,low,2.0NRT,297.35,4.51,D
-18.38063,-59.05315,367,0.55,0.51,2026-06-05,1804,N21,high,2.0NRT,301.69,16.86,D
-18.37963,-59.04802,336.86,0.55,0.51,2026-06-05,1804,N21,nominal,2.0NRT,288.37,19.4,D
-18.38163,-59.05828,341.06,0.55,0.51,2026-06-05,1804,N21,nominal,2.0NRT,299.66,16.86,D
-18.38263,-59.06339,328.07,0.55,0.51,2026-06-05,1804,N21,low,2.0NRT,298.7,7.58,D
-18.37599,-59.05418,354.54,0.55,0.51,2026-06-05,1804,N21,nominal,2.0NRT,295.5,16.86,D
-18.377,-59.05929,342.48,0.55,0.51,2026-06-05,1804,N21,nominal,2.0NRT,299.88,16.86,D
-18.37799,-59.06441,343.39,0.55,0.51,2026-06-05,1804,N21,nominal,2.0NRT,298.41,7.58,D
-18.37236,-59.06032,367,0.55,0.51,2026-06-05,1804,N21,high,2.0NRT,299.63,26.74,D
-18.37336,-59.06543,367,0.55,0.51,2026-06-05,1804,N21,high,2.0NRT,299.88,18.31,D
-18.37436,-59.07054,353.79,0.55,0.51,2026-06-05,1804,N21,nominal,2.0NRT,299.47,18.31,D
-18.37072,-59.07666,367,0.55,0.51,2026-06-05,1804,N21,high,2.0NRT,300.08,30.7,D
-18.37172,-59.08175,367,0.55,0.51,2026-06-05,1804,N21,high,2.0NRT,298.73,30.7,D
-18.36972,-59.07156,350.21,0.55,0.51,2026-06-05,1804,N21,nominal,2.0NRT,299.11,18.31,D
-18.37271,-59.08683,335.33,0.54,0.51,2026-06-05,1804,N21,nominal,2.0NRT,297.08,13.38,D
-18.36608,-59.07766,367,0.55,0.51,2026-06-05,1804,N21,high,2.0NRT,302.69,40.26,D
-18.36708,-59.08275,367,0.55,0.51,2026-06-05,1804,N21,high,2.0NRT,300.53,40.26,D
-18.36308,-59.06236,346.12,0.55,0.51,2026-06-05,1804,N21,nominal,2.0NRT,299.37,8.48,D
-18.36508,-59.07256,339.89,0.55,0.51,2026-06-05,1804,N21,nominal,2.0NRT,299.54,14.7,D
-18.36808,-59.08785,355.59,0.54,0.51,2026-06-05,1804,N21,nominal,2.0NRT,301.02,24.58,D
-18.36908,-59.09295,338.71,0.54,0.51,2026-06-05,1804,N21,nominal,2.0NRT,297.79,24.58,D
-18.36145,-59.07867,367,0.55,0.51,2026-06-05,1804,N21,high,2.0NRT,302.11,40.26,D
-18.36345,-59.08887,367,0.54,0.51,2026-06-05,1804,N21,high,2.0NRT,304.02,24.58,D
-18.35743,-59.05825,331.4,0.55,0.51,2026-06-05,1804,N21,nominal,2.0NRT,299.55,8.48,D
-18.35844,-59.06337,336.3,0.55,0.51,2026-06-05,1804,N21,nominal,2.0NRT,298.67,8.48,D
-18.36044,-59.07357,348.69,0.55,0.51,2026-06-05,1804,N21,nominal,2.0NRT,300.38,14.7,D
-18.36245,-59.08377,355.57,0.55,0.51,2026-06-05,1804,N21,nominal,2.0NRT,302.76,40.26,D
-18.36445,-59.09397,329.1,0.54,0.51,2026-06-05,1804,N21,nominal,2.0NRT,297.4,24.58,D
-18.35681,-59.07968,367,0.55,0.51,2026-06-05,1804,N21,high,2.0NRT,302.99,29.36,D
-18.35781,-59.08478,367,0.55,0.51,2026-06-05,1804,N21,high,2.0NRT,303.23,29.36,D
-18.35882,-59.08988,367,0.54,0.51,2026-06-05,1804,N21,high,2.0NRT,304.57,40.81,D
-18.35581,-59.07458,340.27,0.55,0.51,2026-06-05,1804,N21,nominal,2.0NRT,300.19,12.99,D
-19.69606,-68.76718,332.66,0.42,0.38,2026-06-05,1804,N21,nominal,2.0NRT,301.73,28.1,D
-19.68976,-68.77258,334.23,0.42,0.38,2026-06-05,1804,N21,nominal,2.0NRT,302.1,4.38,D
-18.10453,-59.58493,344.23,0.51,0.49,2026-06-05,1804,N21,nominal,2.0NRT,301.12,8.83,D
-18.10002,-59.58587,335.21,0.51,0.49,2026-06-05,1804,N21,nominal,2.0NRT,299.64,3.77,D
-18.10329,-59.58354,331.51,0.51,0.5,2026-06-05,1804,N21,nominal,2.0NRT,301.2,8.36,D
-18.10419,-59.58828,331.07,0.51,0.5,2026-06-05,1804,N21,nominal,2.0NRT,299.55,6.42,D
-18.07625,-59.61419,340.61,0.51,0.49,2026-06-05,1804,N21,nominal,2.0NRT,301.4,10.02,D
-19.21333,-66.9364,338.75,0.39,0.36,2026-06-05,1804,N21,nominal,2.0NRT,305.27,3.43,D
-18.32401,-62.07146,330.72,0.54,0.42,2026-06-05,1804,N21,nominal,2.0NRT,299.31,4.69,D
-18.37571,-62.39021,346.31,0.52,0.41,2026-06-05,1804,N21,nominal,2.0NRT,304.84,12.92,D
-18.39979,-63.55785,329.78,0.45,0.39,2026-06-05,1804,N21,nominal,2.0NRT,292.85,9.44,D
-18.14318,-62.37458,331.99,0.52,0.42,2026-06-05,1804,N21,nominal,2.0NRT,300.75,4.16,D
-18.14404,-62.37948,346.33,0.52,0.42,2026-06-05,1804,N21,nominal,2.0NRT,304.02,13.73,D
-17.76047,-60.35023,328.7,0.46,0.47,2026-06-05,1804,N21,nominal,2.0NRT,300.46,1.51,D
-18.14983,-62.65748,337.98,0.5,0.41,2026-06-05,1804,N21,low,2.0NRT,308.24,8.2,D
-18.15274,-62.69603,367,0.5,0.41,2026-06-05,1804,N21,high,2.0NRT,305.57,17.78,D
-18.15191,-62.6913,353.45,0.5,0.41,2026-06-05,1804,N21,nominal,2.0NRT,304.74,14.05,D
-18.14983,-62.70147,345.46,0.5,0.41,2026-06-05,1804,N21,nominal,2.0NRT,300.98,9.8,D
-17.49926,-59.49605,343.47,0.53,0.5,2026-06-05,1804,N21,nominal,2.0NRT,305.36,9.19,D
-17.49468,-59.49705,339.29,0.53,0.5,2026-06-05,1804,N21,nominal,2.0NRT,303.24,15.04,D
-17.49754,-59.51202,332.57,0.53,0.5,2026-06-05,1804,N21,nominal,2.0NRT,301.19,8.4,D
-17.49295,-59.51295,333.45,0.53,0.5,2026-06-05,1804,N21,nominal,2.0NRT,301.33,8.4,D
-17.49487,-59.52298,337.53,0.53,0.5,2026-06-05,1804,N21,nominal,2.0NRT,301.25,12.61,D
-17.49583,-59.528,347.27,0.53,0.5,2026-06-05,1804,N21,nominal,2.0NRT,301.37,12.61,D
-17.49677,-59.53292,352.48,0.53,0.5,2026-06-05,1804,N21,nominal,2.0NRT,302.78,16.59,D
-17.50056,-59.5527,348.31,0.53,0.5,2026-06-05,1804,N21,nominal,2.0NRT,301.87,9.28,D
-17.50151,-59.55769,339.02,0.53,0.5,2026-06-05,1804,N21,nominal,2.0NRT,299.87,9.28,D
-17.48932,-59.5189,337.19,0.53,0.5,2026-06-05,1804,N21,nominal,2.0NRT,303.67,9.57,D
-17.49123,-59.52887,351.55,0.53,0.5,2026-06-05,1804,N21,nominal,2.0NRT,301.47,12.22,D
-17.49218,-59.53381,339.93,0.53,0.5,2026-06-05,1804,N21,nominal,2.0NRT,301.6,17.23,D
-17.49501,-59.54858,337.04,0.53,0.5,2026-06-05,1804,N21,nominal,2.0NRT,301.43,8.88,D
-17.49596,-59.55354,342.71,0.53,0.5,2026-06-05,1804,N21,nominal,2.0NRT,298.49,14,D
-17.49692,-59.55854,342.99,0.53,0.5,2026-06-05,1804,N21,nominal,2.0NRT,299.15,14,D
-17.48664,-59.52975,336.19,0.53,0.5,2026-06-05,1804,N21,nominal,2.0NRT,301.19,12.22,D
-17.49043,-59.5495,341,0.53,0.5,2026-06-05,1804,N21,nominal,2.0NRT,300.4,8.88,D
-17.47155,-59.47616,352.71,0.53,0.5,2026-06-05,1804,N21,nominal,2.0NRT,300.22,237.58,D
-17.48585,-59.55043,338.39,0.53,0.5,2026-06-05,1804,N21,nominal,2.0NRT,299.47,9.64,D
-17.48681,-59.55542,337.57,0.53,0.5,2026-06-05,1804,N21,nominal,2.0NRT,298.93,11.82,D
-17.48775,-59.56035,339.15,0.53,0.5,2026-06-05,1804,N21,nominal,2.0NRT,299.01,11.82,D
-17.46597,-59.47204,342.61,0.54,0.5,2026-06-05,1804,N21,nominal,2.0NRT,300.51,123.12,D
-17.47842,-59.53656,327.74,0.53,0.5,2026-06-05,1804,N21,low,2.0NRT,299.09,6.77,D
-17.46136,-59.47295,345.46,0.54,0.5,2026-06-05,1804,N21,nominal,2.0NRT,296.74,39.66,D
-17.67822,-60.73076,330.07,0.44,0.46,2026-06-05,1804,N21,low,2.0NRT,300.64,3.59,D
-17.67477,-60.73573,338.94,0.44,0.46,2026-06-05,1804,N21,nominal,2.0NRT,306.08,13.7,D
-17.67555,-60.73985,331.17,0.44,0.46,2026-06-05,1804,N21,low,2.0NRT,302.7,9.58,D
-17.67287,-60.74892,333.89,0.44,0.46,2026-06-05,1804,N21,nominal,2.0NRT,303.5,3.44,D
-17.66709,-60.74153,367,0.44,0.46,2026-06-05,1804,N21,high,2.0NRT,307.8,11.22,D
-17.66631,-60.73741,336.77,0.44,0.46,2026-06-05,1804,N21,nominal,2.0NRT,306.58,10.17,D
-17.66786,-60.74565,341.11,0.44,0.46,2026-06-05,1804,N21,nominal,2.0NRT,305.35,11.22,D
-17.66208,-60.73824,353.57,0.44,0.46,2026-06-05,1804,N21,nominal,2.0NRT,309.06,10.17,D
-17.82752,-61.64891,331.33,0.39,0.44,2026-06-05,1804,N21,nominal,2.0NRT,299.14,4.24,D
-17.66267,-60.7376,367,0.44,0.46,2026-06-05,1804,N21,high,2.0NRT,309.84,15.9,D
-17.66342,-60.74172,350.56,0.44,0.46,2026-06-05,1804,N21,nominal,2.0NRT,307.06,10.97,D
-17.9274,-63.36912,330.67,0.47,0.4,2026-06-05,1804,N21,nominal,2.0NRT,296.71,4.26,D
-17.52741,-62.72921,339.17,0.51,0.41,2026-06-05,1804,N21,nominal,2.0NRT,300.61,7.95,D
-17.52824,-62.734,340.56,0.51,0.41,2026-06-05,1804,N21,nominal,2.0NRT,300.27,17.34,D
-17.60156,-63.15767,345.94,0.48,0.4,2026-06-05,1804,N21,nominal,2.0NRT,299.46,8.69,D
-17.52531,-62.73949,350.76,0.51,0.41,2026-06-05,1804,N21,nominal,2.0NRT,303.86,19.23,D
-17.59789,-63.15835,341.46,0.48,0.4,2026-06-05,1804,N21,nominal,2.0NRT,298.85,6.81,D
-17.52238,-62.74496,350.42,0.51,0.41,2026-06-05,1804,N21,nominal,2.0NRT,302.49,14.11,D
-16.60063,-58.23189,367,0.33,0.56,2026-06-05,1804,N21,high,2.0NRT,301.59,6.79,D
-16.60124,-58.23496,339.78,0.33,0.56,2026-06-05,1804,N21,nominal,2.0NRT,300.55,6.79,D
-16.59556,-58.23296,367,0.33,0.56,2026-06-05,1804,N21,high,2.0NRT,304.1,14.68,D
-16.59617,-58.23604,354.48,0.33,0.56,2026-06-05,1804,N21,nominal,2.0NRT,303.51,14.68,D
-17.75716,-65.62712,335.89,0.39,0.37,2026-06-05,1804,N21,nominal,2.0NRT,307.18,3.31,D
-16.69427,-59.82174,327.88,0.52,0.5,2026-06-05,1804,N21,nominal,2.0NRT,296.91,2.2,D
-16.56131,-59.32757,331.83,0.57,0.52,2026-06-05,1804,N21,nominal,2.0NRT,295,5.6,D
-17.28055,-63.25948,335.19,0.48,0.4,2026-06-05,1804,N21,nominal,2.0NRT,300,5.55,D
-17.27688,-63.26017,330.98,0.48,0.4,2026-06-05,1804,N21,nominal,2.0NRT,298.43,5.55,D
-16.54365,-59.28728,336.75,0.57,0.52,2026-06-05,1804,N21,nominal,2.0NRT,298.69,13.46,D
-16.54469,-59.29265,334.81,0.57,0.52,2026-06-05,1804,N21,nominal,2.0NRT,297.89,5.85,D
-16.53994,-59.29356,334.2,0.57,0.52,2026-06-05,1804,N21,nominal,2.0NRT,296.05,5.85,D
-16.51686,-59.27636,344.28,0.57,0.52,2026-06-05,1804,N21,nominal,2.0NRT,300.31,17.77,D
-16.5179,-59.28168,346.79,0.57,0.52,2026-06-05,1804,N21,nominal,2.0NRT,300.18,17.77,D
-16.51315,-59.28262,330.02,0.57,0.52,2026-06-05,1804,N21,nominal,2.0NRT,296.26,4.54,D
-16.51517,-59.34292,330.86,0.57,0.52,2026-06-05,1804,N21,nominal,2.0NRT,296.29,7.53,D
-16.51619,-59.34809,345.48,0.57,0.52,2026-06-05,1804,N21,nominal,2.0NRT,298.81,7.53,D
-16.50944,-59.33875,328.06,0.57,0.52,2026-06-05,1804,N21,nominal,2.0NRT,296.8,4.68,D
-16.51047,-59.34396,327.93,0.57,0.52,2026-06-05,1804,N21,nominal,2.0NRT,296.8,7.53,D
-16.51688,-59.27847,367,0.57,0.52,2026-06-05,1804,N21,high,2.0NRT,301.96,29.52,D
-16.51789,-59.28381,338.67,0.57,0.52,2026-06-05,1804,N21,nominal,2.0NRT,298.2,9.93,D
-16.51175,-59.32942,328.21,0.57,0.52,2026-06-05,1804,N21,nominal,2.0NRT,296.78,4.16,D
-16.51473,-59.3452,346.68,0.57,0.52,2026-06-05,1804,N21,nominal,2.0NRT,297.61,8.92,D
-16.51571,-59.35035,330.19,0.57,0.52,2026-06-05,1804,N21,nominal,2.0NRT,298.05,5.77,D
-16.50903,-59.34103,328.51,0.57,0.52,2026-06-05,1804,N21,nominal,2.0NRT,296.3,8.92,D
-16.49319,-59.28352,328.89,0.57,0.52,2026-06-05,1804,N21,nominal,2.0NRT,296.76,4.19,D
-16.49421,-59.2889,336.02,0.57,0.52,2026-06-05,1804,N21,nominal,2.0NRT,297.74,6.33,D
-16.48541,-59.2686,342.2,0.58,0.52,2026-06-05,1804,N21,nominal,2.0NRT,297.3,11.68,D
-16.50157,-59.3534,337.65,0.57,0.52,2026-06-05,1804,N21,nominal,2.0NRT,298.08,5.88,D
-16.49686,-59.35445,367,0.57,0.52,2026-06-05,1804,N21,high,2.0NRT,299.61,29.83,D
-16.48169,-59.27496,352.76,0.57,0.52,2026-06-05,1804,N21,nominal,2.0NRT,297.72,21.4,D
-16.48271,-59.2803,340.6,0.57,0.52,2026-06-05,1804,N21,nominal,2.0NRT,298.24,11.47,D
-16.49486,-59.34395,338.82,0.57,0.52,2026-06-05,1804,N21,nominal,2.0NRT,297.72,19.56,D
-16.49586,-59.34921,344.31,0.57,0.52,2026-06-05,1804,N21,nominal,2.0NRT,300.12,19.56,D
-16.48612,-59.32394,330.47,0.57,0.52,2026-06-05,1804,N21,nominal,2.0NRT,297.87,4.53,D
-16.48714,-59.32928,334.68,0.57,0.52,2026-06-05,1804,N21,nominal,2.0NRT,298.57,4.53,D
-16.48273,-59.35752,367,0.57,0.52,2026-06-05,1804,N21,high,2.0NRT,301.22,26.8,D
-16.48173,-59.35232,340.17,0.57,0.52,2026-06-05,1804,N21,nominal,2.0NRT,300.46,13.55,D
-16.42718,-59.5609,340.13,0.55,0.51,2026-06-05,1804,N21,nominal,2.0NRT,297.12,12.85,D
-16.41866,-59.54156,336.93,0.55,0.51,2026-06-05,1804,N21,nominal,2.0NRT,297.09,13.25,D
-16.41964,-59.54669,346.04,0.55,0.51,2026-06-05,1804,N21,nominal,2.0NRT,299.16,13.25,D
-16.41401,-59.5426,347.51,0.55,0.51,2026-06-05,1804,N21,nominal,2.0NRT,297.76,15.04,D
-16.41497,-59.54768,339.08,0.55,0.51,2026-06-05,1804,N21,nominal,2.0NRT,297.72,15.04,D
-16.41906,-59.59457,335.95,0.55,0.51,2026-06-05,1804,N21,nominal,2.0NRT,297.91,4.95,D
-16.14837,-58.49125,367,0.33,0.55,2026-06-05,1804,N21,high,2.0NRT,302.98,30.76,D
-16.14899,-58.49433,351.19,0.33,0.55,2026-06-05,1804,N21,nominal,2.0NRT,301.14,19.13,D
-16.35433,-59.56044,339.21,0.55,0.51,2026-06-05,1804,N21,nominal,2.0NRT,298.93,5.8,D
-16.55762,-60.66855,348.08,0.47,0.47,2026-06-05,1804,N21,nominal,2.0NRT,300.64,19.18,D
-16.5533,-60.66945,341.43,0.47,0.47,2026-06-05,1804,N21,nominal,2.0NRT,302.42,6.75,D
-16.35733,-59.56132,342.47,0.55,0.51,2026-06-05,1804,N21,nominal,2.0NRT,299.12,9.34,D
-16.55622,-60.66689,339.17,0.47,0.47,2026-06-05,1804,N21,nominal,2.0NRT,299.27,12.77,D
-16.55701,-60.67126,346.02,0.47,0.47,2026-06-05,1804,N21,nominal,2.0NRT,303.74,12.77,D
-16.14459,-58.49257,350.19,0.33,0.55,2026-06-05,1804,N21,nominal,2.0NRT,302.95,7.7,D
-16.56355,-60.8299,331.3,0.46,0.47,2026-06-05,1804,N21,nominal,2.0NRT,295.65,3.4,D
-17.40874,-65.91748,331.32,0.39,0.36,2026-06-05,1804,N21,nominal,2.0NRT,300.67,6.89,D
-15.6863,-56.62122,341.95,0.44,0.63,2026-06-05,1804,N21,nominal,2.0NRT,297.38,4.93,D
-16.88014,-62.9029,330.18,0.51,0.41,2026-06-05,1804,N21,low,2.0NRT,301.42,2.72,D
-16.43964,-60.6252,337.02,0.47,0.48,2026-06-05,1804,N21,nominal,2.0NRT,297.66,4.71,D
-16.73104,-62.31092,331.44,0.55,0.43,2026-06-05,1804,N21,nominal,2.0NRT,302.4,5.5,D
-16.17259,-59.34085,333.34,0.58,0.52,2026-06-05,1804,N21,nominal,2.0NRT,298.13,9.17,D
-16.46623,-60.99121,331.65,0.45,0.47,2026-06-05,1804,N21,nominal,2.0NRT,296.87,4.67,D
-16.46697,-60.99531,330.05,0.45,0.47,2026-06-05,1804,N21,nominal,2.0NRT,297.29,4.67,D
-16.47941,-61.25383,340.7,0.43,0.46,2026-06-05,1804,N21,nominal,2.0NRT,297.55,4.76,D
-16.48162,-61.26586,348.2,0.43,0.46,2026-06-05,1804,N21,nominal,2.0NRT,299.77,10.94,D
-16.63431,-62.26667,340.62,0.56,0.43,2026-06-05,1804,N21,nominal,2.0NRT,303.5,27.39,D
-16.63039,-62.26738,339,0.56,0.43,2026-06-05,1804,N21,nominal,2.0NRT,304.73,37.1,D
-16.63428,-62.26416,331.83,0.56,0.43,2026-06-05,1804,N21,low,2.0NRT,301.92,27.4,D
-16.63036,-62.2649,337.06,0.56,0.43,2026-06-05,1804,N21,nominal,2.0NRT,305.53,27.4,D
-16.4654,-61.56408,332.52,0.41,0.45,2026-06-05,1804,N21,nominal,2.0NRT,297.02,3.23,D
-16.46199,-61.56873,333.11,0.41,0.45,2026-06-05,1804,N21,nominal,2.0NRT,295.61,3.65,D
-16.2395,-60.37622,344.79,0.49,0.49,2026-06-05,1804,N21,nominal,2.0NRT,300.28,13.19,D
-16.82886,-63.98042,329.38,0.45,0.39,2026-06-05,1804,N21,nominal,2.0NRT,289.07,3.25,D
-16.75201,-63.86552,337.17,0.46,0.39,2026-06-05,1804,N21,nominal,2.0NRT,301.2,4.89,D
-16.09773,-60.34932,339.72,0.5,0.49,2026-06-05,1804,N21,nominal,2.0NRT,301.2,7.98,D
-16.6903,-63.69839,339.9,0.47,0.4,2026-06-05,1804,N21,nominal,2.0NRT,299.91,5.78,D
-16.67869,-63.69602,342.9,0.47,0.4,2026-06-05,1804,N21,nominal,2.0NRT,302.08,15.32,D
-16.67507,-63.69669,334.08,0.47,0.4,2026-06-05,1804,N21,nominal,2.0NRT,297.61,15.32,D
-16.08216,-60.43782,347.25,0.49,0.49,2026-06-05,1804,N21,nominal,2.0NRT,300.99,13.58,D
-16.06022,-60.37103,330.32,0.5,0.49,2026-06-05,1804,N21,nominal,2.0NRT,300.71,13.05,D
-16.0611,-60.37562,355.72,0.5,0.49,2026-06-05,1804,N21,nominal,2.0NRT,303.58,13.05,D
-16.07886,-60.43683,341.96,0.49,0.49,2026-06-05,1804,N21,nominal,2.0NRT,301.23,9.72,D
-16.07969,-60.44139,340.33,0.49,0.49,2026-06-05,1804,N21,nominal,2.0NRT,300.67,7.23,D
-16.06269,-60.37357,337.72,0.5,0.49,2026-06-05,1804,N21,nominal,2.0NRT,300.67,10.2,D
-16.05824,-60.37446,349.55,0.5,0.49,2026-06-05,1804,N21,nominal,2.0NRT,302.13,10.2,D
-16.05908,-60.37906,331.54,0.5,0.49,2026-06-05,1804,N21,nominal,2.0NRT,300.73,10.18,D
-16.18294,-61.13379,327.32,0.44,0.46,2026-06-05,1804,N21,low,2.0NRT,298.38,5.48,D
-16.04382,-60.39647,367,0.5,0.49,2026-06-05,1804,N21,high,2.0NRT,305.02,17.03,D
-16.04297,-60.39187,334.65,0.5,0.49,2026-06-05,1804,N21,nominal,2.0NRT,301.01,17.03,D
-16.04467,-60.40106,339.98,0.49,0.49,2026-06-05,1804,N21,nominal,2.0NRT,301.98,10.94,D
-16.17796,-61.1305,332.37,0.44,0.46,2026-06-05,1804,N21,nominal,2.0NRT,300.02,5.48,D
-16.65406,-63.90879,339.63,0.46,0.39,2026-06-05,1804,N21,nominal,2.0NRT,301.37,7.82,D
-16.65478,-63.91308,330.2,0.46,0.39,2026-06-05,1804,N21,nominal,2.0NRT,298.69,3.43,D
-16.16974,-61.15764,336.16,0.44,0.46,2026-06-05,1804,N21,nominal,2.0NRT,299.85,8.94,D
-16.63106,-63.85998,330.17,0.46,0.39,2026-06-05,1804,N21,nominal,2.0NRT,297.21,6.08,D
-16.15133,-61.15276,328.02,0.44,0.46,2026-06-05,1804,N21,nominal,2.0NRT,297.72,4.82,D
-16.4814,-63.31626,334.09,0.49,0.4,2026-06-05,1804,N21,nominal,2.0NRT,300.29,7.67,D
-16.48286,-63.31482,334.81,0.49,0.4,2026-06-05,1804,N21,nominal,2.0NRT,298.77,5.36,D
-16.46668,-63.33202,336.36,0.49,0.4,2026-06-05,1804,N21,nominal,2.0NRT,300.02,14.87,D
-16.46299,-63.33272,330.94,0.49,0.4,2026-06-05,1804,N21,nominal,2.0NRT,297.76,14.87,D
-16.45481,-63.32952,332.47,0.49,0.4,2026-06-05,1804,N21,nominal,2.0NRT,299.96,9.62,D
-15.38799,-57.59692,367,0.39,0.59,2026-06-05,1804,N21,high,2.0NRT,301.93,16.76,D
-15.38188,-57.59448,339.04,0.39,0.59,2026-06-05,1804,N21,nominal,2.0NRT,301.84,6.19,D
-15.38261,-57.59813,343.36,0.39,0.59,2026-06-05,1804,N21,nominal,2.0NRT,301.33,6.19,D
-16.32043,-62.66237,333.98,0.54,0.42,2026-06-05,1804,N21,nominal,2.0NRT,299.87,5.9,D
-15.91774,-60.47784,333.09,0.49,0.49,2026-06-05,1804,N21,nominal,2.0NRT,300.87,4.64,D
-16.42084,-63.4203,333.12,0.49,0.4,2026-06-05,1804,N21,nominal,2.0NRT,301.24,4.5,D
-16.41347,-63.42166,329.15,0.49,0.4,2026-06-05,1804,N21,nominal,2.0NRT,297.99,2.03,D
-14.31736,-53.37851,343.64,0.77,0.77,2026-06-05,1804,N21,nominal,2.0NRT,296.67,17.05,D
-16.05315,-62.17146,338.84,0.38,0.44,2026-06-05,1804,N21,nominal,2.0NRT,302.23,15.75,D
-16.05377,-62.17503,328.36,0.38,0.44,2026-06-05,1804,N21,nominal,2.0NRT,302.11,12.8,D
-16.3663,-64.03259,330.37,0.46,0.39,2026-06-05,1804,N21,nominal,2.0NRT,297.95,1.57,D
-14.32013,-53.37715,352.07,0.77,0.77,2026-06-05,1804,N21,nominal,2.0NRT,297.9,14.7,D
-16.16101,-62.95432,327.68,0.52,0.41,2026-06-05,1804,N21,low,2.0NRT,298.42,20.62,D
-15.97549,-61.91899,354.27,0.4,0.44,2026-06-05,1804,N21,nominal,2.0NRT,306.7,21.04,D
-16.1572,-62.9549,328.27,0.52,0.41,2026-06-05,1804,N21,low,2.0NRT,302.85,20.62,D
-15.97144,-61.91972,354.67,0.4,0.44,2026-06-05,1804,N21,nominal,2.0NRT,305.29,19.09,D
-16.37069,-64.23544,329.93,0.45,0.39,2026-06-05,1804,N21,nominal,2.0NRT,296.78,2.45,D
-15.948,-61.83555,330.8,0.4,0.45,2026-06-05,1804,N21,low,2.0NRT,302.15,5.87,D
-16.12805,-63.28451,367,0.5,0.41,2026-06-05,1804,N21,high,2.0NRT,301.35,20.91,D
-15.61363,-60.50002,335.29,0.5,0.49,2026-06-05,1804,N21,nominal,2.0NRT,299.89,3.64,D
-15.60961,-60.55302,340.02,0.49,0.49,2026-06-05,1804,N21,nominal,2.0NRT,301.76,10.33,D
-15.61045,-60.55756,345.18,0.49,0.49,2026-06-05,1804,N21,nominal,2.0NRT,301.22,8.03,D
-15.61129,-60.56207,331.8,0.49,0.49,2026-06-05,1804,N21,nominal,2.0NRT,299.56,8.03,D
-15.72528,-61.18216,338.35,0.45,0.47,2026-06-05,1804,N21,nominal,2.0NRT,297.88,8.77,D
-15.72105,-61.18309,331.85,0.45,0.47,2026-06-05,1804,N21,nominal,2.0NRT,296.4,3.46,D
-15.59218,-60.50884,331.41,0.5,0.49,2026-06-05,1804,N21,low,2.0NRT,301.77,6.7,D
-16.10998,-63.42544,346.67,0.49,0.4,2026-06-05,1804,N21,nominal,2.0NRT,302.42,10.5,D
-16.10707,-63.43068,342.82,0.49,0.4,2026-06-05,1804,N21,nominal,2.0NRT,305.13,10.5,D
-16.72923,-67.35189,333.58,0.38,0.36,2026-06-05,1804,N21,nominal,2.0NRT,296.91,7.88,D
-15.55941,-60.48199,341.19,0.5,0.49,2026-06-05,1804,N21,nominal,2.0NRT,301.19,9.85,D
-16.06981,-63.47969,329.24,0.49,0.4,2026-06-05,1804,N21,nominal,2.0NRT,298.91,6.84,D
-16.67842,-67.21713,329.41,0.38,0.36,2026-06-05,1804,N21,nominal,2.0NRT,293.47,2.22,D
-16.07159,-63.48243,335.01,0.49,0.4,2026-06-05,1804,N21,nominal,2.0NRT,300.54,5.5,D
-15.60411,-60.96876,332.37,0.46,0.47,2026-06-05,1804,N21,nominal,2.0NRT,298.45,4.47,D
-15.63871,-61.2331,339.9,0.45,0.47,2026-06-05,1804,N21,nominal,2.0NRT,299.44,10.89,D
-15.63945,-61.2372,334.54,0.44,0.46,2026-06-05,1804,N21,nominal,2.0NRT,297.63,10.89,D
-15.58605,-60.96793,343.5,0.46,0.47,2026-06-05,1804,N21,nominal,2.0NRT,299.95,7.26,D
-15.58684,-60.97224,330.35,0.46,0.47,2026-06-05,1804,N21,nominal,2.0NRT,299.86,6.31,D
-15.96103,-63.26079,327.43,0.5,0.41,2026-06-05,1804,N21,low,2.0NRT,301.84,2.49,D
-15.40952,-60.41384,329.51,0.51,0.49,2026-06-05,1804,N21,low,2.0NRT,300.35,7.46,D
-16.03484,-63.88713,336.7,0.47,0.4,2026-06-05,1804,N21,nominal,2.0NRT,300.48,6.43,D
-16.03382,-63.88573,334.05,0.47,0.4,2026-06-05,1804,N21,nominal,2.0NRT,301.85,7.03,D
-15.41293,-60.41559,331.95,0.51,0.49,2026-06-05,1804,N21,nominal,2.0NRT,299.34,4.93,D
-15.98162,-63.84135,331.4,0.47,0.4,2026-06-05,1804,N21,nominal,2.0NRT,297.57,4.16,D
-15.81753,-63.51606,329.16,0.49,0.4,2026-06-05,1804,N21,nominal,2.0NRT,300.48,5.03,D
-16.32852,-67.55476,329.65,0.39,0.36,2026-06-05,1804,N21,nominal,2.0NRT,296.92,4.62,D
-14.70572,-58.65816,334.25,0.34,0.56,2026-06-05,1804,N21,nominal,2.0NRT,298.07,3.07,D
-15.50317,-63.02188,333.06,0.53,0.42,2026-06-05,1804,N21,nominal,2.0NRT,298.56,6.57,D
-14.61629,-58.7025,333,0.34,0.56,2026-06-05,1804,N21,nominal,2.0NRT,291.59,5.29,D
-14.61059,-58.70042,334.14,0.34,0.56,2026-06-05,1804,N21,nominal,2.0NRT,288.55,2.74,D
-14.59814,-58.85334,329.22,0.33,0.55,2026-06-05,1804,N21,nominal,2.0NRT,290.58,2.9,D
-15.53545,-63.97957,336.8,0.47,0.4,2026-06-05,1804,N21,nominal,2.0NRT,301.07,6.06,D
-14.58843,-58.88404,338.35,0.33,0.55,2026-06-05,1804,N21,nominal,2.0NRT,293.81,4.73,D
-14.59018,-58.88637,331.31,0.33,0.55,2026-06-05,1804,N21,nominal,2.0NRT,291.89,6.39,D
-14.46744,-58.55,341.2,0.35,0.57,2026-06-05,1804,N21,nominal,2.0NRT,291.98,3.9,D
-14.21577,-57.41975,367,0.42,0.61,2026-06-05,1804,N21,high,2.0NRT,303.91,64.75,D
-14.21655,-57.42364,339.27,0.42,0.61,2026-06-05,1804,N21,nominal,2.0NRT,313.52,44.58,D
-14.21734,-57.42756,344.31,0.42,0.61,2026-06-05,1804,N21,nominal,2.0NRT,296.57,44.58,D
-14.21102,-57.42497,336.32,0.42,0.61,2026-06-05,1804,N21,nominal,2.0NRT,302.27,44.58,D
-14.42566,-58.52879,367,0.35,0.57,2026-06-05,1804,N21,high,2.0NRT,294.82,24.39,D
-14.31643,-58.38774,367,0.36,0.57,2026-06-05,1804,N21,high,2.0NRT,294.36,14.65,D
-14.38722,-58.80548,367,0.34,0.56,2026-06-05,1804,N21,high,2.0NRT,297.27,13.34,D
-14.38968,-58.81813,354.79,0.34,0.56,2026-06-05,1804,N21,nominal,2.0NRT,296.84,11.24,D
-14.27387,-58.42006,336.95,0.36,0.57,2026-06-05,1806,N21,nominal,2.0NRT,288.33,33.8,D
-14.26863,-58.42105,367,0.36,0.57,2026-06-05,1806,N21,high,2.0NRT,301.88,33.8,D
-15.26436,-63.84455,340.61,0.48,0.4,2026-06-05,1806,N21,nominal,2.0NRT,302.14,5.56,D
-15.26456,-63.84345,342.06,0.48,0.4,2026-06-05,1806,N21,nominal,2.0NRT,302.88,7.57,D
-14.27294,-58.41525,332.31,0.36,0.57,2026-06-05,1806,N21,nominal,2.0NRT,295.21,29.07,D
-14.26894,-58.42275,367,0.36,0.57,2026-06-05,1806,N21,high,2.0NRT,310.96,62.23,D
-14.26583,-58.40652,329.86,0.36,0.57,2026-06-05,1806,N21,nominal,2.0NRT,294.77,2.82,D
-14.26308,-58.42051,351,0.36,0.57,2026-06-05,1806,N21,nominal,2.0NRT,298.24,10.88,D
-14.26371,-58.42376,344.4,0.36,0.57,2026-06-05,1806,N21,nominal,2.0NRT,295.48,8.23,D
-15.23242,-63.87669,343.76,0.48,0.4,2026-06-05,1806,N21,nominal,2.0NRT,304.89,6.46,D
-14.30039,-58.75429,327.89,0.34,0.56,2026-06-05,1806,N21,nominal,2.0NRT,286.91,3.79,D
-14.30099,-58.75743,330.45,0.34,0.56,2026-06-05,1806,N21,nominal,2.0NRT,292.95,4.63,D
-14.2953,-58.75545,355.58,0.34,0.56,2026-06-05,1806,N21,low,2.0NRT,305.13,90.44,D
-14.29591,-58.75861,308.55,0.34,0.56,2026-06-05,1806,N21,low,2.0NRT,320.52,81.77,D
-14.29651,-58.76175,207.38,0.34,0.56,2026-06-05,1806,N21,low,2.0NRT,317.13,81.77,D
-14.29142,-58.76284,351.35,0.34,0.56,2026-06-05,1806,N21,nominal,2.0NRT,297.25,81.77,D
-14.22315,-58.43868,355.47,0.36,0.57,2026-06-05,1806,N21,low,2.0NRT,294.13,9.36,D
-14.21793,-58.43978,355.24,0.36,0.57,2026-06-05,1806,N21,nominal,2.0NRT,295.83,9.36,D
-14.28391,-58.80626,340.59,0.34,0.56,2026-06-05,1806,N21,nominal,2.0NRT,295.74,17.59,D
-14.28452,-58.80938,342.8,0.34,0.56,2026-06-05,1806,N21,nominal,2.0NRT,299.55,17.59,D
-14.28003,-58.81351,367,0.34,0.56,2026-06-05,1806,N21,high,2.0NRT,300.85,21.58,D
-14.28125,-58.8198,367,0.34,0.56,2026-06-05,1806,N21,high,2.0NRT,298.72,17.91,D
-14.27942,-58.81038,350.34,0.34,0.56,2026-06-05,1806,N21,nominal,2.0NRT,304.62,17.59,D
-14.28064,-58.81665,352.92,0.34,0.56,2026-06-05,1806,N21,nominal,2.0NRT,297.39,21.58,D
-14.28186,-58.82293,352.53,0.34,0.56,2026-06-05,1806,N21,nominal,2.0NRT,298.99,17.91,D
-14.28247,-58.82608,352.64,0.34,0.56,2026-06-05,1806,N21,nominal,2.0NRT,296.6,11.92,D
-14.28368,-58.83232,328.95,0.34,0.56,2026-06-05,1806,N21,nominal,2.0NRT,294.36,2.28,D
-15.19446,-63.89722,344.11,0.48,0.4,2026-06-05,1806,N21,nominal,2.0NRT,302.59,4.69,D
-15.17418,-63.9327,349.21,0.48,0.4,2026-06-05,1806,N21,nominal,2.0NRT,307.35,16.68,D
-15.17414,-63.93148,346.11,0.48,0.4,2026-06-05,1806,N21,nominal,2.0NRT,307.21,15.68,D
-15.14488,-63.89124,345.96,0.48,0.4,2026-06-05,1806,N21,nominal,2.0NRT,303.63,8.9,D
-15.14931,-63.91779,336.24,0.48,0.4,2026-06-05,1806,N21,nominal,2.0NRT,303.25,2.04,D
-15.41866,-65.59049,340.43,0.41,0.37,2026-06-05,1806,N21,nominal,2.0NRT,300,7.86,D
-14.21986,-58.9273,350.07,0.33,0.56,2026-06-05,1806,N21,nominal,2.0NRT,292.32,21.06,D
-14.21481,-58.92839,367,0.33,0.56,2026-06-05,1806,N21,high,2.0NRT,295.36,21.06,D
-14.21541,-58.9315,332.38,0.33,0.56,2026-06-05,1806,N21,nominal,2.0NRT,300.54,36.33,D
-14.20708,-58.94283,367,0.33,0.56,2026-06-05,1806,N21,high,2.0NRT,301.6,12.06,D
-14.20649,-58.93977,339.18,0.33,0.56,2026-06-05,1806,N21,nominal,2.0NRT,299.04,12.06,D
-14.20767,-58.94588,329.4,0.33,0.56,2026-06-05,1806,N21,nominal,2.0NRT,297.13,9.3,D
-14.20143,-58.94078,367,0.33,0.56,2026-06-05,1806,N21,high,2.0NRT,302.85,21.41,D
-14.20084,-58.93772,336.49,0.33,0.56,2026-06-05,1806,N21,nominal,2.0NRT,292.55,12.46,D
-15.08229,-64.1703,338.31,0.47,0.39,2026-06-05,1806,N21,nominal,2.0NRT,300.21,6.11,D
-15.18368,-64.85349,341.76,0.43,0.38,2026-06-05,1806,N21,nominal,2.0NRT,300.03,7.28,D
-15.18433,-64.85751,337,0.43,0.38,2026-06-05,1806,N21,nominal,2.0NRT,300.31,7.28,D
-15.18084,-64.85812,349.15,0.43,0.38,2026-06-05,1806,N21,nominal,2.0NRT,301.66,10.67,D
-15.21058,-65.25909,338.5,0.42,0.38,2026-06-05,1806,N21,nominal,2.0NRT,298.66,9.34,D
-13.60318,-56.59882,344.58,0.49,0.65,2026-06-05,1806,N21,nominal,2.0NRT,298.78,5.68,D
-13.60028,-56.5991,332.38,0.49,0.65,2026-06-05,1806,N21,nominal,2.0NRT,296.51,5.93,D
-13.50141,-56.56908,353.86,0.49,0.65,2026-06-05,1806,N21,nominal,2.0NRT,297.51,13.01,D
-13.49453,-56.56577,329.45,0.49,0.65,2026-06-05,1806,N21,nominal,2.0NRT,297.63,16.53,D
-13.49549,-56.57045,351.06,0.49,0.65,2026-06-05,1806,N21,nominal,2.0NRT,299.85,13.01,D
-14.8765,-63.92719,327.83,0.48,0.4,2026-06-05,1806,N21,low,2.0NRT,300.92,4.88,D
-15.43572,-67.46751,327.64,0.38,0.36,2026-06-05,1806,N21,nominal,2.0NRT,289.72,2.86,D
-14.88077,-65.28301,352.53,0.42,0.38,2026-06-05,1806,N21,nominal,2.0NRT,299.35,16.8,D
-14.88141,-65.2869,330.95,0.42,0.38,2026-06-05,1806,N21,nominal,2.0NRT,297.22,7.15,D
-15.57579,-70.09946,336.97,0.44,0.38,2026-06-05,1806,N21,nominal,2.0NRT,304.07,2.94,D
-14.65706,-64.27708,335.49,0.47,0.39,2026-06-05,1806,N21,nominal,2.0NRT,302.61,5.58,D
-15.22322,-68.22387,329.09,0.39,0.36,2026-06-05,1806,N21,nominal,2.0NRT,293.57,2.54,D
-12.53081,-54.73281,332.34,0.68,0.74,2026-06-05,1806,N21,nominal,2.0NRT,297.58,11.6,D
-12.53215,-54.73909,341.97,0.68,0.74,2026-06-05,1806,N21,nominal,2.0NRT,296.59,15.7,D
-12.52927,-54.73558,346.46,0.68,0.74,2026-06-05,1806,N21,nominal,2.0NRT,298.13,18.11,D
-12.53057,-54.74185,334.46,0.68,0.74,2026-06-05,1806,N21,nominal,2.0NRT,295.32,18.11,D
-12.52258,-54.73723,367,0.68,0.74,2026-06-05,1806,N21,high,2.0NRT,294.6,18.11,D
-13.65138,-60.63413,327.92,0.53,0.5,2026-06-05,1806,N21,low,2.0NRT,298.16,4.04,D
-14.04381,-63.86358,334.18,0.5,0.41,2026-06-05,1806,N21,nominal,2.0NRT,301.92,6.71,D
-14.04457,-63.86814,331.39,0.5,0.41,2026-06-05,1806,N21,nominal,2.0NRT,300.35,3.19,D
-14.08227,-64.29673,335.63,0.47,0.4,2026-06-05,1806,N21,nominal,2.0NRT,304.14,7.04,D
-14.13487,-64.61236,332.43,0.46,0.39,2026-06-05,1806,N21,nominal,2.0NRT,301.85,6.58,D
-14.1591,-64.84687,367,0.44,0.39,2026-06-05,1806,N21,high,2.0NRT,304.82,21.8,D
-14.15557,-64.84748,336.45,0.44,0.39,2026-06-05,1806,N21,nominal,2.0NRT,302.17,7.06,D
-14.15625,-64.85157,348.44,0.44,0.39,2026-06-05,1806,N21,nominal,2.0NRT,305.58,15.34,D
-14.15067,-64.8399,335.98,0.44,0.39,2026-06-05,1806,N21,nominal,2.0NRT,301.95,6.81,D
-14.15135,-64.844,341.27,0.44,0.39,2026-06-05,1806,N21,nominal,2.0NRT,302.96,7.06,D
-14.13105,-64.80952,339.89,0.45,0.39,2026-06-05,1806,N21,nominal,2.0NRT,301.57,4.75,D
-14.06577,-64.65364,339.95,0.45,0.39,2026-06-05,1806,N21,nominal,2.0NRT,303.64,9.27,D
-13.88493,-63.70456,347.26,0.51,0.41,2026-06-05,1806,N21,nominal,2.0NRT,296.98,21.18,D
-13.73181,-62.83487,343.22,0.57,0.43,2026-06-05,1806,N21,nominal,2.0NRT,294.76,5.61,D
-13.88117,-63.70523,335.09,0.51,0.41,2026-06-05,1806,N21,nominal,2.0NRT,300.21,21.18,D
-12.1465,-54.65148,330.94,0.7,0.75,2026-06-05,1806,N21,nominal,2.0NRT,293.25,6.74,D
-13.55358,-61.96742,330.72,0.43,0.46,2026-06-05,1806,N21,nominal,2.0NRT,300.55,4.38,D
-12.53831,-57.21934,346.54,0.47,0.64,2026-06-05,1806,N21,nominal,2.0NRT,301,5.28,D
-12.53858,-57.21706,340.08,0.47,0.64,2026-06-05,1806,N21,nominal,2.0NRT,300.84,5.82,D
-13.6099,-63.75738,341.95,0.51,0.41,2026-06-05,1806,N21,nominal,2.0NRT,298.41,6.81,D
-13.60614,-63.75806,353.52,0.51,0.41,2026-06-05,1806,N21,nominal,2.0NRT,300.43,19.73,D
-13.88994,-65.80172,333.39,0.41,0.37,2026-06-05,1806,N21,nominal,2.0NRT,301.36,2.29,D
-13.87241,-65.97536,340.81,0.41,0.37,2026-06-05,1806,N21,nominal,2.0NRT,299.23,5.43,D
-13.87177,-65.97591,332.38,0.41,0.37,2026-06-05,1806,N21,nominal,2.0NRT,298.65,2.54,D
-13.4386,-63.50175,332.71,0.53,0.42,2026-06-05,1806,N21,nominal,2.0NRT,299.06,6.72,D
-13.43641,-63.51215,327.92,0.53,0.42,2026-06-05,1806,N21,nominal,2.0NRT,297.54,1.86,D
-13.43094,-63.50312,333.08,0.53,0.42,2026-06-05,1806,N21,nominal,2.0NRT,300.46,6.69,D
-13.43259,-63.51284,339.6,0.53,0.42,2026-06-05,1806,N21,nominal,2.0NRT,297.83,5.72,D
-12.36211,-57.73034,354.11,0.43,0.62,2026-06-05,1806,N21,nominal,2.0NRT,303.37,10.76,D
-12.23096,-57.27569,328.05,0.47,0.64,2026-06-05,1806,N21,low,2.0NRT,301.97,8.66,D
-12.44267,-58.40971,336.95,0.39,0.59,2026-06-05,1806,N21,nominal,2.0NRT,301.23,7.41,D
-12.44336,-58.41323,336.28,0.39,0.59,2026-06-05,1806,N21,nominal,2.0NRT,301.95,7.41,D
-12.4415,-58.41219,336.93,0.39,0.59,2026-06-05,1806,N21,nominal,2.0NRT,301.32,7.91,D
-12.4467,-58.46971,335.37,0.39,0.59,2026-06-05,1806,N21,nominal,2.0NRT,304.04,7.22,D
-12.44404,-58.4853,338.1,0.39,0.59,2026-06-05,1806,N21,nominal,2.0NRT,303.52,6.56,D
-12.43799,-58.48282,331.16,0.39,0.59,2026-06-05,1806,N21,low,2.0NRT,303.15,6.56,D
-13.69594,-65.81837,330.58,0.41,0.37,2026-06-05,1806,N21,low,2.0NRT,300.68,3.2,D
-13.32808,-63.60796,332.16,0.52,0.42,2026-06-05,1806,N21,nominal,2.0NRT,299.6,5.28,D
-13.3289,-63.61276,329.37,0.52,0.42,2026-06-05,1806,N21,nominal,2.0NRT,298.47,5.28,D
-13.33052,-63.62236,332.17,0.52,0.42,2026-06-05,1806,N21,nominal,2.0NRT,300.11,12.37,D
-13.68115,-65.76997,333.52,0.42,0.37,2026-06-05,1806,N21,nominal,2.0NRT,300.59,4.94,D
-13.68299,-65.78142,331.55,0.41,0.37,2026-06-05,1806,N21,nominal,2.0NRT,300.51,1.96,D
-13.31883,-63.59972,335.21,0.52,0.42,2026-06-05,1806,N21,nominal,2.0NRT,299.54,4.77,D
-13.31965,-63.60453,332.33,0.52,0.42,2026-06-05,1806,N21,nominal,2.0NRT,299.6,4.77,D
-13.66991,-65.78755,345.61,0.41,0.37,2026-06-05,1806,N21,nominal,2.0NRT,302.99,9.92,D
-11.5737,-54.58385,329.51,0.73,0.76,2026-06-05,1806,N21,nominal,2.0NRT,291.61,18.41,D
-11.57334,-54.57952,339.43,0.73,0.76,2026-06-05,1806,N21,nominal,2.0NRT,293.7,21.37,D
-11.57463,-54.58586,326.88,0.73,0.76,2026-06-05,1806,N21,nominal,2.0NRT,291.07,13.93,D
-13.40354,-64.57592,338.4,0.47,0.39,2026-06-05,1806,N21,nominal,2.0NRT,299.79,6.32,D
-13.40425,-64.5802,339.26,0.47,0.39,2026-06-05,1806,N21,nominal,2.0NRT,300.43,5.35,D
-13.38768,-64.56989,335.88,0.47,0.39,2026-06-05,1806,N21,nominal,2.0NRT,303.26,5.95,D
-13.38477,-64.57479,346.85,0.47,0.39,2026-06-05,1806,N21,nominal,2.0NRT,301.99,7.14,D
-11.63833,-55.17801,367,0.66,0.73,2026-06-05,1806,N21,high,2.0NRT,296.97,43.67,D
-13.51051,-65.49732,341.54,0.43,0.38,2026-06-05,1806,N21,nominal,2.0NRT,303.84,3.97,D
-11.90943,-57.04085,336.09,0.49,0.65,2026-06-05,1806,N21,nominal,2.0NRT,299.08,13.58,D
-13.56628,-66.54705,341.65,0.4,0.37,2026-06-05,1806,N21,nominal,2.0NRT,296.96,5.21,D
-13.53809,-66.64478,335.94,0.39,0.37,2026-06-05,1806,N21,nominal,2.0NRT,299.81,3.19,D
-13.1565,-64.42034,344.53,0.48,0.4,2026-06-05,1806,N21,nominal,2.0NRT,298.8,9.2,D
-13.15285,-64.42098,336.27,0.48,0.4,2026-06-05,1806,N21,nominal,2.0NRT,300.52,9.2,D
-12.97013,-64.02213,337.08,0.5,0.41,2026-06-05,1806,N21,nominal,2.0NRT,294.85,11.8,D
-12.96639,-64.02279,349.04,0.5,0.41,2026-06-05,1806,N21,nominal,2.0NRT,292.64,6.95,D
-11.51116,-56.11604,334.59,0.58,0.7,2026-06-05,1806,N21,nominal,2.0NRT,296.51,17.78,D
-11.51433,-56.13197,333.8,0.58,0.69,2026-06-05,1806,N21,nominal,2.0NRT,297.07,13.7,D
