latitude,longitude,bright_ti4,scan,track,acq_date,acq_time,satellite,confidence,version,bright_ti5,frp,daynight
-6.39893,-44.84009,317.62,0.47,0.39,2026-06-04,0442,N,nominal,2.0NRT,286.95,1.91,N
-6.98552,-42.88805,338.16,0.41,0.45,2026-06-04,0442,N,nominal,2.0NRT,290.43,3.38,N
-6.98607,-42.88434,306.13,0.41,0.45,2026-06-04,0442,N,nominal,2.0NRT,288.54,3.38,N
-6.98965,-42.88865,325.91,0.41,0.45,2026-06-04,0442,N,nominal,2.0NRT,289.43,2.93,N
-6.99021,-42.88493,321.31,0.41,0.45,2026-06-04,0442,N,nominal,2.0NRT,288.73,2.93,N
-6.99132,-42.87748,312.54,0.41,0.45,2026-06-04,0442,N,nominal,2.0NRT,289.47,1.59,N
-6.91039,-43.62383,302.53,0.55,0.43,2026-06-04,0442,N,nominal,2.0NRT,289.72,0.5,N
-6.76034,-45.01073,305.42,0.46,0.39,2026-06-04,0442,N,nominal,2.0NRT,290.13,1.35,N
-6.74316,-47.12341,303.59,0.39,0.36,2026-06-04,0442,N,nominal,2.0NRT,290.31,0.79,N
-7.27422,-46.80878,313.01,0.4,0.37,2026-06-04,0442,N,nominal,2.0NRT,283.26,1.39,N
-7.48579,-47.5033,310.02,0.39,0.36,2026-06-04,0442,N,nominal,2.0NRT,291.02,0.78,N
-7.48683,-47.50681,302.08,0.39,0.36,2026-06-04,0442,N,nominal,2.0NRT,291.04,0.39,N
-7.41096,-49.66771,303.51,0.4,0.37,2026-06-04,0442,N,nominal,2.0NRT,288.1,0.76,N
-8.0688,-46.19881,305.41,0.42,0.38,2026-06-04,0442,N,nominal,2.0NRT,292.27,1.27,N
-8.07111,-46.18367,315.45,0.42,0.38,2026-06-04,0442,N,nominal,2.0NRT,292.32,1.6,N
-8.07344,-46.19177,307.77,0.42,0.38,2026-06-04,0442,N,nominal,2.0NRT,291.98,1.14,N
-8.07403,-46.18796,303.77,0.42,0.38,2026-06-04,0442,N,nominal,2.0NRT,291.47,1.14,N
-7.54334,-49.88602,303.17,0.4,0.37,2026-06-04,0442,N,nominal,2.0NRT,290.94,0.57,N
-8.05,-46.79522,330.81,0.4,0.37,2026-06-04,0442,N,nominal,2.0NRT,292.37,1.27,N
-8.05341,-46.79575,307.17,0.4,0.37,2026-06-04,0442,N,nominal,2.0NRT,291.63,1.27,N
-8.57065,-46.00126,329.65,0.43,0.38,2026-06-04,0442,N,nominal,2.0NRT,292.39,2.97,N
-8.57126,-45.99725,329.82,0.43,0.38,2026-06-04,0442,N,nominal,2.0NRT,291.53,2.97,N
-8.57418,-46.00177,311.76,0.43,0.38,2026-06-04,0442,N,nominal,2.0NRT,290.57,3.1,N
-8.5748,-45.99778,315.63,0.43,0.38,2026-06-04,0442,N,nominal,2.0NRT,291.18,3.1,N
-8.57541,-45.99378,308.73,0.43,0.38,2026-06-04,0442,N,nominal,2.0NRT,290.27,1,N
-8.57833,-45.99829,343.4,0.43,0.38,2026-06-04,0442,N,nominal,2.0NRT,292.44,3.1,N
-8.2686,-48.23762,303.99,0.38,0.36,2026-06-04,0442,N,nominal,2.0NRT,291.85,0.58,N
-8.26915,-48.23412,303.33,0.38,0.36,2026-06-04,0442,N,nominal,2.0NRT,291.81,0.58,N
-8.27193,-48.23815,301.82,0.38,0.36,2026-06-04,0442,N,nominal,2.0NRT,291.32,0.72,N
-8.27746,-48.2247,301.92,0.38,0.36,2026-06-04,0442,N,nominal,2.0NRT,291.51,0.65,N
-8.28024,-48.22872,301.99,0.38,0.36,2026-06-04,0442,N,nominal,2.0NRT,291.35,1.02,N
-8.28079,-48.22523,307.89,0.38,0.36,2026-06-04,0442,N,nominal,2.0NRT,291.69,1.02,N
-8.28635,-48.23327,305.51,0.38,0.36,2026-06-04,0442,N,nominal,2.0NRT,291.77,0.67,N
-8.2869,-48.22978,305.38,0.38,0.36,2026-06-04,0442,N,nominal,2.0NRT,291.89,0.67,N
-8.28913,-48.23729,304.67,0.38,0.36,2026-06-04,0442,N,nominal,2.0NRT,291.19,0.66,N
-8.28968,-48.23381,305.84,0.38,0.36,2026-06-04,0442,N,nominal,2.0NRT,291.75,0.67,N
-8.29246,-48.23782,307.95,0.38,0.36,2026-06-04,0442,N,nominal,2.0NRT,291.92,0.94,N
-8.29301,-48.23433,304.15,0.38,0.36,2026-06-04,0442,N,nominal,2.0NRT,291.65,0.6,N
-8.29579,-48.23835,304.56,0.38,0.36,2026-06-04,0442,N,nominal,2.0NRT,291.44,0.94,N
-8.35176,-48.14333,328.17,0.39,0.36,2026-06-04,0442,N,nominal,2.0NRT,293.43,2.45,N
-9.03643,-46.32055,306.98,0.43,0.38,2026-06-04,0442,N,nominal,2.0NRT,291.29,1.31,N
-9.04051,-46.31725,306.34,0.43,0.38,2026-06-04,0442,N,nominal,2.0NRT,291.14,0.76,N
-8.99189,-47.85171,302.71,0.39,0.36,2026-06-04,0442,N,nominal,2.0NRT,291.51,0.43,N
-9.56642,-44.57751,300.99,0.52,0.42,2026-06-04,0444,N,nominal,2.0NRT,287.62,1.39,N
-9.4681,-46.05896,333.5,0.44,0.38,2026-06-04,0444,N,nominal,2.0NRT,291.98,2.95,N
-9.46749,-46.06301,318.46,0.44,0.38,2026-06-04,0444,N,nominal,2.0NRT,291.65,2.95,N
-9.47104,-46.06356,315.76,0.44,0.38,2026-06-04,0444,N,nominal,2.0NRT,291.13,1.47,N
-9.36531,-47.0852,316.72,0.4,0.37,2026-06-04,0444,N,nominal,2.0NRT,291.22,1.74,N
-9.38842,-48.62086,304.33,0.38,0.36,2026-06-04,0444,N,nominal,2.0NRT,290.86,0.65,N
-9.39175,-48.6214,313.47,0.38,0.36,2026-06-04,0444,N,nominal,2.0NRT,290.97,0.65,N
-9.5304,-47.75738,320.92,0.39,0.36,2026-06-04,0444,N,nominal,2.0NRT,293.05,2.41,N
-9.53095,-47.7538,329.17,0.39,0.36,2026-06-04,0444,N,nominal,2.0NRT,292.52,2.41,N
-9.68466,-47.05028,301.57,0.41,0.37,2026-06-04,0444,N,nominal,2.0NRT,290.8,1.12,N
-9.62841,-48.8817,308.89,0.38,0.36,2026-06-04,0444,N,nominal,2.0NRT,289.51,1.34,N
-9.36863,-50.54344,301.68,0.41,0.37,2026-06-04,0444,N,nominal,2.0NRT,289.01,0.5,N
-9.37206,-50.54401,305.17,0.41,0.37,2026-06-04,0444,N,nominal,2.0NRT,289.28,0.86,N
-9.37266,-50.54029,300.61,0.41,0.37,2026-06-04,0444,N,nominal,2.0NRT,288.68,0.5,N
-9.37549,-50.54458,304.83,0.41,0.37,2026-06-04,0444,N,nominal,2.0NRT,289.58,0.86,N
-9.37609,-50.54086,303.31,0.41,0.37,2026-06-04,0444,N,nominal,2.0NRT,289.66,0.5,N
-9.80618,-48.24437,313.12,0.39,0.36,2026-06-04,0444,N,nominal,2.0NRT,290.29,1.24,N
-9.89408,-47.8577,308.62,0.39,0.36,2026-06-04,0444,N,nominal,2.0NRT,285.42,0.95,N
-9.51496,-50.26402,313.07,0.4,0.37,2026-06-04,0444,N,nominal,2.0NRT,290.91,1.06,N
-9.51555,-50.26036,306.61,0.4,0.37,2026-06-04,0444,N,nominal,2.0NRT,290.71,0.72,N
-9.89688,-47.86182,301.2,0.39,0.36,2026-06-04,0444,N,nominal,2.0NRT,286.32,0.98,N
-9.51894,-50.26093,317.83,0.4,0.37,2026-06-04,0444,N,nominal,2.0NRT,290.47,1.26,N
-9.92437,-48.0055,322.67,0.39,0.36,2026-06-04,0444,N,nominal,2.0NRT,290.82,1.03,N
-9.92381,-48.00906,307.86,0.39,0.36,2026-06-04,0444,N,nominal,2.0NRT,289.79,1.03,N
-9.92492,-48.00193,302.95,0.39,0.36,2026-06-04,0444,N,nominal,2.0NRT,290.82,0.97,N
-9.92547,-47.99837,316.6,0.39,0.36,2026-06-04,0444,N,nominal,2.0NRT,290.87,0.97,N
-9.92716,-48.00959,303.8,0.39,0.36,2026-06-04,0444,N,nominal,2.0NRT,288.23,1.03,N
-9.93162,-48.003,326.88,0.39,0.36,2026-06-04,0444,N,nominal,2.0NRT,291.56,2.17,N
-10.01322,-48.21587,320.12,0.39,0.36,2026-06-04,0444,N,nominal,2.0NRT,291.92,1.73,N
-10.22078,-48.07378,308.7,0.39,0.36,2026-06-04,0444,N,nominal,2.0NRT,291.32,0.81,N
-10.53156,-46.61862,303.73,0.43,0.38,2026-06-04,0444,N,nominal,2.0NRT,292,1.49,N
-10.13959,-49.15468,320.54,0.38,0.36,2026-06-04,0444,N,nominal,2.0NRT,292.82,1.62,N
-10.53509,-46.61901,324.93,0.43,0.38,2026-06-04,0444,N,nominal,2.0NRT,292.42,1.49,N
-10.13903,-49.15819,308.63,0.38,0.36,2026-06-04,0444,N,nominal,2.0NRT,292.29,1.1,N
-10.55035,-46.61702,312.07,0.43,0.38,2026-06-04,0444,N,nominal,2.0NRT,292.69,1.9,N
-10.55386,-46.6175,322.14,0.43,0.38,2026-06-04,0444,N,nominal,2.0NRT,292.66,3.1,N
-10.56029,-46.62247,337.47,0.43,0.38,2026-06-04,0444,N,nominal,2.0NRT,293.76,2.71,N
-10.55972,-46.6263,308.83,0.43,0.38,2026-06-04,0444,N,nominal,2.0NRT,292.3,2.71,N
-10.56264,-46.63071,312.71,0.43,0.38,2026-06-04,0444,N,nominal,2.0NRT,292.52,1.48,N
-10.56322,-46.62687,318.13,0.43,0.38,2026-06-04,0444,N,nominal,2.0NRT,292.65,2.71,N
-10.35721,-48.13605,331.46,0.39,0.36,2026-06-04,0444,N,nominal,2.0NRT,292.02,2.24,N
-10.35777,-48.13249,320.04,0.39,0.36,2026-06-04,0444,N,nominal,2.0NRT,291.41,2.24,N
-10.61099,-46.69006,339.89,0.43,0.38,2026-06-04,0444,N,nominal,2.0NRT,294.56,19.04,N
-10.61331,-46.69837,325.16,0.43,0.38,2026-06-04,0444,N,nominal,2.0NRT,289.77,1.74,N
-10.61449,-46.69061,340.89,0.43,0.38,2026-06-04,0444,N,nominal,2.0NRT,291.62,6.36,N
-10.61094,-46.71393,308.07,0.42,0.38,2026-06-04,0444,N,nominal,2.0NRT,289.21,1.13,N
-10.6139,-46.69449,303.46,0.43,0.38,2026-06-04,0444,N,nominal,2.0NRT,290.22,1.74,N
-10.61443,-46.71447,314.71,0.42,0.38,2026-06-04,0444,N,nominal,2.0NRT,289.37,1.13,N
-10.9798,-45.09803,305.26,0.51,0.41,2026-06-04,0444,N,nominal,2.0NRT,280.82,1.47,N
-9.88862,-52.44111,306.49,0.48,0.4,2026-06-04,0444,N,nominal,2.0NRT,290.63,1.14,N
-10.38378,-49.44722,355.02,0.39,0.36,2026-06-04,0444,N,nominal,2.0NRT,294.24,8.72,N
-10.38434,-49.44369,367,0.39,0.36,2026-06-04,0444,N,high,2.0NRT,296.03,8.72,N
-10.38322,-49.45074,318.69,0.39,0.36,2026-06-04,0444,N,nominal,2.0NRT,291.31,1.86,N
-10.38491,-49.44016,301.5,0.39,0.36,2026-06-04,0444,N,nominal,2.0NRT,290.59,1.36,N
-10.38655,-49.45129,329.44,0.39,0.36,2026-06-04,0444,N,nominal,2.0NRT,291.83,3.12,N
-10.38712,-49.44775,333.36,0.39,0.36,2026-06-04,0444,N,nominal,2.0NRT,293.06,17.67,N
-10.38768,-49.44423,341.47,0.39,0.36,2026-06-04,0444,N,nominal,2.0NRT,294.14,17.67,N
-10.38824,-49.4407,327.01,0.39,0.36,2026-06-04,0444,N,nominal,2.0NRT,291.3,2.65,N
-10.39045,-49.4483,367,0.39,0.36,2026-06-04,0444,N,high,2.0NRT,299.15,17.67,N
-10.39101,-49.44477,352.33,0.39,0.36,2026-06-04,0444,N,nominal,2.0NRT,300.76,17.67,N
-10.39158,-49.44125,332.3,0.39,0.36,2026-06-04,0444,N,nominal,2.0NRT,292.02,2.65,N
-10.38989,-49.45183,302.68,0.39,0.36,2026-06-04,0444,N,nominal,2.0NRT,290.96,3.12,N
-10.39378,-49.44884,315.12,0.39,0.36,2026-06-04,0444,N,nominal,2.0NRT,291.07,2.19,N
-10.13888,-52.12973,302.49,0.46,0.39,2026-06-04,0444,N,nominal,2.0NRT,289.76,0.74,N
-10.98438,-47.07548,313.12,0.42,0.37,2026-06-04,0444,N,nominal,2.0NRT,290.78,1.1,N
-10.98784,-47.07602,330.97,0.42,0.37,2026-06-04,0444,N,nominal,2.0NRT,290.72,2.55,N
-10.98841,-47.07225,306.86,0.42,0.37,2026-06-04,0444,N,nominal,2.0NRT,290.66,2.55,N
-9.18261,-58.05647,325.03,0.37,0.58,2026-06-04,0444,N,nominal,2.0NRT,288.88,2.66,N
-10.25905,-52.07995,306.88,0.46,0.39,2026-06-04,0444,N,nominal,2.0NRT,290.4,0.79,N
-11.01336,-47.47583,304.78,0.4,0.37,2026-06-04,0444,N,nominal,2.0NRT,289.98,0.56,N
-10.67171,-49.69723,307.11,0.39,0.36,2026-06-04,0444,N,nominal,2.0NRT,287.91,1.16,N
-11.04734,-49.61663,303,0.39,0.36,2026-06-04,0444,N,nominal,2.0NRT,291.63,0.6,N
-11.25807,-48.35773,313.03,0.39,0.36,2026-06-04,0444,N,nominal,2.0NRT,292.45,1.03,N
-11.25863,-48.35416,302.58,0.39,0.36,2026-06-04,0444,N,nominal,2.0NRT,291.29,1.03,N
-11.26142,-48.35826,306.2,0.39,0.36,2026-06-04,0444,N,nominal,2.0NRT,291.83,1.08,N
-11.16209,-49.2522,303.62,0.38,0.36,2026-06-04,0444,N,nominal,2.0NRT,292.92,1.03,N
-11.16654,-49.2457,313.92,0.38,0.36,2026-06-04,0444,N,nominal,2.0NRT,292.56,2.1,N
-11.1671,-49.24218,313.07,0.38,0.36,2026-06-04,0444,N,nominal,2.0NRT,292.86,1.21,N
-11.57309,-48.14225,303.76,0.39,0.36,2026-06-04,0444,N,nominal,2.0NRT,291.7,0.62,N
-11.57365,-48.13864,305.55,0.39,0.36,2026-06-04,0444,N,nominal,2.0NRT,291.78,0.62,N
-12.00501,-45.34538,298.11,0.51,0.41,2026-06-04,0444,N,nominal,2.0NRT,281.91,0.82,N
-12.0088,-45.34595,309.97,0.51,0.41,2026-06-04,0444,N,nominal,2.0NRT,281.62,1.52,N
-11.75788,-47.07598,338.63,0.42,0.38,2026-06-04,0444,N,nominal,2.0NRT,294.1,3.49,N
-11.75847,-47.0721,313.01,0.42,0.38,2026-06-04,0444,N,nominal,2.0NRT,290.31,0.99,N
-11.76135,-47.07654,318.59,0.42,0.38,2026-06-04,0444,N,nominal,2.0NRT,290.2,3.49,N
-11.73848,-47.45101,299.49,0.41,0.37,2026-06-04,0444,N,nominal,2.0NRT,289.35,0.43,N
-11.817,-47.50495,301.88,0.41,0.37,2026-06-04,0444,N,nominal,2.0NRT,289.35,0.55,N
-11.82043,-47.50549,305.42,0.41,0.37,2026-06-04,0444,N,nominal,2.0NRT,290.16,0.55,N
-10.84673,-53.75594,301.44,0.55,0.43,2026-06-04,0444,N,nominal,2.0NRT,289.88,1.3,N
-10.85154,-53.75159,300.47,0.55,0.43,2026-06-04,0444,N,nominal,2.0NRT,289.69,0.61,N
-10.86027,-53.74799,303.92,0.55,0.43,2026-06-04,0444,N,nominal,2.0NRT,290.02,1.85,N
-10.862,-53.73799,299.89,0.55,0.43,2026-06-04,0444,N,nominal,2.0NRT,289.47,1.87,N
-10.86287,-53.73299,303.13,0.55,0.43,2026-06-04,0444,N,nominal,2.0NRT,289.49,0.6,N
-10.8642,-53.74871,301.2,0.55,0.43,2026-06-04,0444,N,nominal,2.0NRT,289.77,0.6,N
-10.89784,-54.13297,300.63,0.39,0.44,2026-06-04,0444,N,nominal,2.0NRT,289.45,0.45,N
-10.90187,-54.13366,302.46,0.39,0.44,2026-06-04,0444,N,nominal,2.0NRT,289.48,0.45,N
-10.90249,-54.1301,302.33,0.39,0.44,2026-06-04,0444,N,nominal,2.0NRT,289.63,0.68,N
-11.04524,-54.19598,303.77,0.39,0.44,2026-06-04,0444,N,nominal,2.0NRT,289.38,0.68,N
-10.56803,-57.3222,308.77,0.63,0.54,2026-06-04,0444,N,nominal,2.0NRT,290.21,1.49,N
-10.57196,-57.32902,308.53,0.63,0.54,2026-06-04,0444,N,nominal,2.0NRT,290.31,2.59,N
-10.57302,-57.32322,319.94,0.63,0.54,2026-06-04,0444,N,nominal,2.0NRT,290.46,2.88,N
-10.57408,-57.31737,310.38,0.63,0.54,2026-06-04,0444,N,nominal,2.0NRT,290.26,2.88,N
-10.56696,-57.32249,306.35,0.63,0.54,2026-06-04,0444,N,nominal,2.0NRT,290.18,2.4,N
-10.57195,-57.32348,321.32,0.63,0.54,2026-06-04,0444,N,nominal,2.0NRT,290.58,2.4,N
-10.57084,-57.32928,302.91,0.63,0.54,2026-06-04,0444,N,nominal,2.0NRT,290.31,2.4,N
-10.57306,-57.31765,311.5,0.63,0.54,2026-06-04,0444,N,nominal,2.0NRT,290.26,2.22,N
-10.57693,-57.32451,301.72,0.63,0.54,2026-06-04,0444,N,nominal,2.0NRT,290.2,0.95,N
-11.95434,-49.54336,305.39,0.38,0.36,2026-06-04,0444,N,nominal,2.0NRT,293,0.85,N
-11.2599,-53.96498,302.6,0.56,0.43,2026-06-04,0444,N,nominal,2.0NRT,289.2,1.23,N
-11.26297,-53.97084,310.71,0.56,0.43,2026-06-04,0444,N,nominal,2.0NRT,289.52,1.23,N
-11.26387,-53.96564,300.23,0.56,0.43,2026-06-04,0444,N,nominal,2.0NRT,289.28,1.23,N
-10.81783,-56.59343,308.99,0.56,0.51,2026-06-04,0444,N,nominal,2.0NRT,290.16,2.39,N
-10.82256,-56.59435,309.24,0.56,0.51,2026-06-04,0444,N,nominal,2.0NRT,289.92,1.53,N
-11.48242,-52.91427,301.48,0.49,0.4,2026-06-04,0444,N,nominal,2.0NRT,290.1,0.59,N
-12.3,-47.90748,336.3,0.4,0.37,2026-06-04,0444,N,nominal,2.0NRT,293.9,5.11,N
-10.81857,-56.59163,309.87,0.55,0.51,2026-06-04,0444,N,nominal,2.0NRT,290.27,2.49,N
-11.48396,-52.91335,306.11,0.49,0.4,2026-06-04,0444,N,nominal,2.0NRT,289.98,0.96,N
-12.3034,-47.908,326.47,0.4,0.37,2026-06-04,0444,N,nominal,2.0NRT,292.08,3.18,N
-12.30396,-47.90432,326.66,0.4,0.37,2026-06-04,0444,N,nominal,2.0NRT,291.08,2.23,N
-10.8233,-56.59253,304.68,0.55,0.51,2026-06-04,0444,N,nominal,2.0NRT,289.77,1.56,N
-12.30736,-47.90484,323.76,0.4,0.37,2026-06-04,0444,N,nominal,2.0NRT,291.44,2.23,N
-12.31133,-47.90167,320.05,0.4,0.37,2026-06-04,0444,N,nominal,2.0NRT,290.57,1.97,N
-12.31473,-47.90219,323.54,0.4,0.37,2026-06-04,0444,N,nominal,2.0NRT,291.55,1.97,N
-12.32097,-47.90695,300.01,0.4,0.37,2026-06-04,0444,N,nominal,2.0NRT,289.03,0.76,N
-12.32153,-47.90326,308.26,0.4,0.37,2026-06-04,0444,N,nominal,2.0NRT,288.23,0.76,N
-11.54021,-52.78624,304.11,0.48,0.4,2026-06-04,0444,N,nominal,2.0NRT,290.4,3.94,N
-11.54315,-52.79128,332.99,0.48,0.4,2026-06-04,0444,N,nominal,2.0NRT,293.4,7.92,N
-11.5439,-52.78685,336.42,0.48,0.4,2026-06-04,0444,N,nominal,2.0NRT,293.53,3.94,N
-11.54759,-52.78748,349.57,0.48,0.4,2026-06-04,0444,N,nominal,2.0NRT,295.59,11.91,N
-11.54684,-52.7919,319.36,0.48,0.4,2026-06-04,0444,N,nominal,2.0NRT,292.16,5.15,N
-11.55128,-52.78814,352.54,0.48,0.4,2026-06-04,0444,N,nominal,2.0NRT,296.01,11.91,N
-11.55203,-52.78373,328.94,0.48,0.4,2026-06-04,0444,N,nominal,2.0NRT,291.8,11.91,N
-11.55497,-52.78879,341.24,0.48,0.4,2026-06-04,0444,N,nominal,2.0NRT,292.55,4.85,N
-11.55572,-52.78439,318.81,0.48,0.4,2026-06-04,0444,N,nominal,2.0NRT,290.86,4.85,N
-11.61376,-52.55337,306.77,0.47,0.39,2026-06-04,0444,N,nominal,2.0NRT,290.37,0.97,N
-11.77834,-52.50861,311.62,0.46,0.39,2026-06-04,0444,N,nominal,2.0NRT,290.67,1.91,N
-11.78196,-52.50924,301.99,0.46,0.39,2026-06-04,0444,N,nominal,2.0NRT,290.5,1.22,N
-11.78486,-52.51409,317.59,0.46,0.39,2026-06-04,0444,N,nominal,2.0NRT,290.9,1.22,N
-11.78559,-52.50987,303.07,0.46,0.39,2026-06-04,0444,N,nominal,2.0NRT,290.55,1.22,N
-11.78849,-52.51472,326.6,0.46,0.39,2026-06-04,0444,N,nominal,2.0NRT,290.78,1.87,N
-11.78921,-52.51051,303.45,0.46,0.39,2026-06-04,0444,N,nominal,2.0NRT,290.38,1.87,N
-11.79211,-52.51536,303.26,0.46,0.39,2026-06-04,0444,N,nominal,2.0NRT,290.54,1.87,N
-11.80009,-52.51241,303.88,0.46,0.39,2026-06-04,0444,N,nominal,2.0NRT,289.18,1.87,N
-12.55625,-48.35142,326.16,0.39,0.36,2026-06-04,0444,N,nominal,2.0NRT,292.17,2.23,N
-12.55962,-48.35196,347.6,0.39,0.36,2026-06-04,0444,N,nominal,2.0NRT,294.68,7.09,N
-12.56017,-48.34833,324.36,0.39,0.36,2026-06-04,0444,N,nominal,2.0NRT,292.86,1.3,N
-12.56354,-48.34886,307.75,0.39,0.36,2026-06-04,0444,N,nominal,2.0NRT,290.97,1.3,N
-12.09468,-51.98925,306.38,0.44,0.38,2026-06-04,0444,N,nominal,2.0NRT,290.88,1.51,N
-11.66784,-54.58539,304.91,0.4,0.44,2026-06-04,0444,N,nominal,2.0NRT,290.3,1.11,N
-11.61801,-55.1849,304.76,0.44,0.46,2026-06-04,0444,N,nominal,2.0NRT,291,1.27,N
-11.5965,-55.33253,306.82,0.45,0.47,2026-06-04,0444,N,nominal,2.0NRT,291.49,1.4,N
-11.62156,-55.18972,312,0.44,0.46,2026-06-04,0444,N,nominal,2.0NRT,291.53,1.53,N
-11.62226,-55.1857,304.71,0.44,0.46,2026-06-04,0444,N,nominal,2.0NRT,291.28,1.24,N
-11.62581,-55.19053,313.4,0.44,0.46,2026-06-04,0444,N,nominal,2.0NRT,292.17,1.53,N
-11.62652,-55.1865,314.76,0.44,0.46,2026-06-04,0444,N,nominal,2.0NRT,292.08,1.24,N
-11.62722,-55.18246,306.05,0.44,0.46,2026-06-04,0444,N,nominal,2.0NRT,291.13,1.24,N
-11.61994,-55.1878,311.01,0.44,0.46,2026-06-04,0444,N,nominal,2.0NRT,291.56,1.32,N
-11.59813,-55.33102,309.53,0.45,0.47,2026-06-04,0444,N,nominal,2.0NRT,291.48,0.65,N
-11.6242,-55.1886,317.12,0.44,0.46,2026-06-04,0444,N,nominal,2.0NRT,291.96,3.35,N
-11.62845,-55.1894,328.22,0.44,0.46,2026-06-04,0444,N,nominal,2.0NRT,293.38,3.35,N
-11.62919,-55.18537,339.52,0.44,0.46,2026-06-04,0444,N,nominal,2.0NRT,294.03,3.48,N
-11.60243,-55.33181,301.61,0.45,0.47,2026-06-04,0444,N,nominal,2.0NRT,291.24,0.65,N
-11.62992,-55.18135,305.1,0.44,0.46,2026-06-04,0444,N,nominal,2.0NRT,290.56,3.48,N
-11.63065,-55.17735,300.91,0.44,0.46,2026-06-04,0444,N,nominal,2.0NRT,290.3,1.18,N
-11.60597,-55.33674,325.88,0.45,0.47,2026-06-04,0444,N,nominal,2.0NRT,292.52,2.25,N
-11.6327,-55.19019,322.16,0.44,0.46,2026-06-04,0444,N,nominal,2.0NRT,291.52,4.42,N
-11.63344,-55.18616,340.43,0.44,0.46,2026-06-04,0444,N,nominal,2.0NRT,292.13,4.77,N
-11.60673,-55.33261,313.89,0.45,0.47,2026-06-04,0444,N,nominal,2.0NRT,291.03,1.66,N
-11.61027,-55.33755,307.05,0.45,0.47,2026-06-04,0444,N,nominal,2.0NRT,291.25,2.25,N
-13.1772,-46.85133,300.87,0.44,0.38,2026-06-04,0444,N,nominal,2.0NRT,290.12,0.52,N
-11.47982,-57.1109,306.1,0.59,0.53,2026-06-04,0444,N,nominal,2.0NRT,291.62,1.95,N
-11.47697,-57.11152,308.3,0.59,0.52,2026-06-04,0444,N,nominal,2.0NRT,291.41,2.12,N
-12.17158,-54.54057,300.96,0.39,0.44,2026-06-04,0444,N,nominal,2.0NRT,290.6,0.59,N
-12.17503,-54.54153,319.84,0.39,0.44,2026-06-04,0444,N,nominal,2.0NRT,291.01,1.58,N
-12.17908,-54.54229,315.29,0.39,0.44,2026-06-04,0444,N,nominal,2.0NRT,290.45,1.58,N
-12.17972,-54.53873,309.82,0.39,0.44,2026-06-04,0444,N,nominal,2.0NRT,290.4,1.35,N
-11.78889,-56.99977,304.43,0.57,0.52,2026-06-04,0444,N,nominal,2.0NRT,291.58,1.14,N
-11.88042,-57.83315,301.01,0.32,0.55,2026-06-04,0444,N,nominal,2.0NRT,289.77,0.92,N
-11.88489,-57.83723,307.95,0.32,0.55,2026-06-04,0444,N,nominal,2.0NRT,290.78,1.98,N
-11.88544,-57.83427,315.2,0.32,0.55,2026-06-04,0444,N,nominal,2.0NRT,290.76,0.92,N
-11.886,-57.83129,314.75,0.32,0.55,2026-06-04,0444,N,nominal,2.0NRT,290.25,0.92,N
-11.89103,-57.83239,315.88,0.32,0.55,2026-06-04,0444,N,nominal,2.0NRT,290.64,1.76,N
-11.89158,-57.8294,301.21,0.32,0.55,2026-06-04,0444,N,nominal,2.0NRT,290.34,0.95,N
-11.88285,-57.8376,302.82,0.32,0.55,2026-06-04,0444,N,nominal,2.0NRT,290.62,1.61,N
-11.88342,-57.83463,313.37,0.32,0.55,2026-06-04,0444,N,nominal,2.0NRT,291.24,1.1,N
-11.88399,-57.83168,313.35,0.32,0.55,2026-06-04,0444,N,nominal,2.0NRT,290.57,1.1,N
-11.88844,-57.83575,301.51,0.32,0.55,2026-06-04,0444,N,nominal,2.0NRT,290.06,1.1,N
-11.88902,-57.83278,316.55,0.32,0.55,2026-06-04,0444,N,nominal,2.0NRT,290.56,1.1,N
-11.88959,-57.8298,316.15,0.32,0.55,2026-06-04,0444,N,nominal,2.0NRT,290.47,1.37,N
-13.9568,-46.18618,307.08,0.48,0.4,2026-06-04,0444,N,nominal,2.0NRT,287.72,1.23,N
-13.96051,-46.18671,301.11,0.48,0.4,2026-06-04,0444,N,nominal,2.0NRT,287.05,1.23,N
-12.73408,-54.2039,307.67,0.55,0.43,2026-06-04,0444,N,nominal,2.0NRT,291.55,1.27,N
-12.73497,-54.19878,305.52,0.55,0.43,2026-06-04,0444,N,nominal,2.0NRT,291.59,1.27,N
-12.73586,-54.1937,308.87,0.55,0.43,2026-06-04,0444,N,nominal,2.0NRT,292.13,1.5,N
-12.73801,-54.2046,303.03,0.55,0.43,2026-06-04,0444,N,nominal,2.0NRT,291.19,1.27,N
-12.7389,-54.1995,306.59,0.55,0.43,2026-06-04,0444,N,nominal,2.0NRT,291.35,1.27,N
-12.73979,-54.19443,309.87,0.55,0.43,2026-06-04,0444,N,nominal,2.0NRT,291.68,1.5,N
-12.20649,-57.29235,315.34,0.58,0.52,2026-06-04,0444,N,nominal,2.0NRT,292.92,14.99,N
-12.2075,-57.28687,316.67,0.58,0.52,2026-06-04,0444,N,nominal,2.0NRT,292.32,14.73,N
-12.21133,-57.29333,339.3,0.58,0.52,2026-06-04,0444,N,nominal,2.0NRT,295.27,14.99,N
-12.21233,-57.28786,354.44,0.58,0.52,2026-06-04,0444,N,nominal,2.0NRT,302.49,14.73,N
-12.21334,-57.28237,329.16,0.58,0.52,2026-06-04,0444,N,nominal,2.0NRT,294.34,14.73,N
-12.21433,-57.27696,341.49,0.58,0.52,2026-06-04,0444,N,nominal,2.0NRT,294.48,7.41,N
-12.21717,-57.28885,345.61,0.58,0.52,2026-06-04,0444,N,nominal,2.0NRT,295.42,40.12,N
-12.21817,-57.28337,353.02,0.58,0.52,2026-06-04,0444,N,nominal,2.0NRT,307.89,40.12,N
-12.21917,-57.27794,352.03,0.58,0.52,2026-06-04,0444,N,nominal,2.0NRT,298.14,22.1,N
-12.22015,-57.27259,324.49,0.58,0.52,2026-06-04,0444,N,nominal,2.0NRT,293.25,22.1,N
-12.223,-57.28436,352.43,0.58,0.52,2026-06-04,0444,N,nominal,2.0NRT,298.5,40.12,N
-12.224,-57.27889,354.48,0.58,0.52,2026-06-04,0444,N,nominal,2.0NRT,301.34,22.1,N
-12.22499,-57.27351,352.87,0.58,0.52,2026-06-04,0444,N,nominal,2.0NRT,297.32,22.1,N
-12.222,-57.28982,301.34,0.58,0.52,2026-06-04,0444,N,nominal,2.0NRT,290.98,40.12,N
-12.22597,-57.26816,318.55,0.58,0.52,2026-06-04,0444,N,nominal,2.0NRT,292.46,3.71,N
-12.21001,-57.28902,354.72,0.58,0.52,2026-06-04,0444,N,nominal,2.0NRT,301.95,24.44,N
-12.2121,-57.27812,327.83,0.58,0.52,2026-06-04,0444,N,nominal,2.0NRT,293.2,3.85,N
-12.20896,-57.29447,310.02,0.58,0.52,2026-06-04,0444,N,nominal,2.0NRT,292.9,24.44,N
-12.21105,-57.28355,307.29,0.58,0.52,2026-06-04,0444,N,nominal,2.0NRT,292.7,3.85,N
-14.04638,-46.34245,316.14,0.47,0.4,2026-06-04,0444,N,nominal,2.0NRT,289.73,1.51,N
-14.04701,-46.33802,306.72,0.48,0.4,2026-06-04,0444,N,nominal,2.0NRT,289.35,1.51,N
-12.21484,-57.28999,344.46,0.58,0.52,2026-06-04,0444,N,nominal,2.0NRT,295.96,23.79,N
-12.21589,-57.28453,367,0.58,0.52,2026-06-04,0444,N,high,2.0NRT,301.16,50.42,N
-12.21693,-57.27909,352.67,0.58,0.52,2026-06-04,0444,N,nominal,2.0NRT,298.07,50.42,N
-12.21795,-57.27375,320.41,0.58,0.52,2026-06-04,0444,N,nominal,2.0NRT,292.57,7.78,N
-14.04944,-46.34743,299.58,0.47,0.4,2026-06-04,0444,N,nominal,2.0NRT,289.48,1.08,N
-14.05007,-46.34301,301.45,0.47,0.4,2026-06-04,0444,N,nominal,2.0NRT,289.8,0.62,N
-14.05069,-46.3386,299.96,0.48,0.4,2026-06-04,0444,N,nominal,2.0NRT,289.48,0.62,N
-12.22072,-57.2855,351.61,0.58,0.52,2026-06-04,0444,N,nominal,2.0NRT,302.88,50.42,N
-12.22176,-57.28005,349.59,0.58,0.52,2026-06-04,0444,N,nominal,2.0NRT,305.18,50.42,N
-12.22278,-57.2747,353.35,0.58,0.52,2026-06-04,0444,N,nominal,2.0NRT,297.71,7.78,N
-12.2238,-57.26936,319.31,0.58,0.52,2026-06-04,0444,N,nominal,2.0NRT,292.69,7.78,N
-12.22555,-57.28649,323.84,0.58,0.52,2026-06-04,0444,N,nominal,2.0NRT,290.76,7.67,N
-12.22659,-57.28101,351.21,0.58,0.52,2026-06-04,0444,N,nominal,2.0NRT,293.45,7.67,N
-12.22762,-57.27561,367,0.58,0.52,2026-06-04,0444,N,high,2.0NRT,297.99,10.44,N
-12.22864,-57.27025,346.86,0.58,0.52,2026-06-04,0444,N,nominal,2.0NRT,295.56,10.44,N
-12.23246,-57.27654,322.9,0.58,0.52,2026-06-04,0444,N,nominal,2.0NRT,291.52,10.44,N
-12.23348,-57.27115,321.01,0.58,0.52,2026-06-04,0444,N,nominal,2.0NRT,292.09,10.44,N
-12.23142,-57.28198,307.43,0.58,0.52,2026-06-04,0444,N,nominal,2.0NRT,291,7.67,N
-13.53796,-49.90202,313.44,0.38,0.36,2026-06-04,0444,N,nominal,2.0NRT,293.12,1.31,N
-12.54624,-57.18171,307.41,0.57,0.52,2026-06-04,0444,N,nominal,2.0NRT,290.74,1.75,N
-12.55004,-57.18797,302.18,0.57,0.52,2026-06-04,0444,N,nominal,2.0NRT,290.75,0.97,N
-12.54492,-57.1823,301.78,0.57,0.52,2026-06-04,0444,N,nominal,2.0NRT,290.67,1.49,N
-3.58049,-38.85835,307.91,0.34,0.56,2026-06-04,0440,N,nominal,2.0NRT,289.74,1.22,N
-12.54868,-57.18853,300.42,0.57,0.52,2026-06-04,0444,N,nominal,2.0NRT,290.4,1.33,N
-12.43581,-58.40726,339.05,0.34,0.56,2026-06-04,0444,N,nominal,2.0NRT,290.8,2.66,N
-3.58612,-38.85608,308.39,0.34,0.56,2026-06-04,0440,N,nominal,2.0NRT,289.57,1.55,N
-12.43641,-58.40407,326.02,0.34,0.56,2026-06-04,0444,N,nominal,2.0NRT,290.76,3.12,N
-3.596,-38.86074,338.76,0.34,0.56,2026-06-04,0440,N,nominal,2.0NRT,290.68,3.24,N
-12.43702,-58.40084,328.92,0.34,0.56,2026-06-04,0444,N,nominal,2.0NRT,290.51,3.12,N
-4.36295,-37.90092,327.18,0.4,0.6,2026-06-04,0442,N,nominal,2.0NRT,289.3,2.35,N
-5.52217,-37.48756,309.76,0.45,0.63,2026-06-04,0442,N,nominal,2.0NRT,288.55,1.55,N
-12.43401,-58.41685,305.94,0.34,0.56,2026-06-04,0444,N,nominal,2.0NRT,289.26,1.14,N
-5.52277,-37.48342,306.79,0.45,0.63,2026-06-04,0442,N,nominal,2.0NRT,288.17,1.17,N
-12.43521,-58.41046,302.26,0.34,0.56,2026-06-04,0444,N,nominal,2.0NRT,290.03,2.66,N
-5.52108,-37.48547,327.5,0.45,0.63,2026-06-04,0442,N,nominal,2.0NRT,288.84,2.27,N
-12.43763,-58.39758,314.42,0.34,0.56,2026-06-04,0444,N,nominal,2.0NRT,289.3,1.91,N
-12.43644,-58.40633,346.7,0.34,0.56,2026-06-04,0444,N,nominal,2.0NRT,291.21,3.61,N
-12.4377,-58.39991,339.27,0.34,0.56,2026-06-04,0444,N,nominal,2.0NRT,290.11,3.69,N
-12.43457,-58.41591,308.39,0.34,0.56,2026-06-04,0444,N,nominal,2.0NRT,289.46,1.26,N
-12.43582,-58.40952,306.89,0.34,0.56,2026-06-04,0444,N,nominal,2.0NRT,289.93,3.62,N
-12.43707,-58.40314,318.72,0.34,0.56,2026-06-04,0444,N,nominal,2.0NRT,290.41,3.61,N
-12.43974,-58.41705,304.45,0.34,0.56,2026-06-04,0444,N,nominal,2.0NRT,288.45,1.31,N
-12.44615,-58.41185,320.4,0.34,0.56,2026-06-04,0444,N,nominal,2.0NRT,289.27,1.28,N
-12.44553,-58.41504,302.62,0.34,0.56,2026-06-04,0444,N,nominal,2.0NRT,288.97,1.28,N
-12.45055,-58.47249,300.56,0.35,0.56,2026-06-04,0444,N,nominal,2.0NRT,290.38,4.65,N
-12.45115,-58.46938,318.33,0.35,0.56,2026-06-04,0444,N,nominal,2.0NRT,290.66,5.25,N
-12.45517,-58.47657,330.84,0.35,0.56,2026-06-04,0444,N,nominal,2.0NRT,291.91,4.65,N
-12.45577,-58.47347,350.72,0.35,0.56,2026-06-04,0444,N,nominal,2.0NRT,294.01,4.65,N
-12.45637,-58.47037,367,0.35,0.56,2026-06-04,0444,N,high,2.0NRT,295.21,5.25,N
-12.46038,-58.47762,337.76,0.35,0.56,2026-06-04,0444,N,nominal,2.0NRT,291.31,5.43,N
-12.46099,-58.47449,343.05,0.35,0.56,2026-06-04,0444,N,nominal,2.0NRT,293.54,5.43,N
-12.46159,-58.47136,367,0.35,0.56,2026-06-04,0444,N,high,2.0NRT,294.71,3.39,N
-12.46219,-58.46826,310.36,0.35,0.56,2026-06-04,0444,N,nominal,2.0NRT,289.74,3.39,N
-12.46618,-58.4756,328.01,0.35,0.56,2026-06-04,0444,N,nominal,2.0NRT,290.31,5.43,N
-12.46679,-58.47248,331.86,0.35,0.56,2026-06-04,0444,N,nominal,2.0NRT,290.61,3.39,N
-12.46739,-58.46936,310.47,0.35,0.56,2026-06-04,0444,N,nominal,2.0NRT,289.43,3.39,N
-14.29558,-49.14649,335.53,0.39,0.36,2026-06-04,0444,N,nominal,2.0NRT,292.84,6.51,N
-13.50966,-54.31369,316.21,0.54,0.42,2026-06-04,0444,N,nominal,2.0NRT,291.73,2.12,N
-13.51357,-54.31438,326.63,0.54,0.42,2026-06-04,0444,N,nominal,2.0NRT,292.45,4.16,N
-13.50865,-54.31508,305.15,0.54,0.42,2026-06-04,0444,N,nominal,2.0NRT,291.77,2.26,N
-13.51256,-54.31578,330.67,0.54,0.42,2026-06-04,0444,N,nominal,2.0NRT,292.39,2.26,N
-14.44406,-48.9064,320.47,0.39,0.36,2026-06-04,0444,N,nominal,2.0NRT,291.71,1.02,N
-14.44462,-48.90276,301.76,0.39,0.36,2026-06-04,0444,N,nominal,2.0NRT,289.37,1.02,N
-14.44742,-48.90694,325.13,0.39,0.36,2026-06-04,0444,N,nominal,2.0NRT,290.39,1.65,N
-14.44798,-48.90329,310.44,0.39,0.36,2026-06-04,0444,N,nominal,2.0NRT,289.19,1.65,N
-14.05003,-53.40526,307.58,0.48,0.4,2026-06-04,0444,N,nominal,2.0NRT,289.68,0.88,N
-14.05894,-53.39772,341.28,0.48,0.4,2026-06-04,0444,N,nominal,2.0NRT,291.44,4.53,N
-14.06262,-53.39839,329.46,0.48,0.4,2026-06-04,0444,N,nominal,2.0NRT,290.84,4.53,N
-14.07597,-53.38708,313.78,0.48,0.4,2026-06-04,0444,N,nominal,2.0NRT,290.36,3.97,N
-14.07673,-53.38265,310.07,0.48,0.4,2026-06-04,0444,N,nominal,2.0NRT,290.34,3.97,N
-14.07965,-53.38776,351.93,0.48,0.4,2026-06-04,0444,N,nominal,2.0NRT,293.48,3.97,N
-14.07889,-53.39219,304.65,0.48,0.4,2026-06-04,0444,N,nominal,2.0NRT,290.32,1.31,N
-14.08041,-53.38332,318.97,0.48,0.4,2026-06-04,0444,N,nominal,2.0NRT,290.32,3.97,N
-14.08333,-53.38843,333.86,0.48,0.4,2026-06-04,0444,N,nominal,2.0NRT,290.48,5.34,N
-14.08257,-53.39287,301.4,0.48,0.4,2026-06-04,0444,N,nominal,2.0NRT,290.37,2.37,N
-14.08701,-53.3891,338.54,0.48,0.4,2026-06-04,0444,N,nominal,2.0NRT,291.53,5.34,N
-14.08625,-53.39354,303.31,0.48,0.4,2026-06-04,0444,N,nominal,2.0NRT,289.59,2.37,N
-15.438,-46.33524,303.87,0.49,0.4,2026-06-04,0444,N,nominal,2.0NRT,288.26,0.99,N
-14.78602,-50.63851,319.86,0.39,0.36,2026-06-04,0444,N,nominal,2.0NRT,291.88,2.29,N
-14.78936,-50.63908,316.05,0.39,0.36,2026-06-04,0444,N,nominal,2.0NRT,290.42,1.37,N
-15.43836,-46.33345,303.25,0.49,0.4,2026-06-04,0444,N,nominal,2.0NRT,288.02,1.06,N
-15.23502,-48.5663,316.25,0.4,0.37,2026-06-04,0444,N,nominal,2.0NRT,289.92,2.14,N
-15.23843,-48.56684,326.53,0.4,0.37,2026-06-04,0444,N,nominal,2.0NRT,289.01,2.14,N
-14.76794,-52.67528,307.35,0.44,0.38,2026-06-04,0444,N,nominal,2.0NRT,290.17,1.55,N
-14.76862,-52.67121,300.96,0.44,0.38,2026-06-04,0444,N,nominal,2.0NRT,289.44,1.55,N
-14.77215,-52.67188,330.04,0.44,0.38,2026-06-04,0444,N,nominal,2.0NRT,290.98,1.55,N
-14.76614,-52.68198,299.64,0.44,0.38,2026-06-04,0444,N,nominal,2.0NRT,289.52,1.27,N
-14.76755,-52.67383,307.42,0.44,0.38,2026-06-04,0444,N,nominal,2.0NRT,290.09,2,N
-14.77177,-52.67044,324.64,0.44,0.38,2026-06-04,0444,N,nominal,2.0NRT,290.59,2,N
-14.7753,-52.6711,322.33,0.44,0.38,2026-06-04,0444,N,nominal,2.0NRT,289.66,2.23,N
-14.09272,-58.88305,330.4,0.34,0.56,2026-06-04,0444,N,nominal,2.0NRT,288.6,1.63,N
-14.09209,-58.88626,307.08,0.34,0.56,2026-06-04,0444,N,nominal,2.0NRT,287.43,1.63,N
-14.08506,-59.37704,298.8,0.37,0.58,2026-06-04,0444,N,nominal,2.0NRT,287.53,1.2,N
-14.16358,-58.98758,305.2,0.35,0.57,2026-06-04,0444,N,nominal,2.0NRT,289.25,1.24,N
-14.16427,-58.98415,308.67,0.35,0.57,2026-06-04,0444,N,nominal,2.0NRT,289.59,1.15,N
-14.0877,-59.39163,312.66,0.37,0.58,2026-06-04,0444,N,nominal,2.0NRT,288.77,2.01,N
-14.08838,-59.38825,311.83,0.37,0.58,2026-06-04,0444,N,nominal,2.0NRT,289.04,1.75,N
-14.08906,-59.38488,312.02,0.37,0.58,2026-06-04,0444,N,nominal,2.0NRT,289.14,1.75,N
-14.08974,-59.38152,316.09,0.37,0.58,2026-06-04,0444,N,nominal,2.0NRT,289.3,1.2,N
-14.09042,-59.37818,309.38,0.37,0.58,2026-06-04,0444,N,nominal,2.0NRT,288.77,1.2,N
-14.09306,-59.39277,321.19,0.37,0.58,2026-06-04,0444,N,nominal,2.0NRT,288.39,1.86,N
-14.09374,-59.38937,323.84,0.37,0.58,2026-06-04,0444,N,nominal,2.0NRT,288.64,3.13,N
-14.09443,-59.38598,325.83,0.37,0.58,2026-06-04,0444,N,nominal,2.0NRT,288.83,3.13,N
-14.09511,-59.38262,326.67,0.37,0.58,2026-06-04,0444,N,nominal,2.0NRT,289.24,3.26,N
-14.09237,-59.39619,302.89,0.37,0.58,2026-06-04,0444,N,nominal,2.0NRT,288.19,1.86,N
-15.31673,-55.73823,304.4,0.41,0.45,2026-06-04,0444,N,nominal,2.0NRT,289.52,1.01,N
-15.96292,-52.20975,303.92,0.41,0.37,2026-06-04,0444,N,nominal,2.0NRT,290.31,0.83,N
-15.49346,-55.73693,303.8,0.41,0.45,2026-06-04,0444,N,nominal,2.0NRT,291.39,1.47,N
-15.4949,-55.72903,311.17,0.41,0.45,2026-06-04,0444,N,nominal,2.0NRT,292.02,1.98,N
-15.50046,-56.031,315.89,0.43,0.46,2026-06-04,0446,N,nominal,2.0NRT,290.95,1.67,N
-16.74438,-49.93451,302.03,0.39,0.36,2026-06-04,0446,N,nominal,2.0NRT,288.88,0.41,N
-16.74772,-49.93507,300.63,0.39,0.36,2026-06-04,0446,N,nominal,2.0NRT,288.12,0.39,N
-17.0088,-49.77961,302.35,0.39,0.36,2026-06-04,0446,N,nominal,2.0NRT,291.23,0.87,N
-17.96394,-44.3518,301.28,0.46,0.47,2026-06-04,0446,N,nominal,2.0NRT,273.04,0.61,N
-16.80121,-54.17337,307.67,0.48,0.4,2026-06-04,0446,N,nominal,2.0NRT,292.43,0.85,N
-16.802,-54.16892,305.88,0.48,0.4,2026-06-04,0446,N,nominal,2.0NRT,291.69,0.85,N
-15.65652,-60.34029,337.98,0.4,0.6,2026-06-04,0446,N,nominal,2.0NRT,290.12,4.49,N
-15.6573,-60.33652,311.76,0.4,0.6,2026-06-04,0446,N,nominal,2.0NRT,289.63,2.19,N
-16.12151,-58.50413,335.72,0.6,0.53,2026-06-04,0446,N,nominal,2.0NRT,291.9,4.53,N
-16.1264,-58.50513,308.84,0.6,0.53,2026-06-04,0446,N,nominal,2.0NRT,290.78,4.53,N
-16.13017,-58.51176,315.73,0.6,0.53,2026-06-04,0446,N,nominal,2.0NRT,290.81,2.79,N
-16.14324,-58.49706,301.88,0.59,0.53,2026-06-04,0446,N,nominal,2.0NRT,290.52,1.29,N
-16.14433,-58.49155,300.3,0.59,0.53,2026-06-04,0446,N,nominal,2.0NRT,290.07,1.29,N
-16.18872,-58.47201,341.34,0.59,0.53,2026-06-04,0446,N,nominal,2.0NRT,293.45,9.11,N
-16.18763,-58.47762,305.18,0.59,0.53,2026-06-04,0446,N,nominal,2.0NRT,289.5,1.63,N
-16.1898,-58.46648,317.04,0.59,0.53,2026-06-04,0446,N,nominal,2.0NRT,290.42,9.11,N
-16.438,-57.26983,305.06,0.49,0.49,2026-06-04,0446,N,nominal,2.0NRT,288.94,1.18,N
-16.43888,-57.26511,300.27,0.49,0.49,2026-06-04,0446,N,nominal,2.0NRT,289.24,1.18,N
-16.18608,-58.46798,338.67,0.59,0.53,2026-06-04,0446,N,nominal,2.0NRT,292.34,6.23,N
-16.18382,-58.47914,305.49,0.59,0.53,2026-06-04,0446,N,nominal,2.0NRT,290.15,4.63,N
-16.19093,-58.46907,337.39,0.59,0.53,2026-06-04,0446,N,nominal,2.0NRT,290.96,6.23,N
-16.18981,-58.47463,312.04,0.59,0.53,2026-06-04,0446,N,nominal,2.0NRT,290.64,4.63,N
-16.43929,-57.26844,316.89,0.49,0.49,2026-06-04,0446,N,nominal,2.0NRT,289.05,1.92,N
-15.76448,-61.34117,301.22,0.46,0.64,2026-06-04,0446,N,nominal,2.0NRT,290.6,0.72,N
-15.7654,-61.33681,304.32,0.46,0.64,2026-06-04,0446,N,nominal,2.0NRT,290.68,0.72,N
-15.77126,-61.33815,303.44,0.46,0.64,2026-06-04,0446,N,nominal,2.0NRT,289.96,0.72,N
-15.95519,-60.66008,300.84,0.41,0.61,2026-06-04,0446,N,nominal,2.0NRT,290.04,0.74,N
-15.95598,-60.65626,305.38,0.41,0.61,2026-06-04,0446,N,nominal,2.0NRT,289.98,0.74,N
-15.95749,-60.65887,309.82,0.41,0.61,2026-06-04,0446,N,nominal,2.0NRT,289.55,1.42,N
-16.07328,-60.41308,314.33,0.4,0.6,2026-06-04,0446,N,nominal,2.0NRT,289.58,0.92,N
-16.07406,-60.40933,300.22,0.4,0.6,2026-06-04,0446,N,nominal,2.0NRT,289.74,0.92,N
-16.09367,-60.39806,313.49,0.39,0.6,2026-06-04,0446,N,nominal,2.0NRT,290.57,1.74,N
-16.26819,-59.72578,303.25,0.35,0.57,2026-06-04,0446,N,nominal,2.0NRT,290.97,0.99,N
-16.5925,-58.23712,321.83,0.56,0.52,2026-06-04,0446,N,nominal,2.0NRT,291.23,2.76,N
-16.59987,-58.24988,308.65,0.56,0.52,2026-06-04,0446,N,nominal,2.0NRT,291.1,2.43,N
-16.60093,-58.24453,318.71,0.56,0.52,2026-06-04,0446,N,nominal,2.0NRT,291.1,2.43,N
-16.60463,-58.2509,300.08,0.56,0.52,2026-06-04,0446,N,nominal,2.0NRT,289.46,1.44,N
-16.35375,-59.57587,300.99,0.35,0.56,2026-06-04,0446,N,nominal,2.0NRT,290.09,0.5,N
-16.3544,-59.57268,305.92,0.35,0.56,2026-06-04,0446,N,nominal,2.0NRT,289.75,0.5,N
-16.37781,-59.56432,320.52,0.34,0.56,2026-06-04,0446,N,nominal,2.0NRT,290.86,3.18,N
-16.37846,-59.56109,336.17,0.34,0.56,2026-06-04,0446,N,nominal,2.0NRT,291.05,2.72,N
-16.37906,-59.585,313.62,0.35,0.56,2026-06-04,0446,N,nominal,2.0NRT,290.61,1.47,N
-16.41413,-59.5454,341.63,0.34,0.56,2026-06-04,0446,N,nominal,2.0NRT,291.43,2.74,N
-15.94312,-61.83651,306.44,0.49,0.65,2026-06-04,0446,N,nominal,2.0NRT,289.62,1.44,N
-16.41347,-59.54872,315.45,0.34,0.56,2026-06-04,0446,N,nominal,2.0NRT,290.9,2.74,N
-16.41478,-59.54214,301.52,0.34,0.56,2026-06-04,0446,N,nominal,2.0NRT,289.7,1.16,N
-15.94816,-61.84256,300.15,0.49,0.65,2026-06-04,0446,N,nominal,2.0NRT,289.38,1.49,N
-15.95014,-61.83314,303.67,0.49,0.65,2026-06-04,0446,N,nominal,2.0NRT,289.53,1.13,N
-16.41377,-59.54678,343.71,0.34,0.56,2026-06-04,0446,N,nominal,2.0NRT,291.49,4.8,N
-16.41445,-59.54351,318.07,0.34,0.56,2026-06-04,0446,N,nominal,2.0NRT,290.22,2.52,N
-22.54561,-40.06973,319.84,0.6,0.7,2026-06-04,0306,N,nominal,2.0NRT,285.76,7.33,N
-16.47007,-59.27465,308.06,0.33,0.55,2026-06-04,0446,N,nominal,2.0NRT,289.85,1.02,N
-20.23481,-40.23464,299.24,0.68,0.74,2026-06-04,0306,N,nominal,2.0NRT,269.63,1.91,N
-16.41894,-59.54799,307.74,0.34,0.56,2026-06-04,0446,N,nominal,2.0NRT,290.13,0.66,N
-20.23997,-40.24339,308.89,0.68,0.74,2026-06-04,0306,N,nominal,2.0NRT,268.71,1.74,N
-16.47772,-59.2892,312.16,0.33,0.55,2026-06-04,0446,N,nominal,2.0NRT,289.52,1.01,N
-20.24678,-40.24536,309.26,0.68,0.74,2026-06-04,0306,N,nominal,2.0NRT,268.9,1.74,N
-16.47836,-59.28608,299.94,0.33,0.55,2026-06-04,0446,N,nominal,2.0NRT,289.09,0.8,N
-20.2339,-40.2345,299.32,0.68,0.74,2026-06-04,0306,N,nominal,2.0NRT,269.6,2.3,N
-15.94385,-61.83555,310.07,0.49,0.65,2026-06-04,0446,N,nominal,2.0NRT,289.77,3.03,N
-20.23903,-40.2432,309.02,0.68,0.74,2026-06-04,0306,N,nominal,2.0NRT,269.37,3.63,N
-16.47193,-59.34332,299.77,0.33,0.55,2026-06-04,0446,N,nominal,2.0NRT,289.73,0.52,N
-16.47259,-59.34012,300.52,0.33,0.55,2026-06-04,0446,N,nominal,2.0NRT,290.34,0.52,N
-20.24585,-40.24513,308.09,0.68,0.74,2026-06-04,0306,N,nominal,2.0NRT,269.6,2.68,N
-16.48281,-59.29034,300.2,0.33,0.55,2026-06-04,0446,N,nominal,2.0NRT,289.18,0.46,N
-15.9509,-61.83219,300.2,0.49,0.65,2026-06-04,0446,N,nominal,2.0NRT,289.66,1.43,N
-16.47641,-59.34752,318.08,0.33,0.55,2026-06-04,0446,N,nominal,2.0NRT,290.08,2.24,N
-16.47706,-59.34435,305.49,0.33,0.55,2026-06-04,0446,N,nominal,2.0NRT,289.93,0.52,N
-16.52536,-59.29033,308.71,0.33,0.55,2026-06-04,0446,N,nominal,2.0NRT,290.04,1,N
-16.53304,-59.30495,314.44,0.33,0.55,2026-06-04,0446,N,nominal,2.0NRT,289.51,0.67,N
-16.53366,-59.30187,300.21,0.33,0.55,2026-06-04,0446,N,nominal,2.0NRT,289.36,0.67,N
-16.54125,-59.29058,327.39,0.33,0.55,2026-06-04,0446,N,nominal,2.0NRT,290.85,2.67,N
-16.54187,-59.2875,326.13,0.33,0.55,2026-06-04,0446,N,nominal,2.0NRT,290.53,1.37,N
-16.54249,-59.28442,305.84,0.33,0.55,2026-06-04,0446,N,nominal,2.0NRT,289.79,1.37,N
-16.54311,-59.28137,300.71,0.33,0.55,2026-06-04,0446,N,nominal,2.0NRT,289.37,0.86,N
-16.54373,-59.2783,319.91,0.33,0.55,2026-06-04,0446,N,nominal,2.0NRT,289.69,0.86,N
-16.54636,-59.29161,316.12,0.33,0.55,2026-06-04,0446,N,nominal,2.0NRT,289.8,1.45,N
-16.54698,-59.28851,311.61,0.33,0.55,2026-06-04,0446,N,nominal,2.0NRT,289.79,1.85,N
-16.5482,-59.28244,301.41,0.33,0.55,2026-06-04,0446,N,nominal,2.0NRT,289.73,0.79,N
-16.54881,-59.27942,312.05,0.33,0.55,2026-06-04,0446,N,nominal,2.0NRT,289.21,0.79,N
-16.54958,-59.30205,326.59,0.33,0.55,2026-06-04,0446,N,nominal,2.0NRT,290.85,1.82,N
-16.55021,-59.29891,320.83,0.33,0.55,2026-06-04,0446,N,nominal,2.0NRT,290.62,1.82,N
-16.17195,-61.14419,318.62,0.44,0.62,2026-06-04,0446,N,nominal,2.0NRT,290.63,2.48,N
-16.17282,-61.14002,318.94,0.44,0.62,2026-06-04,0446,N,nominal,2.0NRT,290.59,2.48,N
-16.17368,-61.1359,316.78,0.44,0.62,2026-06-04,0446,N,nominal,2.0NRT,290.47,1.68,N
-16.17453,-61.13185,310.93,0.44,0.62,2026-06-04,0446,N,nominal,2.0NRT,289.98,1.68,N
-16.55084,-59.29578,308.04,0.33,0.55,2026-06-04,0446,N,nominal,2.0NRT,290.3,1.45,N
-16.18027,-61.13316,320.87,0.44,0.62,2026-06-04,0446,N,nominal,2.0NRT,289.89,1.91,N
-16.17943,-61.13722,314.88,0.44,0.62,2026-06-04,0446,N,nominal,2.0NRT,290,1.91,N
-16.55465,-59.30326,314.73,0.33,0.55,2026-06-04,0446,N,nominal,2.0NRT,289.12,1.25,N
-16.55592,-59.29691,311.06,0.33,0.55,2026-06-04,0446,N,nominal,2.0NRT,289.98,0.66,N
-16.55654,-59.29382,302.11,0.33,0.55,2026-06-04,0446,N,nominal,2.0NRT,290.09,0.66,N
-16.56366,-59.3381,308.93,0.33,0.55,2026-06-04,0446,N,nominal,2.0NRT,289.24,1.38,N
-16.56429,-59.33493,316.13,0.33,0.55,2026-06-04,0446,N,nominal,2.0NRT,289.37,1.38,N
-16.56493,-59.33174,315.34,0.33,0.55,2026-06-04,0446,N,nominal,2.0NRT,289.68,0.94,N
-16.56939,-59.33611,301.69,0.33,0.55,2026-06-04,0446,N,nominal,2.0NRT,289.65,0.51,N
-16.57193,-59.32329,300.07,0.33,0.55,2026-06-04,0446,N,nominal,2.0NRT,289.75,0.54,N
-16.57255,-59.32016,300.9,0.33,0.55,2026-06-04,0446,N,nominal,2.0NRT,289.66,0.42,N
-16.58253,-59.29667,314.29,0.33,0.55,2026-06-04,0446,N,nominal,2.0NRT,290.4,0.95,N
-16.17902,-61.14031,301.31,0.44,0.62,2026-06-04,0446,N,nominal,2.0NRT,289.37,2.22,N
-16.1799,-61.13623,313.04,0.44,0.62,2026-06-04,0446,N,nominal,2.0NRT,289.9,1.82,N
-16.18077,-61.13219,316.83,0.44,0.62,2026-06-04,0446,N,nominal,2.0NRT,289.92,1.82,N
-16.56631,-59.33638,333.55,0.33,0.55,2026-06-04,0446,N,nominal,2.0NRT,289.83,3.29,N
-16.56697,-59.33318,316.21,0.33,0.55,2026-06-04,0446,N,nominal,2.0NRT,289.97,1.99,N
-16.58483,-59.29823,312.39,0.33,0.55,2026-06-04,0446,N,nominal,2.0NRT,289.33,0.86,N
-16.58546,-59.29513,304.95,0.33,0.55,2026-06-04,0446,N,nominal,2.0NRT,289.59,0.86,N
-16.49585,-59.80782,305.31,0.36,0.57,2026-06-04,0446,N,nominal,2.0NRT,290.21,0.77,N
-16.50045,-59.8122,303.78,0.36,0.57,2026-06-04,0446,N,nominal,2.0NRT,290.48,0.77,N
-16.11612,-62.01026,341.16,0.5,0.66,2026-06-04,0446,N,nominal,2.0NRT,289.84,6.04,N
-17.45937,-55.19914,330.15,0.53,0.42,2026-06-04,0446,N,nominal,2.0NRT,292.63,3.7,N
-17.46325,-55.19988,324.49,0.53,0.42,2026-06-04,0446,N,nominal,2.0NRT,292.33,3.7,N
-17.46415,-55.19482,335.63,0.53,0.42,2026-06-04,0446,N,nominal,2.0NRT,292.62,4.13,N
-17.46384,-55.19664,337.21,0.53,0.42,2026-06-04,0446,N,nominal,2.0NRT,292.71,3.52,N
-17.4629,-55.20168,315.88,0.53,0.42,2026-06-04,0446,N,nominal,2.0NRT,292.05,3.52,N
-16.11529,-62.01162,342.22,0.5,0.66,2026-06-04,0446,N,nominal,2.0NRT,289.69,4.81,N
-16.65764,-59.65316,303.89,0.34,0.56,2026-06-04,0446,N,nominal,2.0NRT,289.91,0.56,N
-16.65831,-59.64989,299.83,0.34,0.56,2026-06-04,0446,N,nominal,2.0NRT,289.36,0.56,N
-16.67406,-59.59947,309.75,0.34,0.56,2026-06-04,0446,N,nominal,2.0NRT,289.89,1.3,N
-16.44826,-60.77298,302.4,0.41,0.61,2026-06-04,0446,N,nominal,2.0NRT,289.69,0.69,N
-16.45384,-60.77427,304.5,0.41,0.61,2026-06-04,0446,N,nominal,2.0NRT,289.78,0.69,N
-18.86921,-47.64584,296.23,0.46,0.39,2026-06-04,0446,N,nominal,2.0NRT,285.5,0.35,N
-18.39693,-51.45667,305.36,0.39,0.36,2026-06-04,0446,N,nominal,2.0NRT,285.08,0.64,N
-18.39752,-51.45299,299.22,0.39,0.36,2026-06-04,0446,N,nominal,2.0NRT,284.75,0.54,N
-19.60647,-44.06295,307.43,0.5,0.49,2026-06-04,0446,N,nominal,2.0NRT,286.04,1.37,N
-16.82157,-60.94212,302.81,0.41,0.61,2026-06-04,0446,N,nominal,2.0NRT,290.13,0.71,N
-16.82241,-60.93817,300.48,0.41,0.61,2026-06-04,0446,N,nominal,2.0NRT,290.17,0.71,N
-16.82324,-60.93426,300.5,0.41,0.61,2026-06-04,0446,N,nominal,2.0NRT,289.02,0.77,N
-16.82713,-60.94363,304.22,0.41,0.61,2026-06-04,0446,N,nominal,2.0NRT,288.83,0.71,N
-16.82796,-60.93972,300.84,0.41,0.61,2026-06-04,0446,N,nominal,2.0NRT,288.29,0.71,N
-19.82376,-43.13151,302.69,0.58,0.52,2026-06-04,0446,N,nominal,2.0NRT,285.94,2.2,N
-18.23632,-54.59566,314.05,0.48,0.4,2026-06-04,0446,N,nominal,2.0NRT,285.03,1.48,N
-18.23723,-54.59745,314.87,0.48,0.4,2026-06-04,0446,N,nominal,2.0NRT,285.14,1.31,N
-19.12276,-49.7623,297.34,0.4,0.37,2026-06-04,0446,N,nominal,2.0NRT,286.47,0.31,N
-19.12614,-49.76286,297.29,0.4,0.37,2026-06-04,0446,N,nominal,2.0NRT,285.91,0.31,N
-17.47634,-59.5163,304.56,0.33,0.55,2026-06-04,0446,N,nominal,2.0NRT,287.62,1.05,N
-17.47831,-59.53276,305.21,0.33,0.55,2026-06-04,0446,N,nominal,2.0NRT,289.03,1.77,N
-17.47895,-59.52961,308.27,0.33,0.55,2026-06-04,0446,N,nominal,2.0NRT,289.1,1.45,N
-17.48339,-59.53386,325.23,0.33,0.55,2026-06-04,0446,N,nominal,2.0NRT,290.63,3.4,N
-17.48402,-59.53074,323.76,0.33,0.55,2026-06-04,0446,N,nominal,2.0NRT,290.07,3.44,N
-17.48527,-59.52457,331.86,0.33,0.55,2026-06-04,0446,N,nominal,2.0NRT,291.18,10.36,N
-17.4859,-59.52147,346.42,0.33,0.55,2026-06-04,0446,N,nominal,2.0NRT,292.08,10.36,N
-17.48653,-59.51836,367,0.33,0.55,2026-06-04,0446,N,high,2.0NRT,298.56,11.42,N
-17.48464,-59.52766,306.69,0.33,0.55,2026-06-04,0446,N,nominal,2.0NRT,289.04,3.44,N
-17.48715,-59.51526,315.12,0.33,0.55,2026-06-04,0446,N,nominal,2.0NRT,288.98,11.42,N
-17.48777,-59.51218,306.44,0.33,0.55,2026-06-04,0446,N,nominal,2.0NRT,288.9,1.7,N
-17.48841,-59.50905,310.93,0.33,0.55,2026-06-04,0446,N,nominal,2.0NRT,288.77,1.7,N
-17.48967,-59.50279,299.4,0.33,0.55,2026-06-04,0446,N,nominal,2.0NRT,288.72,2.17,N
-17.49029,-59.49972,298.61,0.33,0.55,2026-06-04,0446,N,nominal,2.0NRT,288.36,0.51,N
-17.49091,-59.49667,304.22,0.32,0.55,2026-06-04,0446,N,nominal,2.0NRT,288.29,0.51,N
-17.48407,-59.55676,331.8,0.33,0.55,2026-06-04,0446,N,nominal,2.0NRT,289.51,1.38,N
-17.48785,-59.53806,326.35,0.33,0.55,2026-06-04,0446,N,nominal,2.0NRT,289.75,3.4,N
-17.48848,-59.53495,343.39,0.33,0.55,2026-06-04,0446,N,nominal,2.0NRT,292.22,3.4,N
-17.4891,-59.53185,337.73,0.33,0.55,2026-06-04,0446,N,nominal,2.0NRT,291.32,3.44,N
-17.48973,-59.52872,338.76,0.33,0.55,2026-06-04,0446,N,nominal,2.0NRT,291.63,3.44,N
-17.49036,-59.52562,355.3,0.33,0.55,2026-06-04,0446,N,nominal,2.0NRT,293.84,10.36,N
-17.49098,-59.52252,367,0.33,0.55,2026-06-04,0446,N,high,2.0NRT,295.58,10.36,N
-17.49161,-59.51944,367,0.33,0.55,2026-06-04,0446,N,high,2.0NRT,302.03,11.42,N
-17.49223,-59.51637,349.2,0.33,0.55,2026-06-04,0446,N,nominal,2.0NRT,292.21,11.42,N
-17.49285,-59.5133,328.5,0.33,0.55,2026-06-04,0446,N,nominal,2.0NRT,290.15,1.7,N
-17.49347,-59.51017,323.01,0.33,0.55,2026-06-04,0446,N,nominal,2.0NRT,289.31,1.7,N
-17.48345,-59.55984,300.4,0.33,0.55,2026-06-04,0446,N,nominal,2.0NRT,287.6,1.44,N
-17.4847,-59.55367,306.8,0.33,0.55,2026-06-04,0446,N,nominal,2.0NRT,288.66,1.38,N
-17.49536,-59.50086,298.16,0.33,0.55,2026-06-04,0446,N,nominal,2.0NRT,287.65,0.51,N
-17.48915,-59.55789,327.07,0.33,0.55,2026-06-04,0446,N,nominal,2.0NRT,288.83,1.86,N
-17.49356,-59.53605,367,0.33,0.55,2026-06-04,0446,N,high,2.0NRT,293.12,4.53,N
-17.49419,-59.53289,331.66,0.33,0.55,2026-06-04,0446,N,nominal,2.0NRT,291.24,3.97,N
-17.49483,-59.52974,343.62,0.33,0.55,2026-06-04,0446,N,nominal,2.0NRT,292.06,3.97,N
-17.49545,-59.52663,350.06,0.33,0.55,2026-06-04,0446,N,nominal,2.0NRT,292.61,5.02,N
-17.49607,-59.52357,338.5,0.33,0.55,2026-06-04,0446,N,nominal,2.0NRT,292.81,5.02,N
-17.49669,-59.52052,367,0.33,0.55,2026-06-04,0446,N,high,2.0NRT,298.85,5.86,N
-17.4973,-59.51746,367,0.33,0.55,2026-06-04,0446,N,high,2.0NRT,292.96,5.86,N
-17.48978,-59.55478,315.91,0.33,0.55,2026-06-04,0446,N,nominal,2.0NRT,288.84,1.86,N
-17.4904,-59.5517,302.21,0.33,0.55,2026-06-04,0446,N,nominal,2.0NRT,287.89,0.96,N
-17.49292,-59.5392,308.42,0.33,0.55,2026-06-04,0446,N,nominal,2.0NRT,288.67,4.53,N
-17.49792,-59.51438,305.35,0.33,0.55,2026-06-04,0446,N,nominal,2.0NRT,288.93,1.1,N
-17.49855,-59.51128,306.24,0.33,0.55,2026-06-04,0446,N,nominal,2.0NRT,288.63,1.1,N
-17.48359,-59.61185,328.62,0.33,0.55,2026-06-04,0446,N,nominal,2.0NRT,289.51,4.06,N
-17.48422,-59.60875,341.82,0.33,0.55,2026-06-04,0446,N,nominal,2.0NRT,290.88,2.13,N
-17.49425,-59.55896,323.55,0.33,0.55,2026-06-04,0446,N,nominal,2.0NRT,288.75,1.86,N
-17.49549,-59.5528,323.64,0.33,0.55,2026-06-04,0446,N,nominal,2.0NRT,288.8,0.96,N
-17.49865,-59.53712,342.11,0.33,0.55,2026-06-04,0446,N,nominal,2.0NRT,290.33,4.53,N
-17.49928,-59.53394,324.52,0.33,0.55,2026-06-04,0446,N,nominal,2.0NRT,289.48,3.97,N
-17.50054,-59.52769,323.25,0.33,0.55,2026-06-04,0446,N,nominal,2.0NRT,288.94,5.02,N
-17.50115,-59.52465,325.32,0.33,0.55,2026-06-04,0446,N,nominal,2.0NRT,288.68,5.02,N
-17.48485,-59.60565,304.8,0.33,0.55,2026-06-04,0446,N,nominal,2.0NRT,288.34,2.13,N
-17.49487,-59.55588,313.09,0.33,0.55,2026-06-04,0446,N,nominal,2.0NRT,288.29,1.86,N
-17.49992,-59.53078,315.36,0.33,0.55,2026-06-04,0446,N,nominal,2.0NRT,289.02,3.97,N
-17.50177,-59.52161,311.27,0.33,0.55,2026-06-04,0446,N,nominal,2.0NRT,288.11,5.86,N
-17.50239,-59.51854,303.89,0.33,0.55,2026-06-04,0446,N,nominal,2.0NRT,288,5.86,N
-17.48932,-59.60989,337.31,0.33,0.55,2026-06-04,0446,N,nominal,2.0NRT,289.76,3.43,N
-17.49998,-59.55687,321.51,0.33,0.55,2026-06-04,0446,N,nominal,2.0NRT,288.94,1.48,N
-17.48868,-59.61305,311.94,0.33,0.55,2026-06-04,0446,N,nominal,2.0NRT,288.94,2.82,N
-17.49936,-59.55995,310.32,0.33,0.55,2026-06-04,0446,N,nominal,2.0NRT,288.39,1.48,N
-17.5006,-59.55376,306.83,0.33,0.55,2026-06-04,0446,N,nominal,2.0NRT,288.33,1.35,N
-17.49525,-59.53685,356.48,0.33,0.55,2026-06-04,0446,N,nominal,2.0NRT,291.77,4.74,N
-17.4959,-59.53369,339.13,0.33,0.55,2026-06-04,0446,N,nominal,2.0NRT,291.64,3.66,N
-17.49657,-59.53053,335.78,0.33,0.55,2026-06-04,0446,N,nominal,2.0NRT,291.23,3.66,N
-17.49722,-59.52743,339.43,0.33,0.55,2026-06-04,0446,N,nominal,2.0NRT,291.53,5.89,N
-17.49785,-59.52439,343.74,0.33,0.55,2026-06-04,0446,N,nominal,2.0NRT,291.93,5.89,N
-17.49848,-59.52135,367,0.33,0.55,2026-06-04,0446,N,high,2.0NRT,293.7,7.31,N
-17.49912,-59.5183,355.02,0.33,0.55,2026-06-04,0446,N,nominal,2.0NRT,291.39,7.31,N
-17.4907,-59.55858,317.63,0.33,0.55,2026-06-04,0446,N,nominal,2.0NRT,288.13,1.84,N
-17.49135,-59.55549,306.37,0.33,0.55,2026-06-04,0446,N,nominal,2.0NRT,287.38,1.84,N
-17.49199,-59.55242,305.32,0.33,0.55,2026-06-04,0446,N,nominal,2.0NRT,287.79,1.38,N
-17.48477,-59.61244,337.67,0.33,0.55,2026-06-04,0446,N,nominal,2.0NRT,290.35,6.39,N
-17.48542,-59.60934,367,0.33,0.55,2026-06-04,0446,N,high,2.0NRT,292.84,3.65,N
-17.49644,-59.55655,328.28,0.33,0.55,2026-06-04,0446,N,nominal,2.0NRT,289.24,1.84,N
-17.49709,-59.55348,329.29,0.33,0.55,2026-06-04,0446,N,nominal,2.0NRT,289.79,1.38,N
-17.48607,-59.60623,309.89,0.33,0.55,2026-06-04,0446,N,nominal,2.0NRT,289.35,3.65,N
-17.4958,-59.55962,317.76,0.33,0.55,2026-06-04,0446,N,nominal,2.0NRT,288.21,1.84,N
-17.50035,-59.53786,310.85,0.33,0.55,2026-06-04,0446,N,nominal,2.0NRT,288.39,4.74,N
-17.501,-59.53471,303.24,0.33,0.55,2026-06-04,0446,N,nominal,2.0NRT,288.04,3.66,N
-17.49052,-59.61045,301.28,0.33,0.55,2026-06-04,0446,N,nominal,2.0NRT,288.35,0.69,N
-26.07529,-54.53453,310.66,0.4,0.37,2026-06-04,0449,N,nominal,2.0NRT,283.87,1.24,N
-18.46119,-54.7086,299.27,0.49,0.4,2026-06-04,0446,N,nominal,2.0NRT,286.09,1.07,N
-26.56116,-54.41515,303.69,0.4,0.37,2026-06-04,0449,N,nominal,2.0NRT,284.51,0.73,N
-18.46573,-54.70475,304.63,0.49,0.4,2026-06-04,0446,N,nominal,2.0NRT,286.3,1.07,N
-26.56454,-54.41585,297.56,0.4,0.37,2026-06-04,0449,N,nominal,2.0NRT,284.73,0.73,N
-17.71723,-59.92706,330.37,0.34,0.56,2026-06-04,0446,N,nominal,2.0NRT,287.94,2.16,N
-26.56726,-54.42052,308.38,0.4,0.37,2026-06-04,0449,N,nominal,2.0NRT,285.45,1.23,N
-17.71656,-59.93033,314.74,0.34,0.56,2026-06-04,0446,N,nominal,2.0NRT,287.68,2.16,N
-25.57254,-60.13448,303.4,0.5,0.49,2026-06-04,0449,N,nominal,2.0NRT,288.1,0.99,N
-17.77566,-60.42279,318.97,0.37,0.58,2026-06-04,0446,N,nominal,2.0NRT,287.62,1.2,N
-29.77636,-51.17727,320.94,0.42,0.38,2026-06-04,0449,N,nominal,2.0NRT,281.62,1.34,N
-20.31242,-45.5844,302.98,0.41,0.45,2026-06-04,0446,N,nominal,2.0NRT,288.44,1.01,N
-29.77987,-51.17791,306.82,0.42,0.38,2026-06-04,0449,N,nominal,2.0NRT,281.81,1.34,N
-20.54616,-43.75331,300.87,0.54,0.51,2026-06-04,0446,N,nominal,2.0NRT,285.97,1.32,N
-29.81618,-51.17543,308.24,0.42,0.38,2026-06-04,0449,N,nominal,2.0NRT,285.24,0.93,N
-20.55087,-43.75401,299.96,0.54,0.51,2026-06-04,0446,N,nominal,2.0NRT,284.29,1.32,N
-18.03079,-59.58371,300.9,0.32,0.55,2026-06-04,0446,N,nominal,2.0NRT,287.98,0.64,N
-28.37342,-60.38717,297.32,0.45,0.47,2026-06-04,0449,N,nominal,2.0NRT,277.65,0.69,N
-18.03519,-59.58803,308.43,0.32,0.55,2026-06-04,0446,N,nominal,2.0NRT,288.13,0.61,N
-28.98039,-57.58468,303.06,0.48,0.4,2026-06-04,0449,N,nominal,2.0NRT,280.06,1.09,N
-18.03581,-59.58495,304.05,0.32,0.55,2026-06-04,0446,N,nominal,2.0NRT,287.87,0.61,N
-28.98131,-57.57976,315.42,0.48,0.4,2026-06-04,0449,N,nominal,2.0NRT,280.21,1.98,N
-20.02182,-48.18959,305.49,0.45,0.39,2026-06-04,0446,N,nominal,2.0NRT,288.16,1.09,N
-29.86267,-57.76019,295.02,0.47,0.4,2026-06-04,0451,N,nominal,2.0NRT,278.97,0.77,N
-20.02483,-48.19445,318.15,0.45,0.39,2026-06-04,0446,N,nominal,2.0NRT,290.31,1.46,N
-30.67327,-58.08468,326.97,0.48,0.4,2026-06-04,0451,N,nominal,2.0NRT,280.51,3.44,N
-20.02542,-48.19016,304.96,0.45,0.39,2026-06-04,0446,N,nominal,2.0NRT,287.85,1.46,N
-32.86097,-56.54137,296.59,0.4,0.37,2026-06-04,0451,N,nominal,2.0NRT,284.57,0.54,N
-18.03313,-59.58858,303.44,0.32,0.55,2026-06-04,0446,N,nominal,2.0NRT,288.2,0.99,N
-33.26294,-58.05386,297.19,0.44,0.38,2026-06-04,0451,N,nominal,2.0NRT,281.47,1.03,N
-18.03377,-59.5855,315.51,0.32,0.55,2026-06-04,0446,N,nominal,2.0NRT,288.39,0.99,N
-33.26377,-58.05602,298.08,0.44,0.38,2026-06-04,0451,N,nominal,2.0NRT,281.03,1.06,N
-18.03442,-59.58242,303.15,0.32,0.55,2026-06-04,0446,N,nominal,2.0NRT,288.36,0.7,N
-34.87031,-57.9222,298.15,0.42,0.38,2026-06-04,0451,N,nominal,2.0NRT,276.9,0.51,N
-20.02842,-48.19502,319.06,0.45,0.39,2026-06-04,0446,N,nominal,2.0NRT,286.9,1.46,N
-37.42603,-69.17341,324.86,0.42,0.61,2026-06-04,0453,N,nominal,2.0NRT,271.53,1.98,N
-18.06081,-59.58227,307.02,0.32,0.55,2026-06-04,0446,N,nominal,2.0NRT,287.58,0.48,N
-18.06583,-59.58345,311.62,0.32,0.55,2026-06-04,0446,N,nominal,2.0NRT,287.48,0.48,N
-18.06003,-59.63693,308.61,0.32,0.55,2026-06-04,0446,N,nominal,2.0NRT,288,0.96,N
-18.07457,-59.61772,299.05,0.32,0.55,2026-06-04,0446,N,nominal,2.0NRT,288.3,0.66,N
-18.07961,-59.61891,300.66,0.32,0.55,2026-06-04,0446,N,nominal,2.0NRT,287.21,0.66,N
-18.13209,-59.41394,356.51,0.62,0.54,2026-06-04,0446,N,nominal,2.0NRT,289.1,15.87,N
-18.13706,-59.4151,302.09,0.62,0.54,2026-06-04,0446,N,nominal,2.0NRT,286.17,1.23,N
-19.1672,-55.18324,306.85,0.5,0.41,2026-06-04,0446,N,nominal,2.0NRT,286.86,1.4,N
-19.1701,-55.1888,313.81,0.5,0.41,2026-06-04,0446,N,nominal,2.0NRT,287.08,1.97,N
-18.53117,-58.58427,303.65,0.54,0.51,2026-06-04,0446,N,nominal,2.0NRT,289.07,1.75,N
-18.53219,-58.57911,317.27,0.54,0.51,2026-06-04,0446,N,nominal,2.0NRT,288.97,1.75,N
-18.53481,-58.59053,326.44,0.54,0.51,2026-06-04,0446,N,nominal,2.0NRT,289.55,3.65,N
-18.53584,-58.58535,303.63,0.54,0.51,2026-06-04,0446,N,nominal,2.0NRT,288.74,1.75,N
-18.53949,-58.5916,331.37,0.54,0.51,2026-06-04,0446,N,nominal,2.0NRT,290.83,3.51,N
-18.53846,-58.5968,307.61,0.54,0.51,2026-06-04,0446,N,nominal,2.0NRT,289.46,3.51,N
-18.54052,-58.58642,299.34,0.54,0.51,2026-06-04,0446,N,nominal,2.0NRT,289.04,1.39,N
-20.55521,-46.3615,306.32,0.56,0.43,2026-06-04,0446,N,nominal,2.0NRT,285.83,1.62,N
-18.54782,-58.59896,345.59,0.54,0.51,2026-06-04,0446,N,nominal,2.0NRT,291.4,9.01,N
-18.54679,-58.60418,311.88,0.55,0.51,2026-06-04,0446,N,nominal,2.0NRT,288.84,5.58,N
-18.56025,-58.5855,301.86,0.54,0.51,2026-06-04,0446,N,nominal,2.0NRT,288.6,1.1,N
-18.56288,-58.59698,300.89,0.54,0.51,2026-06-04,0446,N,nominal,2.0NRT,288.72,0.9,N
-18.5639,-58.59177,301.87,0.54,0.51,2026-06-04,0446,N,nominal,2.0NRT,288.33,1.1,N
-18.54797,-58.60116,342.56,0.54,0.51,2026-06-04,0446,N,nominal,2.0NRT,291.17,9.67,N
-18.54903,-58.59596,314.97,0.54,0.51,2026-06-04,0446,N,nominal,2.0NRT,288.96,3.78,N
-18.54945,-58.61787,301.7,0.55,0.51,2026-06-04,0446,N,nominal,2.0NRT,288.49,1.6,N
-18.5605,-58.58772,302.38,0.54,0.51,2026-06-04,0446,N,nominal,2.0NRT,288.83,0.98,N
-18.56156,-58.58253,299.11,0.54,0.51,2026-06-04,0446,N,nominal,2.0NRT,288.1,0.98,N
-18.56412,-58.59397,301.78,0.54,0.51,2026-06-04,0446,N,nominal,2.0NRT,288.36,1.58,N
-18.58273,-58.64717,299.79,0.55,0.51,2026-06-04,0446,N,nominal,2.0NRT,287.64,0.7,N
-18.58377,-58.64199,297.4,0.55,0.51,2026-06-04,0446,N,nominal,2.0NRT,287.33,0.7,N
-18.58637,-58.65344,302.33,0.55,0.51,2026-06-04,0446,N,nominal,2.0NRT,287.35,1.18,N
-19.73631,-53.55188,320.42,0.42,0.38,2026-06-04,0446,N,nominal,2.0NRT,288.02,2.31,N
-19.73701,-53.54784,307.75,0.42,0.38,2026-06-04,0446,N,nominal,2.0NRT,286.54,2.31,N
-19.73979,-53.55256,331,0.42,0.38,2026-06-04,0446,N,nominal,2.0NRT,286.83,2.31,N
-19.74049,-53.54851,296.25,0.42,0.38,2026-06-04,0446,N,nominal,2.0NRT,285.11,2.31,N
-20.76333,-46.76804,299.43,0.54,0.42,2026-06-04,0446,N,nominal,2.0NRT,287.22,1.3,N
-18.98541,-58.07252,300.24,0.5,0.49,2026-06-04,0446,N,nominal,2.0NRT,287.5,0.95,N
-18.98899,-58.07826,307.85,0.5,0.49,2026-06-04,0446,N,nominal,2.0NRT,287.08,0.95,N
-18.9899,-58.07353,301.23,0.5,0.49,2026-06-04,0446,N,nominal,2.0NRT,287.13,0.95,N
-18.98573,-58.07468,314.12,0.5,0.49,2026-06-04,0446,N,nominal,2.0NRT,287.4,1.67,N
-18.99022,-58.07567,301.77,0.5,0.49,2026-06-04,0446,N,nominal,2.0NRT,286.91,0.84,N
-19.72631,-54.65238,302.03,0.47,0.4,2026-06-04,0446,N,nominal,2.0NRT,286.16,0.9,N
-18.19115,-62.79898,312.55,0.51,0.66,2026-06-04,0446,N,nominal,2.0NRT,288.24,2.9,N
-18.19026,-62.79842,311.27,0.51,0.66,2026-06-04,0446,N,nominal,2.0NRT,288.55,3.98,N
-20.49631,-54.67789,301.98,0.46,0.39,2026-06-04,0446,N,nominal,2.0NRT,286.99,0.44,N
-20.49656,-54.67639,299.39,0.46,0.39,2026-06-04,0446,N,nominal,2.0NRT,286.84,0.65,N
-21.26139,-50.29702,323.91,0.39,0.37,2026-06-04,0446,N,nominal,2.0NRT,290.7,2.19,N
-21.26081,-50.30084,318.03,0.39,0.37,2026-06-04,0446,N,nominal,2.0NRT,287.89,2.35,N
-21.55171,-48.5982,349.83,0.45,0.39,2026-06-04,0446,N,nominal,2.0NRT,291.42,4.3,N
-21.55233,-48.59384,319.38,0.45,0.39,2026-06-04,0446,N,nominal,2.0NRT,287.88,4.3,N
-21.55591,-48.59445,300.9,0.45,0.39,2026-06-04,0446,N,nominal,2.0NRT,286.83,1.44,N
-21.55126,-49.87178,328.54,0.41,0.37,2026-06-04,0446,N,nominal,2.0NRT,289.04,6.66,N
-21.55184,-49.86786,321.39,0.41,0.37,2026-06-04,0446,N,nominal,2.0NRT,289.98,5.28,N
-22.90515,-43.735,345.69,0.58,0.52,2026-06-04,0446,N,nominal,2.0NRT,289.86,5.45,N
-22.91003,-43.73561,320.25,0.58,0.52,2026-06-04,0446,N,nominal,2.0NRT,286.7,5.45,N
-22.91065,-43.72988,329.41,0.58,0.52,2026-06-04,0446,N,nominal,2.0NRT,287.42,5.45,N
-22.9094,-43.74136,317.61,0.58,0.52,2026-06-04,0446,N,nominal,2.0NRT,287.71,5.68,N
-22.91553,-43.73048,304.43,0.58,0.52,2026-06-04,0446,N,nominal,2.0NRT,285.71,1.68,N
-22.92277,-43.75465,305.68,0.58,0.52,2026-06-04,0446,N,nominal,2.0NRT,287.55,3.26,N
-22.90274,-43.73557,324.2,0.58,0.52,2026-06-04,0446,N,nominal,2.0NRT,288.37,4.13,N
-22.90762,-43.73619,330.61,0.58,0.52,2026-06-04,0446,N,nominal,2.0NRT,288.13,4.13,N
-22.90704,-43.74195,310.69,0.58,0.52,2026-06-04,0446,N,nominal,2.0NRT,288.6,4.13,N
-22.91309,-43.73106,336.7,0.58,0.52,2026-06-04,0446,N,nominal,2.0NRT,287.6,4.35,N
-22.9125,-43.7368,306.13,0.58,0.52,2026-06-04,0446,N,nominal,2.0NRT,285.94,3.77,N
-22.92049,-43.75527,304.59,0.58,0.52,2026-06-04,0446,N,nominal,2.0NRT,287.47,1.2,N
-22.92537,-43.7559,300.47,0.58,0.52,2026-06-04,0446,N,nominal,2.0NRT,286.57,1.2,N
-22.53925,-48.81339,304.4,0.45,0.39,2026-06-04,0446,N,nominal,2.0NRT,289.74,1.17,N
-22.69388,-47.65699,315.18,0.51,0.41,2026-06-04,0446,N,nominal,2.0NRT,286.81,1.7,N
-22.69769,-47.65754,301.31,0.51,0.41,2026-06-04,0446,N,nominal,2.0NRT,287.51,0.96,N
-22.68325,-50.47563,297.07,0.4,0.37,2026-06-04,0446,N,nominal,2.0NRT,286.34,0.33,N
-23.43722,-47.08719,309.08,0.55,0.43,2026-06-04,0446,N,nominal,2.0NRT,286.68,1.85,N
-21.55225,-58.61198,332.14,0.48,0.48,2026-06-04,0446,N,nominal,2.0NRT,290.7,2.74,N
-21.55131,-58.61663,313.18,0.48,0.48,2026-06-04,0446,N,nominal,2.0NRT,289.87,2.74,N
-23.4412,-47.08775,307.01,0.55,0.43,2026-06-04,0446,N,nominal,2.0NRT,285.39,1.85,N
-21.55574,-58.61766,313.95,0.48,0.48,2026-06-04,0446,N,nominal,2.0NRT,288.62,1.51,N
-21.55667,-58.613,306.75,0.48,0.48,2026-06-04,0446,N,nominal,2.0NRT,287.51,1.51,N
-23.54611,-47.63627,296.63,0.52,0.41,2026-06-04,0446,N,nominal,2.0NRT,284.21,0.38,N
-21.95303,-57.5967,318.03,0.41,0.45,2026-06-04,0446,N,nominal,2.0NRT,291.29,1.69,N
-21.32941,-61.0353,301.29,0.34,0.56,2026-06-04,0446,N,nominal,2.0NRT,289.11,0.66,N
-21.33014,-61.03199,300.99,0.34,0.56,2026-06-04,0446,N,nominal,2.0NRT,289.03,0.66,N
-21.33239,-61.04655,305.44,0.34,0.56,2026-06-04,0446,N,nominal,2.0NRT,289.23,1.52,N
-21.33312,-61.04322,312.78,0.34,0.56,2026-06-04,0446,N,nominal,2.0NRT,289.53,1.37,N
-21.33385,-61.03991,305.97,0.34,0.56,2026-06-04,0446,N,nominal,2.0NRT,289.39,1.37,N
-22.97162,-52.69428,310.4,0.39,0.36,2026-06-04,0446,N,nominal,2.0NRT,286.3,0.99,N
-23.50961,-50.04387,298.11,0.41,0.37,2026-06-04,0446,N,nominal,2.0NRT,286.49,0.58,N
-24.65149,-42.51381,367,0.36,0.57,2026-06-04,0446,N,high,2.0NRT,288.78,6.02,N
-24.65082,-42.52114,308.08,0.36,0.57,2026-06-04,0446,N,nominal,2.0NRT,284.9,1.61,N
-24.65116,-42.51748,319.52,0.36,0.57,2026-06-04,0446,N,nominal,2.0NRT,285.57,6.02,N
-23.07272,-55.18204,299.95,0.45,0.39,2026-06-04,0446,N,nominal,2.0NRT,284.01,0.63,N
-24.7903,-42.51008,303.45,0.36,0.57,2026-06-04,0446,N,nominal,2.0NRT,281.52,1.27,N
-21.88489,-61.88224,307.47,0.38,0.58,2026-06-04,0446,N,nominal,2.0NRT,288.36,1.3,N
-21.8857,-61.87857,311.47,0.38,0.58,2026-06-04,0446,N,nominal,2.0NRT,288.13,1.07,N
-21.8865,-61.87491,307.57,0.38,0.58,2026-06-04,0446,N,nominal,2.0NRT,288.06,1.07,N
-21.88237,-61.87373,301.95,0.37,0.58,2026-06-04,0446,N,nominal,2.0NRT,287.6,0.47,N
-21.88608,-61.88242,306.94,0.38,0.58,2026-06-04,0446,N,nominal,2.0NRT,287.9,1.05,N
-21.88691,-61.87875,308.99,0.38,0.58,2026-06-04,0446,N,nominal,2.0NRT,287.84,0.7,N
-21.88774,-61.8751,300.81,0.37,0.58,2026-06-04,0446,N,nominal,2.0NRT,287.5,0.7,N
-22.54093,-59.74845,307.69,0.54,0.51,2026-06-04,0449,N,nominal,2.0NRT,289.85,2.35,N
-22.54202,-59.7432,307.91,0.54,0.51,2026-06-04,0449,N,nominal,2.0NRT,289.53,1.74,N
-23.2675,-60.13317,301.36,0.55,0.51,2026-06-04,0449,N,nominal,2.0NRT,288.45,1.33,N
-25.19372,-49.32629,301.84,0.45,0.39,2026-06-04,0449,N,nominal,2.0NRT,283.73,0.89,N
-23.15605,-61.29465,307.95,0.33,0.55,2026-06-04,0449,N,nominal,2.0NRT,289.25,1.22,N
-23.15675,-61.29146,312.41,0.33,0.55,2026-06-04,0449,N,nominal,2.0NRT,289.33,0.86,N
-23.15745,-61.28826,303.86,0.33,0.55,2026-06-04,0449,N,nominal,2.0NRT,288.73,0.86,N
-23.58255,-60.90736,303.19,0.6,0.53,2026-06-04,0449,N,nominal,2.0NRT,287.03,1.04,N
-24.09977,-59.51073,300.94,0.49,0.48,2026-06-04,0449,N,nominal,2.0NRT,287.76,0.83,N
-24.51838,-60.63364,324.67,0.56,0.51,2026-06-04,0449,N,nominal,2.0NRT,288.7,3.36,N
-24.52311,-60.63487,327.73,0.56,0.51,2026-06-04,0449,N,nominal,2.0NRT,288.61,4.2,N
-25.6107,-55.40992,296.58,0.43,0.38,2026-06-04,0449,N,nominal,2.0NRT,281.78,0.99,N
-24.68896,-60.73879,309.06,0.56,0.52,2026-06-04,0449,N,nominal,2.0NRT,287.23,1.59,N
-37.71766,-69.13472,317.49,0.41,0.6,2026-06-04,0631,N,nominal,2.0NRT,271.46,1.55,N
-37.71791,-69.13006,307.28,0.41,0.6,2026-06-04,0631,N,nominal,2.0NRT,270.57,1.55,N
-7.94168,-71.46185,330.35,0.43,0.38,2026-06-04,0622,N,nominal,2.0NRT,289.81,3.4,N
-7.94578,-71.45849,306.03,0.43,0.38,2026-06-04,0622,N,nominal,2.0NRT,289.16,0.99,N
-7.94675,-71.45773,303.27,0.43,0.38,2026-06-04,0622,N,nominal,2.0NRT,288.84,0.46,N
-8.39724,-70.48391,324.3,0.47,0.4,2026-06-04,0622,N,nominal,2.0NRT,289.36,2.92,N
-8.02295,-79.04998,308.03,0.4,0.44,2026-06-04,0622,N,nominal,2.0NRT,289.14,1.27,N
-10.81729,-66.45317,316.61,0.6,0.53,2026-06-04,0622,N,nominal,2.0NRT,291.11,1.08,N
-10.82223,-66.45384,317.75,0.6,0.53,2026-06-04,0622,N,nominal,2.0NRT,291.79,2.72,N
-10.81841,-66.45406,309.36,0.6,0.53,2026-06-04,0622,N,nominal,2.0NRT,291.42,2.69,N
-10.81913,-66.44843,314.72,0.6,0.53,2026-06-04,0622,N,nominal,2.0NRT,291.21,2.69,N
-9.05146,-78.60426,308.16,0.55,0.42,2026-06-04,0622,N,nominal,2.0NRT,290.61,1.62,N
-9.05538,-78.60493,304.14,0.55,0.42,2026-06-04,0622,N,nominal,2.0NRT,290.2,1.67,N
-9.0588,-78.60303,320.92,0.55,0.42,2026-06-04,0622,N,nominal,2.0NRT,291.03,2.46,N
-15.74504,-64.13988,311.06,0.5,0.66,2026-06-04,0625,N,nominal,2.0NRT,286.96,2.82,N
-15.75067,-64.14533,315.01,0.5,0.66,2026-06-04,0625,N,nominal,2.0NRT,285.12,1.92,N
-15.74485,-64.14099,300.75,0.5,0.66,2026-06-04,0625,N,nominal,2.0NRT,285.56,1.76,N
-15.74533,-64.13627,299.93,0.5,0.66,2026-06-04,0625,N,nominal,2.0NRT,287.31,2.36,N
-15.75051,-64.14647,307.83,0.5,0.66,2026-06-04,0625,N,nominal,2.0NRT,283.48,1.76,N
-16.17804,-61.13799,317.74,0.78,0.78,2026-06-04,0625,N,nominal,2.0NRT,289.39,5.79,N
-16.1788,-61.12997,300.1,0.79,0.78,2026-06-04,0625,N,nominal,2.0NRT,288.68,2.07,N
-16.17698,-61.1433,305.5,0.78,0.78,2026-06-04,0625,N,nominal,2.0NRT,288.91,4.57,N
-16.17768,-61.13541,317.69,0.79,0.78,2026-06-04,0625,N,nominal,2.0NRT,289.51,2.41,N
-16.18503,-61.13618,298.94,0.79,0.78,2026-06-04,0625,N,nominal,2.0NRT,288.78,2.41,N
-16.11855,-62.01252,318.4,0.69,0.74,2026-06-04,0625,N,nominal,2.0NRT,287.89,3.23,N
-14.85123,-74.98473,300.14,0.39,0.36,2026-06-04,0625,N,nominal,2.0NRT,286.86,1,N
-15.78507,-71.85532,297.31,0.49,0.4,2026-06-04,0625,N,nominal,2.0NRT,271.92,1.71,N
-22.31815,-68.88251,308.71,0.59,0.53,2026-06-04,0627,N,nominal,2.0NRT,278.38,2.87,N
-22.31453,-68.8829,301.49,0.59,0.53,2026-06-04,0627,N,nominal,2.0NRT,279.69,2.98,N
11.74857,-70.17278,319.95,0.39,0.36,2026-06-04,0618,N,nominal,2.0NRT,288.38,1.78,N
11.74189,-70.19578,305.96,0.39,0.36,2026-06-04,0618,N,nominal,2.0NRT,288.89,1.51,N
11.69637,-69.90455,317.74,0.39,0.36,2026-06-04,0618,N,nominal,2.0NRT,289.96,1.3,N
11.73854,-70.19632,336.14,0.39,0.36,2026-06-04,0618,N,nominal,2.0NRT,291.77,6.86,N
11.73799,-70.19274,320.59,0.39,0.36,2026-06-04,0618,N,nominal,2.0NRT,289.41,6.86,N
11.7352,-70.19685,325.36,0.39,0.36,2026-06-04,0618,N,nominal,2.0NRT,288.5,6.86,N
11.73465,-70.19329,306.68,0.39,0.36,2026-06-04,0618,N,nominal,2.0NRT,288.47,6.86,N
11.73687,-70.22954,307.38,0.39,0.36,2026-06-04,0618,N,nominal,2.0NRT,288.49,1.36,N
11.65233,-70.14802,318.53,0.39,0.36,2026-06-04,0618,N,nominal,2.0NRT,289.68,1.76,N
11.63303,-70.2347,327.47,0.39,0.36,2026-06-04,0618,N,nominal,2.0NRT,289.4,2.72,N
11.62969,-70.23523,344.94,0.39,0.36,2026-06-04,0618,N,nominal,2.0NRT,289.22,6.77,N
11.62078,-70.22203,306.67,0.39,0.36,2026-06-04,0618,N,nominal,2.0NRT,288.75,0.97,N
10.07758,-64.86108,310.9,0.57,0.43,2026-06-04,0618,N,nominal,2.0NRT,289.66,1.69,N
10.07669,-64.8559,312.26,0.57,0.43,2026-06-04,0618,N,nominal,2.0NRT,289.64,1.69,N
10.07502,-64.8935,308.63,0.57,0.43,2026-06-04,0618,N,nominal,2.0NRT,289.41,2.74,N
10.05595,-64.85445,324.4,0.57,0.43,2026-06-04,0618,N,nominal,2.0NRT,289.96,2.49,N
10.05867,-64.86999,313.24,0.57,0.43,2026-06-04,0618,N,nominal,2.0NRT,289.73,2.12,N
10.05686,-64.85966,305.55,0.57,0.43,2026-06-04,0618,N,nominal,2.0NRT,289.42,3.4,N
10.05739,-64.88611,331.02,0.57,0.43,2026-06-04,0618,N,nominal,2.0NRT,286.8,4.56,N
10.05199,-64.85522,323.86,0.57,0.43,2026-06-04,0618,N,nominal,2.0NRT,287.9,2.49,N
10.05472,-64.87084,313.06,0.57,0.43,2026-06-04,0618,N,nominal,2.0NRT,288.6,2.12,N
10.0529,-64.86044,313.65,0.57,0.43,2026-06-04,0618,N,nominal,2.0NRT,287.7,3.4,N
10.17758,-67.94687,305.97,0.41,0.37,2026-06-04,0620,N,nominal,2.0NRT,286.95,0.63,N
10.08791,-69.3649,307.08,0.38,0.36,2026-06-04,0620,N,nominal,2.0NRT,282.59,0.71,N
10.08407,-69.3835,305.75,0.38,0.36,2026-06-04,0620,N,nominal,2.0NRT,282.33,0.74,N
10.03091,-69.11478,300.46,0.39,0.36,2026-06-04,0620,N,nominal,2.0NRT,278.61,0.98,N
9.29899,-65.67271,296.68,0.52,0.42,2026-06-04,0620,N,nominal,2.0NRT,278.15,1.16,N
4.4995,-74.14129,318.88,0.46,0.39,2026-06-04,0620,N,nominal,2.0NRT,278.71,1.98,N
-0.08136,-77.66299,298.68,0.43,0.46,2026-06-04,0622,N,nominal,2.0NRT,274.11,1.08,N
-3.98469,-79.3903,338.81,0.49,0.48,2026-06-04,0625,N,nominal,2.0NRT,275.34,7.29,N
-22.08888,-39.83027,349.65,0.62,0.71,2026-06-04,1533,N,nominal,2.0NRT,290.69,9.53,D
-22.0858,-39.82879,332.05,0.62,0.71,2026-06-04,1533,N,nominal,2.0NRT,289.52,8.41,D
-22.08629,-39.83504,334.11,0.62,0.71,2026-06-04,1533,N,nominal,2.0NRT,289.02,6.09,D
-17.36077,-42.18882,332.07,0.79,0.78,2026-06-04,1535,N,nominal,2.0NRT,286.86,8.26,D
-17.3611,-42.19001,328.94,0.79,0.78,2026-06-04,1535,N,nominal,2.0NRT,286.53,4.14,D
-9.01049,-40.99522,339.59,0.52,0.67,2026-06-04,1537,N,nominal,2.0NRT,285.18,3.99,D
-7.74687,-38.06986,327.81,0.32,0.54,2026-06-04,1537,N,nominal,2.0NRT,290.48,2.16,D
-7.45059,-36.7955,333.25,0.52,0.5,2026-06-04,1537,N,nominal,2.0NRT,293.72,3.42,D
-6.03704,-35.31234,337.24,0.4,0.44,2026-06-04,1537,N,nominal,2.0NRT,294,2.55,D
-6.9883,-42.88431,349.53,0.66,0.73,2026-06-04,1537,N,nominal,2.0NRT,291.9,14.02,D
-6.9879,-42.88575,355.35,0.66,0.73,2026-06-04,1537,N,nominal,2.0NRT,291.91,11.93,D
-6.82482,-43.51321,328.91,0.72,0.76,2026-06-04,1537,N,nominal,2.0NRT,289.12,5.56,D
-5.51958,-37.48603,330.24,0.54,0.51,2026-06-04,1537,N,nominal,2.0NRT,293.14,4.98,D
-4.36473,-37.89816,326.07,0.55,0.51,2026-06-04,1539,N,nominal,2.0NRT,292.29,4.62,D
-4.36547,-37.90318,336.26,0.55,0.51,2026-06-04,1539,N,nominal,2.0NRT,293.79,4.62,D
-4.63461,-43.05112,337.19,0.63,0.72,2026-06-04,1539,N,nominal,2.0NRT,286,6.73,D
-4.62792,-43.05196,336.41,0.63,0.72,2026-06-04,1539,N,nominal,2.0NRT,285.2,6.73,D
-3.11843,-42.6703,338.66,0.56,0.69,2026-06-04,1539,N,nominal,2.0NRT,283.65,8.15,D
-2.8613,-42.02313,345.92,0.5,0.66,2026-06-04,1539,N,nominal,2.0NRT,287.05,9.06,D
-2.86168,-42.02206,331.25,0.5,0.66,2026-06-04,1539,N,nominal,2.0NRT,286.48,5.27,D
-2.85558,-42.02297,325.24,0.5,0.66,2026-06-04,1539,N,nominal,2.0NRT,286.35,3.84,D
10.21263,-66.32807,332.4,0.52,0.5,2026-06-04,1726,N,nominal,2.0NRT,288.01,4.22,D
10.3389,-66.03806,343.49,0.5,0.49,2026-06-04,1726,N,nominal,2.0NRT,292.32,8.15,D
10.37966,-66.02412,348.59,0.5,0.49,2026-06-04,1726,N,nominal,2.0NRT,292.75,18.26,D
10.37885,-66.02867,355.67,0.5,0.49,2026-06-04,1726,N,nominal,2.0NRT,293.64,18.26,D
10.59058,-66.4778,341.67,0.53,0.5,2026-06-04,1726,N,nominal,2.0NRT,288.17,7.45,D
10.59975,-66.45258,330.02,0.53,0.5,2026-06-04,1726,N,nominal,2.0NRT,289.49,3.15,D
10.59517,-66.47875,335.88,0.53,0.5,2026-06-04,1726,N,nominal,2.0NRT,289.3,7.45,D
10.60838,-66.48483,328.29,0.53,0.5,2026-06-04,1726,N,nominal,2.0NRT,289.66,4.24,D
10.59382,-66.48125,342.15,0.53,0.5,2026-06-04,1726,N,nominal,2.0NRT,289.5,9.95,D
10.60299,-66.45697,328.2,0.53,0.5,2026-06-04,1726,N,nominal,2.0NRT,289.08,6.07,D
10.60789,-66.48227,332.35,0.53,0.5,2026-06-04,1726,N,nominal,2.0NRT,289.76,5.97,D
10.59853,-68.65734,327.75,0.37,0.58,2026-06-04,1726,N,nominal,2.0NRT,278.53,3.15,D
10.5979,-68.66074,337.23,0.37,0.58,2026-06-04,1726,N,nominal,2.0NRT,276.73,3.15,D
10.61267,-69.06995,330.33,0.39,0.6,2026-06-04,1726,N,nominal,2.0NRT,276.63,2.21,D
10.83955,-68.3744,331.46,0.35,0.57,2026-06-04,1726,N,nominal,2.0NRT,282.52,2.57,D
11.07342,-68.70863,327.77,0.37,0.58,2026-06-04,1726,N,nominal,2.0NRT,281.67,4.65,D
11.38884,-69.16128,331.17,0.39,0.59,2026-06-04,1726,N,nominal,2.0NRT,281.22,5.16,D
11.42802,-69.31657,343.94,0.4,0.6,2026-06-04,1726,N,nominal,2.0NRT,282.62,6.77,D
11.73657,-70.19822,352.32,0.45,0.63,2026-06-04,1726,N,nominal,2.0NRT,280.54,9.67,D
11.7374,-70.19394,356.86,0.45,0.63,2026-06-04,1726,N,low,2.0NRT,281.5,9.67,D
11.73699,-70.19384,351.41,0.45,0.63,2026-06-04,1726,N,nominal,2.0NRT,281.2,6.77,D
11.73614,-70.19811,345.58,0.45,0.63,2026-06-04,1726,N,nominal,2.0NRT,281.29,6.77,D
-13.66203,-53.86612,338.24,0.38,0.36,2026-06-04,1717,N,nominal,2.0NRT,305.71,4.14,D
-32.5502,-58.11672,341.14,0.59,0.52,2026-06-04,1711,N,nominal,2.0NRT,276.52,7.38,D
-13.65871,-53.86665,335.56,0.38,0.36,2026-06-04,1717,N,nominal,2.0NRT,302.4,3.72,D
-26.21622,-54.68087,344.08,0.48,0.4,2026-06-04,1713,N,nominal,2.0NRT,296.28,8.14,D
-14.33825,-58.62254,346.55,0.57,0.43,2026-06-04,1717,N,nominal,2.0NRT,312.08,44.21,D
-31.58158,-53.78208,333.82,0.5,0.41,2026-06-04,1711,N,nominal,2.0NRT,294.13,4.22,D
-14.33353,-58.61782,339.84,0.57,0.43,2026-06-04,1717,N,nominal,2.0NRT,313.96,44.21,D
-30.77754,-51.59839,325.15,0.41,0.37,2026-06-04,1713,N,nominal,2.0NRT,293.82,1.24,D
-14.33424,-58.62308,349.28,0.57,0.43,2026-06-04,1717,N,nominal,2.0NRT,305.53,44.21,D
-30.85877,-53.48998,329.88,0.48,0.4,2026-06-04,1713,N,nominal,2.0NRT,294.35,4.06,D
-14.33023,-58.62361,367,0.57,0.43,2026-06-04,1717,N,high,2.0NRT,333.53,60.75,D
-30.85745,-53.48781,334.02,0.48,0.4,2026-06-04,1713,N,nominal,2.0NRT,295.1,4.21,D
-14.32952,-58.61835,338.03,0.57,0.43,2026-06-04,1717,N,nominal,2.0NRT,306.23,60.75,D
-30.64244,-52.76274,343.27,0.44,0.39,2026-06-04,1713,N,nominal,2.0NRT,296.93,6.31,D
-14.32622,-58.62414,344.52,0.57,0.43,2026-06-04,1717,N,nominal,2.0NRT,306.42,60.75,D
-30.64307,-52.76754,336.68,0.44,0.39,2026-06-04,1713,N,nominal,2.0NRT,293.19,6.31,D
-14.32293,-58.62999,329.64,0.57,0.43,2026-06-04,1717,N,nominal,2.0NRT,303.99,25.85,D
-30.61792,-52.74295,345.22,0.44,0.39,2026-06-04,1713,N,nominal,2.0NRT,296.6,9.5,D
-14.31964,-58.63586,367,0.57,0.43,2026-06-04,1717,N,high,2.0NRT,310.6,25.85,D
-30.43758,-51.47841,327.39,0.4,0.37,2026-06-04,1713,N,nominal,2.0NRT,294.75,1.55,D
-14.32035,-58.6412,334.78,0.57,0.43,2026-06-04,1717,N,nominal,2.0NRT,304.51,13.31,D
-30.27923,-51.81531,343.18,0.41,0.37,2026-06-04,1713,N,nominal,2.0NRT,304.32,20.41,D
-14.31378,-58.65312,340.63,0.57,0.43,2026-06-04,1717,N,nominal,2.0NRT,300.21,3.88,D
-30.2758,-51.81605,333.78,0.41,0.37,2026-06-04,1713,N,nominal,2.0NRT,296.43,20.41,D
-14.30905,-58.64832,338.3,0.57,0.43,2026-06-04,1717,N,nominal,2.0NRT,301.82,8,D
-30.25784,-51.76232,331.82,0.41,0.37,2026-06-04,1713,N,nominal,2.0NRT,295.28,3.6,D
-14.30977,-58.65374,345.6,0.57,0.43,2026-06-04,1717,N,nominal,2.0NRT,299.56,7.7,D
-30.03435,-50.43461,326.66,0.39,0.36,2026-06-04,1713,N,nominal,2.0NRT,293.17,1.88,D
-14.39811,-60.22594,333.73,0.48,0.48,2026-06-04,1717,N,low,2.0NRT,306.27,3.87,D
-31.02885,-59.59309,352.46,0.34,0.56,2026-06-04,1713,N,nominal,2.0NRT,281.7,4.64,D
-14.14622,-58.97479,338.71,0.4,0.44,2026-06-04,1717,N,nominal,2.0NRT,305.72,4.11,D
-31.00955,-60.36766,336.1,0.38,0.59,2026-06-04,1713,N,nominal,2.0NRT,280.56,2.5,D
-30.16702,-52.91892,327.79,0.45,0.39,2026-06-04,1713,N,nominal,2.0NRT,295.47,2.79,D
-14.14671,-58.97847,333.34,0.4,0.44,2026-06-04,1717,N,low,2.0NRT,306.91,3.55,D
-30.16762,-52.9236,338.98,0.45,0.39,2026-06-04,1713,N,nominal,2.0NRT,296.3,4.35,D
-12.02739,-45.87811,332.22,0.63,0.54,2026-06-04,1717,N,nominal,2.0NRT,294.96,7.16,D
-30.16403,-52.92421,326.65,0.45,0.39,2026-06-04,1713,N,nominal,2.0NRT,295.09,4.35,D
-14.09823,-59.39209,367,0.42,0.45,2026-06-04,1717,N,high,2.0NRT,298.99,11.13,D
-30.16463,-52.92889,345.09,0.45,0.39,2026-06-04,1713,N,nominal,2.0NRT,295.37,4.35,D
-14.09875,-59.39598,344.62,0.42,0.45,2026-06-04,1717,N,nominal,2.0NRT,302.31,3.23,D
-29.89418,-51.59476,335.97,0.4,0.37,2026-06-04,1713,N,nominal,2.0NRT,295.65,3.96,D
-14.09454,-59.39649,346.11,0.42,0.45,2026-06-04,1717,N,nominal,2.0NRT,300.54,4.41,D
-14.09506,-59.40041,340.72,0.42,0.45,2026-06-04,1717,N,nominal,2.0NRT,303.95,4.41,D
-30.74959,-60.21272,348.02,0.37,0.58,2026-06-04,1713,N,nominal,2.0NRT,283.53,7.15,D
-12.30864,-47.90174,342.3,0.46,0.47,2026-06-04,1717,N,nominal,2.0NRT,300.99,12.38,D
-29.79736,-51.47406,326.41,0.4,0.37,2026-06-04,1713,N,nominal,2.0NRT,293.48,1.35,D
-14.62908,-65.7901,347.32,0.56,0.69,2026-06-04,1717,N,nominal,2.0NRT,289.85,6.45,D
-30.72274,-60.14701,355.14,0.37,0.58,2026-06-04,1713,N,nominal,2.0NRT,279.01,4,D
-12.76753,-52.97857,332.32,0.39,0.36,2026-06-04,1717,N,nominal,2.0NRT,300.61,1.4,D
-30.72304,-60.151,328.35,0.37,0.58,2026-06-04,1713,N,nominal,2.0NRT,279.02,4,D
-30.71759,-60.15151,337.72,0.37,0.58,2026-06-04,1713,N,nominal,2.0NRT,279.74,4,D
-12.76418,-52.97911,332.36,0.39,0.36,2026-06-04,1717,N,nominal,2.0NRT,300.4,2.99,D
-29.63161,-50.61,331.44,0.39,0.36,2026-06-04,1713,N,nominal,2.0NRT,294.48,6.28,D
-12.90658,-53.89896,329.66,0.38,0.36,2026-06-04,1717,N,nominal,2.0NRT,304.17,5.15,D
-30.00096,-53.39454,343.57,0.46,0.39,2026-06-04,1713,N,nominal,2.0NRT,290.78,4.68,D
-29.54548,-50.47732,327.24,0.39,0.36,2026-06-04,1713,N,nominal,2.0NRT,291.95,2.09,D
-12.90712,-53.9025,346.4,0.38,0.36,2026-06-04,1717,N,nominal,2.0NRT,303.3,5.47,D
-29.69416,-51.65554,331.03,0.4,0.37,2026-06-04,1713,N,nominal,2.0NRT,295.8,2.45,D
-11.27316,-44.68634,329.47,0.39,0.59,2026-06-04,1717,N,nominal,2.0NRT,289.07,4.69,D
-29.7142,-51.85161,334.76,0.41,0.37,2026-06-04,1713,N,nominal,2.0NRT,293.77,2.92,D
-14.24723,-64.64844,367,0.47,0.64,2026-06-04,1717,N,high,2.0NRT,297.25,12.36,D
-29.71077,-51.85223,343.03,0.41,0.37,2026-06-04,1713,N,nominal,2.0NRT,294.51,4.88,D
-29.63832,-51.82922,330.56,0.41,0.37,2026-06-04,1713,N,nominal,2.0NRT,294.51,1.8,D
-14.24771,-64.65289,335.55,0.47,0.64,2026-06-04,1717,N,nominal,2.0NRT,294.1,7.21,D
-29.66162,-52.12787,332.39,0.42,0.37,2026-06-04,1713,N,nominal,2.0NRT,296.79,3.02,D
-14.24125,-64.64912,327.86,0.47,0.64,2026-06-04,1717,N,nominal,2.0NRT,295.37,12.36,D
-29.65815,-52.1285,329.01,0.42,0.37,2026-06-04,1713,N,nominal,2.0NRT,296.42,3.02,D
-14.24173,-64.65356,334.25,0.47,0.64,2026-06-04,1717,N,nominal,2.0NRT,296.51,7.21,D
-29.17332,-50.2731,333.51,0.38,0.36,2026-06-04,1713,N,nominal,2.0NRT,297.16,6.52,D
-29.17391,-50.27707,340.77,0.38,0.36,2026-06-04,1713,N,nominal,2.0NRT,294.28,6.52,D
-14.25088,-64.64735,331.95,0.47,0.64,2026-06-04,1717,N,nominal,2.0NRT,294.66,10.18,D
-29.23216,-50.66738,326.84,0.39,0.36,2026-06-04,1713,N,nominal,2.0NRT,293.17,4.43,D
-14.25139,-64.65179,340.32,0.47,0.64,2026-06-04,1717,N,nominal,2.0NRT,294.3,7.75,D
-29.23275,-50.67139,338.1,0.39,0.36,2026-06-04,1713,N,nominal,2.0NRT,297.85,4.94,D
-29.23262,-50.88184,326.87,0.39,0.36,2026-06-04,1713,N,nominal,2.0NRT,293.16,1.91,D
-14.24491,-64.64801,367,0.47,0.64,2026-06-04,1717,N,high,2.0NRT,295.95,10.18,D
-30.08825,-59.28381,354.37,0.32,0.55,2026-06-04,1713,N,nominal,2.0NRT,295.86,6.89,D
-14.24542,-64.65244,346.19,0.47,0.64,2026-06-04,1717,N,nominal,2.0NRT,295.6,7.75,D
-30.05417,-59.39628,352.87,0.33,0.55,2026-06-04,1713,N,nominal,2.0NRT,292.48,3.48,D
-30.05446,-59.39976,330.67,0.33,0.55,2026-06-04,1713,N,nominal,2.0NRT,290.62,3.48,D
-14.23944,-64.6531,330.54,0.47,0.64,2026-06-04,1717,N,nominal,2.0NRT,295.62,2.66,D
-30.049,-59.39684,326.6,0.33,0.55,2026-06-04,1713,N,nominal,2.0NRT,288.84,3.48,D
-10.67625,-42.14721,367,0.58,0.7,2026-06-04,1717,N,high,2.0NRT,290.96,21.84,D
-29.23903,-52.36926,330.9,0.42,0.38,2026-06-04,1713,N,nominal,2.0NRT,293.12,3.05,D
-14.13906,-64.61952,336.17,0.47,0.64,2026-06-04,1717,N,nominal,2.0NRT,296.39,4.38,D
-29.92427,-59.0434,338.09,0.62,0.54,2026-06-04,1713,N,nominal,2.0NRT,293.72,7.62,D
-29.91922,-59.04394,341.17,0.62,0.54,2026-06-04,1713,N,nominal,2.0NRT,294.59,8.13,D
-14.14805,-64.87378,327.47,0.48,0.65,2026-06-04,1717,N,nominal,2.0NRT,291.79,3.63,D
-29.9136,-59.03789,339.86,0.62,0.54,2026-06-04,1713,N,nominal,2.0NRT,294.42,8.13,D
-11.95848,-49.29537,332.69,0.57,0.43,2026-06-04,1717,N,nominal,2.0NRT,299.36,26.38,D
-29.91417,-59.04449,339.22,0.62,0.54,2026-06-04,1713,N,nominal,2.0NRT,293.45,8.13,D
-29.07451,-52.48015,333.52,0.42,0.38,2026-06-04,1713,N,nominal,2.0NRT,294.82,4.32,D
-11.95939,-49.30053,342.09,0.57,0.43,2026-06-04,1717,N,nominal,2.0NRT,306.4,28.77,D
-29.89576,-61.11842,325.32,0.41,0.61,2026-06-04,1713,N,nominal,2.0NRT,281.04,3.17,D
-11.9545,-49.29607,346.48,0.57,0.43,2026-06-04,1717,N,nominal,2.0NRT,303.99,26.38,D
-29.0198,-52.47134,334.79,0.42,0.38,2026-06-04,1713,N,nominal,2.0NRT,293.49,3.12,D
-11.9554,-49.30124,345.49,0.57,0.43,2026-06-04,1717,N,nominal,2.0NRT,301.23,28.77,D
-28.94169,-52.03675,329.37,0.41,0.37,2026-06-04,1713,N,nominal,2.0NRT,293.64,2.4,D
-29.89494,-61.1177,330.72,0.41,0.61,2026-06-04,1713,N,nominal,2.0NRT,282.61,3.01,D
-11.95744,-49.29824,341.68,0.57,0.43,2026-06-04,1717,N,nominal,2.0NRT,313.44,37.09,D
-29.85003,-61.75269,344.8,0.45,0.63,2026-06-04,1713,N,nominal,2.0NRT,278.31,7.69,D
-11.9583,-49.30339,333.56,0.57,0.43,2026-06-04,1717,N,nominal,2.0NRT,300.61,37.09,D
-28.72787,-51.0244,330.47,0.39,0.36,2026-06-04,1713,N,nominal,2.0NRT,293.98,2.77,D
-11.95345,-49.29895,347.43,0.57,0.43,2026-06-04,1717,N,nominal,2.0NRT,303.65,37.09,D
-29.84632,-61.75127,337.68,0.45,0.63,2026-06-04,1713,N,nominal,2.0NRT,279.18,4.94,D
-29.22377,-56.33456,339.57,0.42,0.46,2026-06-04,1713,N,nominal,2.0NRT,291.29,13.13,D
-14.13558,-64.61912,334.82,0.46,0.64,2026-06-04,1717,N,nominal,2.0NRT,295.28,5.96,D
-29.61658,-61.46572,325.88,0.43,0.62,2026-06-04,1713,N,nominal,2.0NRT,279.26,3.06,D
-11.56806,-47.2021,330.04,0.52,0.5,2026-06-04,1717,N,nominal,2.0NRT,296.3,6.14,D
-29.14029,-56.2346,332.5,0.42,0.45,2026-06-04,1713,N,nominal,2.0NRT,297.14,2.31,D
-29.14017,-56.23345,330.15,0.42,0.45,2026-06-04,1713,N,nominal,2.0NRT,297.36,3.39,D
-14.14678,-64.87738,327.05,0.48,0.65,2026-06-04,1717,N,nominal,2.0NRT,293.69,3,D
-29.61669,-61.46422,326.86,0.43,0.62,2026-06-04,1713,N,nominal,2.0NRT,279.16,3.09,D
-11.56348,-47.20304,340.8,0.52,0.5,2026-06-04,1717,N,nominal,2.0NRT,295.61,6.14,D
-29.13595,-56.23402,333.81,0.42,0.45,2026-06-04,1713,N,nominal,2.0NRT,296.45,3.39,D
-29.07164,-55.73303,343.71,0.39,0.44,2026-06-04,1713,N,nominal,2.0NRT,289.95,6.6,D
-11.57199,-47.25083,335.92,0.52,0.5,2026-06-04,1717,N,nominal,2.0NRT,296.06,7.5,D
-29.46405,-59.71655,333.57,0.34,0.56,2026-06-04,1713,N,nominal,2.0NRT,282.12,2.64,D
-11.56741,-47.2517,347.87,0.52,0.5,2026-06-04,1717,N,nominal,2.0NRT,296.68,11.42,D
-29.45792,-59.70637,340.75,0.34,0.56,2026-06-04,1713,N,nominal,2.0NRT,283.86,3.94,D
-11.56196,-47.24775,333.01,0.52,0.5,2026-06-04,1717,N,nominal,2.0NRT,294.92,13.66,D
-29.4579,-61.00884,335.68,0.4,0.6,2026-06-04,1713,N,nominal,2.0NRT,298.25,41.84,D
-29.45819,-61.01312,339.19,0.4,0.6,2026-06-04,1713,N,nominal,2.0NRT,283.71,41.84,D
-12.7403,-54.72173,338.94,0.39,0.36,2026-06-04,1717,N,nominal,2.0NRT,293.73,7.9,D
-29.45761,-61.00454,357.65,0.4,0.6,2026-06-04,1713,N,low,2.0NRT,284.9,52.7,D
-12.74083,-54.7253,331.91,0.39,0.36,2026-06-04,1717,N,nominal,2.0NRT,300.49,7.9,D
-29.46171,-61.01019,352.43,0.4,0.6,2026-06-04,1713,N,nominal,2.0NRT,289.24,17.42,D
-29.46139,-61.0059,357.79,0.4,0.6,2026-06-04,1713,N,low,2.0NRT,284.71,17.42,D
-12.73696,-54.72226,356.21,0.39,0.36,2026-06-04,1717,N,nominal,2.0NRT,304.73,7.9,D
-29.45605,-61.01067,343.57,0.4,0.6,2026-06-04,1713,N,nominal,2.0NRT,285.81,27.9,D
-12.73749,-54.72583,350.9,0.39,0.36,2026-06-04,1717,N,nominal,2.0NRT,295.25,7.9,D
-29.45573,-61.00638,356.9,0.4,0.6,2026-06-04,1713,N,low,2.0NRT,287.48,27.9,D
-29.34085,-59.68872,328.82,0.33,0.56,2026-06-04,1713,N,nominal,2.0NRT,290.13,3.02,D
-12.73803,-54.72939,354.32,0.39,0.36,2026-06-04,1717,N,nominal,2.0NRT,302.99,4.3,D
-29.00627,-56.53789,327.03,0.43,0.46,2026-06-04,1713,N,nominal,2.0NRT,288.27,3.4,D
-12.73856,-54.73296,331,0.39,0.36,2026-06-04,1717,N,nominal,2.0NRT,301.75,4.3,D
-29.17184,-58.38052,336.2,0.56,0.51,2026-06-04,1713,N,nominal,2.0NRT,289.32,6.35,D
-29.1762,-58.65183,344.06,0.58,0.52,2026-06-04,1713,N,nominal,2.0NRT,297.84,28.74,D
-12.73469,-54.72992,355.09,0.39,0.36,2026-06-04,1717,N,nominal,2.0NRT,299.39,18.81,D
-29.17899,-58.6532,354.54,0.58,0.52,2026-06-04,1713,N,nominal,2.0NRT,297.71,23.63,D
-12.73522,-54.73349,356.9,0.39,0.36,2026-06-04,1717,N,nominal,2.0NRT,307.99,18.81,D
-29.18927,-58.76355,327.31,0.59,0.53,2026-06-04,1713,N,nominal,2.0NRT,292.78,2.43,D
-12.73576,-54.73705,357.13,0.39,0.36,2026-06-04,1717,N,nominal,2.0NRT,306.89,14.54,D
-28.09543,-50.02722,349.57,0.38,0.36,2026-06-04,1713,N,nominal,2.0NRT,295.39,9.48,D
-28.09603,-50.03114,339.25,0.38,0.36,2026-06-04,1713,N,nominal,2.0NRT,293.88,9.48,D
-12.73629,-54.74062,343.39,0.39,0.36,2026-06-04,1717,N,nominal,2.0NRT,302.85,14.54,D
-28.09664,-50.03506,334.07,0.38,0.36,2026-06-04,1713,N,nominal,2.0NRT,296.59,18.67,D
-28.0921,-50.02788,338.25,0.38,0.36,2026-06-04,1713,N,nominal,2.0NRT,291.94,9.48,D
-12.73242,-54.73758,352.97,0.39,0.36,2026-06-04,1717,N,nominal,2.0NRT,303.3,14.54,D
-28.09271,-50.0318,332.3,0.38,0.36,2026-06-04,1713,N,nominal,2.0NRT,292.61,9.48,D
-12.73296,-54.74115,356.63,0.39,0.36,2026-06-04,1717,N,nominal,2.0NRT,309.09,14.54,D
-28.09331,-50.03572,341.62,0.38,0.36,2026-06-04,1713,N,nominal,2.0NRT,295.34,18.67,D
-29.13644,-58.56641,338.86,0.57,0.52,2026-06-04,1713,N,nominal,2.0NRT,291.83,8.58,D
-12.73349,-54.74472,336.15,0.39,0.36,2026-06-04,1717,N,nominal,2.0NRT,302.32,3.25,D
-29.13269,-58.57899,325.89,0.57,0.52,2026-06-04,1713,N,nominal,2.0NRT,292.37,3.57,D
-12.72908,-54.73811,335.73,0.39,0.36,2026-06-04,1717,N,nominal,2.0NRT,300.76,3.44,D
-29.11639,-58.50832,337.76,0.57,0.52,2026-06-04,1713,N,nominal,2.0NRT,292.5,6.11,D
-29.28132,-61.07315,331.71,0.41,0.6,2026-06-04,1713,N,nominal,2.0NRT,284.65,3.26,D
-12.72962,-54.74168,342.18,0.39,0.36,2026-06-04,1717,N,nominal,2.0NRT,300.42,3.44,D
-28.76828,-55.73297,328.11,0.39,0.44,2026-06-04,1713,N,nominal,2.0NRT,296.77,1.55,D
-12.67624,-54.5824,336.08,0.39,0.36,2026-06-04,1717,N,nominal,2.0NRT,305.8,5.09,D
-28.84056,-56.61253,367,0.44,0.46,2026-06-04,1713,N,high,2.0NRT,292.13,29.82,D
-11.82893,-49.65536,342.07,0.55,0.42,2026-06-04,1717,N,nominal,2.0NRT,303.69,6.13,D
-28.84007,-56.608,334.21,0.43,0.46,2026-06-04,1713,N,nominal,2.0NRT,284.68,8.27,D
-28.83529,-56.60403,326.94,0.43,0.46,2026-06-04,1713,N,nominal,2.0NRT,285.04,6.38,D
-12.29542,-52.50476,331.91,0.4,0.37,2026-06-04,1717,N,low,2.0NRT,305.75,3.47,D
-28.83578,-56.60857,346.42,0.43,0.46,2026-06-04,1713,N,nominal,2.0NRT,285.6,6.38,D
-11.77588,-49.74464,335.75,0.54,0.42,2026-06-04,1717,N,nominal,2.0NRT,301.95,2.75,D
-28.83626,-56.61311,356.36,0.44,0.46,2026-06-04,1713,N,low,2.0NRT,286.26,13.59,D
-28.82574,-56.59613,328.23,0.43,0.46,2026-06-04,1713,N,nominal,2.0NRT,285.71,4.52,D
-11.7336,-49.68517,332.74,0.55,0.42,2026-06-04,1717,N,nominal,2.0NRT,302.7,3.5,D
-28.8205,-56.58767,327.15,0.43,0.46,2026-06-04,1713,N,nominal,2.0NRT,287.45,4.67,D
-10.9939,-45.60283,345.94,0.34,0.56,2026-06-04,1717,N,nominal,2.0NRT,296.33,7.09,D
-28.79052,-56.55058,328.33,0.43,0.46,2026-06-04,1713,N,nominal,2.0NRT,287.48,2.78,D
-28.71963,-56.48167,344.84,0.43,0.46,2026-06-04,1713,N,nominal,2.0NRT,289.64,4.44,D
-10.99456,-45.60636,338.3,0.34,0.56,2026-06-04,1717,N,nominal,2.0NRT,291.98,3.98,D
-28.60437,-56.55809,337.03,0.43,0.46,2026-06-04,1713,N,nominal,2.0NRT,288.03,3.52,D
-10.98937,-45.60723,327.99,0.34,0.56,2026-06-04,1717,N,nominal,2.0NRT,295.32,4.24,D
-28.60485,-56.56256,335.94,0.43,0.46,2026-06-04,1713,N,nominal,2.0NRT,287.14,3.52,D
-28.56134,-56.47834,327.18,0.42,0.46,2026-06-04,1713,N,nominal,2.0NRT,292.76,4.56,D
-10.98479,-45.61134,341.8,0.34,0.56,2026-06-04,1717,N,nominal,2.0NRT,295.57,4.24,D
-28.57588,-56.61659,327.67,0.43,0.46,2026-06-04,1713,N,nominal,2.0NRT,289.82,2.4,D
-10.98545,-45.61481,344.29,0.34,0.56,2026-06-04,1717,N,nominal,2.0NRT,296.65,3.67,D
-28.57113,-56.61268,340.09,0.43,0.46,2026-06-04,1713,N,nominal,2.0NRT,292.02,7.87,D
-28.5716,-56.61718,339.84,0.43,0.46,2026-06-04,1713,N,nominal,2.0NRT,289.44,8.09,D
-10.98608,-45.61814,331.46,0.34,0.56,2026-06-04,1717,N,nominal,2.0NRT,297.02,3.67,D
-28.55285,-56.47948,330.11,0.42,0.46,2026-06-04,1713,N,nominal,2.0NRT,291.81,8.45,D
-10.98082,-45.61864,328.63,0.34,0.56,2026-06-04,1717,N,nominal,2.0NRT,294.96,4.31,D
-28.56685,-56.61326,340.12,0.43,0.46,2026-06-04,1713,N,nominal,2.0NRT,289.7,7.87,D
-28.57757,-56.759,336.45,0.44,0.46,2026-06-04,1713,N,nominal,2.0NRT,280.83,4.63,D
-10.98147,-45.62205,343.3,0.34,0.56,2026-06-04,1717,N,nominal,2.0NRT,296.33,4.09,D
-28.51145,-56.33015,345.52,0.42,0.45,2026-06-04,1713,N,nominal,2.0NRT,292.74,5.69,D
-10.98209,-45.62534,329.68,0.34,0.56,2026-06-04,1717,N,nominal,2.0NRT,294.52,4.09,D
-28.5112,-56.32913,338.44,0.42,0.45,2026-06-04,1713,N,nominal,2.0NRT,292.75,4.15,D
-13.92348,-65.7485,340.21,0.55,0.68,2026-06-04,1717,N,nominal,2.0NRT,292.97,9.55,D
-28.51168,-56.33344,334.19,0.42,0.45,2026-06-04,1713,N,nominal,2.0NRT,292.54,4.15,D
-13.92402,-65.75374,336.51,0.55,0.68,2026-06-04,1717,N,nominal,2.0NRT,291.78,6.52,D
-28.49812,-56.32654,325.18,0.42,0.45,2026-06-04,1713,N,nominal,2.0NRT,293.08,2.09,D
-12.09611,-51.98599,346.45,0.42,0.38,2026-06-04,1717,N,nominal,2.0NRT,302.68,18.19,D
-28.78923,-59.34716,332.53,0.63,0.54,2026-06-04,1713,N,nominal,2.0NRT,290.98,8.76,D
-12.09264,-51.98655,347.19,0.42,0.38,2026-06-04,1717,N,nominal,2.0NRT,307.46,18.19,D
-28.44168,-56.08453,326.05,0.4,0.44,2026-06-04,1713,N,low,2.0NRT,296.59,1.98,D
-12.09327,-51.9904,349.39,0.42,0.38,2026-06-04,1717,N,nominal,2.0NRT,306.76,18.19,D
-28.69573,-58.86085,331.32,0.59,0.53,2026-06-04,1713,N,nominal,2.0NRT,291.23,4.71,D
-12.09389,-51.99426,349.39,0.42,0.38,2026-06-04,1717,N,nominal,2.0NRT,305.54,9.7,D
-28.41226,-56.08456,341.19,0.4,0.44,2026-06-04,1713,N,nominal,2.0NRT,296.31,3.32,D
-13.74757,-64.20944,331.63,0.43,0.62,2026-06-04,1717,N,nominal,2.0NRT,297,4.11,D
-28.41271,-56.08871,341.78,0.4,0.44,2026-06-04,1713,N,nominal,2.0NRT,295.7,3.32,D
-12.0898,-51.99096,367,0.42,0.38,2026-06-04,1717,N,high,2.0NRT,309.49,22.24,D
-28.40766,-56.08092,334.18,0.4,0.44,2026-06-04,1713,N,nominal,2.0NRT,296.64,12.74,D
-12.09043,-51.99481,350.12,0.42,0.38,2026-06-04,1717,N,nominal,2.0NRT,314.35,28.86,D
-28.40812,-56.08509,352.82,0.4,0.44,2026-06-04,1713,N,nominal,2.0NRT,303.42,9.36,D
-12.09105,-51.99866,356.8,0.42,0.38,2026-06-04,1717,N,nominal,2.0NRT,307.09,28.86,D
-28.40857,-56.08926,335.38,0.4,0.44,2026-06-04,1713,N,nominal,2.0NRT,296.73,9.36,D
-12.08633,-51.99152,333.66,0.42,0.38,2026-06-04,1717,N,nominal,2.0NRT,300.19,22.24,D
-28.40398,-56.08565,340.71,0.4,0.44,2026-06-04,1713,N,nominal,2.0NRT,297.29,9.36,D
-28.40443,-56.08981,326.96,0.4,0.44,2026-06-04,1713,N,nominal,2.0NRT,296.74,9.36,D
-12.08696,-51.99537,347.81,0.42,0.38,2026-06-04,1717,N,nominal,2.0NRT,301.12,28.86,D
-10.98076,-45.62157,334.18,0.34,0.56,2026-06-04,1717,N,nominal,2.0NRT,295.14,7.33,D
-27.86918,-52.02394,328.18,0.4,0.37,2026-06-04,1713,N,nominal,2.0NRT,293.45,2.24,D
-28.40078,-56.52485,331.39,0.43,0.46,2026-06-04,1713,N,nominal,2.0NRT,293.73,27.92,D
-10.98136,-45.62488,333.25,0.34,0.56,2026-06-04,1717,N,nominal,2.0NRT,293.93,6.13,D
-28.40125,-56.52925,353.82,0.43,0.46,2026-06-04,1713,N,nominal,2.0NRT,308.19,40.56,D
-13.92265,-65.75141,367,0.55,0.68,2026-06-04,1717,N,high,2.0NRT,292.68,10.02,D
-28.40173,-56.53365,336.68,0.43,0.46,2026-06-04,1713,N,nominal,2.0NRT,294.86,40.56,D
-13.74782,-64.20924,329.2,0.43,0.62,2026-06-04,1717,N,nominal,2.0NRT,296.82,4.12,D
-13.7295,-66.1441,329.62,0.58,0.7,2026-06-04,1717,N,nominal,2.0NRT,290.4,7.05,D
-28.661,-59.14567,325.04,0.61,0.53,2026-06-04,1713,N,nominal,2.0NRT,293.1,3.8,D
-28.39605,-56.52102,328.97,0.42,0.46,2026-06-04,1713,N,nominal,2.0NRT,294,27.92,D
-10.93608,-46.93125,336.34,0.56,0.51,2026-06-04,1717,N,nominal,2.0NRT,297.21,5.37,D
-10.937,-46.93629,349.96,0.56,0.51,2026-06-04,1717,N,nominal,2.0NRT,299.21,9.09,D
-28.39653,-56.52542,352.98,0.43,0.46,2026-06-04,1713,N,nominal,2.0NRT,306.07,27.92,D
-13.70045,-66.18079,367,0.58,0.7,2026-06-04,1717,N,high,2.0NRT,292.19,19.06,D
-28.39748,-56.53421,338.58,0.43,0.46,2026-06-04,1713,N,nominal,2.0NRT,297.55,40.56,D
-10.93225,-46.93714,342.82,0.56,0.51,2026-06-04,1717,N,nominal,2.0NRT,301.71,21.7,D
-10.93318,-46.94222,355.88,0.56,0.51,2026-06-04,1717,N,nominal,2.0NRT,302.11,21.7,D
-28.39701,-56.52982,305.48,0.43,0.46,2026-06-04,1713,N,low,2.0NRT,316.1,40.56,D
-13.70104,-66.18636,356.56,0.58,0.7,2026-06-04,1717,N,nominal,2.0NRT,292.28,19.06,D
-28.39228,-56.52597,351.58,0.43,0.46,2026-06-04,1713,N,nominal,2.0NRT,298.58,44.21,D
-10.92194,-46.90736,335.28,0.56,0.52,2026-06-04,1717,N,nominal,2.0NRT,296.17,5.07,D
-28.39275,-56.53036,342.41,0.43,0.46,2026-06-04,1713,N,nominal,2.0NRT,294.14,8.36,D
-10.91717,-46.90812,331.96,0.56,0.52,2026-06-04,1717,N,nominal,2.0NRT,291.94,5.43,D
-28.22318,-56.18995,341.68,0.41,0.45,2026-06-04,1713,N,nominal,2.0NRT,307.4,31.91,D
-10.91527,-46.9246,349.52,0.56,0.51,2026-06-04,1717,N,nominal,2.0NRT,300.68,14.91,D
-28.23565,-56.30413,332.44,0.41,0.45,2026-06-04,1713,N,nominal,2.0NRT,296.98,2.74,D
-13.57803,-65.2182,344.29,0.5,0.66,2026-06-04,1717,N,nominal,2.0NRT,293.97,6.9,D
-28.22364,-56.19415,288.16,0.41,0.45,2026-06-04,1713,N,low,2.0NRT,305.7,24.89,D
-10.91794,-46.96599,336.54,0.56,0.51,2026-06-04,1717,N,nominal,2.0NRT,295.38,7.28,D
-28.21903,-56.19053,343.01,0.41,0.45,2026-06-04,1713,N,nominal,2.0NRT,296.98,31.91,D
-10.90481,-46.94771,332.21,0.56,0.51,2026-06-04,1717,N,nominal,2.0NRT,298.98,6.8,D
-28.21949,-56.19473,330.21,0.41,0.45,2026-06-04,1713,N,nominal,2.0NRT,295.9,24.89,D
-10.90008,-46.94862,338.67,0.56,0.51,2026-06-04,1717,N,nominal,2.0NRT,298.87,6.8,D
-28.19878,-56.15931,334.23,0.4,0.44,2026-06-04,1713,N,nominal,2.0NRT,297.35,3.02,D
-10.88102,-46.92506,348.27,0.56,0.51,2026-06-04,1717,N,nominal,2.0NRT,298.25,11.78,D
-28.3314,-57.72168,331.71,0.5,0.49,2026-06-04,1713,N,nominal,2.0NRT,278.58,5.09,D
-10.90274,-46.94041,330.35,0.56,0.51,2026-06-04,1717,N,low,2.0NRT,301.17,5.22,D
-28.11001,-56.05316,337.94,0.4,0.44,2026-06-04,1713,N,nominal,2.0NRT,294.16,3.07,D
-10.90452,-46.95053,342.21,0.56,0.51,2026-06-04,1717,N,nominal,2.0NRT,298.73,7.34,D
-28.07576,-56.04556,339,0.4,0.44,2026-06-04,1713,N,nominal,2.0NRT,294.39,4.4,D
-10.89888,-46.9463,335.88,0.56,0.51,2026-06-04,1717,N,nominal,2.0NRT,298.75,5.22,D
-28.07621,-56.04967,339.75,0.4,0.44,2026-06-04,1713,N,nominal,2.0NRT,294.53,4.4,D
-13.57785,-65.2165,336.69,0.5,0.66,2026-06-04,1717,N,nominal,2.0NRT,293.65,8.3,D
-28.05932,-56.04794,340.09,0.4,0.44,2026-06-04,1713,N,nominal,2.0NRT,295.29,2.63,D
-10.88,-46.92261,337.76,0.56,0.52,2026-06-04,1717,N,nominal,2.0NRT,298.39,6.13,D
-27.35969,-50.73806,338.22,0.38,0.36,2026-06-04,1713,N,nominal,2.0NRT,288.39,2.81,D
-10.88094,-46.9279,341.62,0.56,0.52,2026-06-04,1717,N,nominal,2.0NRT,295.92,6.13,D
-28.06053,-56.04606,337.61,0.4,0.44,2026-06-04,1713,N,nominal,2.0NRT,295.19,4.38,D
-12.14891,-54.64902,351.08,0.39,0.36,2026-06-04,1717,N,nominal,2.0NRT,310.84,13.81,D
-28.37406,-60.38401,325.98,0.36,0.57,2026-06-04,1713,N,nominal,2.0NRT,287.5,2.8,D
-10.88887,-47.00016,331.09,0.55,0.51,2026-06-04,1717,N,nominal,2.0NRT,293.55,4.17,D
-28.3724,-60.38451,327.34,0.36,0.57,2026-06-04,1713,N,nominal,2.0NRT,287.33,3.2,D
-12.77492,-59.0032,331.14,0.38,0.43,2026-06-04,1717,N,low,2.0NRT,303.22,5.65,D
-27.72631,-55.02538,326.8,0.52,0.42,2026-06-04,1713,N,nominal,2.0NRT,294.45,2.95,D
-12.77541,-59.00674,338.93,0.38,0.43,2026-06-04,1717,N,nominal,2.0NRT,305.24,5.65,D
-27.70985,-54.95158,337.55,0.52,0.41,2026-06-04,1713,N,nominal,2.0NRT,294.49,5.34,D
-10.87047,-46.92418,349.04,0.56,0.52,2026-06-04,1717,N,nominal,2.0NRT,296.12,19.88,D
-27.7086,-54.95407,336.31,0.52,0.41,2026-06-04,1713,N,nominal,2.0NRT,293.31,5.13,D
-12.76557,-58.99471,338.15,0.57,0.43,2026-06-04,1717,N,nominal,2.0NRT,302.56,10.61,D
-27.9102,-57.47688,338.1,0.48,0.48,2026-06-04,1713,N,nominal,2.0NRT,290.36,4.75,D
-10.86523,-47.00434,335.62,0.55,0.51,2026-06-04,1717,N,nominal,2.0NRT,297.01,6.99,D
-28.18394,-60.92428,353.09,0.39,0.59,2026-06-04,1713,N,nominal,2.0NRT,287.24,6.52,D
-10.855,-46.97456,346.28,0.56,0.51,2026-06-04,1717,N,nominal,2.0NRT,296.96,16.15,D
-27.68237,-56.08588,336.9,0.39,0.44,2026-06-04,1713,N,nominal,2.0NRT,297.26,3.48,D
-10.85592,-46.97969,350.09,0.56,0.51,2026-06-04,1717,N,nominal,2.0NRT,294.57,10.07,D
-27.67827,-56.08646,347.82,0.39,0.44,2026-06-04,1713,N,nominal,2.0NRT,302.18,35.91,D
-11.65782,-51.69104,333.4,0.44,0.38,2026-06-04,1717,N,nominal,2.0NRT,300.61,3.21,D
-27.67918,-56.09459,340.52,0.39,0.44,2026-06-04,1713,N,nominal,2.0NRT,298.22,9.76,D
-11.78984,-52.512,335.71,0.41,0.37,2026-06-04,1717,N,low,2.0NRT,307.65,8.86,D
-27.64771,-56.11142,342.88,0.4,0.44,2026-06-04,1713,N,nominal,2.0NRT,297.71,11.41,D
-11.49758,-50.89698,336.57,0.47,0.4,2026-06-04,1717,N,nominal,2.0NRT,303.94,3.41,D
-27.6436,-56.112,367,0.4,0.44,2026-06-04,1713,N,high,2.0NRT,298.36,11.41,D
-11.35174,-50.05643,331.42,0.53,0.42,2026-06-04,1717,N,nominal,2.0NRT,298.04,8.28,D
-27.64404,-56.11606,355.2,0.4,0.44,2026-06-04,1713,N,nominal,2.0NRT,300.89,11.41,D
-11.49319,-50.89325,330.7,0.47,0.4,2026-06-04,1717,N,nominal,2.0NRT,303.57,3.41,D
-27.63994,-56.11664,367,0.4,0.44,2026-06-04,1713,N,high,2.0NRT,297.05,7.97,D
-10.81138,-47.03018,356.16,0.55,0.51,2026-06-04,1717,N,nominal,2.0NRT,298.84,10.86,D
-27.63949,-56.11257,346.69,0.4,0.44,2026-06-04,1713,N,nominal,2.0NRT,297.38,7.97,D
-10.80573,-47.02597,334,0.55,0.51,2026-06-04,1717,N,nominal,2.0NRT,298.79,14.97,D
-27.64127,-56.12886,334.06,0.4,0.44,2026-06-04,1713,N,low,2.0NRT,307.51,109.04,D
-10.80666,-47.03103,335.42,0.55,0.51,2026-06-04,1717,N,nominal,2.0NRT,298.61,10.86,D
-27.61595,-55.93592,344.48,0.39,0.44,2026-06-04,1713,N,nominal,2.0NRT,299.35,5.76,D
-10.80195,-47.03195,347.48,0.55,0.51,2026-06-04,1717,N,nominal,2.0NRT,299.43,7.62,D
-27.61639,-55.93987,338.7,0.39,0.44,2026-06-04,1713,N,nominal,2.0NRT,295,5.76,D
-10.80286,-47.03688,332.67,0.55,0.51,2026-06-04,1717,N,nominal,2.0NRT,298.12,7.62,D
-27.63672,-56.12537,350.08,0.4,0.44,2026-06-04,1713,N,nominal,2.0NRT,311.91,92.26,D
-27.64112,-56.11488,367,0.4,0.44,2026-06-04,1713,N,high,2.0NRT,299.44,9.37,D
-10.8087,-47.01847,344.64,0.55,0.51,2026-06-04,1717,N,nominal,2.0NRT,298.94,12.92,D
-27.64065,-56.11081,328.15,0.39,0.44,2026-06-04,1713,N,nominal,2.0NRT,296.71,9.37,D
-10.8105,-47.02868,344.42,0.55,0.51,2026-06-04,1717,N,nominal,2.0NRT,299.88,9.7,D
-27.64159,-56.11895,336.41,0.4,0.44,2026-06-04,1713,N,nominal,2.0NRT,296.61,12.09,D
-27.64253,-56.12707,342.03,0.4,0.44,2026-06-04,1713,N,nominal,2.0NRT,298.01,53.36,D
-10.81138,-47.03373,336.18,0.55,0.51,2026-06-04,1717,N,nominal,2.0NRT,296.06,9.7,D
-27.643,-56.13114,333.88,0.4,0.44,2026-06-04,1713,N,nominal,2.0NRT,296.56,53.36,D
-10.80578,-47.02955,335.03,0.55,0.51,2026-06-04,1717,N,nominal,2.0NRT,299.25,9.7,D
-27.61644,-55.93845,347.18,0.39,0.44,2026-06-04,1713,N,nominal,2.0NRT,298.6,11.72,D
-10.80107,-47.03053,336.05,0.55,0.51,2026-06-04,1717,N,nominal,2.0NRT,297.31,7.7,D
-27.63795,-56.12358,332.28,0.4,0.44,2026-06-04,1713,N,nominal,2.0NRT,298.07,12.09,D
-10.80194,-47.03547,345.5,0.55,0.51,2026-06-04,1717,N,nominal,2.0NRT,299.37,7.7,D
-27.63842,-56.12765,367,0.4,0.44,2026-06-04,1713,N,low,2.0NRT,325.34,53.36,D
-10.80079,-47.0565,338.6,0.55,0.51,2026-06-04,1717,N,nominal,2.0NRT,296.66,5.84,D
-27.63385,-56.12416,354.26,0.4,0.44,2026-06-04,1713,N,nominal,2.0NRT,300.39,24.78,D
-11.23829,-49.67076,342.52,0.56,0.43,2026-06-04,1717,N,nominal,2.0NRT,300.27,11.09,D
-27.63432,-56.12822,339,0.4,0.44,2026-06-04,1713,N,nominal,2.0NRT,296.36,10.98,D
-13.47274,-65.65839,334.72,0.53,0.67,2026-06-04,1717,N,nominal,2.0NRT,291.76,4.54,D
-27.54947,-55.44131,329.75,0.54,0.42,2026-06-04,1713,N,nominal,2.0NRT,295.81,2.97,D
-13.33883,-64.53039,330.93,0.45,0.63,2026-06-04,1717,N,nominal,2.0NRT,296.65,3.5,D
-28.11048,-61.18645,330.25,0.4,0.6,2026-06-04,1713,N,nominal,2.0NRT,292.26,2.71,D
-13.33248,-64.52684,327.52,0.45,0.63,2026-06-04,1717,N,nominal,2.0NRT,295.64,4.09,D
-28.01248,-60.79278,328.52,0.38,0.59,2026-06-04,1713,N,nominal,2.0NRT,285.12,4.84,D
-11.92648,-54.09919,334.97,0.38,0.36,2026-06-04,1717,N,low,2.0NRT,305.13,4.69,D
-28.00698,-60.79332,326.04,0.38,0.59,2026-06-04,1713,N,nominal,2.0NRT,286.05,3.25,D
-13.32565,-64.51908,340.65,0.45,0.63,2026-06-04,1717,N,nominal,2.0NRT,295.28,6.33,D
-27.53139,-56.19611,339.84,0.4,0.44,2026-06-04,1713,N,nominal,2.0NRT,298.52,11.31,D
-13.45165,-65.99788,367,0.56,0.69,2026-06-04,1717,N,high,2.0NRT,292.49,8.44,D
-27.53186,-56.2002,341.53,0.4,0.44,2026-06-04,1713,N,nominal,2.0NRT,298.56,5.46,D
-13.45108,-65.99252,330.11,0.56,0.69,2026-06-04,1717,N,nominal,2.0NRT,292.56,8.44,D
-27.53233,-56.20428,325.08,0.4,0.44,2026-06-04,1713,N,low,2.0NRT,295.87,5.46,D
-13.44521,-65.99855,330.34,0.56,0.69,2026-06-04,1717,N,nominal,2.0NRT,291.9,6.92,D
-27.52774,-56.20077,342.31,0.4,0.44,2026-06-04,1713,N,nominal,2.0NRT,304.09,58.61,D
-25.33148,-42.69241,341.91,0.56,0.51,2026-06-04,1713,N,nominal,2.0NRT,291.93,9.76,D
-11.61471,-52.55273,343.24,0.41,0.37,2026-06-04,1717,N,nominal,2.0NRT,303.69,6.93,D
-26.91737,-51.60359,330.43,0.39,0.36,2026-06-04,1713,N,nominal,2.0NRT,289.26,5.22,D
-13.45061,-66.00046,367,0.56,0.69,2026-06-04,1717,N,high,2.0NRT,292.9,17.86,D
-27.33581,-54.7893,333.42,0.5,0.41,2026-06-04,1713,N,nominal,2.0NRT,294.79,4.89,D
-13.45001,-65.99512,343.99,0.56,0.69,2026-06-04,1717,N,nominal,2.0NRT,292.94,17.75,D
-27.81227,-59.39567,338.7,0.62,0.54,2026-06-04,1713,N,nominal,2.0NRT,294.17,5.6,D
-11.35707,-51.13113,332.2,0.46,0.39,2026-06-04,1717,N,nominal,2.0NRT,300.18,4.6,D
-27.29355,-55.25939,339.86,0.53,0.42,2026-06-04,1713,N,nominal,2.0NRT,297.28,5.95,D
-27.71713,-61.19545,343.51,0.4,0.6,2026-06-04,1713,N,nominal,2.0NRT,284.32,4.62,D
-11.35414,-51.13599,338.54,0.46,0.39,2026-06-04,1717,N,nominal,2.0NRT,301.83,4.91,D
-26.85974,-53.15686,330.6,0.43,0.38,2026-06-04,1713,N,nominal,2.0NRT,294.59,2.36,D
-12.46259,-58.47189,339.25,0.53,0.42,2026-06-04,1717,N,nominal,2.0NRT,308.32,13.31,D
-27.23003,-56.23274,333.86,0.4,0.44,2026-06-04,1713,N,nominal,2.0NRT,296.73,3.37,D
-13.21855,-64.40797,334.72,0.44,0.62,2026-06-04,1717,N,nominal,2.0NRT,296.02,3.52,D
-27.11102,-55.32212,333.12,0.53,0.42,2026-06-04,1713,N,nominal,2.0NRT,299.15,5.01,D
-27.22778,-56.23532,342.79,0.4,0.44,2026-06-04,1713,N,nominal,2.0NRT,298.36,5.37,D
-11.35121,-51.14086,330.05,0.46,0.39,2026-06-04,1717,N,low,2.0NRT,300.58,4.71,D
-27.11097,-55.32314,330.5,0.53,0.42,2026-06-04,1713,N,nominal,2.0NRT,298.39,3.44,D
-12.45872,-58.47243,339.01,0.53,0.42,2026-06-04,1717,N,nominal,2.0NRT,307.86,36.25,D
-27.23249,-56.57234,338.97,0.41,0.45,2026-06-04,1713,N,nominal,2.0NRT,295.31,6.27,D
-11.34759,-51.14147,341.08,0.46,0.39,2026-06-04,1717,N,nominal,2.0NRT,299.12,4.71,D
-27.14657,-56.14431,326.68,0.39,0.44,2026-06-04,1713,N,nominal,2.0NRT,294.26,1.56,D
-26.62883,-52.21006,329.86,0.4,0.37,2026-06-04,1713,N,nominal,2.0NRT,293.95,2.35,D
-12.44679,-58.41456,334.03,0.53,0.42,2026-06-04,1717,N,nominal,2.0NRT,302.44,3.54,D
-27.18026,-56.86396,326.56,0.43,0.46,2026-06-04,1713,N,nominal,2.0NRT,293.27,2.02,D
-12.45418,-58.46817,346.98,0.53,0.42,2026-06-04,1717,N,nominal,2.0NRT,305.73,37.65,D
-27.11159,-56.44292,326.27,0.41,0.45,2026-06-04,1713,N,nominal,2.0NRT,295.88,3.43,D
-27.08149,-56.28854,337.19,0.4,0.44,2026-06-04,1713,N,nominal,2.0NRT,296.14,5.96,D
-12.45485,-58.47298,351.21,0.53,0.42,2026-06-04,1717,N,nominal,2.0NRT,314.99,36.25,D
-27.08195,-56.29259,326.3,0.4,0.44,2026-06-04,1713,N,nominal,2.0NRT,295.02,3.54,D
-12.44293,-58.41506,367,0.53,0.42,2026-06-04,1717,N,high,2.0NRT,302.46,24.08,D
-26.65978,-54.21429,332.41,0.47,0.39,2026-06-04,1713,N,nominal,2.0NRT,293.77,5.54,D
-12.44092,-58.40045,349.68,0.52,0.42,2026-06-04,1717,N,nominal,2.0NRT,307.26,26.05,D
-26.65553,-54.21018,332.03,0.47,0.39,2026-06-04,1713,N,nominal,2.0NRT,296.31,7.54,D
-26.65612,-54.21489,339.3,0.47,0.39,2026-06-04,1713,N,nominal,2.0NRT,296.62,5.54,D
-12.44159,-58.40534,354.3,0.53,0.42,2026-06-04,1717,N,nominal,2.0NRT,308.24,46.83,D
-26.65702,-54.21305,349.16,0.47,0.39,2026-06-04,1713,N,nominal,2.0NRT,301.14,18.39,D
-12.44226,-58.41019,347.67,0.53,0.42,2026-06-04,1717,N,nominal,2.0NRT,303.43,46.83,D
-24.54765,-42.46579,335.9,0.6,0.53,2026-06-04,1713,N,nominal,2.0NRT,290.01,7.85,D
-12.45032,-58.46873,346.07,0.53,0.42,2026-06-04,1717,N,nominal,2.0NRT,308.82,53.58,D
-24.5428,-42.46701,343.71,0.6,0.53,2026-06-04,1713,N,nominal,2.0NRT,290.52,7.85,D
-12.43706,-58.40096,339.18,0.52,0.42,2026-06-04,1717,N,nominal,2.0NRT,303.02,26.05,D
-26.41311,-53.06058,332.65,0.42,0.38,2026-06-04,1713,N,nominal,2.0NRT,295.24,2.61,D
-27.23263,-60.78693,343.72,0.37,0.58,2026-06-04,1713,N,nominal,2.0NRT,296.08,3.82,D
-12.4384,-58.4107,349.06,0.53,0.42,2026-06-04,1717,N,nominal,2.0NRT,305.36,46.83,D
-26.75428,-55.90364,328.42,0.56,0.43,2026-06-04,1713,N,nominal,2.0NRT,296.39,4.5,D
-12.43907,-58.41557,357.92,0.53,0.42,2026-06-04,1717,N,nominal,2.0NRT,306.04,24.08,D
-24.5466,-42.46869,341.34,0.6,0.53,2026-06-04,1713,N,nominal,2.0NRT,290.97,10.42,D
-12.44645,-58.46929,341.75,0.53,0.42,2026-06-04,1717,N,nominal,2.0NRT,311.26,53.58,D
-26.77386,-56.07917,326.02,0.38,0.44,2026-06-04,1713,N,low,2.0NRT,296.36,1.63,D
-12.44711,-58.4741,346.12,0.53,0.42,2026-06-04,1717,N,nominal,2.0NRT,314.35,166.82,D
-27.23147,-60.78721,341,0.37,0.58,2026-06-04,1713,N,nominal,2.0NRT,295.52,3.68,D
-26.82763,-56.72802,331.96,0.42,0.45,2026-06-04,1713,N,nominal,2.0NRT,295.71,3.86,D
-11.79613,-54.02293,327.96,0.38,0.36,2026-06-04,1717,N,low,2.0NRT,302.3,3.31,D
-26.82811,-56.7323,337.21,0.42,0.45,2026-06-04,1713,N,nominal,2.0NRT,296.35,4.74,D
-12.43388,-58.40637,331.38,0.53,0.42,2026-06-04,1717,N,nominal,2.0NRT,300.09,7,D
-27.22602,-60.98855,328.43,0.38,0.59,2026-06-04,1713,N,nominal,2.0NRT,295.42,4.19,D
-12.44258,-58.46983,342.2,0.53,0.42,2026-06-04,1717,N,nominal,2.0NRT,310.52,52.48,D
-27.22634,-60.99252,349.81,0.38,0.59,2026-06-04,1713,N,nominal,2.0NRT,297.79,4.19,D
-12.44324,-58.47466,352.46,0.53,0.42,2026-06-04,1717,N,nominal,2.0NRT,309.38,51,D
-26.798,-56.61592,344.8,0.41,0.45,2026-06-04,1713,N,nominal,2.0NRT,296.7,5.16,D
-13.28132,-65.39667,332.64,0.51,0.66,2026-06-04,1717,N,nominal,2.0NRT,295.7,6.39,D
-26.4216,-53.57951,327.39,0.44,0.38,2026-06-04,1713,N,nominal,2.0NRT,295.84,1.69,D
-26.50954,-54.54813,336.48,0.48,0.4,2026-06-04,1713,N,nominal,2.0NRT,306.81,77.45,D
-13.28185,-65.40149,331.87,0.51,0.66,2026-06-04,1717,N,nominal,2.0NRT,295.89,4.6,D
-26.50583,-54.54868,340.02,0.48,0.4,2026-06-04,1713,N,nominal,2.0NRT,302.15,77.45,D
-11.33379,-51.39351,348.26,0.45,0.39,2026-06-04,1717,N,nominal,2.0NRT,304.84,7.19,D
-26.4996,-54.55951,336.18,0.48,0.4,2026-06-04,1713,N,nominal,2.0NRT,295.88,2.57,D
-12.23151,-57.27179,330.32,0.46,0.39,2026-06-04,1717,N,low,2.0NRT,300.71,4.64,D
-26.49529,-54.55526,326.75,0.48,0.4,2026-06-04,1713,N,nominal,2.0NRT,296.73,9.64,D
-11.32952,-51.38997,338.75,0.45,0.39,2026-06-04,1717,N,nominal,2.0NRT,304.96,7.19,D
-26.49589,-54.56009,346.15,0.48,0.4,2026-06-04,1713,N,nominal,2.0NRT,315.97,46.71,D
-26.49159,-54.55593,331.06,0.48,0.4,2026-06-04,1713,N,nominal,2.0NRT,297.28,9.64,D
-11.33021,-51.3941,349.91,0.45,0.39,2026-06-04,1717,N,nominal,2.0NRT,305.39,7.19,D
-26.49218,-54.56071,356.65,0.48,0.4,2026-06-04,1713,N,nominal,2.0NRT,302.5,46.71,D
-11.55708,-52.78281,335.29,0.4,0.37,2026-06-04,1717,N,nominal,2.0NRT,304.24,16.44,D
-26.49459,-54.5575,343.01,0.48,0.4,2026-06-04,1713,N,nominal,2.0NRT,308.21,26.85,D
-11.55766,-52.78649,327.73,0.4,0.37,2026-06-04,1717,N,low,2.0NRT,299.87,6.51,D
-26.49521,-54.56232,333.59,0.48,0.4,2026-06-04,1713,N,nominal,2.0NRT,304.97,26.85,D
-12.2279,-57.27234,333.95,0.46,0.39,2026-06-04,1717,N,nominal,2.0NRT,301.73,4.64,D
-26.49088,-54.55816,346.67,0.48,0.4,2026-06-04,1713,N,nominal,2.0NRT,296.42,26.85,D
-26.4915,-54.56295,335.55,0.48,0.4,2026-06-04,1713,N,nominal,2.0NRT,294.89,26.85,D
-12.22848,-57.27654,345.35,0.46,0.39,2026-06-04,1717,N,nominal,2.0NRT,310.85,23.9,D
-26.89368,-58.29183,336.41,0.52,0.5,2026-06-04,1713,N,nominal,2.0NRT,295.63,3.25,D
-12.22907,-57.28077,331.61,0.46,0.39,2026-06-04,1717,N,nominal,2.0NRT,295.69,23.9,D
-26.7057,-56.66533,332.85,0.41,0.45,2026-06-04,1713,N,nominal,2.0NRT,295.88,4.44,D
-11.55699,-52.78338,336.66,0.4,0.37,2026-06-04,1717,N,nominal,2.0NRT,307.95,17.4,D
-26.76926,-57.44707,352.37,0.46,0.47,2026-06-04,1713,N,nominal,2.0NRT,298.41,20.14,D
-11.33244,-51.39348,367,0.45,0.39,2026-06-04,1717,N,high,2.0NRT,306.42,19.25,D
-26.29759,-53.811,333.38,0.44,0.39,2026-06-04,1713,N,nominal,2.0NRT,295.82,5.55,D
-11.5536,-52.78394,336.41,0.4,0.37,2026-06-04,1717,N,nominal,2.0NRT,303.53,17.4,D
-26.22979,-53.48272,329.69,0.43,0.38,2026-06-04,1713,N,nominal,2.0NRT,294.53,1.74,D
-26.31064,-54.08665,330.89,0.46,0.39,2026-06-04,1713,N,nominal,2.0NRT,294.76,2.89,D
-11.55418,-52.78762,336.28,0.4,0.37,2026-06-04,1717,N,nominal,2.0NRT,306.39,13.57,D
-27.06985,-61.10201,329.13,0.39,0.59,2026-06-04,1713,N,nominal,2.0NRT,293.09,1.62,D
-12.23142,-57.27544,331.92,0.46,0.39,2026-06-04,1717,N,low,2.0NRT,301.96,6.62,D
-26.13524,-53.15627,326.85,0.42,0.38,2026-06-04,1713,N,nominal,2.0NRT,299.74,3.24,D
-11.32819,-51.38994,334.8,0.45,0.39,2026-06-04,1717,N,nominal,2.0NRT,304.54,5.25,D
-26.11796,-53.10779,332.39,0.42,0.38,2026-06-04,1713,N,nominal,2.0NRT,299.58,2.88,D
-11.55079,-52.78817,333.7,0.4,0.37,2026-06-04,1717,N,low,2.0NRT,306.83,3.3,D
-25.97818,-52.44852,335.02,0.4,0.37,2026-06-04,1713,N,nominal,2.0NRT,292.51,6.11,D
-12.2272,-57.27177,330.07,0.46,0.39,2026-06-04,1717,N,low,2.0NRT,302.15,4.5,D
-26.47103,-56.29711,327.11,0.39,0.44,2026-06-04,1713,N,nominal,2.0NRT,296.47,4.92,D
-26.47149,-56.30109,339.15,0.39,0.44,2026-06-04,1713,N,nominal,2.0NRT,296.68,3.13,D
-12.22781,-57.27597,347.39,0.46,0.39,2026-06-04,1717,N,nominal,2.0NRT,312.47,24.52,D
-26.46741,-56.30166,325.01,0.39,0.44,2026-06-04,1713,N,low,2.0NRT,296.27,3.13,D
-12.22842,-57.28018,338.53,0.46,0.39,2026-06-04,1717,N,nominal,2.0NRT,299.2,24.52,D
-26.46787,-56.30564,339.74,0.39,0.44,2026-06-04,1713,N,nominal,2.0NRT,296.61,3.13,D
-11.5474,-52.78872,334.13,0.4,0.37,2026-06-04,1717,N,low,2.0NRT,306.16,3.3,D
-25.4987,-49.46709,331.04,0.4,0.37,2026-06-04,1713,N,nominal,2.0NRT,292.4,8.82,D
-12.2242,-57.2765,337.03,0.46,0.39,2026-06-04,1717,N,nominal,2.0NRT,304.7,24.52,D
-26.23982,-54.68739,331.61,0.48,0.4,2026-06-04,1713,N,nominal,2.0NRT,296.3,2.31,D
-12.22481,-57.28071,350.38,0.46,0.39,2026-06-04,1717,N,nominal,2.0NRT,309.22,24.52,D
-26.09321,-53.75106,329.18,0.44,0.38,2026-06-04,1713,N,nominal,2.0NRT,295.62,2.92,D
-26.38903,-56.19601,331.89,0.39,0.44,2026-06-04,1713,N,nominal,2.0NRT,295.68,2.25,D
-11.544,-52.78926,333.05,0.4,0.37,2026-06-04,1717,N,low,2.0NRT,304.26,3.44,D
-26.19842,-54.62943,332.91,0.48,0.4,2026-06-04,1713,N,nominal,2.0NRT,295.78,4.87,D
-12.2212,-57.28125,342.37,0.46,0.39,2026-06-04,1717,N,nominal,2.0NRT,305.13,5.21,D
-25.9408,-52.94829,331.9,0.41,0.37,2026-06-04,1713,N,nominal,2.0NRT,297.02,2.54,D
-13.28329,-65.40006,341.47,0.51,0.66,2026-06-04,1717,N,nominal,2.0NRT,296.06,7.62,D
-26.11746,-54.25164,347.89,0.46,0.39,2026-06-04,1713,N,nominal,2.0NRT,301.94,8.66,D
-26.11382,-54.25222,346.68,0.46,0.39,2026-06-04,1713,N,nominal,2.0NRT,300.35,8.66,D
-12.21698,-57.27755,330.28,0.46,0.39,2026-06-04,1717,N,low,2.0NRT,304.06,5.21,D
-26.11443,-54.2569,331.66,0.46,0.39,2026-06-04,1713,N,nominal,2.0NRT,299.85,8.66,D
-12.21758,-57.28177,335.38,0.46,0.39,2026-06-04,1717,N,low,2.0NRT,307.86,5.21,D
-26.11079,-54.25748,332.1,0.46,0.39,2026-06-04,1713,N,nominal,2.0NRT,299.97,6.14,D
-12.21819,-57.286,334.57,0.46,0.39,2026-06-04,1717,N,low,2.0NRT,308.11,7.32,D
-26.30973,-56.33119,333.66,0.39,0.44,2026-06-04,1713,N,nominal,2.0NRT,296.07,3.1,D
-12.21458,-57.28653,338.45,0.46,0.39,2026-06-04,1717,N,nominal,2.0NRT,309.39,18.7,D
-26.28497,-56.44467,333.63,0.4,0.44,2026-06-04,1713,N,nominal,2.0NRT,295.48,2.55,D
-26.28323,-56.44757,346.42,0.4,0.44,2026-06-04,1713,N,nominal,2.0NRT,295.52,5.62,D
-12.21097,-57.28705,345.45,0.46,0.39,2026-06-04,1717,N,nominal,2.0NRT,307.77,18.7,D
-26.24817,-56.29023,340.34,0.39,0.44,2026-06-04,1713,N,nominal,2.0NRT,297.15,14.04,D
-10.85291,-48.75232,346.74,0.43,0.46,2026-06-04,1717,N,nominal,2.0NRT,300.61,3.96,D
-26.24863,-56.29419,349.49,0.39,0.44,2026-06-04,1713,N,nominal,2.0NRT,295.98,14.04,D
-10.81433,-48.57962,339.86,0.44,0.46,2026-06-04,1717,N,nominal,2.0NRT,296.37,4.53,D
-26.2441,-56.29082,343.42,0.39,0.44,2026-06-04,1713,N,nominal,2.0NRT,303.53,14.04,D
-26.24456,-56.29477,333.18,0.39,0.44,2026-06-04,1713,N,nominal,2.0NRT,295.82,14.04,D
-11.54723,-53.09586,328.24,0.4,0.37,2026-06-04,1717,N,nominal,2.0NRT,296.67,0.08,D
-26.31435,-57.33894,367,0.45,0.47,2026-06-04,1713,N,high,2.0NRT,300.81,16.23,D
-11.15846,-51.01427,330.54,0.47,0.4,2026-06-04,1717,N,nominal,2.0NRT,299.72,4.48,D
-26.31484,-57.34356,345.1,0.45,0.47,2026-06-04,1713,N,nominal,2.0NRT,297.58,16.23,D
-26.31,-57.33953,367,0.45,0.47,2026-06-04,1713,N,high,2.0NRT,294.93,16.23,D
-11.15867,-51.01254,332.5,0.47,0.4,2026-06-04,1717,N,nominal,2.0NRT,298.64,3.09,D
-26.31049,-57.34414,355.48,0.45,0.47,2026-06-04,1713,N,nominal,2.0NRT,298.54,16.23,D
-11.15065,-51.00944,333.16,0.47,0.4,2026-06-04,1717,N,nominal,2.0NRT,300.24,3.47,D
-26.31097,-57.34867,342.88,0.45,0.47,2026-06-04,1713,N,nominal,2.0NRT,296.56,31.13,D
-11.15136,-51.01377,336.12,0.47,0.4,2026-06-04,1717,N,nominal,2.0NRT,301.5,3.47,D
-26.31145,-57.35317,354.27,0.45,0.47,2026-06-04,1713,N,nominal,2.0NRT,300.8,31.13,D
-11.74119,-54.79058,337.18,0.39,0.36,2026-06-04,1717,N,low,2.0NRT,309.14,6.48,D
-26.31194,-57.35773,325.24,0.45,0.47,2026-06-04,1713,N,low,2.0NRT,296.65,19.28,D
-26.30614,-57.3447,339.6,0.45,0.47,2026-06-04,1713,N,nominal,2.0NRT,296.93,15.16,D
-11.6345,-54.15749,336.99,0.38,0.36,2026-06-04,1717,N,nominal,2.0NRT,306.19,6.98,D
-26.3018,-57.3453,338.24,0.45,0.47,2026-06-04,1713,N,nominal,2.0NRT,297.99,15.16,D
-11.63504,-54.16101,344.09,0.38,0.36,2026-06-04,1717,N,nominal,2.0NRT,306.81,4.11,D
-26.11223,-56.01296,345.41,0.56,0.43,2026-06-04,1713,N,nominal,2.0NRT,296.22,13.34,D
-11.73334,-54.8063,349.24,0.39,0.36,2026-06-04,1717,N,nominal,2.0NRT,311.64,15.72,D
-26.24889,-57.23531,332.65,0.44,0.46,2026-06-04,1713,N,nominal,2.0NRT,294.24,3.77,D
-26.24939,-57.23982,330.22,0.44,0.46,2026-06-04,1713,N,nominal,2.0NRT,294.6,3.77,D
-11.63171,-54.16153,332.37,0.38,0.36,2026-06-04,1717,N,nominal,2.0NRT,301.69,4.11,D
-26.34737,-58.14835,353.37,0.5,0.49,2026-06-04,1713,N,nominal,2.0NRT,297.31,27.1,D
-10.9282,-49.94956,330.3,0.54,0.42,2026-06-04,1717,N,low,2.0NRT,301.55,5.6,D
-26.14497,-56.57733,331.5,0.4,0.44,2026-06-04,1713,N,nominal,2.0NRT,295.77,1.96,D
-12.93783,-64.01463,367,0.41,0.61,2026-06-04,1717,N,high,2.0NRT,299.68,8.69,D
-26.15056,-56.62656,355.54,0.41,0.45,2026-06-04,1713,N,nominal,2.0NRT,297.21,7.6,D
-26.14641,-56.62712,332.88,0.41,0.45,2026-06-04,1713,N,nominal,2.0NRT,295.76,3.51,D
-13.06622,-65.13355,367,0.49,0.65,2026-06-04,1717,N,high,2.0NRT,295.48,12.59,D
-26.28235,-58.47884,336.58,0.52,0.5,2026-06-04,1713,N,nominal,2.0NRT,290.87,3.88,D
-12.93738,-64.01079,334.27,0.41,0.61,2026-06-04,1717,N,nominal,2.0NRT,298.22,7.08,D
-26.28075,-58.48154,336.99,0.52,0.5,2026-06-04,1713,N,nominal,2.0NRT,293.75,4.67,D
-10.92125,-49.95586,333.29,0.54,0.42,2026-06-04,1717,N,nominal,2.0NRT,300.35,5.23,D
-25.952,-56.25515,328.41,0.38,0.44,2026-06-04,1713,N,nominal,2.0NRT,295.6,2.52,D
-26.34038,-62.86029,336.6,0.49,0.65,2026-06-04,1713,N,nominal,2.0NRT,291.48,5.07,D
-10.27476,-46.32342,354.88,0.63,0.54,2026-06-04,1717,N,nominal,2.0NRT,288.8,9.65,D
-25.67774,-55.86003,327.87,0.55,0.42,2026-06-04,1713,N,nominal,2.0NRT,295.55,3.26,D
-10.81032,-49.33147,354.09,0.39,0.44,2026-06-04,1717,N,nominal,2.0NRT,305.89,8.58,D
-25.78908,-56.79311,325.51,0.41,0.45,2026-06-04,1713,N,nominal,2.0NRT,294.25,2.18,D
-25.61397,-55.40824,336,0.52,0.41,2026-06-04,1713,N,nominal,2.0NRT,297.53,4.46,D
-10.81094,-49.33506,333.92,0.39,0.44,2026-06-04,1717,N,nominal,2.0NRT,303.02,8.58,D
-26.33999,-62.85962,337.55,0.49,0.65,2026-06-04,1713,N,nominal,2.0NRT,291.59,5.67,D
-10.91652,-49.95156,333.59,0.54,0.42,2026-06-04,1717,N,nominal,2.0NRT,301.83,7.81,D
-25.51754,-55.46201,326.25,0.52,0.41,2026-06-04,1713,N,nominal,2.0NRT,295.2,3.51,D
-25.49382,-55.55589,330.22,0.52,0.42,2026-06-04,1713,N,nominal,2.0NRT,295.95,3.92,D
-10.26974,-46.3242,343.64,0.63,0.54,2026-06-04,1717,N,nominal,2.0NRT,273.79,5.02,D
-25.33309,-54.97366,328.7,0.49,0.4,2026-06-04,1713,N,nominal,2.0NRT,299.49,2.64,D
-10.91262,-49.95223,349.67,0.54,0.42,2026-06-04,1717,N,nominal,2.0NRT,303.27,16.38,D
-25.98434,-61.57426,340.34,0.4,0.6,2026-06-04,1713,N,nominal,2.0NRT,295.42,8.05,D
-10.46749,-47.49055,333.92,0.52,0.5,2026-06-04,1717,N,nominal,2.0NRT,296.63,2.75,D
-25.98467,-61.5784,356.36,0.4,0.6,2026-06-04,1713,N,nominal,2.0NRT,296.41,7.42,D
-25.3593,-55.52486,331.53,0.52,0.41,2026-06-04,1713,N,nominal,2.0NRT,296.91,3.86,D
-10.46117,-47.48189,346.61,0.52,0.5,2026-06-04,1717,N,nominal,2.0NRT,298.51,11.68,D
-25.31598,-55.42557,336.93,0.51,0.41,2026-06-04,1713,N,nominal,2.0NRT,297.6,8.02,D
-10.46203,-47.48663,348.27,0.52,0.5,2026-06-04,1717,N,nominal,2.0NRT,297.7,11.68,D
-25.31472,-55.42845,330.53,0.51,0.41,2026-06-04,1713,N,nominal,2.0NRT,297.51,3.93,D
-24.82526,-52.03637,340.02,0.39,0.36,2026-06-04,1713,N,nominal,2.0NRT,295.19,3.77,D
-10.46289,-47.49138,343.14,0.52,0.5,2026-06-04,1717,N,nominal,2.0NRT,297.65,14.4,D
-25.54949,-58.02852,337.72,0.48,0.48,2026-06-04,1713,N,nominal,2.0NRT,292.68,6.24,D
-10.4589,-47.48194,337.08,0.52,0.5,2026-06-04,1717,N,nominal,2.0NRT,296.79,5,D
-24.73741,-51.97644,330.42,0.39,0.36,2026-06-04,1713,N,nominal,2.0NRT,296.22,2.91,D
-10.45972,-47.48669,330.64,0.52,0.5,2026-06-04,1717,N,nominal,2.0NRT,295.22,5,D
-24.73437,-51.97889,329.67,0.39,0.36,2026-06-04,1713,N,nominal,2.0NRT,294.95,3.95,D
-25.18755,-55.37437,338.01,0.51,0.41,2026-06-04,1713,N,nominal,2.0NRT,299.15,13.83,D
-10.46055,-47.49147,345.8,0.52,0.5,2026-06-04,1717,N,nominal,2.0NRT,294.08,9.06,D
-25.05592,-54.5585,330.02,0.46,0.39,2026-06-04,1713,N,nominal,2.0NRT,296.74,6.15,D
-12.27842,-59.32442,342.15,0.39,0.44,2026-06-04,1717,N,nominal,2.0NRT,301.37,19.45,D
-25.0291,-54.58162,343.38,0.47,0.39,2026-06-04,1713,N,nominal,2.0NRT,299.41,3.18,D
-11.00912,-50.98402,349.81,0.48,0.4,2026-06-04,1717,N,nominal,2.0NRT,304.41,16.84,D
-25.13381,-55.60297,330.59,0.52,0.42,2026-06-04,1713,N,nominal,2.0NRT,297.82,4.99,D
-25.22302,-56.52752,336.04,0.39,0.44,2026-06-04,1713,N,nominal,2.0NRT,295.89,3.68,D
-11.00402,-50.97592,333.28,0.48,0.4,2026-06-04,1717,N,nominal,2.0NRT,301.59,5.73,D
-25.07105,-56.32266,334.43,0.57,0.43,2026-06-04,1713,N,nominal,2.0NRT,297.49,6.17,D
-12.25755,-59.32352,333.45,0.39,0.44,2026-06-04,1717,N,nominal,2.0NRT,299.71,3.11,D
-25.21635,-57.77868,326.44,0.46,0.47,2026-06-04,1713,N,nominal,2.0NRT,294.57,8.35,D
-11.57076,-54.57623,336.79,0.38,0.36,2026-06-04,1717,N,nominal,2.0NRT,299.66,4.02,D
-23.98208,-48.91849,330.59,0.42,0.38,2026-06-04,1713,N,nominal,2.0NRT,295.2,2.52,D
-25.21144,-57.77459,338.9,0.46,0.47,2026-06-04,1713,N,nominal,2.0NRT,295.5,15.62,D
-10.18323,-46.34992,349.59,0.63,0.54,2026-06-04,1717,N,nominal,2.0NRT,298.04,20.4,D
-25.21195,-57.77924,334.68,0.46,0.47,2026-06-04,1713,N,nominal,2.0NRT,297.23,8.35,D
-11.6255,-55.00584,333.12,0.39,0.36,2026-06-04,1717,N,low,2.0NRT,303.45,3.83,D
-24.83722,-55.1714,328.88,0.49,0.4,2026-06-04,1713,N,nominal,2.0NRT,296.71,3.12,D
-10.17824,-46.35086,341.43,0.63,0.54,2026-06-04,1717,N,nominal,2.0NRT,296.59,13.97,D
-24.90292,-55.7525,335.86,0.53,0.42,2026-06-04,1713,N,nominal,2.0NRT,298.09,10.62,D
-10.17927,-46.3565,340.84,0.63,0.54,2026-06-04,1717,N,nominal,2.0NRT,295.49,13.97,D
-24.89904,-55.75306,333.34,0.53,0.42,2026-06-04,1713,N,nominal,2.0NRT,295.08,6.68,D
-24.92763,-56.15013,330.3,0.55,0.43,2026-06-04,1713,N,nominal,2.0NRT,296.57,5.11,D
-11.62269,-55.00991,339.55,0.39,0.36,2026-06-04,1717,N,nominal,2.0NRT,302.65,5.49,D
-24.25728,-51.87188,328.43,0.39,0.36,2026-06-04,1713,N,nominal,2.0NRT,296.31,1.33,D
-11.63832,-55.18256,332.77,0.39,0.36,2026-06-04,1717,N,nominal,2.0NRT,299.85,2.08,D
-24.8346,-56.26739,330.82,0.56,0.43,2026-06-04,1713,N,nominal,2.0NRT,296.97,2.17,D
-11.63497,-55.18307,356.01,0.39,0.36,2026-06-04,1717,N,nominal,2.0NRT,303.68,7,D
-25.0236,-57.96204,327.6,0.47,0.48,2026-06-04,1713,N,nominal,2.0NRT,294.98,2.65,D
-24.71542,-55.67556,343.98,0.52,0.42,2026-06-04,1713,N,nominal,2.0NRT,300.77,14.32,D
-11.63551,-55.18665,342.36,0.39,0.36,2026-06-04,1717,N,nominal,2.0NRT,301.46,7,D
-24.71157,-55.67617,328.53,0.52,0.42,2026-06-04,1713,N,nominal,2.0NRT,296.12,3.83,D
-10.44382,-47.95419,334.71,0.49,0.48,2026-06-04,1717,N,nominal,2.0NRT,299.99,5.15,D
-24.78752,-56.73308,340.58,0.4,0.44,2026-06-04,1713,N,nominal,2.0NRT,297.81,8.28,D
-11.63163,-55.18359,333.18,0.39,0.36,2026-06-04,1717,N,nominal,2.0NRT,301.61,7,D
-24.72766,-56.36554,332.69,0.57,0.43,2026-06-04,1713,N,nominal,2.0NRT,299.49,6.23,D
-10.43933,-47.95486,331.29,0.49,0.48,2026-06-04,1717,N,nominal,2.0NRT,296.2,2.85,D
-24.72366,-56.36619,332.76,0.57,0.43,2026-06-04,1713,N,nominal,2.0NRT,295.99,6.23,D
-24.75241,-56.71778,339.62,0.39,0.44,2026-06-04,1713,N,nominal,2.0NRT,297.59,5.89,D
-11.00443,-51.22762,334.08,0.46,0.39,2026-06-04,1717,N,nominal,2.0NRT,300.15,2.84,D
-24.81691,-57.40373,330.11,0.43,0.46,2026-06-04,1713,N,nominal,2.0NRT,296.33,2.79,D
-11.62935,-55.19125,336.98,0.39,0.36,2026-06-04,1717,N,nominal,2.0NRT,292.52,4.04,D
-24.81263,-57.4043,327.98,0.43,0.46,2026-06-04,1713,N,nominal,2.0NRT,296.52,3.45,D
-11.99407,-57.80265,338.2,0.48,0.4,2026-06-04,1717,N,nominal,2.0NRT,301.6,4.19,D
-24.81311,-57.40866,331.5,0.43,0.46,2026-06-04,1713,N,nominal,2.0NRT,296.57,4,D
-11.99036,-57.80317,347.92,0.48,0.4,2026-06-04,1717,N,nominal,2.0NRT,302.88,9.79,D
-24.72647,-56.70927,329.47,0.39,0.44,2026-06-04,1713,N,nominal,2.0NRT,297.15,4.34,D
-24.52304,-55.31763,338.18,0.5,0.41,2026-06-04,1713,N,nominal,2.0NRT,296.17,5.51,D
-11.98874,-57.80283,337.76,0.48,0.4,2026-06-04,1717,N,nominal,2.0NRT,300.66,4.83,D
-24.63897,-56.48515,331.07,0.57,0.43,2026-06-04,1713,N,nominal,2.0NRT,297.05,3.78,D
-11.60846,-55.33492,349.67,0.39,0.36,2026-06-04,1717,N,nominal,2.0NRT,308.7,20.13,D
-24.50268,-55.55573,330.61,0.51,0.41,2026-06-04,1713,N,nominal,2.0NRT,297.68,7.6,D
-11.609,-55.33851,341.32,0.39,0.36,2026-06-04,1717,N,nominal,2.0NRT,307.43,20.13,D
-24.49886,-55.55629,330.81,0.51,0.41,2026-06-04,1713,N,nominal,2.0NRT,295.11,4.39,D
-11.60511,-55.33543,348.89,0.39,0.36,2026-06-04,1717,N,nominal,2.0NRT,308.8,43.62,D
-24.47684,-56.05299,327.42,0.54,0.42,2026-06-04,1713,N,nominal,2.0NRT,296.82,3.24,D
-24.52322,-56.54358,340.38,0.38,0.43,2026-06-04,1713,N,nominal,2.0NRT,297.5,8.48,D
-10.11276,-46.29176,334.8,0.32,0.54,2026-06-04,1717,N,nominal,2.0NRT,296.16,4.42,D
-24.41897,-56.00331,325.55,0.54,0.42,2026-06-04,1713,N,nominal,2.0NRT,296.7,1.65,D
-10.10717,-46.28947,367,0.32,0.54,2026-06-04,1717,N,high,2.0NRT,297.94,14.49,D
-23.43078,-49.68626,332.76,0.4,0.37,2026-06-04,1713,N,nominal,2.0NRT,297.38,3.23,D
-10.1077,-46.29247,345.99,0.32,0.54,2026-06-04,1717,N,nominal,2.0NRT,296.04,4.42,D
-24.62955,-59.12432,325.54,0.55,0.51,2026-06-04,1713,N,low,2.0NRT,296.39,5.07,D
-12.89463,-65.42656,334.77,0.51,0.66,2026-06-04,1717,N,nominal,2.0NRT,294.99,4.37,D
-23.22154,-49.02346,325.86,0.42,0.38,2026-06-04,1713,N,low,2.0NRT,298.11,1.53,D
-24.36199,-57.22244,342.14,0.42,0.45,2026-06-04,1713,N,nominal,2.0NRT,299.19,11.6,D
-12.91417,-65.83079,327.53,0.54,0.68,2026-06-04,1717,N,nominal,2.0NRT,294.67,5.96,D
-24.35778,-57.22301,341.72,0.42,0.45,2026-06-04,1713,N,nominal,2.0NRT,299.41,22.31,D
-12.90784,-65.8315,326.41,0.54,0.68,2026-06-04,1717,N,nominal,2.0NRT,294.67,5.96,D
-24.14326,-56.12248,332.86,0.54,0.42,2026-06-04,1713,N,nominal,2.0NRT,297.51,3.96,D
-12.90896,-65.84176,334.46,0.54,0.68,2026-06-04,1717,N,nominal,2.0NRT,293.35,6.94,D
-24.16401,-56.43212,331.9,0.56,0.43,2026-06-04,1715,N,nominal,2.0NRT,296.35,4.3,D
-10.24199,-47.39941,356.62,0.53,0.5,2026-06-04,1717,N,nominal,2.0NRT,298.28,13.32,D
-23.99147,-55.08207,332.24,0.48,0.4,2026-06-04,1715,N,nominal,2.0NRT,298.19,2.9,D
-11.34394,-53.97499,332.35,0.39,0.36,2026-06-04,1717,N,nominal,2.0NRT,302.14,3.75,D
-24.11076,-56.05091,325.5,0.54,0.42,2026-06-04,1715,N,low,2.0NRT,296.65,1.83,D
-24.15257,-56.47346,328.2,0.57,0.43,2026-06-04,1715,N,nominal,2.0NRT,298.07,2.47,D
-12.17049,-59.75588,346.37,0.42,0.45,2026-06-04,1717,N,nominal,2.0NRT,302.21,12.17,D
-24.09777,-56.04195,333.25,0.53,0.42,2026-06-04,1715,N,nominal,2.0NRT,297.98,8.66,D
-11.33898,-53.96494,341.54,0.39,0.36,2026-06-04,1717,N,nominal,2.0NRT,303.89,4.13,D
-24.09386,-56.04248,338.87,0.53,0.42,2026-06-04,1715,N,nominal,2.0NRT,299.11,8.66,D
-10.00755,-46.22857,341.76,0.32,0.55,2026-06-04,1717,N,nominal,2.0NRT,296.55,2.86,D
-24.11071,-56.04767,332.54,0.53,0.42,2026-06-04,1715,N,nominal,2.0NRT,298.06,4.26,D
-9.67189,-44.48431,343.08,0.43,0.62,2026-06-04,1717,N,nominal,2.0NRT,293.55,6.32,D
-24.15121,-56.4698,331.76,0.56,0.43,2026-06-04,1715,N,nominal,2.0NRT,298.1,2.53,D
-11.89,-57.82601,346.02,0.48,0.4,2026-06-04,1717,N,nominal,2.0NRT,302.84,39.15,D
-24.09442,-56.04459,332.61,0.53,0.42,2026-06-04,1715,N,nominal,2.0NRT,299.67,16.4,D
-24.08887,-56.1928,330.26,0.54,0.42,2026-06-04,1715,N,nominal,2.0NRT,297.02,4.94,D
-11.89061,-57.83044,339.32,0.48,0.4,2026-06-04,1717,N,nominal,2.0NRT,309.19,39.15,D
-23.37431,-51.12898,327.59,0.38,0.36,2026-06-04,1715,N,nominal,2.0NRT,297.9,1.5,D
-11.88568,-57.82211,352.87,0.48,0.4,2026-06-04,1717,N,nominal,2.0NRT,309.09,49.81,D
-24.52351,-60.63141,336.38,0.34,0.56,2026-06-04,1715,N,nominal,2.0NRT,299.38,3.3,D
-11.88691,-57.83095,347.22,0.48,0.4,2026-06-04,1717,N,nominal,2.0NRT,305.25,138.24,D
-24.52382,-60.63483,341.25,0.34,0.56,2026-06-04,1715,N,nominal,2.0NRT,298.75,3.3,D
-11.88198,-57.82262,350.04,0.48,0.4,2026-06-04,1717,N,nominal,2.0NRT,302.36,49.81,D
-24.51827,-60.63198,326.7,0.34,0.56,2026-06-04,1715,N,nominal,2.0NRT,298.34,3.11,D
-11.88381,-57.83591,332.83,0.48,0.4,2026-06-04,1717,N,nominal,2.0NRT,291.65,8.23,D
-24.03448,-56.1072,333.9,0.54,0.42,2026-06-04,1715,N,nominal,2.0NRT,299.42,8.54,D
-11.88259,-57.82704,312.28,0.48,0.4,2026-06-04,1717,N,low,2.0NRT,322.93,138.24,D
-24.0501,-56.23671,338.43,0.55,0.42,2026-06-04,1715,N,nominal,2.0NRT,299.19,7.73,D
-24.04616,-56.23729,339.05,0.55,0.42,2026-06-04,1715,N,nominal,2.0NRT,299.62,29.57,D
-11.87888,-57.82755,354.77,0.48,0.4,2026-06-04,1717,N,nominal,2.0NRT,306.12,21.25,D
-22.36621,-45.65472,340.03,0.42,0.45,2026-06-04,1715,N,nominal,2.0NRT,297.29,5.71,D
-11.87949,-57.83197,339.17,0.48,0.4,2026-06-04,1717,N,nominal,2.0NRT,294.32,21.25,D
-23.96714,-55.84454,325.06,0.52,0.42,2026-06-04,1715,N,low,2.0NRT,295.68,1.84,D
-11.87639,-57.83693,329.86,0.48,0.4,2026-06-04,1717,N,nominal,2.0NRT,290.14,6.52,D
-23.44027,-52.0041,326.76,0.39,0.36,2026-06-04,1715,N,nominal,2.0NRT,300.23,1.55,D
-23.96905,-55.8412,331.14,0.52,0.42,2026-06-04,1715,N,nominal,2.0NRT,295.75,4.33,D
-11.88476,-57.82592,367,0.48,0.4,2026-06-04,1717,N,high,2.0NRT,329.26,92,D
-23.94285,-55.97744,327.26,0.53,0.42,2026-06-04,1715,N,nominal,2.0NRT,295.52,1.6,D
-11.88413,-57.82151,351.75,0.48,0.4,2026-06-04,1717,N,nominal,2.0NRT,299.34,40.71,D
-24.27076,-58.92681,345.26,0.53,0.5,2026-06-04,1715,N,nominal,2.0NRT,297.53,6.19,D
-11.8854,-57.83034,354.27,0.48,0.4,2026-06-04,1717,N,nominal,2.0NRT,293.69,92,D
-23.97127,-56.72015,340.81,0.39,0.44,2026-06-04,1715,N,nominal,2.0NRT,295.82,2.7,D
-11.88604,-57.83479,334.91,0.48,0.4,2026-06-04,1717,N,nominal,2.0NRT,294.01,7.21,D
-23.9717,-56.71912,345.01,0.39,0.44,2026-06-04,1715,N,nominal,2.0NRT,296.22,4.51,D
-11.88105,-57.82642,348.96,0.48,0.4,2026-06-04,1717,N,nominal,2.0NRT,314.21,92,D
-23.27967,-52.13282,335.06,0.39,0.36,2026-06-04,1715,N,nominal,2.0NRT,300.83,3.84,D
-11.73462,-56.84173,341.23,0.43,0.38,2026-06-04,1717,N,nominal,2.0NRT,298.7,7.68,D
-23.78171,-56.01819,325.29,0.53,0.42,2026-06-04,1715,N,low,2.0NRT,297.7,2.94,D
-23.78234,-56.02344,332.29,0.53,0.42,2026-06-04,1715,N,nominal,2.0NRT,298.7,4.87,D
-11.7352,-56.84574,355.57,0.43,0.38,2026-06-04,1717,N,nominal,2.0NRT,304.76,6.99,D
-23.77782,-56.01869,327.09,0.53,0.42,2026-06-04,1715,N,low,2.0NRT,297.24,2.94,D
-11.73579,-56.84974,333.3,0.43,0.38,2026-06-04,1717,N,nominal,2.0NRT,300.64,6.99,D
-23.78116,-56.02049,346.48,0.53,0.42,2026-06-04,1715,N,nominal,2.0NRT,299.77,9.85,D
-11.87862,-57.83579,329.7,0.48,0.4,2026-06-04,1717,N,nominal,2.0NRT,289.51,4.6,D
-23.76803,-56.23329,326.57,0.54,0.42,2026-06-04,1715,N,nominal,2.0NRT,296.27,2.86,D
-12.91175,-65.8297,331.2,0.54,0.68,2026-06-04,1717,N,nominal,2.0NRT,295.58,10.66,D
-22.21715,-46.27182,326.32,0.39,0.44,2026-06-04,1715,N,nominal,2.0NRT,295.24,1.26,D
-10.0111,-46.22888,334.09,0.32,0.55,2026-06-04,1717,N,nominal,2.0NRT,296.81,2.97,D
-22.56679,-48.34478,331.73,0.46,0.39,2026-06-04,1715,N,nominal,2.0NRT,296.82,2.84,D
-12.9066,-65.84061,330.09,0.54,0.68,2026-06-04,1717,N,nominal,2.0NRT,293.2,4.37,D
-22.56318,-48.34551,338.17,0.46,0.39,2026-06-04,1715,N,nominal,2.0NRT,297.73,22.14,D
-24.23324,-61.10755,347.75,0.36,0.57,2026-06-04,1715,N,nominal,2.0NRT,299.82,4.76,D
-12.9072,-65.84574,339.62,0.54,0.68,2026-06-04,1717,N,nominal,2.0NRT,293.68,4.37,D
-23.62005,-55.7793,331.74,0.51,0.41,2026-06-04,1715,N,nominal,2.0NRT,296.65,2.44,D
-9.67299,-44.4871,338.17,0.43,0.62,2026-06-04,1717,N,nominal,2.0NRT,293.38,6.98,D
-23.68108,-56.26406,330.53,0.54,0.42,2026-06-04,1715,N,nominal,2.0NRT,295.98,13.09,D
-11.27253,-53.96574,344.09,0.39,0.36,2026-06-04,1717,N,nominal,2.0NRT,304.48,5.23,D
-23.64282,-56.02146,332.91,0.53,0.42,2026-06-04,1715,N,nominal,2.0NRT,299.23,4.3,D
-11.27307,-53.96926,346.3,0.39,0.36,2026-06-04,1717,N,nominal,2.0NRT,304.77,11.09,D
-22.31141,-47.34832,325.06,0.51,0.41,2026-06-04,1715,N,low,2.0NRT,296.38,2.06,D
-11.26363,-53.97435,327.91,0.39,0.36,2026-06-04,1717,N,low,2.0NRT,299.1,3.32,D
-22.30761,-47.34909,338.29,0.51,0.41,2026-06-04,1715,N,nominal,2.0NRT,299.23,9.65,D
-10.63311,-50.08265,336.3,0.54,0.42,2026-06-04,1717,N,nominal,2.0NRT,299.22,3.6,D
-23.67215,-56.42017,325.55,0.55,0.43,2026-06-04,1715,N,nominal,2.0NRT,300.44,2.41,D
-10.6284,-50.07839,334.26,0.54,0.42,2026-06-04,1717,N,nominal,2.0NRT,299.79,3.36,D
-23.22111,-53.11858,338.57,0.4,0.37,2026-06-04,1715,N,nominal,2.0NRT,301.59,3.08,D
-10.62452,-50.07905,331.3,0.54,0.42,2026-06-04,1717,N,nominal,2.0NRT,299.14,3.36,D
-23.59244,-55.99674,343.6,0.52,0.42,2026-06-04,1715,N,nominal,2.0NRT,302.01,19.9,D
-10.62618,-50.08889,350.83,0.54,0.42,2026-06-04,1717,N,nominal,2.0NRT,300.73,20.66,D
-23.53237,-55.66827,330.56,0.5,0.41,2026-06-04,1715,N,nominal,2.0NRT,296.17,6.18,D
-10.6223,-50.08954,350.29,0.54,0.42,2026-06-04,1717,N,nominal,2.0NRT,300.24,7.74,D
-23.52857,-55.66883,330.32,0.5,0.41,2026-06-04,1715,N,nominal,2.0NRT,295.97,6.18,D
-10.61759,-50.08529,330.05,0.54,0.42,2026-06-04,1717,N,nominal,2.0NRT,299.98,7.74,D
-22.8243,-51.31754,331.14,0.38,0.36,2026-06-04,1715,N,nominal,2.0NRT,295.26,2.39,D
-10.61842,-50.09021,337.9,0.54,0.42,2026-06-04,1717,N,nominal,2.0NRT,299.12,7.74,D
-23.44163,-55.74019,331.65,0.51,0.41,2026-06-04,1715,N,nominal,2.0NRT,300.17,13.15,D
-23.43783,-55.74081,331.93,0.51,0.41,2026-06-04,1715,N,nominal,2.0NRT,295.13,13.15,D
-10.61454,-50.09087,348.64,0.54,0.42,2026-06-04,1717,N,nominal,2.0NRT,301.79,9.7,D
-23.41665,-55.95893,326.72,0.52,0.42,2026-06-04,1715,N,nominal,2.0NRT,296.25,3,D
-10.60983,-50.08661,331.03,0.54,0.42,2026-06-04,1717,N,nominal,2.0NRT,299.72,9.7,D
-23.49048,-56.61964,348.12,0.57,0.43,2026-06-04,1715,N,nominal,2.0NRT,304.51,18.92,D
-10.61066,-50.09153,342.68,0.54,0.42,2026-06-04,1717,N,nominal,2.0NRT,300.09,9.7,D
-23.81462,-60.05497,331.95,0.61,0.54,2026-06-04,1715,N,nominal,2.0NRT,301.81,6.59,D
-10.60678,-50.09219,330.36,0.54,0.42,2026-06-04,1717,N,nominal,2.0NRT,298.57,4.42,D
-23.29623,-55.64812,332.07,0.5,0.41,2026-06-04,1715,N,nominal,2.0NRT,295.86,2.66,D
-11.83155,-58.15194,343.46,0.5,0.41,2026-06-04,1717,N,nominal,2.0NRT,299.41,6.2,D
-23.81465,-60.05491,329.39,0.61,0.54,2026-06-04,1715,N,low,2.0NRT,301.56,4.73,D
-11.82778,-58.15246,346.14,0.5,0.41,2026-06-04,1717,N,nominal,2.0NRT,296.41,6.2,D
-23.29241,-55.64548,332.67,0.5,0.41,2026-06-04,1715,N,nominal,2.0NRT,298.01,12.16,D
-11.55111,-56.33134,335.89,0.41,0.37,2026-06-04,1717,N,nominal,2.0NRT,309.02,3.66,D
-21.86776,-46.88162,332.09,0.55,0.43,2026-06-04,1715,N,nominal,2.0NRT,296.08,4.69,D
-11.51587,-56.11683,338.78,0.41,0.37,2026-06-04,1717,N,nominal,2.0NRT,301.56,9.75,D
-21.31999,-44.23211,341.7,0.54,0.51,2026-06-04,1715,N,nominal,2.0NRT,296.68,6.23,D
-11.54766,-56.33186,339.33,0.41,0.37,2026-06-04,1717,N,nominal,2.0NRT,308.72,3.66,D
-23.35514,-56.99545,327.52,0.39,0.44,2026-06-04,1715,N,nominal,2.0NRT,298.49,2.17,D
-11.51245,-56.11735,333.56,0.41,0.37,2026-06-04,1717,N,nominal,2.0NRT,302.29,5.07,D
-22.04262,-48.23456,329.1,0.47,0.4,2026-06-04,1715,N,low,2.0NRT,300.49,1.92,D
-11.54422,-56.33239,334.15,0.41,0.37,2026-06-04,1717,N,nominal,2.0NRT,303.59,3.25,D
-23.49551,-58.98344,340.02,0.52,0.5,2026-06-04,1715,N,nominal,2.0NRT,300.19,9.33,D
-22.39832,-50.7167,332.36,0.39,0.36,2026-06-04,1715,N,nominal,2.0NRT,303.93,4.75,D
-11.74684,-57.82993,335.72,0.48,0.4,2026-06-04,1717,N,nominal,2.0NRT,297.46,5.84,D
-22.39893,-50.7205,353.1,0.39,0.36,2026-06-04,1715,N,nominal,2.0NRT,307.35,4.75,D
-12.67842,-65.32484,331.23,0.5,0.66,2026-06-04,1717,N,nominal,2.0NRT,294.07,2.19,D
-22.39496,-50.7173,346.95,0.39,0.36,2026-06-04,1715,N,nominal,2.0NRT,304,4.75,D
-10.39539,-49.4445,351.81,0.39,0.44,2026-06-04,1717,N,nominal,2.0NRT,306.15,14.22,D
-22.39557,-50.7211,348.57,0.39,0.36,2026-06-04,1715,N,nominal,2.0NRT,302.94,4.75,D
-10.396,-49.44808,334.09,0.39,0.44,2026-06-04,1717,N,nominal,2.0NRT,303.6,14.22,D
-23.22729,-56.89487,332.8,0.39,0.44,2026-06-04,1715,N,nominal,2.0NRT,298.72,3.78,D
-10.39072,-49.4416,343.76,0.39,0.44,2026-06-04,1717,N,nominal,2.0NRT,297.19,10.87,D
-23.13975,-56.6454,338.84,0.56,0.43,2026-06-04,1715,N,nominal,2.0NRT,304.08,5.92,D
-10.39134,-49.44519,354.44,0.39,0.44,2026-06-04,1717,N,nominal,2.0NRT,307.85,14.22,D
-23.12123,-56.52528,331.24,0.55,0.43,2026-06-04,1715,N,nominal,2.0NRT,300.1,6.97,D
-10.39195,-49.44876,356.62,0.39,0.44,2026-06-04,1717,N,nominal,2.0NRT,308.28,14.22,D
-23.58748,-60.90635,330.76,0.34,0.56,2026-06-04,1715,N,nominal,2.0NRT,296.56,2.62,D
-23.11726,-56.52582,329.27,0.55,0.43,2026-06-04,1715,N,low,2.0NRT,300.21,4.49,D
-10.38728,-49.44588,350.09,0.39,0.44,2026-06-04,1717,N,nominal,2.0NRT,302.45,7.15,D
-23.15971,-57.02259,348.55,0.39,0.44,2026-06-04,1715,N,nominal,2.0NRT,298.93,6.56,D
-10.3879,-49.44946,356.18,0.39,0.44,2026-06-04,1717,N,nominal,2.0NRT,302.98,7.15,D
-23.14928,-57.0043,333.14,0.39,0.44,2026-06-04,1715,N,nominal,2.0NRT,298.69,3.71,D
-10.67946,-51.56705,343.8,0.45,0.39,2026-06-04,1717,N,nominal,2.0NRT,303.99,16.42,D
-23.14647,-57.00467,329.89,0.39,0.44,2026-06-04,1715,N,nominal,2.0NRT,298.41,4.43,D
-11.64014,-58.24493,341.43,0.5,0.41,2026-06-04,1717,N,nominal,2.0NRT,303.41,8.06,D
-23.00732,-56.63353,330.13,0.56,0.43,2026-06-04,1715,N,nominal,2.0NRT,299.04,4.17,D
-11.63636,-58.24546,346.68,0.5,0.41,2026-06-04,1717,N,nominal,2.0NRT,304.03,12.53,D
-23.00549,-56.63486,328.22,0.56,0.43,2026-06-04,1715,N,low,2.0NRT,298.37,4.62,D
-11.637,-58.25012,330.95,0.5,0.41,2026-06-04,1717,N,low,2.0NRT,301.67,12.53,D
-22.99372,-56.90337,333.62,0.39,0.44,2026-06-04,1715,N,nominal,2.0NRT,298.31,2.54,D
-10.33851,-49.91339,330.49,0.56,0.43,2026-06-04,1717,N,nominal,2.0NRT,299.75,4.5,D
-21.46088,-47.07556,326.9,0.55,0.42,2026-06-04,1715,N,nominal,2.0NRT,295.72,2.58,D
-22.87969,-56.46416,325.34,0.55,0.42,2026-06-04,1715,N,nominal,2.0NRT,298.66,1.47,D
-9.74677,-46.77707,338.91,0.6,0.53,2026-06-04,1717,N,nominal,2.0NRT,293.65,4.41,D
-22.74834,-56.68127,338.87,0.56,0.43,2026-06-04,1715,N,nominal,2.0NRT,298.17,5.39,D
-10.14425,-49.15369,331.33,0.41,0.45,2026-06-04,1717,N,low,2.0NRT,302.57,4.97,D
-22.74435,-56.68182,333.96,0.56,0.43,2026-06-04,1715,N,nominal,2.0NRT,298.25,5.39,D
-10.14011,-49.15441,345.63,0.41,0.45,2026-06-04,1717,N,nominal,2.0NRT,303.96,4.97,D
-22.66987,-56.36918,330.98,0.54,0.42,2026-06-04,1715,N,nominal,2.0NRT,299.22,3.41,D
-10.8664,-53.73684,367,0.39,0.36,2026-06-04,1717,N,high,2.0NRT,308.68,20.62,D
-20.27277,-42.3441,333.72,0.37,0.58,2026-06-04,1715,N,nominal,2.0NRT,293.11,2.87,D
-10.86585,-53.73329,344.12,0.39,0.36,2026-06-04,1717,N,nominal,2.0NRT,301.95,7.54,D
-22.57353,-56.0751,334.28,0.52,0.41,2026-06-04,1715,N,nominal,2.0NRT,300.97,5.88,D
-10.86251,-53.73382,356,0.39,0.36,2026-06-04,1717,N,nominal,2.0NRT,302.52,7.54,D
-22.56971,-56.07573,325.3,0.52,0.41,2026-06-04,1715,N,nominal,2.0NRT,296.06,5.88,D
-10.86417,-53.74448,341.92,0.39,0.36,2026-06-04,1717,N,nominal,2.0NRT,307.82,7.78,D
-21.42813,-48.53176,331.09,0.46,0.39,2026-06-04,1715,N,low,2.0NRT,301.21,4.95,D
-22.78558,-59.45037,329.39,0.55,0.51,2026-06-04,1715,N,nominal,2.0NRT,297.71,5.85,D
-10.86473,-53.74802,338.34,0.39,0.36,2026-06-04,1717,N,nominal,2.0NRT,306.37,7.78,D
-22.40925,-56.18365,343.86,0.52,0.42,2026-06-04,1715,N,nominal,2.0NRT,300.89,12.78,D
-10.85917,-53.73435,336.23,0.39,0.36,2026-06-04,1717,N,nominal,2.0NRT,302.1,2.89,D
-22.5438,-57.3475,339.54,0.4,0.45,2026-06-04,1715,N,nominal,2.0NRT,299.95,2.57,D
-10.85584,-53.73489,337.97,0.39,0.36,2026-06-04,1717,N,nominal,2.0NRT,299.25,2.89,D
-22.36986,-55.92818,330.1,0.5,0.41,2026-06-04,1715,N,nominal,2.0NRT,297.69,2.46,D
-10.85805,-53.7491,343.15,0.39,0.36,2026-06-04,1717,N,nominal,2.0NRT,306.82,6.96,D
-22.40797,-56.18074,330.17,0.52,0.42,2026-06-04,1715,N,nominal,2.0NRT,297.01,7.28,D
-10.85193,-53.7537,367,0.39,0.36,2026-06-04,1717,N,high,2.0NRT,308.76,11.85,D
-22.40863,-56.1858,326.62,0.52,0.42,2026-06-04,1715,N,nominal,2.0NRT,298.93,7.28,D
-10.8486,-53.75423,339.95,0.39,0.36,2026-06-04,1717,N,nominal,2.0NRT,306.01,4.06,D
-22.37151,-55.93016,333.6,0.5,0.41,2026-06-04,1715,N,nominal,2.0NRT,298.08,4.19,D
-10.90773,-54.13542,345.77,0.38,0.36,2026-06-04,1717,N,nominal,2.0NRT,299.32,5.39,D
-22.54281,-57.35057,331.14,0.4,0.44,2026-06-04,1715,N,nominal,2.0NRT,299.4,4.02,D
-22.78581,-59.45183,327.75,0.55,0.51,2026-06-04,1715,N,nominal,2.0NRT,297.53,5.31,D
-10.8447,-53.75121,334.28,0.39,0.36,2026-06-04,1717,N,nominal,2.0NRT,305.51,3.2,D
-22.42993,-57.10491,341.42,0.39,0.44,2026-06-04,1715,N,nominal,2.0NRT,299.26,5.85,D
-9.69039,-47.04357,342.29,0.58,0.52,2026-06-04,1717,N,nominal,2.0NRT,293.27,6.26,D
-22.42586,-57.10545,341.25,0.39,0.44,2026-06-04,1715,N,nominal,2.0NRT,299.72,5.85,D
-9.69131,-47.04879,335.39,0.58,0.52,2026-06-04,1717,N,nominal,2.0NRT,282.94,6.26,D
-22.4286,-57.23513,338.21,0.4,0.44,2026-06-04,1715,N,nominal,2.0NRT,300.06,3.59,D
-9.68652,-47.04974,332.83,0.58,0.52,2026-06-04,1717,N,nominal,2.0NRT,279.18,13.05,D
-22.41457,-57.15041,354.53,0.39,0.44,2026-06-04,1715,N,nominal,2.0NRT,301.57,6.48,D
-9.68559,-47.04449,356.41,0.58,0.52,2026-06-04,1717,N,low,2.0NRT,286.39,13.05,D
-22.42953,-57.23452,332.22,0.4,0.44,2026-06-04,1715,N,nominal,2.0NRT,299.73,4.08,D
-10.51145,-51.94315,332.23,0.44,0.38,2026-06-04,1717,N,low,2.0NRT,306.52,3.8,D
-22.41493,-57.14994,348.06,0.39,0.44,2026-06-04,1715,N,nominal,2.0NRT,300.91,5.96,D
-22.41085,-57.15049,337.37,0.39,0.44,2026-06-04,1715,N,nominal,2.0NRT,300.92,6.43,D
-12.47089,-66.21922,327.32,0.57,0.69,2026-06-04,1717,N,nominal,2.0NRT,292.23,4.51,D
-22.41133,-57.15437,340.18,0.39,0.44,2026-06-04,1715,N,nominal,2.0NRT,302.54,6.43,D
-10.46812,-51.92155,347.12,0.44,0.38,2026-06-04,1717,N,nominal,2.0NRT,304.08,4.67,D
-22.48309,-57.8168,333.81,0.43,0.46,2026-06-04,1715,N,nominal,2.0NRT,301.32,3.49,D
-10.46393,-51.91812,334.73,0.44,0.38,2026-06-04,1717,N,nominal,2.0NRT,303.27,2.97,D
-22.38575,-57.11472,341.39,0.39,0.44,2026-06-04,1715,N,nominal,2.0NRT,298.85,2.52,D
-10.46459,-51.92215,333.47,0.44,0.38,2026-06-04,1717,N,nominal,2.0NRT,301.17,4.67,D
-22.37448,-57.12405,325.58,0.39,0.44,2026-06-04,1715,N,low,2.0NRT,299.47,1.82,D
-10.4604,-51.91871,335.95,0.44,0.38,2026-06-04,1717,N,nominal,2.0NRT,303.15,5.69,D
-22.22378,-56.04073,332.13,0.51,0.41,2026-06-04,1715,N,nominal,2.0NRT,298.3,3.9,D
-10.81336,-54.1831,334.81,0.38,0.36,2026-06-04,1717,N,nominal,2.0NRT,299.21,4.42,D
-22.29456,-56.93837,331.32,0.57,0.43,2026-06-04,1715,N,nominal,2.0NRT,299.29,3.31,D
-9.75203,-47.87413,340.63,0.51,0.49,2026-06-04,1717,N,nominal,2.0NRT,290.04,10.64,D
-22.35223,-57.50209,356.62,0.41,0.45,2026-06-04,1715,N,nominal,2.0NRT,304.04,9.1,D
-22.34804,-57.50246,330.23,0.41,0.45,2026-06-04,1715,N,nominal,2.0NRT,297.2,9.1,D
-9.75287,-47.87879,344.7,0.51,0.49,2026-06-04,1717,N,nominal,2.0NRT,296.63,15.41,D
-22.29438,-56.94053,329.41,0.57,0.43,2026-06-04,1715,N,nominal,2.0NRT,297.87,2.02,D
-10.81004,-54.18362,329.27,0.38,0.36,2026-06-04,1717,N,nominal,2.0NRT,295.4,4.42,D
-22.3514,-57.50174,353.33,0.41,0.45,2026-06-04,1715,N,nominal,2.0NRT,304.22,19.59,D
-10.81058,-54.18713,331,0.38,0.36,2026-06-04,1717,N,nominal,2.0NRT,295,4.09,D
-21.40742,-51.59529,331.66,0.38,0.36,2026-06-04,1715,N,nominal,2.0NRT,299.94,0.36,D
-10.77304,-54.0962,335.18,0.39,0.36,2026-06-04,1717,N,nominal,2.0NRT,297.05,9.76,D
-20.70322,-47.90096,348.53,0.51,0.41,2026-06-04,1715,N,nominal,2.0NRT,301.51,7.71,D
-10.77358,-54.09972,344.71,0.39,0.36,2026-06-04,1717,N,nominal,2.0NRT,304.33,13.81,D
-20.70615,-47.90168,334.82,0.51,0.41,2026-06-04,1715,N,nominal,2.0NRT,304,12.73,D
-9.7562,-47.87658,334.1,0.51,0.49,2026-06-04,1717,N,nominal,2.0NRT,291.55,5.11,D
-20.707,-47.90646,346.01,0.51,0.41,2026-06-04,1715,N,nominal,2.0NRT,303.6,12.73,D
-10.77026,-54.10024,338.39,0.39,0.36,2026-06-04,1717,N,nominal,2.0NRT,298.73,13.81,D
-19.57239,-42.66938,331.89,0.36,0.58,2026-06-04,1715,N,nominal,2.0NRT,294.58,2.26,D
-9.75164,-47.87729,367,0.51,0.49,2026-06-04,1717,N,high,2.0NRT,297.34,20.93,D
-19.57878,-42.67481,335.92,0.37,0.58,2026-06-04,1715,N,nominal,2.0NRT,295.03,3.31,D
-22.49548,-62.18311,331.22,0.4,0.6,2026-06-04,1715,N,nominal,2.0NRT,298.37,4.47,D
-12.34302,-66.61467,339.99,0.6,0.71,2026-06-04,1717,N,nominal,2.0NRT,288.37,9.45,D
-22.49131,-62.1998,333.17,0.4,0.6,2026-06-04,1715,N,nominal,2.0NRT,299.52,3.92,D
-10.59755,-53.47337,343.85,0.39,0.36,2026-06-04,1717,N,nominal,2.0NRT,306.87,14.69,D
-22.2444,-60.48687,328.81,0.63,0.54,2026-06-04,1715,N,nominal,2.0NRT,298.55,4.07,D
-10.59811,-53.47696,356.5,0.39,0.36,2026-06-04,1717,N,nominal,2.0NRT,308.4,14.69,D
-20.27319,-46.71965,340.63,0.4,0.44,2026-06-04,1715,N,nominal,2.0NRT,295.4,10.56,D
-9.72704,-48.36316,339.71,0.47,0.48,2026-06-04,1717,N,nominal,2.0NRT,297.06,7.09,D
-20.27385,-46.72327,354.36,0.4,0.44,2026-06-04,1715,N,nominal,2.0NRT,303.96,10.56,D
-12.34527,-66.61347,347.4,0.6,0.71,2026-06-04,1717,N,nominal,2.0NRT,288.23,6.86,D
-22.12549,-61.19373,328.56,0.35,0.56,2026-06-04,1715,N,low,2.0NRT,299.09,3.7,D
-9.06708,-44.78611,336.95,0.42,0.61,2026-06-04,1717,N,nominal,2.0NRT,297.32,4.02,D
-19.8711,-45.69973,336.45,0.47,0.47,2026-06-04,1715,N,nominal,2.0NRT,294.9,2.08,D
-9.66604,-48.16803,351.51,0.49,0.48,2026-06-04,1717,N,nominal,2.0NRT,295.55,9.18,D
-19.86779,-45.69625,339.6,0.47,0.47,2026-06-04,1715,N,nominal,2.0NRT,295.16,6.45,D
-10.5395,-53.55227,330.06,0.39,0.36,2026-06-04,1717,N,low,2.0NRT,300.45,2.77,D
-19.9018,-46.18127,330.79,0.44,0.46,2026-06-04,1715,N,nominal,2.0NRT,296.6,3.53,D
-9.53664,-48.1794,337.02,0.49,0.48,2026-06-04,1717,N,nominal,2.0NRT,297.64,8.22,D
-21.9176,-60.80877,329.8,0.33,0.55,2026-06-04,1715,N,nominal,2.0NRT,298.61,3.84,D
-9.53743,-48.18393,355.56,0.49,0.48,2026-06-04,1717,N,nominal,2.0NRT,299.15,12.98,D
-21.91792,-60.81197,340.92,0.33,0.55,2026-06-04,1715,N,nominal,2.0NRT,301.56,3.48,D
-12.13078,-66.71481,326.12,0.61,0.71,2026-06-04,1717,N,nominal,2.0NRT,290.33,2.41,D
-21.55254,-58.61458,339.33,0.47,0.48,2026-06-04,1715,N,nominal,2.0NRT,303.05,6.06,D
-12.13283,-66.70737,346.22,0.6,0.71,2026-06-04,1717,N,nominal,2.0NRT,291.42,7.21,D
-22.16537,-65.22274,346.96,0.63,0.72,2026-06-04,1715,N,nominal,2.0NRT,289.85,1.83,D
-21.13965,-55.74139,327.54,0.48,0.4,2026-06-04,1715,N,nominal,2.0NRT,298.77,1.33,D
-9.06741,-46.00919,367,0.35,0.56,2026-06-04,1717,N,high,2.0NRT,297.12,9.35,D
-21.6223,-59.87431,330.57,0.56,0.52,2026-06-04,1715,N,nominal,2.0NRT,300.53,2.92,D
-9.06796,-46.01224,337.93,0.35,0.56,2026-06-04,1717,N,nominal,2.0NRT,296.49,5.37,D
-21.61749,-59.87489,332.4,0.56,0.52,2026-06-04,1715,N,nominal,2.0NRT,300.84,2.92,D
-10.09159,-52.16818,339.66,0.43,0.38,2026-06-04,1717,N,nominal,2.0NRT,301.92,3.99,D
-21.60788,-59.87608,349.13,0.56,0.52,2026-06-04,1715,N,nominal,2.0NRT,302.25,11.08,D
-10.08808,-52.16874,347.66,0.43,0.38,2026-06-04,1717,N,nominal,2.0NRT,302.23,11.62,D
-21.79631,-61.72984,345.83,0.37,0.58,2026-06-04,1715,N,nominal,2.0NRT,298.07,5.84,D
-10.08457,-52.16931,349.99,0.43,0.38,2026-06-04,1717,N,nominal,2.0NRT,303.17,11.62,D
-21.79667,-61.73352,334.38,0.37,0.58,2026-06-04,1715,N,nominal,2.0NRT,297.17,3.59,D
-10.08521,-52.17324,342.95,0.43,0.38,2026-06-04,1717,N,nominal,2.0NRT,302.01,11.62,D
-21.79088,-61.73043,367,0.37,0.58,2026-06-04,1715,N,high,2.0NRT,299.77,8.45,D
-10.08106,-52.16988,344.87,0.43,0.38,2026-06-04,1717,N,nominal,2.0NRT,300.4,21.91,D
-21.79123,-61.7341,338.6,0.37,0.58,2026-06-04,1715,N,nominal,2.0NRT,297.48,6.66,D
-10.0817,-52.17381,354.97,0.43,0.38,2026-06-04,1717,N,nominal,2.0NRT,305.62,21.91,D
-21.78544,-61.731,337.15,0.37,0.58,2026-06-04,1715,N,nominal,2.0NRT,296.93,8.45,D
-9.74629,-50.40082,347.75,0.53,0.42,2026-06-04,1717,N,nominal,2.0NRT,302.37,9.22,D
-18.41766,-41.42486,335.1,0.46,0.64,2026-06-04,1715,N,nominal,2.0NRT,295.34,4.74,D
-20.31933,-52.15451,339.46,0.38,0.36,2026-06-04,1715,N,nominal,2.0NRT,305.89,9.93,D
-9.74709,-50.40565,354.8,0.53,0.42,2026-06-04,1717,N,nominal,2.0NRT,301.93,9.22,D
-21.39617,-60.30986,334.05,0.6,0.53,2026-06-04,1715,N,nominal,2.0NRT,303.15,7.31,D
-9.74323,-50.40631,339.98,0.53,0.42,2026-06-04,1717,N,nominal,2.0NRT,304.14,9.08,D
-21.51227,-62.30336,327.43,0.4,0.6,2026-06-04,1715,N,nominal,2.0NRT,298.92,1.51,D
-9.74403,-50.41112,347.34,0.53,0.42,2026-06-04,1717,N,nominal,2.0NRT,301.97,9.44,D
-21.32568,-61.03197,367,0.33,0.55,2026-06-04,1715,N,high,2.0NRT,304.24,25.31,D
-9.1142,-47.1344,340.97,0.58,0.52,2026-06-04,1717,N,nominal,2.0NRT,293.6,7.95,D
-21.32602,-61.03522,355.85,0.33,0.55,2026-06-04,1715,N,nominal,2.0NRT,301.46,16.77,D
-8.63937,-45.22853,354.76,0.4,0.6,2026-06-04,1717,N,nominal,2.0NRT,294.84,5.63,D
-21.32669,-61.0417,351.49,0.33,0.55,2026-06-04,1715,N,nominal,2.0NRT,301.1,5.49,D
-11.09328,-60.58249,333.58,0.46,0.47,2026-06-04,1717,N,nominal,2.0NRT,295.8,0.3,D
-21.32702,-61.04496,342.91,0.33,0.55,2026-06-04,1715,N,nominal,2.0NRT,300.82,5.49,D
-8.63382,-45.22942,342.41,0.4,0.6,2026-06-04,1717,N,nominal,2.0NRT,292.57,2.73,D
-21.32736,-61.04822,329.39,0.33,0.55,2026-06-04,1715,N,low,2.0NRT,300.36,3.42,D
-8.63818,-45.23278,367,0.4,0.6,2026-06-04,1717,N,high,2.0NRT,293.12,11.61,D
-21.32052,-61.03255,367,0.33,0.55,2026-06-04,1715,N,high,2.0NRT,301.29,18.27,D
-10.57243,-57.31402,334.94,0.44,0.39,2026-06-04,1717,N,nominal,2.0NRT,301.15,14.28,D
-21.32085,-61.03579,367,0.33,0.55,2026-06-04,1715,N,high,2.0NRT,300.02,9.72,D
-20.64777,-55.41265,330.59,0.46,0.39,2026-06-04,1715,N,low,2.0NRT,304.11,4.37,D
-10.57302,-57.31811,349.88,0.44,0.39,2026-06-04,1717,N,nominal,2.0NRT,307.94,38.95,D
-20.71271,-59.46204,356.44,0.52,0.5,2026-06-04,1715,N,nominal,2.0NRT,306.9,17.47,D
-10.56888,-57.31455,338.49,0.44,0.39,2026-06-04,1717,N,nominal,2.0NRT,302.47,8.79,D
-19.16241,-49.10543,348.47,0.47,0.39,2026-06-04,1715,N,nominal,2.0NRT,303.72,9.92,D
-10.56947,-57.31863,345.34,0.44,0.39,2026-06-04,1717,N,nominal,2.0NRT,303.6,7.08,D
-20.56152,-59.0265,340.1,0.48,0.48,2026-06-04,1715,N,nominal,2.0NRT,302.7,8.58,D
-10.57006,-57.32269,329.43,0.44,0.39,2026-06-04,1717,N,low,2.0NRT,303.47,7.08,D
-20.55649,-59.0224,329.27,0.48,0.48,2026-06-04,1715,N,nominal,2.0NRT,298.57,15.09,D
-8.82941,-46.71869,340.17,0.63,0.54,2026-06-04,1717,N,nominal,2.0NRT,293.29,10.92,D
-20.55703,-59.02708,338.08,0.48,0.48,2026-06-04,1715,N,nominal,2.0NRT,300.87,8.58,D
-8.83046,-46.72451,340.4,0.63,0.54,2026-06-04,1717,N,nominal,2.0NRT,291.35,7.38,D
-20.48493,-58.48403,333.02,0.45,0.47,2026-06-04,1715,N,nominal,2.0NRT,300.37,2.75,D
-18.92721,-48.35164,334.96,0.51,0.41,2026-06-04,1715,N,nominal,2.0NRT,302.07,2.88,D
-8.62699,-45.81598,344.46,0.36,0.58,2026-06-04,1717,N,nominal,2.0NRT,294.29,3.21,D
-19.73918,-53.54583,337.81,0.39,0.36,2026-06-04,1715,N,nominal,2.0NRT,312.73,7.67,D
-8.63128,-45.81609,347.06,0.36,0.58,2026-06-04,1717,N,nominal,2.0NRT,295.04,3.77,D
-19.73973,-53.54959,346.05,0.39,0.36,2026-06-04,1715,N,nominal,2.0NRT,313.6,7.67,D
-8.1798,-43.73543,330.48,0.51,0.66,2026-06-04,1717,N,nominal,2.0NRT,284.39,7.36,D
-17.76354,-42.51718,367,0.41,0.6,2026-06-04,1715,N,high,2.0NRT,294.67,8.91,D
-8.39619,-45.2836,332.07,0.4,0.6,2026-06-04,1717,N,nominal,2.0NRT,292.71,3.95,D
-19.57689,-52.50698,341.7,0.38,0.36,2026-06-04,1715,N,nominal,2.0NRT,302.52,2.98,D
-8.88057,-49.17986,330.14,0.43,0.46,2026-06-04,1720,N,nominal,2.0NRT,296.45,3.92,D
-19.57356,-52.50754,333.89,0.38,0.36,2026-06-04,1715,N,nominal,2.0NRT,300.12,3.67,D
-17.58194,-42.22372,367,0.43,0.62,2026-06-04,1715,N,high,2.0NRT,293.7,12.88,D
-8.68564,-48.30374,341.56,0.49,0.49,2026-06-04,1720,N,nominal,2.0NRT,297.9,8.3,D
-18.13819,-45.70563,339.62,0.5,0.49,2026-06-04,1715,N,nominal,2.0NRT,299.86,3.08,D
-8.3663,-46.78743,342.36,0.63,0.54,2026-06-04,1720,N,nominal,2.0NRT,295.85,8.94,D
-19.80239,-56.34705,331.81,0.5,0.41,2026-06-04,1715,N,nominal,2.0NRT,301.48,14.19,D
-8.36985,-46.79147,333.69,0.63,0.54,2026-06-04,1720,N,nominal,2.0NRT,294.6,7.88,D
-17.36282,-42.18276,367,0.43,0.62,2026-06-04,1715,N,high,2.0NRT,297.84,30.69,D
-8.36482,-46.79222,330.56,0.63,0.54,2026-06-04,1720,N,nominal,2.0NRT,295.26,7.88,D
-17.36365,-42.18666,351.58,0.43,0.62,2026-06-04,1715,N,nominal,2.0NRT,299.32,23.97,D
-8.69007,-49.07045,338.23,0.44,0.46,2026-06-04,1720,N,nominal,2.0NRT,301.93,3.58,D
-19.79863,-56.3476,332.69,0.5,0.41,2026-06-04,1715,N,nominal,2.0NRT,302.39,14.19,D
-8.38433,-47.5522,343.67,0.56,0.52,2026-06-04,1720,N,nominal,2.0NRT,291.12,14.59,D
-19.79549,-56.35292,349.22,0.5,0.41,2026-06-04,1715,N,nominal,2.0NRT,307.77,53.31,D
-18.67147,-49.14359,337.01,0.47,0.4,2026-06-04,1715,N,nominal,2.0NRT,308.36,7.03,D
-9.91691,-57.18387,334.98,0.43,0.38,2026-06-04,1720,N,nominal,2.0NRT,298.03,4.32,D
-17.09983,-41.54911,343.8,0.48,0.65,2026-06-04,1715,N,nominal,2.0NRT,292.82,5.86,D
-9.66738,-56.22467,344.98,0.4,0.37,2026-06-04,1720,N,nominal,2.0NRT,303.05,4.19,D
-18.93704,-53.23275,336.3,0.39,0.36,2026-06-04,1715,N,low,2.0NRT,309.51,4.07,D
-9.66399,-56.22519,340.47,0.4,0.37,2026-06-04,1720,N,nominal,2.0NRT,302.2,6.27,D
-18.93149,-53.21855,339.67,0.39,0.36,2026-06-04,1715,N,low,2.0NRT,313.98,23.68,D
-8.2556,-47.63015,337.17,0.56,0.51,2026-06-04,1720,N,nominal,2.0NRT,295.44,14.54,D
-18.92592,-53.22701,348.08,0.39,0.36,2026-06-04,1715,N,nominal,2.0NRT,313.85,6.75,D
-7.46877,-43.31799,335.33,0.56,0.69,2026-06-04,1720,N,nominal,2.0NRT,290.88,0.42,D
-18.92757,-53.23808,337.48,0.39,0.36,2026-06-04,1715,N,nominal,2.0NRT,311.83,4.12,D
-18.92258,-53.22756,341.89,0.39,0.36,2026-06-04,1715,N,nominal,2.0NRT,310.33,6.75,D
-10.03533,-59.34039,334.14,0.55,0.43,2026-06-04,1720,N,nominal,2.0NRT,300.15,5.47,D
-18.47342,-50.44329,335.77,0.42,0.38,2026-06-04,1715,N,low,2.0NRT,307.17,4.9,D
-10.0321,-59.34606,346.54,0.56,0.43,2026-06-04,1720,N,nominal,2.0NRT,303.14,25.36,D
-18.02957,-48.82216,336.06,0.5,0.41,2026-06-04,1715,N,nominal,2.0NRT,303.59,3.3,D
-10.02742,-59.34148,347.65,0.55,0.43,2026-06-04,1720,N,nominal,2.0NRT,301.25,14.41,D
-18.49612,-51.66229,336.39,0.39,0.36,2026-06-04,1715,N,nominal,2.0NRT,306.94,8.68,D
-8.10574,-47.55762,339.66,0.57,0.52,2026-06-04,1720,N,nominal,2.0NRT,295.67,9.02,D
-18.9663,-55.15112,342.23,0.43,0.38,2026-06-04,1715,N,nominal,2.0NRT,308.47,9.61,D
-18.40129,-51.45703,337.38,0.39,0.37,2026-06-04,1715,N,nominal,2.0NRT,309.7,6.26,D
-7.6425,-45.23216,343.91,0.41,0.61,2026-06-04,1720,N,nominal,2.0NRT,296.01,5.06,D
-17.49626,-47.25344,355.04,0.41,0.45,2026-06-04,1715,N,nominal,2.0NRT,301.75,7.43,D
-7.64317,-45.23592,348.97,0.41,0.61,2026-06-04,1720,N,nominal,2.0NRT,296.45,5.06,D
-17.49285,-47.25819,338.5,0.41,0.45,2026-06-04,1715,N,nominal,2.0NRT,294.25,7.43,D
-7.30047,-44.00325,367,0.51,0.66,2026-06-04,1720,N,high,2.0NRT,290.94,10.37,D
-18.13461,-51.19019,332.37,0.4,0.37,2026-06-04,1715,N,low,2.0NRT,304.3,2.25,D
-18.18446,-52.18127,344.95,0.39,0.36,2026-06-04,1715,N,nominal,2.0NRT,311.72,4.79,D
-8.5206,-51.55605,347.36,0.48,0.4,2026-06-04,1720,N,nominal,2.0NRT,299.28,28,D
-18.98973,-58.07668,351.43,0.4,0.44,2026-06-04,1715,N,nominal,2.0NRT,302.95,8.6,D
-8.51693,-51.55664,352.16,0.48,0.4,2026-06-04,1720,N,nominal,2.0NRT,303.09,28,D
-17.75518,-50.9381,336.34,0.41,0.37,2026-06-04,1715,N,low,2.0NRT,307.33,3.62,D
-18.29212,-54.60395,336.99,0.41,0.37,2026-06-04,1715,N,nominal,2.0NRT,306.32,5.82,D
-8.51763,-51.561,356.89,0.48,0.4,2026-06-04,1720,N,nominal,2.0NRT,302.78,28,D
-16.8929,-46.78019,337.56,0.45,0.47,2026-06-04,1715,N,nominal,2.0NRT,298.64,5.46,D
-8.51833,-51.56536,333.11,0.48,0.4,2026-06-04,1720,N,nominal,2.0NRT,297.52,4.02,D
-16.89367,-46.78433,344.76,0.45,0.47,2026-06-04,1715,N,nominal,2.0NRT,304.59,5.46,D
-6.98722,-42.88031,354.01,0.61,0.71,2026-06-04,1720,N,nominal,2.0NRT,292.63,13.21,D
-16.89444,-46.7885,352.8,0.45,0.47,2026-06-04,1715,N,nominal,2.0NRT,303.77,7.44,D
-18.62167,-58.62204,326.45,0.43,0.46,2026-06-04,1715,N,low,2.0NRT,300.99,2.06,D
-8.49136,-51.53856,329.33,0.48,0.4,2026-06-04,1720,N,nominal,2.0NRT,299.78,4.58,D
-15.82391,-41.99842,339.73,0.48,0.65,2026-06-04,1715,N,nominal,2.0NRT,290.38,6.72,D
-7.81754,-48.15999,337.42,0.52,0.5,2026-06-04,1720,N,nominal,2.0NRT,296.41,6.46,D
-18.59545,-58.65482,338.11,0.43,0.46,2026-06-04,1715,N,nominal,2.0NRT,302.36,4.72,D
-7.81836,-48.16476,337.52,0.52,0.5,2026-06-04,1720,N,nominal,2.0NRT,297.82,7.68,D
-15.79875,-42.02631,332.92,0.48,0.64,2026-06-04,1715,N,nominal,2.0NRT,294.59,5.46,D
-7.80916,-48.1664,351.85,0.52,0.5,2026-06-04,1720,N,nominal,2.0NRT,295.93,12.44,D
-18.56089,-58.58403,333.4,0.43,0.46,2026-06-04,1715,N,low,2.0NRT,303.48,4.58,D
-18.54916,-58.59389,341.13,0.43,0.46,2026-06-04,1715,N,nominal,2.0NRT,305.41,18.62,D
-9.18462,-58.05516,351.42,0.46,0.39,2026-06-04,1720,N,nominal,2.0NRT,301.88,23.72,D
-18.54966,-58.598,351.4,0.43,0.46,2026-06-04,1715,N,nominal,2.0NRT,311.14,41.48,D
-9.18523,-58.05935,329.72,0.46,0.39,2026-06-04,1720,N,nominal,2.0NRT,298.05,23.72,D
-18.54492,-58.59444,340.9,0.43,0.46,2026-06-04,1715,N,nominal,2.0NRT,302.11,11.59,D
-9.18099,-58.05569,349.72,0.46,0.39,2026-06-04,1720,N,nominal,2.0NRT,296.04,23.72,D
-18.54541,-58.59855,347.97,0.43,0.46,2026-06-04,1715,N,nominal,2.0NRT,304.01,14.33,D
-9.1816,-58.05989,337.09,0.46,0.39,2026-06-04,1720,N,nominal,2.0NRT,295.86,23.72,D
-18.54216,-58.60732,332.21,0.43,0.46,2026-06-04,1715,N,nominal,2.0NRT,301.42,3.91,D
-7.0043,-44.93156,342.58,0.44,0.63,2026-06-04,1720,N,nominal,2.0NRT,293.07,4.86,D
-18.53643,-58.59554,342.29,0.43,0.46,2026-06-04,1715,N,nominal,2.0NRT,304.06,13.96,D
-18.53692,-58.59964,356.63,0.43,0.46,2026-06-04,1715,N,nominal,2.0NRT,308.89,44.11,D
-7.47548,-48.13514,342.6,0.53,0.5,2026-06-04,1720,N,nominal,2.0NRT,298.95,6.6,D
-18.53742,-58.60375,357.03,0.43,0.46,2026-06-04,1715,N,nominal,2.0NRT,308.42,44.11,D
-6.77981,-45.34107,347.13,0.42,0.61,2026-06-04,1720,N,nominal,2.0NRT,291.79,7.26,D
-18.53791,-58.60786,354.57,0.43,0.46,2026-06-04,1715,N,nominal,2.0NRT,305.34,36.51,D
-6.78049,-45.3449,335.64,0.42,0.61,2026-06-04,1720,N,nominal,2.0NRT,291.68,4.64,D
-16.83112,-47.53656,329.09,0.41,0.45,2026-06-04,1715,N,low,2.0NRT,299.98,2.56,D
-7.11114,-47.39598,331.48,0.6,0.53,2026-06-04,1720,N,nominal,2.0NRT,295.5,3.85,D
-16.99205,-48.89412,332.37,0.51,0.41,2026-06-04,1715,N,nominal,2.0NRT,300.06,6.33,D
-16.98826,-48.89481,349.72,0.51,0.41,2026-06-04,1715,N,nominal,2.0NRT,301.51,6.33,D
-8.32076,-55.1406,331.31,0.38,0.36,2026-06-04,1720,N,nominal,2.0NRT,298.89,2.89,D
-17.70711,-53.2761,337.5,0.39,0.36,2026-06-04,1715,N,low,2.0NRT,310.51,3.58,D
-6.97965,-47.14639,343.94,0.63,0.54,2026-06-04,1720,N,nominal,2.0NRT,298.03,12.17,D
-16.98615,-48.89859,332.37,0.51,0.41,2026-06-04,1715,N,nominal,2.0NRT,300.82,3.2,D
-7.40303,-49.76718,347.44,0.42,0.45,2026-06-04,1720,N,nominal,2.0NRT,302.28,8.36,D
-18.39012,-59.04972,367,0.45,0.47,2026-06-04,1715,N,high,2.0NRT,304.06,17.41,D
-7.1112,-48.09903,341.63,0.54,0.51,2026-06-04,1720,N,nominal,2.0NRT,296.6,11.02,D
-18.39063,-59.05407,367,0.45,0.47,2026-06-04,1715,N,high,2.0NRT,301.92,8.11,D
-18.3896,-59.04536,347.34,0.45,0.47,2026-06-04,1715,N,nominal,2.0NRT,301.87,17.41,D
-6.95276,-47.25638,335.13,0.62,0.54,2026-06-04,1720,N,nominal,2.0NRT,298.1,5.23,D
-18.39115,-59.05843,345.05,0.45,0.47,2026-06-04,1715,N,nominal,2.0NRT,300.9,8.11,D
-7.11395,-48.09737,337.38,0.54,0.51,2026-06-04,1720,N,nominal,2.0NRT,297.92,9.9,D
-18.38782,-59.06771,367,0.46,0.47,2026-06-04,1715,N,high,2.0NRT,301.32,27.53,D
-6.95318,-47.25948,337.84,0.62,0.54,2026-06-04,1720,N,nominal,2.0NRT,297.08,4.39,D
-18.38524,-59.04592,328.81,0.45,0.47,2026-06-04,1715,N,nominal,2.0NRT,300.21,5.74,D
-18.38576,-59.05028,353.4,0.45,0.47,2026-06-04,1715,N,nominal,2.0NRT,300.45,5.74,D
-6.90258,-47.26303,340.53,0.62,0.54,2026-06-04,1720,N,nominal,2.0NRT,297.49,19.63,D
-18.38627,-59.05463,333.76,0.45,0.47,2026-06-04,1715,N,nominal,2.0NRT,299.29,15.68,D
-6.90358,-47.26877,353.49,0.62,0.54,2026-06-04,1720,N,nominal,2.0NRT,298.75,12.39,D
-18.38679,-59.05899,348.15,0.45,0.47,2026-06-04,1715,N,nominal,2.0NRT,302.83,15.68,D
-6.90456,-47.27442,334.15,0.62,0.54,2026-06-04,1720,N,nominal,2.0NRT,297.28,12.39,D
-18.3873,-59.06335,353.29,0.46,0.47,2026-06-04,1715,N,nominal,2.0NRT,305.53,27.53,D
-6.89959,-47.27531,345.81,0.62,0.54,2026-06-04,1720,N,nominal,2.0NRT,299.95,12.39,D
-18.38834,-59.07209,342.67,0.46,0.47,2026-06-04,1715,N,nominal,2.0NRT,298.72,6.41,D
-18.38294,-59.06391,367,0.46,0.47,2026-06-04,1715,N,high,2.0NRT,301.32,27.53,D
-6.90056,-47.28089,336.3,0.62,0.54,2026-06-04,1720,N,nominal,2.0NRT,297.01,5.06,D
-18.38346,-59.06828,367,0.46,0.47,2026-06-04,1715,N,high,2.0NRT,302.05,27.53,D
-6.89363,-47.27048,330.11,0.62,0.54,2026-06-04,1720,N,nominal,2.0NRT,297.91,7.26,D
-18.38243,-59.05955,348.18,0.45,0.47,2026-06-04,1715,N,nominal,2.0NRT,300.8,15.68,D
-6.85216,-47.93826,352.06,0.56,0.52,2026-06-04,1720,N,nominal,2.0NRT,304.02,224.34,D
-18.38397,-59.07265,345.5,0.46,0.47,2026-06-04,1715,N,nominal,2.0NRT,299.8,6.41,D
-18.37858,-59.06448,344.59,0.46,0.47,2026-06-04,1715,N,nominal,2.0NRT,299.17,7.45,D
-6.85303,-47.94324,352.76,0.56,0.52,2026-06-04,1720,N,nominal,2.0NRT,300.52,224.34,D
-18.37909,-59.06884,355.57,0.46,0.47,2026-06-04,1715,N,nominal,2.0NRT,299.17,7.45,D
-6.85392,-47.94828,341.39,0.56,0.51,2026-06-04,1720,N,nominal,2.0NRT,296.43,10.58,D
-18.37832,-59.06771,346.75,0.45,0.47,2026-06-04,1715,N,nominal,2.0NRT,299.04,6.65,D
-6.85246,-47.94034,349.63,0.56,0.52,2026-06-04,1720,N,nominal,2.0NRT,307.39,132.84,D
-16.8356,-49.28587,333.68,0.49,0.4,2026-06-04,1715,N,nominal,2.0NRT,302.34,1.84,D
-6.8533,-47.94534,355.41,0.56,0.52,2026-06-04,1720,N,nominal,2.0NRT,298.9,109.66,D
-17.27009,-52.25336,345.5,0.39,0.36,2026-06-04,1715,N,nominal,2.0NRT,308.63,3.36,D
-17.26619,-52.25028,334.04,0.39,0.36,2026-06-04,1715,N,nominal,2.0NRT,306.08,3.36,D
-6.84686,-47.93616,345.14,0.56,0.52,2026-06-04,1720,N,nominal,2.0NRT,300.26,132.84,D
-17.26676,-52.25393,336.56,0.39,0.36,2026-06-04,1715,N,nominal,2.0NRT,304.58,3.36,D
-6.8477,-47.94115,306.89,0.56,0.52,2026-06-04,1720,N,low,2.0NRT,320.81,132.84,D
-18.9441,-66.33966,367,0.69,0.74,2026-06-04,1715,N,high,2.0NRT,293.8,22.63,D
-6.84295,-47.94196,351.17,0.56,0.52,2026-06-04,1720,N,nominal,2.0NRT,302.08,20.58,D
-15.42421,-42.63965,344.06,0.44,0.63,2026-06-04,1715,N,nominal,2.0NRT,288.05,3.68,D
-6.84379,-47.94692,342.8,0.56,0.52,2026-06-04,1720,N,nominal,2.0NRT,298.63,11.86,D
-18.13515,-59.41259,348.57,0.48,0.48,2026-06-04,1715,N,nominal,2.0NRT,300.25,5.98,D
-9.21046,-64.08195,336.41,0.37,0.58,2026-06-04,1720,N,nominal,2.0NRT,300.35,5.33,D
-18.1307,-59.41314,334.4,0.48,0.48,2026-06-04,1715,N,nominal,2.0NRT,298.38,5.98,D
-16.17526,-47.00051,329.14,0.45,0.47,2026-06-04,1715,N,nominal,2.0NRT,298.38,1.84,D
-6.14512,-45.06379,344.31,0.45,0.63,2026-06-04,1720,N,nominal,2.0NRT,293.19,8.69,D
-16.28876,-48.02042,367,0.39,0.44,2026-06-04,1715,N,high,2.0NRT,305.81,18.4,D
-6.14638,-45.06458,344.29,0.45,0.63,2026-06-04,1720,N,nominal,2.0NRT,293.1,9.48,D
-16.2881,-48.0168,339,0.39,0.44,2026-06-04,1715,N,nominal,2.0NRT,302.67,8.14,D
-6.21167,-46.8814,339.52,0.34,0.56,2026-06-04,1720,N,nominal,2.0NRT,295.54,3.25,D
-16.26711,-47.97209,331.34,0.39,0.44,2026-06-04,1715,N,nominal,2.0NRT,302.74,3.56,D
-6.20649,-46.88217,338.59,0.34,0.56,2026-06-04,1720,N,nominal,2.0NRT,294.38,3.25,D
-16.42628,-49.22297,332.16,0.5,0.41,2026-06-04,1715,N,nominal,2.0NRT,303.49,3.82,D
-15.14547,-42.62835,367,0.45,0.63,2026-06-04,1715,N,high,2.0NRT,293.12,9.41,D
-6.31942,-47.57123,349.53,0.61,0.53,2026-06-04,1720,N,nominal,2.0NRT,295.47,10.17,D
-15.14687,-42.62909,367,0.45,0.63,2026-06-04,1715,N,high,2.0NRT,293.33,10.2,D
-6.31452,-47.57215,342.43,0.61,0.53,2026-06-04,1720,N,nominal,2.0NRT,295.17,10.17,D
-15.20992,-43.82454,367,0.37,0.58,2026-06-04,1715,N,high,2.0NRT,300.16,8.45,D
-6.3096,-47.57301,367,0.61,0.53,2026-06-04,1720,N,high,2.0NRT,297.44,21.7,D
-17.97029,-61.70673,367,0.33,0.56,2026-06-04,1715,N,high,2.0NRT,301.44,10.31,D
-8.45112,-61.46515,367,0.48,0.48,2026-06-04,1720,N,high,2.0NRT,297.14,17.33,D
-17.97063,-61.70994,336.39,0.33,0.56,2026-06-04,1715,N,nominal,2.0NRT,297.09,10.31,D
-8.45172,-61.46951,367,0.48,0.48,2026-06-04,1720,N,high,2.0NRT,296.53,17.33,D
-18.37993,-66.3216,340.58,0.68,0.74,2026-06-04,1715,N,nominal,2.0NRT,301.59,8.76,D
-7.50825,-55.00314,329.11,0.38,0.36,2026-06-04,1720,N,low,2.0NRT,299.89,3.21,D
-17.71765,-59.92392,326.71,0.51,0.49,2026-06-04,1715,N,nominal,2.0NRT,299.43,4.5,D
-17.71821,-59.92878,339.63,0.51,0.49,2026-06-04,1715,N,nominal,2.0NRT,299.43,3.57,D
-8.44606,-61.46138,354.69,0.48,0.48,2026-06-04,1720,N,nominal,2.0NRT,300.5,50.5,D
-16.8499,-53.47489,356.27,0.39,0.36,2026-06-04,1715,N,nominal,2.0NRT,307.64,8.5,D
-8.44666,-61.46574,348.18,0.48,0.48,2026-06-04,1720,N,nominal,2.0NRT,295.02,17.33,D
-16.84603,-53.47183,330.96,0.39,0.36,2026-06-04,1715,N,low,2.0NRT,303.06,8.5,D
-8.44727,-61.47012,328.19,0.48,0.48,2026-06-04,1720,N,nominal,2.0NRT,293.16,17.33,D
-17.71843,-59.92554,342.87,0.51,0.49,2026-06-04,1715,N,nominal,2.0NRT,300.64,8.99,D
-8.44102,-61.45763,354.81,0.48,0.48,2026-06-04,1720,N,nominal,2.0NRT,298.08,25.6,D
-18.38055,-66.31987,338.52,0.68,0.74,2026-06-04,1715,N,nominal,2.0NRT,302.33,9.25,D
-8.44162,-61.462,352.81,0.48,0.48,2026-06-04,1720,N,nominal,2.0NRT,295.9,25.6,D
-16.09588,-49.43594,333.45,0.49,0.4,2026-06-04,1715,N,nominal,2.0NRT,305.47,5.36,D
-16.09537,-49.43941,333.24,0.49,0.4,2026-06-04,1715,N,nominal,2.0NRT,305.17,4.82,D
-8.43539,-61.44952,367,0.48,0.48,2026-06-04,1720,N,high,2.0NRT,295.38,19.34,D
-17.56013,-59.65635,325.67,0.48,0.48,2026-06-04,1715,N,nominal,2.0NRT,298.08,3.78,D
-8.43598,-61.45388,367,0.48,0.48,2026-06-04,1720,N,high,2.0NRT,294.63,19.34,D
-17.56068,-59.66091,334.65,0.48,0.48,2026-06-04,1715,N,nominal,2.0NRT,298.87,3.78,D
-8.43658,-61.45825,331.21,0.48,0.48,2026-06-04,1720,N,nominal,2.0NRT,292.83,25.6,D
-17.90458,-62.98239,331.28,0.4,0.6,2026-06-04,1715,N,nominal,2.0NRT,294.91,1.58,D
-8.41468,-61.43024,328.33,0.48,0.48,2026-06-04,1720,N,nominal,2.0NRT,293.47,6.14,D
-17.89896,-62.983,336.09,0.4,0.6,2026-06-04,1715,N,nominal,2.0NRT,294.92,1.58,D
-17.85398,-62.60333,333.76,0.38,0.59,2026-06-04,1715,N,nominal,2.0NRT,297.55,2.34,D
-5.79323,-44.99433,329.08,0.46,0.64,2026-06-04,1720,N,nominal,2.0NRT,290,2.84,D
-17.50014,-59.49764,367,0.47,0.48,2026-06-04,1715,N,low,2.0NRT,325.73,156.87,D
-5.55625,-43.96227,334.77,0.55,0.68,2026-06-04,1720,N,nominal,2.0NRT,286.93,5.52,D
-17.49623,-59.50261,339.84,0.47,0.48,2026-06-04,1715,N,nominal,2.0NRT,304.81,61.45,D
-5.55713,-43.96716,343.01,0.55,0.68,2026-06-04,1720,N,nominal,2.0NRT,289.65,5.52,D
-17.49677,-59.50711,333.28,0.47,0.48,2026-06-04,1715,N,low,2.0NRT,304.48,4.09,D
-17.49731,-59.51168,339.71,0.47,0.48,2026-06-04,1715,N,nominal,2.0NRT,303.36,4.09,D
-5.52207,-43.98878,336.3,0.54,0.68,2026-06-04,1720,N,nominal,2.0NRT,289.15,7.37,D
-17.49785,-59.51616,346.32,0.47,0.48,2026-06-04,1715,N,nominal,2.0NRT,306.94,9.4,D
-5.51912,-43.98782,341.66,0.55,0.68,2026-06-04,1720,N,nominal,2.0NRT,288.99,8.39,D
-17.49839,-59.52063,351.24,0.47,0.48,2026-06-04,1715,N,nominal,2.0NRT,307.26,9.4,D
-5.8554,-46.25401,330.43,0.38,0.59,2026-06-04,1720,N,nominal,2.0NRT,291.52,3.58,D
-17.49892,-59.52507,342.34,0.47,0.48,2026-06-04,1715,N,nominal,2.0NRT,304.9,7.13,D
-5.85601,-46.2575,347.13,0.38,0.59,2026-06-04,1720,N,nominal,2.0NRT,292.21,3.58,D
-17.49945,-59.52953,338.9,0.47,0.48,2026-06-04,1715,N,nominal,2.0NRT,304.44,7.13,D
-17.49999,-59.53407,341.11,0.47,0.48,2026-06-04,1715,N,nominal,2.0NRT,305.28,5.54,D
-6.57573,-51.09931,340.92,0.53,0.42,2026-06-04,1720,N,nominal,2.0NRT,301.49,11.31,D
-17.4957,-59.49822,367,0.47,0.48,2026-06-04,1715,N,low,2.0NRT,326.48,61.45,D
-4.63217,-43.04249,325.19,0.65,0.73,2026-06-04,1720,N,nominal,2.0NRT,284.54,14.26,D
-17.49448,-59.52569,367,0.47,0.48,2026-06-04,1715,N,high,2.0NRT,305.02,7.13,D
-4.63327,-43.0486,357.53,0.65,0.73,2026-06-04,1720,N,low,2.0NRT,286.4,19.42,D
-17.49019,-59.48977,329.5,0.47,0.48,2026-06-04,1715,N,low,2.0NRT,304.46,27.18,D
-4.63844,-43.05063,333.67,0.65,0.73,2026-06-04,1720,N,nominal,2.0NRT,284.94,8.73,D
-17.49073,-59.49428,346.26,0.47,0.48,2026-06-04,1715,N,nominal,2.0NRT,306.1,27.18,D
-17.49126,-59.49876,334.18,0.47,0.48,2026-06-04,1715,N,low,2.0NRT,308.37,61.45,D
-4.63063,-43.04572,347.96,0.65,0.73,2026-06-04,1720,N,nominal,2.0NRT,285.04,8.73,D
-17.49233,-59.50774,331.98,0.47,0.48,2026-06-04,1715,N,low,2.0NRT,304.72,4.09,D
-4.63168,-43.0518,332.44,0.65,0.73,2026-06-04,1720,N,nominal,2.0NRT,284.73,8.73,D
-17.49288,-59.51228,349.12,0.47,0.48,2026-06-04,1715,N,nominal,2.0NRT,303.41,4.09,D
-1.99382,-47.11239,333.66,0.38,0.59,2026-06-04,1720,N,nominal,2.0NRT,286.78,2.61,D
-17.49341,-59.51677,352.36,0.47,0.48,2026-06-04,1715,N,nominal,2.0NRT,307.56,9.4,D
-17.49395,-59.52122,350.65,0.47,0.48,2026-06-04,1715,N,nominal,2.0NRT,305.8,9.4,D
-1.87439,-47.64923,342.29,0.35,0.57,2026-06-04,1720,N,nominal,2.0NRT,290.27,4.72,D
-17.49502,-59.53018,344.18,0.47,0.48,2026-06-04,1715,N,nominal,2.0NRT,303.45,7.13,D
-3.39768,-58.40176,332.55,0.42,0.38,2026-06-04,1720,N,nominal,2.0NRT,293.19,3.86,D
-17.49556,-59.53474,344.43,0.47,0.48,2026-06-04,1715,N,nominal,2.0NRT,305.28,5.54,D
-3.41336,-59.24397,335.12,0.46,0.39,2026-06-04,1720,N,nominal,2.0NRT,293.88,37.81,D
-17.49772,-59.55284,330.71,0.48,0.48,2026-06-04,1715,N,low,2.0NRT,301.99,4.06,D
-1.94572,-54.02044,329.57,0.43,0.38,2026-06-04,1722,N,nominal,2.0NRT,294.34,2.55,D
-17.49825,-59.55733,336.26,0.48,0.48,2026-06-04,1715,N,nominal,2.0NRT,302.08,4.06,D
-1.84421,-55.33063,332.26,0.4,0.37,2026-06-04,1722,N,nominal,2.0NRT,296.37,4.56,D
-17.48898,-59.51737,367,0.47,0.48,2026-06-04,1715,N,high,2.0NRT,307.95,8.32,D
-1.84476,-55.33417,330.05,0.4,0.37,2026-06-04,1722,N,nominal,2.0NRT,295.3,4.56,D
-17.48951,-59.52185,356.75,0.47,0.48,2026-06-04,1715,N,nominal,2.0NRT,307,8.32,D
-1.84139,-55.33467,331.1,0.4,0.37,2026-06-04,1722,N,nominal,2.0NRT,296.67,3.52,D
-17.49005,-59.52635,347.08,0.47,0.48,2026-06-04,1715,N,nominal,2.0NRT,303.88,6.45,D
-1.45064,-53.57113,328.4,0.46,0.39,2026-06-04,1722,N,nominal,2.0NRT,293.18,2.44,D
-17.49058,-59.53085,345.08,0.47,0.48,2026-06-04,1715,N,nominal,2.0NRT,303.18,6.45,D
-1.66967,-55.37979,346.71,0.4,0.37,2026-06-04,1722,N,nominal,2.0NRT,296.2,5.4,D
-17.49112,-59.53537,347.52,0.47,0.48,2026-06-04,1715,N,nominal,2.0NRT,306.23,5.6,D
-1.5653,-55.2389,347.53,0.4,0.37,2026-06-04,1722,N,nominal,2.0NRT,296.9,4.73,D
-17.49381,-59.55798,329.89,0.48,0.48,2026-06-04,1715,N,nominal,2.0NRT,299.35,6.98,D
-1.56585,-55.24247,336.41,0.4,0.37,2026-06-04,1722,N,nominal,2.0NRT,296.7,3.92,D
-17.48508,-59.52249,332,0.47,0.48,2026-06-04,1715,N,nominal,2.0NRT,306.41,8.32,D
3.48517,-60.24522,337.79,0.43,0.38,2026-06-04,1722,N,nominal,2.0NRT,295.97,5.31,D
-17.48614,-59.53148,335.99,0.47,0.48,2026-06-04,1715,N,nominal,2.0NRT,304.61,6.45,D
-17.48668,-59.53598,330.18,0.47,0.48,2026-06-04,1715,N,low,2.0NRT,304.61,5.6,D
-17.48882,-59.55408,351.98,0.48,0.48,2026-06-04,1715,N,nominal,2.0NRT,302.61,6.98,D
-17.49079,-59.60897,327.63,0.48,0.48,2026-06-04,1715,N,nominal,2.0NRT,299.69,3.5,D
-17.48579,-59.60503,336.09,0.48,0.48,2026-06-04,1715,N,nominal,2.0NRT,305.83,7.7,D
-17.48633,-59.60959,336.84,0.48,0.48,2026-06-04,1715,N,nominal,2.0NRT,304.78,3.5,D
-15.41787,-46.51817,329.06,0.5,0.49,2026-06-04,1715,N,nominal,2.0NRT,297.03,7.57,D
-15.41875,-46.52288,346.51,0.5,0.49,2026-06-04,1715,N,nominal,2.0NRT,300.53,7.57,D
-15.74734,-48.32903,330.66,0.57,0.43,2026-06-04,1715,N,nominal,2.0NRT,301.04,3.3,D
-15.55614,-47.65129,343.87,0.42,0.45,2026-06-04,1715,N,nominal,2.0NRT,301.2,4.85,D
-15.58949,-47.93451,342.5,0.4,0.44,2026-06-04,1715,N,nominal,2.0NRT,299.17,3.55,D
-15.2174,-46.28071,338.45,0.52,0.5,2026-06-04,1715,N,nominal,2.0NRT,300.58,5.7,D
-15.779,-49.44156,347.09,0.49,0.41,2026-06-04,1715,N,nominal,2.0NRT,307.18,11.65,D
-15.77849,-49.44043,351.81,0.5,0.41,2026-06-04,1715,N,nominal,2.0NRT,306.27,15.15,D
-15.8177,-49.9649,333.32,0.47,0.39,2026-06-04,1715,N,nominal,2.0NRT,302.01,11.96,D
-14.97419,-45.45014,339.03,0.59,0.53,2026-06-04,1715,N,nominal,2.0NRT,303.14,5.13,D
-15.71433,-50.42289,334.06,0.45,0.39,2026-06-04,1715,N,nominal,2.0NRT,305.65,2.37,D
-17.34732,-64.0173,345.75,0.46,0.64,2026-06-04,1717,N,nominal,2.0NRT,291.95,4.62,D
-17.34137,-64.01797,329.39,0.46,0.64,2026-06-04,1717,N,nominal,2.0NRT,288.53,2.78,D
-15.54842,-50.58373,340.53,0.44,0.38,2026-06-04,1717,N,nominal,2.0NRT,308.2,3.73,D
-17.34485,-64.01676,367,0.46,0.64,2026-06-04,1717,N,high,2.0NRT,292.54,9.39,D
-16.90422,-60.36439,325.37,0.53,0.5,2026-06-04,1717,N,low,2.0NRT,300.21,2.03,D
-16.5987,-58.23536,349.24,0.38,0.44,2026-06-04,1717,N,nominal,2.0NRT,310.94,26.68,D
-16.59917,-58.23904,334.82,0.38,0.44,2026-06-04,1717,N,nominal,2.0NRT,305.95,15.64,D
-16.59466,-58.23594,355.29,0.38,0.44,2026-06-04,1717,N,nominal,2.0NRT,306.89,26.68,D
-16.59513,-58.23961,341.85,0.38,0.44,2026-06-04,1717,N,nominal,2.0NRT,304.13,15.64,D
-16.73934,-59.78135,332.84,0.48,0.48,2026-06-04,1717,N,nominal,2.0NRT,299.84,4.69,D
-14.24963,-44.64919,330.13,0.34,0.56,2026-06-04,1717,N,nominal,2.0NRT,297.57,2.48,D
-14.39902,-45.57417,340.79,0.6,0.53,2026-06-04,1717,N,nominal,2.0NRT,299.31,8.55,D
-16.55445,-59.30151,341.82,0.45,0.47,2026-06-04,1717,N,nominal,2.0NRT,301,4.49,D
-16.54422,-59.29002,328.55,0.45,0.47,2026-06-04,1717,N,low,2.0NRT,300.02,4.39,D
-14.37634,-45.56123,341.58,0.6,0.53,2026-06-04,1717,N,nominal,2.0NRT,298.48,14.47,D
-14.3774,-45.5668,339.22,0.6,0.53,2026-06-04,1717,N,nominal,2.0NRT,297.35,6.76,D
-14.37252,-45.56773,334.28,0.6,0.53,2026-06-04,1717,N,nominal,2.0NRT,295.02,3.28,D
-14.3757,-45.58444,333.2,0.6,0.53,2026-06-04,1717,N,nominal,2.0NRT,299.2,7.71,D
-14.36445,-45.55192,339.26,0.6,0.53,2026-06-04,1717,N,nominal,2.0NRT,299.18,11.79,D
-14.36277,-45.56964,335.93,0.6,0.53,2026-06-04,1717,N,nominal,2.0NRT,301.71,3.26,D
-16.52958,-59.31332,326.85,0.45,0.47,2026-06-04,1717,N,low,2.0NRT,297.31,2.82,D
-16.48025,-59.34111,344.83,0.45,0.47,2026-06-04,1717,N,nominal,2.0NRT,298.12,6.08,D
-16.47644,-59.346,329.24,0.45,0.47,2026-06-04,1717,N,nominal,2.0NRT,298.07,5.62,D
-16.64425,-60.78069,336.26,0.56,0.51,2026-06-04,1717,N,nominal,2.0NRT,299.94,4.61,D
-16.47854,-59.34047,335.58,0.45,0.47,2026-06-04,1717,N,nominal,2.0NRT,296.71,4.88,D
-16.47908,-59.34474,345.88,0.45,0.47,2026-06-04,1717,N,nominal,2.0NRT,299.29,7.95,D
-16.64374,-60.77768,334.32,0.56,0.51,2026-06-04,1717,N,nominal,2.0NRT,300.7,7,D
-13.92763,-43.74831,349.65,0.4,0.6,2026-06-04,1717,N,nominal,2.0NRT,296.71,8.85,D
-16.09803,-56.75035,330.23,0.47,0.4,2026-06-04,1717,N,low,2.0NRT,303.01,3.16,D
-16.82815,-62.89926,337.23,0.39,0.59,2026-06-04,1717,N,nominal,2.0NRT,301.71,3.65,D
-16.42649,-59.56158,331.25,0.46,0.47,2026-06-04,1717,N,nominal,2.0NRT,298.73,2.61,D
-16.41557,-59.54506,367,0.46,0.47,2026-06-04,1717,N,high,2.0NRT,301.75,17.32,D
-16.40084,-59.5337,329.16,0.46,0.47,2026-06-04,1717,N,nominal,2.0NRT,297.44,2.58,D
-16.40142,-59.53705,328.82,0.46,0.47,2026-06-04,1717,N,nominal,2.0NRT,298.39,1.95,D
-16.38228,-59.56162,342.94,0.46,0.47,2026-06-04,1717,N,nominal,2.0NRT,300.84,4.99,D
-16.37789,-59.56218,332.78,0.46,0.47,2026-06-04,1717,N,nominal,2.0NRT,299.56,4.99,D
-16.37844,-59.5665,339.29,0.46,0.47,2026-06-04,1717,N,nominal,2.0NRT,299.27,5.85,D
-15.59163,-53.91197,335.72,0.39,0.36,2026-06-04,1717,N,nominal,2.0NRT,303.13,3.62,D
-15.58884,-53.91611,337.55,0.39,0.36,2026-06-04,1717,N,nominal,2.0NRT,303.87,4.84,D
-15.56234,-53.87609,333.66,0.39,0.36,2026-06-04,1717,N,nominal,2.0NRT,300.39,2.8,D
-16.19149,-58.46703,349.26,0.39,0.44,2026-06-04,1717,N,nominal,2.0NRT,314.12,25.83,D
-16.19197,-58.47072,332.63,0.39,0.44,2026-06-04,1717,N,nominal,2.0NRT,301.87,25.83,D
-16.18695,-58.46387,341.32,0.39,0.44,2026-06-04,1717,N,nominal,2.0NRT,301.83,17.83,D
-16.18742,-58.46756,355.74,0.39,0.44,2026-06-04,1717,N,nominal,2.0NRT,305.69,25.83,D
-16.18789,-58.47126,345.41,0.39,0.44,2026-06-04,1717,N,nominal,2.0NRT,300.31,25.83,D
-16.62713,-62.266,335.79,0.35,0.57,2026-06-04,1717,N,nominal,2.0NRT,297.23,4.08,D
-16.62751,-62.2695,328.99,0.35,0.57,2026-06-04,1717,N,nominal,2.0NRT,296.55,2.69,D
-16.16893,-58.48517,330.87,0.39,0.44,2026-06-04,1717,N,low,2.0NRT,305.39,3,D
-16.16486,-58.48575,328.87,0.39,0.44,2026-06-04,1717,N,low,2.0NRT,303.38,3,D
-16.1262,-58.50618,367,0.39,0.44,2026-06-04,1717,N,high,2.0NRT,309.38,11.48,D
-16.12668,-58.50989,339.94,0.39,0.44,2026-06-04,1717,N,nominal,2.0NRT,304.63,11.48,D
-16.16159,-59.32527,332.02,0.44,0.46,2026-06-04,1717,N,nominal,2.0NRT,301.62,3.43,D
-16.1621,-59.32944,330.44,0.44,0.46,2026-06-04,1717,N,nominal,2.0NRT,299.41,3.43,D
-16.15728,-59.32582,337.54,0.44,0.46,2026-06-04,1717,N,nominal,2.0NRT,297.7,4.44,D
-16.16023,-59.32803,349.76,0.44,0.46,2026-06-04,1717,N,nominal,2.0NRT,300.58,11.39,D
-16.1814,-61.13427,336.06,0.58,0.52,2026-06-04,1717,N,nominal,2.0NRT,304.61,7.79,D
-16.17653,-61.13486,329.83,0.58,0.52,2026-06-04,1717,N,low,2.0NRT,301.29,10.89,D
-16.17716,-61.1403,331.46,0.58,0.52,2026-06-04,1717,N,low,2.0NRT,304.24,5.12,D
-16.17229,-61.14091,328.54,0.58,0.52,2026-06-04,1717,N,low,2.0NRT,303.31,5.12,D
-16.17854,-61.13172,335.67,0.58,0.52,2026-06-04,1717,N,nominal,2.0NRT,302.35,6.23,D
-16.1792,-61.1371,330.53,0.58,0.52,2026-06-04,1717,N,low,2.0NRT,304.73,6.09,D
-16.17433,-61.1377,331.31,0.58,0.52,2026-06-04,1717,N,nominal,2.0NRT,300.89,6.09,D
-16.15308,-62.00394,328.55,0.33,0.55,2026-06-04,1717,N,nominal,2.0NRT,298.5,2.46,D
-16.15641,-62.005,344.25,0.33,0.55,2026-06-04,1717,N,nominal,2.0NRT,297.81,3.22,D
-16.08922,-61.82908,328.56,0.32,0.55,2026-06-04,1717,N,nominal,2.0NRT,297.55,3.47,D
-15.91979,-60.47741,332.6,0.52,0.5,2026-06-04,1717,N,nominal,2.0NRT,299.91,2.44,D
-14.77248,-52.6717,346.97,0.39,0.36,2026-06-04,1717,N,nominal,2.0NRT,320.03,40.65,D
-14.77305,-52.67531,341,0.39,0.36,2026-06-04,1717,N,low,2.0NRT,315.61,40.38,D
-14.76914,-52.67226,342.83,0.39,0.36,2026-06-04,1717,N,low,2.0NRT,316.24,40.65,D
-15.948,-61.83424,327.62,0.32,0.55,2026-06-04,1717,N,low,2.0NRT,300.26,2.35,D
-15.94834,-61.83725,326.61,0.32,0.55,2026-06-04,1717,N,low,2.0NRT,299.51,2.35,D
-15.94868,-61.84032,336.05,0.32,0.55,2026-06-04,1717,N,nominal,2.0NRT,301.02,3.11,D
-15.89063,-61.41942,330.81,0.6,0.53,2026-06-04,1717,N,low,2.0NRT,305.03,4.97,D
-14.62031,-52.3494,334.11,0.4,0.37,2026-06-04,1717,N,nominal,2.0NRT,304.12,1.78,D
-15.63431,-60.26394,331.7,0.5,0.49,2026-06-04,1717,N,nominal,2.0NRT,300.86,3.42,D
-15.63384,-60.2624,335.09,0.5,0.49,2026-06-04,1717,N,nominal,2.0NRT,300.67,5.28,D
-15.66429,-60.84909,338.99,0.55,0.51,2026-06-04,1717,N,nominal,2.0NRT,297.15,0.27,D
-13.66328,-47.75423,367,0.44,0.46,2026-06-04,1717,N,high,2.0NRT,304.27,13.16,D
-13.65899,-47.75495,341.85,0.44,0.46,2026-06-04,1717,N,nominal,2.0NRT,301.17,7.6,D
-13.89566,-49.12539,333.56,0.55,0.42,2026-06-04,1717,N,nominal,2.0NRT,303.63,7.44,D
-13.89655,-49.1305,333.28,0.55,0.42,2026-06-04,1717,N,nominal,2.0NRT,304.37,6.3,D
-14.2672,-52.05923,332.95,0.4,0.37,2026-06-04,1717,N,nominal,2.0NRT,302.12,1.66,D
-14.62834,-54.45583,337.85,0.39,0.36,2026-06-04,1717,N,nominal,2.0NRT,310.66,3.6,D
-14.39785,-53.30967,334.2,0.38,0.36,2026-06-04,1717,N,nominal,2.0NRT,303.83,3.52,D
-15.75747,-64.1452,367,0.45,0.63,2026-06-04,1717,N,high,2.0NRT,295.83,8.59,D
-15.75703,-64.14088,351.93,0.45,0.63,2026-06-04,1717,N,nominal,2.0NRT,295.65,8.59,D
-15.75069,-64.13722,367,0.45,0.63,2026-06-04,1717,N,high,2.0NRT,296.56,9.51,D
-15.75114,-64.14159,352.67,0.45,0.63,2026-06-04,1717,N,nominal,2.0NRT,297.2,14.54,D
-15.7448,-64.13788,328.02,0.45,0.63,2026-06-04,1717,N,nominal,2.0NRT,295.75,9.51,D
-14.34021,-53.20185,331.87,0.39,0.36,2026-06-04,1717,N,nominal,2.0NRT,305.82,2.13,D
-14.33688,-53.20239,334.01,0.39,0.36,2026-06-04,1717,N,nominal,2.0NRT,303.5,2.13,D
-14.34637,-53.43541,333.17,0.38,0.36,2026-06-04,1717,N,nominal,2.0NRT,303.82,2.08,D
-15.75886,-64.1441,367,0.45,0.63,2026-06-04,1717,N,high,2.0NRT,295.24,11.83,D
-15.75934,-64.14839,332.97,0.45,0.63,2026-06-04,1717,N,nominal,2.0NRT,294.45,4.63,D
-15.7525,-64.14049,367,0.45,0.63,2026-06-04,1717,N,high,2.0NRT,297.33,11.62,D
-15.74662,-64.14115,367,0.45,0.63,2026-06-04,1717,N,high,2.0NRT,297.59,11.62,D
-15.74614,-64.13678,340.34,0.45,0.63,2026-06-04,1717,N,nominal,2.0NRT,295.81,17.15,D
-15.61204,-63.08374,344.63,0.38,0.59,2026-06-04,1717,N,nominal,2.0NRT,299.56,6,D
-13.41222,-48.30775,332,0.41,0.45,2026-06-04,1717,N,low,2.0NRT,303.24,2.23,D
-13.40808,-48.30854,342.82,0.41,0.45,2026-06-04,1717,N,nominal,2.0NRT,304.9,7.56,D
-14.00925,-51.86268,336.36,0.41,0.37,2026-06-04,1717,N,nominal,2.0NRT,304.42,3.06,D
-13.41125,-48.30841,348.49,0.41,0.45,2026-06-04,1717,N,nominal,2.0NRT,304.89,4.84,D
-13.40711,-48.3092,335.59,0.41,0.45,2026-06-04,1717,N,nominal,2.0NRT,303.13,4.84,D
-14.32424,-54.51922,346.37,0.39,0.36,2026-06-04,1717,N,nominal,2.0NRT,304.87,6.1,D
-14.30777,-54.4775,335.02,0.39,0.36,2026-06-04,1717,N,nominal,2.0NRT,303.67,2.43,D
-14.30562,-54.47822,333.32,0.39,0.36,2026-06-04,1717,N,low,2.0NRT,305.59,2.79,D
-12.74549,-45.45456,343.04,0.33,0.55,2026-06-04,1717,N,nominal,2.0NRT,299.72,5.25,D
-12.74101,-45.45866,335.49,0.32,0.55,2026-06-04,1717,N,nominal,2.0NRT,298.12,4.95,D
-12.73596,-45.45969,337.74,0.32,0.55,2026-06-04,1717,N,nominal,2.0NRT,299.39,4.95,D
-14.08452,-53.38393,332.99,0.38,0.36,2026-06-04,1717,N,nominal,2.0NRT,302.16,5.68,D
-14.08507,-53.38749,352.27,0.38,0.36,2026-06-04,1717,N,nominal,2.0NRT,314.05,18.39,D
-14.08119,-53.38446,339.88,0.38,0.36,2026-06-04,1717,N,nominal,2.0NRT,309.11,5.68,D
-14.08174,-53.38803,351.11,0.38,0.36,2026-06-04,1717,N,nominal,2.0NRT,309.98,18.39,D
-14.06289,-53.39839,343.54,0.38,0.36,2026-06-04,1717,N,nominal,2.0NRT,310.11,4.29,D
-14.05956,-53.39893,344.29,0.38,0.36,2026-06-04,1717,N,nominal,2.0NRT,305.95,4.35,D
-14.05128,-53.3674,338.41,0.39,0.36,2026-06-04,1717,N,nominal,2.0NRT,306.38,7,D
-15.28157,-63.74099,338.37,0.42,0.61,2026-06-04,1717,N,nominal,2.0NRT,297.45,4.03,D
-13.51747,-50.94135,344.07,0.45,0.39,2026-06-04,1717,N,nominal,2.0NRT,306.71,13.84,D
-13.5139,-50.94197,347.66,0.45,0.39,2026-06-04,1717,N,nominal,2.0NRT,301.17,9.35,D
-13.96989,-53.84763,333.37,0.38,0.36,2026-06-04,1717,N,low,2.0NRT,305.17,2.51,D
-13.96324,-53.84869,334.85,0.38,0.36,2026-06-04,1717,N,nominal,2.0NRT,303.55,3.46,D
-14.4584,-58.49345,334.01,0.56,0.43,2026-06-04,1717,N,nominal,2.0NRT,300.06,5.01,D
-15.18887,-64.82449,367,0.49,0.65,2026-06-04,1717,N,high,2.0NRT,292.06,8.79,D
-15.18872,-64.82777,326.77,0.49,0.65,2026-06-04,1717,N,nominal,2.0NRT,289.92,8.02,D
-14.4571,-58.86366,352.78,0.39,0.44,2026-06-04,1717,N,nominal,2.0NRT,311.63,35.66,D
-14.2078,-57.42127,335.03,0.49,0.4,2026-06-04,1717,N,low,2.0NRT,307.81,6.31,D
-14.20841,-57.4258,338.87,0.49,0.4,2026-06-04,1717,N,nominal,2.0NRT,307.98,6.31,D
-52.85125,-69.86252,328.9,0.41,0.37,2026-06-04,1847,N,nominal,2.0NRT,279.17,2.18,D
-39.19686,-73.09299,327.49,0.39,0.36,2026-06-04,1851,N,nominal,2.0NRT,287.85,7.64,D
-39.19752,-73.09746,351.49,0.39,0.36,2026-06-04,1851,N,nominal,2.0NRT,291.44,7.64,D
-39.19418,-73.09829,342.35,0.39,0.36,2026-06-04,1851,N,nominal,2.0NRT,290.18,4.61,D
-39.05377,-72.41805,330.26,0.38,0.36,2026-06-04,1851,N,nominal,2.0NRT,289.42,3.23,D
-31.93982,-68.53476,341.25,0.39,0.44,2026-06-04,1853,N,nominal,2.0NRT,290.8,9.04,D
-38.35904,-72.02411,349.07,0.39,0.36,2026-06-04,1851,N,nominal,2.0NRT,295.1,13.28,D
-28.21579,-59.27524,327.73,0.77,0.77,2026-06-04,1853,N,nominal,2.0NRT,288.37,6.53,D
-38.35571,-72.02496,340.01,0.39,0.36,2026-06-04,1851,N,nominal,2.0NRT,284.45,13.28,D
-28.16701,-60.29465,342.16,0.68,0.74,2026-06-04,1853,N,nominal,2.0NRT,284.54,7.78,D
-37.51012,-71.95007,340.72,0.39,0.36,2026-06-04,1851,N,nominal,2.0NRT,290.28,12.57,D
-27.83619,-59.40009,338.04,0.77,0.77,2026-06-04,1853,N,nominal,2.0NRT,287.15,7.88,D
-37.50677,-71.95091,332.55,0.39,0.36,2026-06-04,1851,N,nominal,2.0NRT,286.08,7.1,D
-37.5089,-71.9641,331.63,0.39,0.36,2026-06-04,1851,N,nominal,2.0NRT,287.96,5.49,D
-26.84056,-61.84258,340.44,0.6,0.7,2026-06-04,1853,N,nominal,2.0NRT,270.49,9.35,D
-37.29024,-72.53986,326.83,0.38,0.36,2026-06-04,1851,N,nominal,2.0NRT,289.12,4,D
-25.98331,-61.57618,330.7,0.65,0.73,2026-06-04,1856,N,nominal,2.0NRT,293.55,3.31,D
-37.28622,-72.53632,346.75,0.38,0.36,2026-06-04,1851,N,nominal,2.0NRT,301.48,35.08,D
-23.89748,-61.49999,328.82,0.73,0.76,2026-06-04,1856,N,nominal,2.0NRT,292.49,22.49,D
-23.89942,-61.50732,357.34,0.73,0.76,2026-06-04,1856,N,low,2.0NRT,294.69,22.49,D
-37.28691,-72.54067,355.83,0.38,0.36,2026-06-04,1851,N,nominal,2.0NRT,299.37,20.91,D
-23.89246,-61.50941,367,0.73,0.76,2026-06-04,1856,N,high,2.0NRT,295.81,22.49,D
-23.89441,-61.51674,335.66,0.73,0.76,2026-06-04,1856,N,nominal,2.0NRT,292.96,20.39,D
-37.28759,-72.54502,329.22,0.38,0.36,2026-06-04,1851,N,nominal,2.0NRT,287.79,20.91,D
-24.3305,-63.25209,367,0.57,0.69,2026-06-04,1856,N,high,2.0NRT,293.47,11.75,D
-37.28289,-72.53714,340.76,0.38,0.36,2026-06-04,1851,N,nominal,2.0NRT,295.65,35.08,D
-24.32907,-63.24642,355.57,0.57,0.69,2026-06-04,1856,N,nominal,2.0NRT,292.52,21.29,D
-24.33193,-63.25774,326.49,0.57,0.69,2026-06-04,1856,N,nominal,2.0NRT,291.37,11.75,D
-37.2819,-72.53992,342.68,0.38,0.36,2026-06-04,1851,N,nominal,2.0NRT,299.36,86.35,D
-23.89623,-61.50777,367,0.73,0.76,2026-06-04,1856,N,high,2.0NRT,297.68,18.75,D
-37.27789,-72.53638,326.45,0.38,0.36,2026-06-04,1851,N,nominal,2.0NRT,287.9,35.77,D
-23.89814,-61.51511,345.36,0.73,0.76,2026-06-04,1856,N,nominal,2.0NRT,293.67,18.75,D
-24.32917,-63.24785,367,0.57,0.69,2026-06-04,1856,N,high,2.0NRT,292.6,15.84,D
-37.27456,-72.53721,329.6,0.38,0.36,2026-06-04,1851,N,nominal,2.0NRT,289.45,8.99,D
-24.33057,-63.25353,367,0.57,0.69,2026-06-04,1856,N,high,2.0NRT,293.34,15.84,D
-23.88928,-61.50991,340.41,0.73,0.76,2026-06-04,1856,N,nominal,2.0NRT,293.11,18.75,D
-37.27524,-72.54156,340.8,0.38,0.36,2026-06-04,1851,N,nominal,2.0NRT,289.46,11.92,D
-23.00463,-61.41405,327.87,0.77,0.78,2026-06-04,1856,N,nominal,2.0NRT,296.15,5.5,D
-37.1331,-71.84956,338.43,0.39,0.36,2026-06-04,1851,N,nominal,2.0NRT,302.41,33.16,D
-23.00459,-61.41667,334.92,0.78,0.78,2026-06-04,1856,N,nominal,2.0NRT,296.17,6.36,D
-21.80106,-61.73044,330.06,0.79,0.78,2026-06-04,1856,N,nominal,2.0NRT,295.28,7.33,D
-37.13382,-71.85397,328.17,0.39,0.36,2026-06-04,1851,N,nominal,2.0NRT,287.9,33.16,D
-21.8031,-61.7383,338.99,0.79,0.78,2026-06-04,1856,N,nominal,2.0NRT,295.68,7.33,D
-37.12904,-71.846,335.04,0.39,0.36,2026-06-04,1851,N,nominal,2.0NRT,288.71,14.54,D
-21.79389,-61.73253,327.97,0.79,0.78,2026-06-04,1856,N,nominal,2.0NRT,295.02,9.76,D
-37.13047,-71.85484,330.68,0.39,0.36,2026-06-04,1851,N,nominal,2.0NRT,285.05,47.32,D
-21.79144,-61.73209,332.97,0.79,0.78,2026-06-04,1856,N,nominal,2.0NRT,294.6,7.36,D
-37.12642,-71.85129,340.91,0.39,0.36,2026-06-04,1851,N,nominal,2.0NRT,285.31,47.32,D
-22.78329,-66.44334,328.69,0.4,0.6,2026-06-04,1856,N,nominal,2.0NRT,277.04,4.89,D
-19.71068,-67.75094,331.36,0.38,0.59,2026-06-04,1858,N,nominal,2.0NRT,296.35,5.94,D
-37.05315,-72.6843,334.17,0.38,0.36,2026-06-04,1851,N,nominal,2.0NRT,289.03,8.19,D
-19.71396,-67.75051,336.56,0.38,0.59,2026-06-04,1858,N,nominal,2.0NRT,297.62,5.61,D
-37.05383,-72.68864,335.26,0.38,0.36,2026-06-04,1851,N,nominal,2.0NRT,287.9,8.19,D
-16.81557,-63.96447,325.97,0.74,0.76,2026-06-04,1858,N,nominal,2.0NRT,288.28,3.97,D
-16.8085,-63.96612,357.23,0.74,0.76,2026-06-04,1858,N,low,2.0NRT,289.76,24.75,D
-37.05451,-72.69297,340.25,0.38,0.36,2026-06-04,1851,N,nominal,2.0NRT,287.78,14.67,D
-16.81358,-63.96498,355.12,0.74,0.76,2026-06-04,1858,N,nominal,2.0NRT,289.62,17.12,D
-37.0505,-72.68944,353.36,0.38,0.36,2026-06-04,1851,N,nominal,2.0NRT,291.31,8.19,D
-16.80652,-63.96669,340.36,0.74,0.76,2026-06-04,1858,N,nominal,2.0NRT,288.25,12.85,D
-17.49149,-71.3573,332.73,0.49,0.49,2026-06-04,1858,N,nominal,2.0NRT,299.86,4.43,D
-37.05118,-72.69379,356.32,0.38,0.36,2026-06-04,1851,N,nominal,2.0NRT,294.47,14.67,D
-15.75898,-64.137,327.76,0.76,0.77,2026-06-04,1858,N,nominal,2.0NRT,290.2,6.18,D
-37.05186,-72.69813,344.79,0.38,0.36,2026-06-04,1851,N,nominal,2.0NRT,291.81,14.67,D
-15.76071,-64.14441,327.11,0.76,0.77,2026-06-04,1858,N,nominal,2.0NRT,291.1,6.18,D
-36.78101,-72.63987,326.01,0.39,0.36,2026-06-04,1851,N,nominal,2.0NRT,283.48,6.87,D
-15.75184,-64.13858,341.06,0.76,0.77,2026-06-04,1858,N,nominal,2.0NRT,291.16,6.18,D
-36.7817,-72.64419,356.39,0.38,0.36,2026-06-04,1851,N,nominal,2.0NRT,296.79,6.87,D
-36.77836,-72.645,326.99,0.38,0.36,2026-06-04,1851,N,nominal,2.0NRT,288.75,6.87,D
-15.75689,-64.13869,345.27,0.76,0.77,2026-06-04,1858,N,nominal,2.0NRT,291.05,10.54,D
-36.74598,-72.66547,334.96,0.38,0.36,2026-06-04,1851,N,nominal,2.0NRT,288.09,4.35,D
-15.74811,-64.13313,330.35,0.76,0.77,2026-06-04,1858,N,nominal,2.0NRT,290.96,10.54,D
-36.73933,-72.66709,354.35,0.38,0.36,2026-06-04,1851,N,nominal,2.0NRT,286.24,10.89,D
-14.478,-64.37059,327.74,0.78,0.78,2026-06-04,1858,N,nominal,2.0NRT,292,6.08,D
-36.56423,-72.48844,348.83,0.39,0.36,2026-06-04,1851,N,nominal,2.0NRT,288.8,5.81,D
-14.44238,-64.34711,341.6,0.79,0.78,2026-06-04,1858,N,nominal,2.0NRT,294.16,10.78,D
-36.5663,-72.5014,346.35,0.39,0.36,2026-06-04,1851,N,nominal,2.0NRT,288.67,5.91,D
-14.44088,-64.34277,327.1,0.79,0.78,2026-06-04,1858,N,nominal,2.0NRT,293.55,7.75,D
-36.55952,-72.48063,330.3,0.39,0.36,2026-06-04,1851,N,nominal,2.0NRT,288.08,5.42,D
-14.44253,-64.35025,328.56,0.79,0.78,2026-06-04,1858,N,nominal,2.0NRT,293.74,6.41,D
-36.56021,-72.48495,334.34,0.39,0.36,2026-06-04,1851,N,nominal,2.0NRT,288.44,4.35,D
-14.13797,-64.61812,327.04,0.77,0.77,2026-06-04,1858,N,nominal,2.0NRT,292.34,5.83,D
-36.56297,-72.50223,346.12,0.39,0.36,2026-06-04,1851,N,nominal,2.0NRT,289.15,8.91,D
-13.70714,-66.16618,348.38,0.63,0.72,2026-06-04,1858,N,nominal,2.0NRT,286.71,2.61,D
-36.56366,-72.50655,329.73,0.39,0.36,2026-06-04,1851,N,nominal,2.0NRT,287.37,8.91,D
-13.3381,-65.64352,352.22,0.69,0.74,2026-06-04,1858,N,nominal,2.0NRT,292.01,17.28,D
-36.40855,-72.23746,333.01,0.39,0.36,2026-06-04,1851,N,nominal,2.0NRT,266.8,6.48,D
-13.33828,-65.6424,341.21,0.69,0.74,2026-06-04,1858,N,nominal,2.0NRT,290.39,8.64,D
-36.40926,-72.24182,355.05,0.39,0.36,2026-06-04,1851,N,nominal,2.0NRT,270.75,18.12,D
-12.90905,-65.83955,328,0.68,0.74,2026-06-04,1858,N,nominal,2.0NRT,291.56,6.31,D
-36.40997,-72.24619,353.68,0.39,0.36,2026-06-04,1851,N,nominal,2.0NRT,273.21,18.12,D
-13.34169,-68.08807,336.52,0.48,0.65,2026-06-04,1858,N,nominal,2.0NRT,287.96,5.55,D
-36.40734,-72.25145,347.79,0.39,0.36,2026-06-04,1851,N,nominal,2.0NRT,268.33,6.86,D
-12.67812,-65.32372,326.79,0.74,0.76,2026-06-04,1858,N,nominal,2.0NRT,291.36,4.88,D
-36.40663,-72.24708,357.44,0.39,0.36,2026-06-04,1851,N,low,2.0NRT,267.43,24.01,D
-12.84717,-66.57918,367,0.61,0.71,2026-06-04,1858,N,high,2.0NRT,292.35,18.2,D
-36.3613,-72.57667,337.38,0.39,0.36,2026-06-04,1851,N,nominal,2.0NRT,285.05,5.38,D
-12.84594,-66.57343,327.44,0.61,0.71,2026-06-04,1858,N,nominal,2.0NRT,291.21,16.43,D
-35.27956,-71.38128,328.78,0.41,0.37,2026-06-04,1851,N,nominal,2.0NRT,272.43,2.59,D
-35.4368,-72.39882,335.63,0.39,0.36,2026-06-04,1851,N,nominal,2.0NRT,275.35,4.97,D
-12.84193,-66.57696,367,0.61,0.71,2026-06-04,1858,N,high,2.0NRT,291.98,11.77,D
-31.11036,-62.50336,325.3,0.44,0.62,2026-06-04,1853,N,nominal,2.0NRT,277.39,2.17,D
-12.84312,-66.58272,334.91,0.61,0.71,2026-06-04,1858,N,nominal,2.0NRT,290.9,11.77,D
-30.12472,-59.2058,328,0.69,0.75,2026-06-04,1853,N,nominal,2.0NRT,286.62,2.72,D
-12.74408,-66.1753,330.84,0.65,0.73,2026-06-04,1858,N,nominal,2.0NRT,292.72,3.54,D
-29.92535,-59.07214,326.56,0.71,0.75,2026-06-04,1853,N,nominal,2.0NRT,273.93,5.1,D
-12.64734,-68.09746,339.21,0.49,0.65,2026-06-04,1858,N,nominal,2.0NRT,290.89,7.28,D
-29.71911,-58.52713,352.51,0.77,0.77,2026-06-04,1853,N,nominal,2.0NRT,275.97,13.39,D
-12.64684,-68.09778,340.99,0.49,0.65,2026-06-04,1858,N,nominal,2.0NRT,290.61,7.53,D
-29.71689,-58.52387,335.79,0.77,0.78,2026-06-04,1853,N,nominal,2.0NRT,273.69,14.95,D
-30.44861,-61.67924,347.17,0.5,0.66,2026-06-04,1853,N,nominal,2.0NRT,280.26,7.35,D
-13.93213,-75.86103,344.39,0.46,0.39,2026-06-04,1858,N,nominal,2.0NRT,307.61,5.35,D
-32.00351,-68.51721,345,0.39,0.44,2026-06-04,1853,N,nominal,2.0NRT,297.06,4.99,D
-13.92851,-75.86167,338.05,0.46,0.39,2026-06-04,1858,N,nominal,2.0NRT,305.44,5.35,D
-13.78529,-76.17064,337.26,0.45,0.39,2026-06-04,1858,N,nominal,2.0NRT,303.45,5.55,D
-11.49294,-65.34347,356.7,0.78,0.78,2026-06-04,1900,N,nominal,2.0NRT,292.44,65.25,D
-11.4945,-65.35087,349.87,0.78,0.78,2026-06-04,1900,N,nominal,2.0NRT,295.04,73.25,D
-12.771,-72.58546,325.46,0.5,0.49,2026-06-04,1900,N,nominal,2.0NRT,292.41,4.1,D
-12.77187,-72.59021,331.94,0.5,0.49,2026-06-04,1900,N,nominal,2.0NRT,291.92,4.1,D
-11.49566,-75.60941,332.03,0.51,0.41,2026-06-04,1900,N,nominal,2.0NRT,298.88,4.27,D
-10.69436,-73.82098,325.95,0.45,0.47,2026-06-04,1900,N,nominal,2.0NRT,292.01,2.9,D
-9.48276,-68.11478,326.67,0.56,0.69,2026-06-04,1900,N,nominal,2.0NRT,290.5,1.14,D
-8.64122,-67.26883,334.36,0.66,0.73,2026-06-04,1900,N,nominal,2.0NRT,293.22,4.51,D
-9.18147,-78.36018,333.21,0.41,0.37,2026-06-04,1900,N,nominal,2.0NRT,294.57,2.5,D
-9.18193,-78.36029,332.87,0.41,0.37,2026-06-04,1900,N,nominal,2.0NRT,294.59,2.44,D
-7.94454,-71.46641,327.32,0.36,0.57,2026-06-04,1900,N,nominal,2.0NRT,285.83,1.89,D
-7.93926,-71.46739,329.57,0.36,0.57,2026-06-04,1900,N,nominal,2.0NRT,287.2,2.74,D
-7.90594,-71.34388,337.51,0.37,0.58,2026-06-04,1900,N,nominal,2.0NRT,291.14,3.18,D
-8.80057,-78.55534,331.09,0.41,0.37,2026-06-04,1900,N,nominal,2.0NRT,290.68,2.16,D
-7.71716,-78.72836,329.08,0.41,0.37,2026-06-04,1902,N,nominal,2.0NRT,297.66,2.67,D
-6.59219,-78.923,342.71,0.41,0.37,2026-06-04,1902,N,nominal,2.0NRT,294.79,6.56,D
-6.67557,-79.94929,340.11,0.39,0.36,2026-06-04,1902,N,nominal,2.0NRT,289.68,3.84,D
-6.64422,-79.81319,333.4,0.39,0.36,2026-06-04,1902,N,nominal,2.0NRT,290.39,1.82,D
-6.6204,-79.72614,334.61,0.39,0.36,2026-06-04,1902,N,nominal,2.0NRT,290.42,2.77,D
-6.64124,-79.88241,343.38,0.39,0.36,2026-06-04,1902,N,nominal,2.0NRT,288.83,3.09,D
-6.63789,-79.88293,343.74,0.39,0.36,2026-06-04,1902,N,nominal,2.0NRT,288.97,5.46,D
-6.61745,-79.79559,330.78,0.39,0.36,2026-06-04,1902,N,nominal,2.0NRT,290.94,1.16,D
-6.61509,-79.94833,333.84,0.39,0.36,2026-06-04,1902,N,nominal,2.0NRT,289.36,1.83,D
-5.69079,-74.48524,339.79,0.49,0.49,2026-06-04,1902,N,nominal,2.0NRT,290.38,4.13,D
-6.54855,-79.85022,335.44,0.39,0.36,2026-06-04,1902,N,nominal,2.0NRT,288.82,1.76,D
-6.54172,-79.8947,332.51,0.39,0.36,2026-06-04,1902,N,nominal,2.0NRT,292.2,2.59,D
-6.49062,-79.88528,333.87,0.39,0.36,2026-06-04,1902,N,nominal,2.0NRT,290.69,1.68,D
-4.87009,-76.58123,332.46,0.56,0.43,2026-06-04,1902,N,nominal,2.0NRT,287.33,4.96,D
-4.01682,-73.38983,339.24,0.62,0.54,2026-06-04,1902,N,nominal,2.0NRT,292.36,15.5,D
-4.76679,-80.26767,337.49,0.39,0.36,2026-06-04,1902,N,nominal,2.0NRT,296.19,3.52,D
-4.76733,-80.27119,335.92,0.39,0.36,2026-06-04,1902,N,nominal,2.0NRT,297.69,3.52,D
-4.76399,-80.27171,336.51,0.39,0.36,2026-06-04,1902,N,nominal,2.0NRT,298.09,5.55,D
-3.5092,-79.90186,335.48,0.4,0.37,2026-06-04,1902,N,nominal,2.0NRT,289.83,2.01,D
-2.26816,-80.90704,331.86,0.39,0.36,2026-06-04,1902,N,nominal,2.0NRT,288.38,2.57,D
-2.03677,-80.04012,330.81,0.41,0.37,2026-06-04,1902,N,nominal,2.0NRT,294.66,1.51,D
-1.98766,-79.99467,333.61,0.41,0.37,2026-06-04,1902,N,nominal,2.0NRT,293.62,3.71,D
-1.90506,-79.95467,347.11,0.41,0.37,2026-06-04,1902,N,nominal,2.0NRT,292.48,4.21,D
-1.69191,-78.65152,346.7,0.47,0.4,2026-06-04,1902,N,nominal,2.0NRT,302.91,6.98,D
-1.86964,-80.02072,341.78,0.41,0.37,2026-06-04,1902,N,nominal,2.0NRT,297.75,15.05,D
-1.86869,-80.12682,339.11,0.41,0.37,2026-06-04,1902,N,nominal,2.0NRT,297.03,5.31,D
-1.3751,-80.48036,331.54,0.4,0.37,2026-06-04,1902,N,nominal,2.0NRT,292.51,5.34,D
-0.50379,-80.37062,334.89,0.41,0.37,2026-06-04,1902,N,nominal,2.0NRT,289.18,4.18,D
-0.50036,-80.37114,337.35,0.41,0.37,2026-06-04,1902,N,nominal,2.0NRT,294.13,7.99,D
-0.50092,-80.37484,346.16,0.41,0.37,2026-06-04,1902,N,nominal,2.0NRT,294.89,12.4,D
0.51447,-79.35532,334.87,0.46,0.39,2026-06-04,1904,N,nominal,2.0NRT,290.45,2.7,D
3.77459,-74.93536,336.25,0.32,0.55,2026-06-04,1904,N,nominal,2.0NRT,290.22,3.1,D
3.83276,-75.09821,337.2,0.63,0.54,2026-06-04,1904,N,nominal,2.0NRT,295.35,3.54,D
3.83275,-75.0992,338.11,0.63,0.54,2026-06-04,1904,N,nominal,2.0NRT,295.82,4.12,D
3.91041,-75.02209,329.41,0.64,0.54,2026-06-04,1904,N,nominal,2.0NRT,294.14,2.31,D
3.98626,-74.91486,340.07,0.32,0.55,2026-06-04,1904,N,nominal,2.0NRT,293.09,4.48,D
4.02341,-75.18817,336.29,0.62,0.54,2026-06-04,1904,N,nominal,2.0NRT,293.99,9.06,D
4.02359,-75.19056,328.68,0.62,0.54,2026-06-04,1904,N,nominal,2.0NRT,294.2,4.29,D
4.34002,-75.01188,327.49,0.32,0.55,2026-06-04,1904,N,nominal,2.0NRT,289.58,1.47,D
4.34551,-75.00964,340.5,0.32,0.55,2026-06-04,1904,N,nominal,2.0NRT,288.97,4.64,D
5.23378,-75.04958,331.66,0.33,0.55,2026-06-04,1904,N,nominal,2.0NRT,280.85,2.85,D
12.13351,-85.37458,337.22,0.38,0.36,2026-06-04,1906,N,nominal,2.0NRT,297.56,6.55,D
12.13297,-85.3781,335.93,0.38,0.36,2026-06-04,1906,N,nominal,2.0NRT,295.08,5.36,D
12.04382,-85.95504,330.14,0.39,0.36,2026-06-04,1906,N,nominal,2.0NRT,296.2,2.82,D
12.13683,-85.37511,337.22,0.38,0.36,2026-06-04,1906,N,nominal,2.0NRT,296.98,7.8,D
12.13628,-85.37862,335.26,0.38,0.36,2026-06-04,1906,N,nominal,2.0NRT,295.82,6.86,D
12.02477,-86.61301,336.17,0.4,0.37,2026-06-04,1906,N,nominal,2.0NRT,295.28,3.37,D
12.6378,-86.38951,341.85,0.39,0.37,2026-06-04,1906,N,nominal,2.0NRT,302.95,6.18,D
12.84352,-86.82836,337.85,0.4,0.37,2026-06-04,1908,N,low,2.0NRT,304.07,8.04,D
12.98248,-86.65889,338.13,0.4,0.37,2026-06-04,1908,N,nominal,2.0NRT,300.72,4.36,D
-28.75963,-56.69758,338.83,0.51,0.49,2026-06-05,0429,N,nominal,2.0NRT,277.92,5.89,N
-28.75848,-56.70284,296.8,0.51,0.49,2026-06-05,0429,N,nominal,2.0NRT,275.28,2.93,N
-28.01361,-62.28522,309.27,0.55,0.68,2026-06-05,0429,N,nominal,2.0NRT,284.9,2.36,N
-28.01982,-62.2874,326.69,0.55,0.68,2026-06-05,0429,N,nominal,2.0NRT,285.14,2.36,N
-28.01831,-62.29308,306.8,0.55,0.68,2026-06-05,0429,N,nominal,2.0NRT,284.87,2.36,N
-32.51893,-58.67585,303.72,0.55,0.51,2026-06-05,0432,N,nominal,2.0NRT,281.83,1.07,N
-32.52359,-58.6774,296.2,0.55,0.51,2026-06-05,0432,N,nominal,2.0NRT,281.67,1.07,N
-32.51853,-58.67582,297.76,0.55,0.51,2026-06-05,0432,N,nominal,2.0NRT,281.9,1.19,N
-32.52318,-58.67736,302.69,0.55,0.51,2026-06-05,0432,N,nominal,2.0NRT,281.74,1.19,N
-52.60349,-68.13087,310.69,0.46,0.47,2026-06-05,0438,N,nominal,2.0NRT,278.78,1.26,N
-3.95923,-43.11375,339.41,0.39,0.36,2026-06-05,0421,N,nominal,2.0NRT,292.18,3.78,N
-5.05812,-39.93523,306.56,0.46,0.39,2026-06-05,0421,N,nominal,2.0NRT,286.85,1.7,N
-4.63264,-43.04961,304.96,0.38,0.36,2026-06-05,0421,N,nominal,2.0NRT,292.2,0.89,N
-8.15278,-47.43615,310.41,0.49,0.4,2026-06-05,0423,N,nominal,2.0NRT,290.23,0.92,N
-4.63597,-43.05014,317.81,0.38,0.36,2026-06-05,0421,N,nominal,2.0NRT,291.83,0.89,N
-8.24447,-47.10231,334.18,0.47,0.4,2026-06-05,0423,N,nominal,2.0NRT,291.99,4.41,N
-3.98571,-47.93232,311.06,0.4,0.44,2026-06-05,0421,N,nominal,2.0NRT,288.32,1.08,N
-8.24591,-47.09374,310.91,0.47,0.4,2026-06-05,0423,N,nominal,2.0NRT,291.22,1.24,N
-3.98629,-47.92869,305.04,0.4,0.44,2026-06-05,0421,N,nominal,2.0NRT,288.6,0.62,N
-8.3185,-46.99632,305.54,0.47,0.39,2026-06-05,0423,N,nominal,2.0NRT,290.62,1.3,N
-3.98487,-47.92876,301.99,0.4,0.44,2026-06-05,0421,N,nominal,2.0NRT,288.39,0.52,N
-8.35111,-46.79917,308.52,0.46,0.39,2026-06-05,0423,N,nominal,2.0NRT,291.01,1.46,N
-3.98836,-47.93297,311.22,0.4,0.44,2026-06-05,0421,N,nominal,2.0NRT,288.5,1.49,N
-8.32282,-46.99279,313.73,0.47,0.39,2026-06-05,0423,N,nominal,2.0NRT,291.09,1.3,N
-3.98898,-47.92933,305.2,0.4,0.44,2026-06-05,0421,N,nominal,2.0NRT,288.33,0.7,N
-8.36912,-46.80222,303.91,0.46,0.39,2026-06-05,0423,N,nominal,2.0NRT,290.79,1.02,N
-5.81006,-43.79247,308.32,0.39,0.36,2026-06-05,0421,N,nominal,2.0NRT,290.98,0.74,N
-8.36983,-46.79789,318.41,0.46,0.39,2026-06-05,0423,N,nominal,2.0NRT,290.48,1.62,N
-5.8134,-43.793,306.81,0.39,0.36,2026-06-05,0421,N,nominal,2.0NRT,290.77,0.85,N
-8.37342,-46.79854,306.8,0.46,0.39,2026-06-05,0423,N,nominal,2.0NRT,290.38,0.82,N
-5.81396,-43.7895,309.5,0.39,0.36,2026-06-05,0421,N,nominal,2.0NRT,291.3,0.85,N
-8.37412,-46.79426,305.24,0.46,0.39,2026-06-05,0423,N,nominal,2.0NRT,289.68,0.82,N
-8.37481,-46.79004,307.32,0.46,0.39,2026-06-05,0423,N,nominal,2.0NRT,289.27,1.22,N
-5.30193,-47.24202,309.93,0.52,0.42,2026-06-05,0421,N,nominal,2.0NRT,290.15,1.22,N
-8.4805,-46.27732,318.58,0.43,0.38,2026-06-05,0423,N,nominal,2.0NRT,290.68,1.65,N
-5.30657,-47.23787,302.48,0.52,0.42,2026-06-05,0421,N,nominal,2.0NRT,289.99,1.22,N
-8.48115,-46.27341,314.07,0.43,0.38,2026-06-05,0423,N,nominal,2.0NRT,290.99,1.65,N
-5.92744,-43.47898,344.49,0.38,0.36,2026-06-05,0421,N,nominal,2.0NRT,292.54,6.12,N
-8.39754,-46.90406,311.87,0.46,0.39,2026-06-05,0423,N,nominal,2.0NRT,291.88,1.41,N
-5.92966,-43.48647,323.17,0.38,0.36,2026-06-05,0421,N,nominal,2.0NRT,291.73,2.16,N
-8.40467,-46.88372,306.26,0.46,0.39,2026-06-05,0423,N,nominal,2.0NRT,291.79,1.02,N
-5.93021,-43.48299,342.55,0.38,0.36,2026-06-05,0421,N,nominal,2.0NRT,294.18,3.61,N
-8.40689,-46.89266,305.55,0.46,0.39,2026-06-05,0423,N,nominal,2.0NRT,291.61,1.02,N
-5.93077,-43.47952,347.69,0.38,0.36,2026-06-05,0421,N,nominal,2.0NRT,293.45,3.61,N
-8.4076,-46.88842,307.65,0.46,0.39,2026-06-05,0423,N,nominal,2.0NRT,291.6,0.84,N
-5.93299,-43.48699,321.21,0.38,0.36,2026-06-05,0421,N,nominal,2.0NRT,290.67,2.16,N
-8.40981,-46.89745,311.69,0.46,0.39,2026-06-05,0423,N,nominal,2.0NRT,291.82,1.02,N
-5.93354,-43.48352,332.31,0.38,0.36,2026-06-05,0421,N,nominal,2.0NRT,290.88,3.61,N
-8.41273,-46.90219,309.87,0.46,0.39,2026-06-05,0423,N,nominal,2.0NRT,291.58,1.03,N
-5.93409,-43.48005,315.69,0.38,0.36,2026-06-05,0421,N,nominal,2.0NRT,290.62,3.61,N
-8.59978,-45.92379,309.64,0.42,0.38,2026-06-05,0423,N,nominal,2.0NRT,290.56,1.13,N
-5.72276,-45.03648,323.57,0.41,0.37,2026-06-05,0421,N,nominal,2.0NRT,291.52,3.05,N
-8.60324,-45.92435,302.04,0.42,0.38,2026-06-05,0423,N,nominal,2.0NRT,290.08,0.41,N
-5.72395,-45.02903,326.19,0.41,0.37,2026-06-05,0421,N,nominal,2.0NRT,291.37,2.99,N
-8.64285,-45.76825,313.46,0.41,0.37,2026-06-05,0423,N,nominal,2.0NRT,291.99,1.28,N
-6.98538,-42.88332,346.98,0.39,0.36,2026-06-05,0423,N,nominal,2.0NRT,293.73,10.46,N
-8.64629,-45.76881,313.12,0.41,0.37,2026-06-05,0423,N,nominal,2.0NRT,291.46,1.28,N
-6.98871,-42.88384,348.47,0.39,0.36,2026-06-05,0423,N,nominal,2.0NRT,292.85,10.46,N
-9.08155,-44.36682,302.87,0.39,0.36,2026-06-05,0423,N,nominal,2.0NRT,290.54,0.5,N
-6.84684,-47.94291,305.93,0.55,0.42,2026-06-05,0423,N,nominal,2.0NRT,291.18,1.07,N
-9.08211,-44.36332,305.59,0.39,0.36,2026-06-05,0423,N,nominal,2.0NRT,290.89,0.5,N
-6.84768,-47.93788,308.7,0.55,0.42,2026-06-05,0423,N,nominal,2.0NRT,291.25,2,N
-8.05471,-50.68399,313.93,0.52,0.5,2026-06-05,0423,N,nominal,2.0NRT,290.78,2.04,N
-6.85075,-47.94359,304.4,0.55,0.42,2026-06-05,0423,N,nominal,2.0NRT,290.37,1.07,N
-8.05297,-50.68546,312.07,0.52,0.5,2026-06-05,0423,N,nominal,2.0NRT,290.16,1.65,N
-6.90917,-48.04821,304.55,0.55,0.43,2026-06-05,0423,N,nominal,2.0NRT,289.87,0.89,N
-8.72649,-47.98357,303.96,0.52,0.41,2026-06-05,0423,N,nominal,2.0NRT,291.9,1.77,N
-6.57284,-51.10385,339.13,0.59,0.53,2026-06-05,0423,N,nominal,2.0NRT,290.33,6.54,N
-8.7286,-47.9818,307.66,0.52,0.41,2026-06-05,0423,N,nominal,2.0NRT,291.68,1.76,N
-6.57371,-51.09878,320.38,0.59,0.53,2026-06-05,0423,N,nominal,2.0NRT,289.17,6.54,N
-8.72388,-48.33352,304.92,0.54,0.42,2026-06-05,0423,N,nominal,2.0NRT,290.14,0.83,N
-6.57763,-51.10509,302.05,0.59,0.53,2026-06-05,0423,N,nominal,2.0NRT,287.6,6.54,N
-8.72778,-48.33416,349.72,0.54,0.42,2026-06-05,0423,N,nominal,2.0NRT,294.13,12.13,N
-6.57136,-51.09992,303.53,0.59,0.52,2026-06-05,0423,N,nominal,2.0NRT,288.85,6.93,N
-8.72862,-48.32922,349.77,0.54,0.42,2026-06-05,0423,N,nominal,2.0NRT,295.95,16.74,N
-6.57618,-51.10099,338.66,0.59,0.52,2026-06-05,0423,N,nominal,2.0NRT,290.09,6.93,N
-8.73252,-48.3299,336.16,0.54,0.42,2026-06-05,0423,N,nominal,2.0NRT,290.44,16.74,N
-7.63967,-45.2341,306.1,0.4,0.37,2026-06-05,0423,N,nominal,2.0NRT,291.03,1.71,N
-8.73169,-48.33481,306.28,0.54,0.42,2026-06-05,0423,N,nominal,2.0NRT,289.81,12.13,N
-7.64367,-45.23097,328.22,0.4,0.37,2026-06-05,0423,N,nominal,2.0NRT,291.25,1.71,N
-8.76667,-48.43806,306.2,0.55,0.43,2026-06-05,0423,N,nominal,2.0NRT,289.53,1.05,N
-7.64708,-45.23152,327.01,0.4,0.37,2026-06-05,0423,N,nominal,2.0NRT,291.03,1.88,N
-8.76569,-48.43993,308.86,0.55,0.43,2026-06-05,0423,N,nominal,2.0NRT,289.36,0.76,N
-7.64649,-45.2352,314.99,0.4,0.37,2026-06-05,0423,N,nominal,2.0NRT,291.12,1.88,N
-8.50232,-50.29454,302.83,0.48,0.48,2026-06-05,0423,N,nominal,2.0NRT,289.79,0.79,N
-7.64989,-45.23576,322.75,0.4,0.37,2026-06-05,0423,N,nominal,2.0NRT,290.55,1.88,N
-9.28647,-46.5112,302.76,0.43,0.38,2026-06-05,0423,N,nominal,2.0NRT,290.05,0.33,N
-7.6493,-45.23944,304.86,0.4,0.37,2026-06-05,0423,N,nominal,2.0NRT,290.27,1.05,N
-9.685,-47.04277,301.96,0.45,0.39,2026-06-05,0423,N,nominal,2.0NRT,290.7,1.05,N
-7.9169,-46.19318,307.5,0.43,0.38,2026-06-05,0423,N,nominal,2.0NRT,291.59,4.08,N
-9.68789,-47.04752,301.59,0.45,0.39,2026-06-05,0423,N,nominal,2.0NRT,290.55,0.84,N
-7.91756,-46.18917,314.89,0.43,0.38,2026-06-05,0423,N,nominal,2.0NRT,291.73,2.91,N
-9.07962,-50.61669,331.09,0.49,0.49,2026-06-05,0423,N,nominal,2.0NRT,291.9,2.49,N
-7.92041,-46.19384,329.95,0.43,0.38,2026-06-05,0423,N,nominal,2.0NRT,293.07,4.08,N
-9.08413,-50.61744,310.9,0.49,0.49,2026-06-05,0423,N,nominal,2.0NRT,290.98,2.49,N
-7.92107,-46.18981,333.57,0.43,0.38,2026-06-05,0423,N,nominal,2.0NRT,292.63,2.91,N
-9.08493,-50.61294,314.4,0.49,0.49,2026-06-05,0423,N,nominal,2.0NRT,291.54,2.49,N
-7.34433,-49.83514,327.54,0.47,0.48,2026-06-05,0423,N,nominal,2.0NRT,290.24,4.84,N
-9.08943,-50.61373,328.53,0.49,0.49,2026-06-05,0423,N,nominal,2.0NRT,292.38,4.64,N
-7.34507,-49.83091,329.34,0.47,0.48,2026-06-05,0423,N,nominal,2.0NRT,290.68,4.24,N
-10.51318,-42.37077,304.57,0.41,0.37,2026-06-05,0423,N,nominal,2.0NRT,289.51,0.62,N
-7.35169,-49.81897,303.26,0.47,0.48,2026-06-05,0423,N,nominal,2.0NRT,289.58,0.9,N
-10.51662,-42.37131,334.05,0.41,0.37,2026-06-05,0423,N,nominal,2.0NRT,290.5,5.02,N
-7.35535,-49.82395,303.97,0.47,0.48,2026-06-05,0423,N,nominal,2.0NRT,289.93,1.42,N
-10.51605,-42.37507,302.82,0.41,0.37,2026-06-05,0423,N,nominal,2.0NRT,289.8,5.02,N
-7.45961,-49.74179,308.67,0.46,0.47,2026-06-05,0423,N,nominal,2.0NRT,289.64,1.28,N
-10.51719,-42.36754,303.03,0.41,0.37,2026-06-05,0423,N,nominal,2.0NRT,289.86,0.69,N
-7.95219,-46.841,319.76,0.46,0.39,2026-06-05,0423,N,nominal,2.0NRT,291.36,1.69,N
-10.51949,-42.37561,347.28,0.41,0.37,2026-06-05,0423,N,nominal,2.0NRT,291.62,5.02,N
-7.95271,-46.84033,327.02,0.46,0.39,2026-06-05,0423,N,nominal,2.0NRT,291.57,1.94,N
-10.52005,-42.37185,345.07,0.41,0.37,2026-06-05,0423,N,nominal,2.0NRT,289.99,5.02,N
-7.95562,-46.84517,315.67,0.46,0.39,2026-06-05,0423,N,nominal,2.0NRT,291.03,1.94,N
-10.52062,-42.36808,302.91,0.41,0.37,2026-06-05,0423,N,nominal,2.0NRT,289.64,0.69,N
-7.95633,-46.84097,314.65,0.46,0.39,2026-06-05,0423,N,nominal,2.0NRT,290.93,1.94,N
-9.36893,-50.5417,318.06,0.48,0.48,2026-06-05,0423,N,nominal,2.0NRT,290.1,1.94,N
-7.46014,-49.74138,307.71,0.46,0.47,2026-06-05,0423,N,nominal,2.0NRT,289.82,1.36,N
-9.37338,-50.54251,342.29,0.48,0.48,2026-06-05,0423,N,nominal,2.0NRT,291.05,6.55,N
-8.03377,-46.9782,304.48,0.47,0.4,2026-06-05,0423,N,nominal,2.0NRT,290.43,0.63,N
-9.89952,-47.48039,302,0.47,0.4,2026-06-05,0423,N,nominal,2.0NRT,290.28,0.86,N
-9.90318,-47.48103,309.8,0.47,0.4,2026-06-05,0423,N,nominal,2.0NRT,290.57,0.86,N
-9.73175,-48.4199,302.81,0.53,0.42,2026-06-05,0423,N,nominal,2.0NRT,290.8,1.74,N
-9.90242,-47.47889,310.91,0.47,0.4,2026-06-05,0423,N,nominal,2.0NRT,290.57,0.66,N
-9.90607,-47.47952,301.26,0.47,0.4,2026-06-05,0423,N,nominal,2.0NRT,289.67,0.66,N
-9.3705,-50.54405,322.14,0.48,0.48,2026-06-05,0423,N,nominal,2.0NRT,290.5,3.3,N
-9.3713,-50.53963,333.72,0.48,0.48,2026-06-05,0423,N,nominal,2.0NRT,290.17,3.3,N
-9.37575,-50.54045,307.42,0.48,0.48,2026-06-05,0423,N,nominal,2.0NRT,289.65,3.3,N
-9.80735,-48.23489,309.95,0.52,0.41,2026-06-05,0423,N,nominal,2.0NRT,291.15,1.46,N
-9.92876,-48.00146,303.19,0.5,0.41,2026-06-05,0423,N,nominal,2.0NRT,289.91,0.92,N
-9.93174,-48.00663,310.33,0.5,0.41,2026-06-05,0423,N,nominal,2.0NRT,289.91,1.44,N
-9.76173,-50.01445,313.51,0.44,0.46,2026-06-05,0423,N,nominal,2.0NRT,289.72,1.36,N
-10.13882,-49.15618,310.55,0.38,0.44,2026-06-05,0423,N,nominal,2.0NRT,291.97,1.02,N
-10.58627,-46.77258,329.06,0.43,0.38,2026-06-05,0423,N,nominal,2.0NRT,289.1,2.86,N
-11.03412,-44.3185,308.3,0.38,0.36,2026-06-05,0423,N,nominal,2.0NRT,288.58,0.99,N
-11.03689,-44.32256,302.81,0.38,0.36,2026-06-05,0423,N,nominal,2.0NRT,288.97,0.99,N
-11.03745,-44.31904,313.37,0.38,0.36,2026-06-05,0423,N,nominal,2.0NRT,288.5,0.99,N
-11.04023,-44.3231,326.42,0.38,0.36,2026-06-05,0423,N,nominal,2.0NRT,289.25,1.51,N
-11.04355,-44.32364,298.81,0.38,0.36,2026-06-05,0423,N,nominal,2.0NRT,287.87,1.51,N
-10.75588,-46.55487,318.15,0.42,0.38,2026-06-05,0423,N,nominal,2.0NRT,291.86,1.63,N
-10.79173,-47.0353,307.05,0.44,0.38,2026-06-05,0423,N,nominal,2.0NRT,291.03,0.98,N
-10.38433,-49.44736,311.5,0.4,0.44,2026-06-05,0423,N,nominal,2.0NRT,292.18,1.87,N
-10.38496,-49.4437,316.79,0.4,0.44,2026-06-05,0423,N,nominal,2.0NRT,292.18,1.87,N
-10.38841,-49.44806,328.93,0.4,0.44,2026-06-05,0423,N,nominal,2.0NRT,292.55,1.87,N
-10.38904,-49.4444,324.55,0.4,0.44,2026-06-05,0423,N,nominal,2.0NRT,292.5,1.87,N
-10.8816,-46.99223,326.75,0.44,0.38,2026-06-05,0423,N,nominal,2.0NRT,291.1,2.15,N
-10.88228,-46.98817,304.98,0.44,0.38,2026-06-05,0423,N,nominal,2.0NRT,290.21,1.14,N
-10.93066,-46.95943,326.95,0.44,0.38,2026-06-05,0423,N,nominal,2.0NRT,292.21,2.62,N
-10.93551,-46.95206,303.83,0.44,0.38,2026-06-05,0423,N,nominal,2.0NRT,291.79,1.08,N
-10.93617,-46.94809,305.49,0.44,0.38,2026-06-05,0423,N,nominal,2.0NRT,291.71,1.27,N
-10.93683,-46.94411,313.61,0.44,0.38,2026-06-05,0423,N,nominal,2.0NRT,291.98,1.27,N
-10.93749,-46.94013,318.71,0.44,0.38,2026-06-05,0423,N,nominal,2.0NRT,291.32,1.26,N
-11.11502,-46.00894,299.24,0.4,0.37,2026-06-05,0423,N,nominal,2.0NRT,287.88,0.75,N
-11.11843,-46.00952,312.31,0.4,0.37,2026-06-05,0423,N,nominal,2.0NRT,288.06,0.75,N
-11.11903,-46.00582,299.98,0.4,0.37,2026-06-05,0423,N,nominal,2.0NRT,287.19,0.75,N
-11.11851,-46.00898,320.3,0.4,0.37,2026-06-05,0423,N,nominal,2.0NRT,288.25,1.7,N
-12.39828,-38.34345,303.31,0.47,0.47,2026-06-05,0423,N,nominal,2.0NRT,280.85,1.78,N
-10.85251,-48.75514,305.74,0.53,0.42,2026-06-05,0423,N,nominal,2.0NRT,290.62,0.9,N
-9.1791,-58.05982,312.28,0.76,0.77,2026-06-05,0423,N,nominal,2.0NRT,284,3.49,N
-9.18627,-58.06122,304.27,0.76,0.77,2026-06-05,0423,N,nominal,2.0NRT,283.99,1.67,N
-11.04625,-49.61469,306,0.4,0.44,2026-06-05,0423,N,nominal,2.0NRT,290.86,1.12,N
-11.38391,-47.81918,305.65,0.47,0.4,2026-06-05,0423,N,nominal,2.0NRT,289.86,0.79,N
-11.38464,-47.8149,304.81,0.47,0.4,2026-06-05,0423,N,nominal,2.0NRT,289.71,0.79,N
-11.38756,-47.81982,306.1,0.47,0.4,2026-06-05,0423,N,nominal,2.0NRT,290.13,0.79,N
-11.3883,-47.81553,301.86,0.47,0.4,2026-06-05,0423,N,nominal,2.0NRT,289.57,0.79,N
-11.39121,-47.82048,301.16,0.47,0.4,2026-06-05,0423,N,nominal,2.0NRT,290.16,0.56,N
-11.56724,-47.25184,305.03,0.44,0.38,2026-06-05,0423,N,nominal,2.0NRT,290.63,0.54,N
-11.99829,-45.34963,304.56,0.39,0.36,2026-06-05,0423,N,nominal,2.0NRT,288.81,0.84,N
-12.00047,-45.35733,299.69,0.39,0.36,2026-06-05,0423,N,nominal,2.0NRT,288.63,0.68,N
-12.00105,-45.35376,306.97,0.39,0.36,2026-06-05,0423,N,nominal,2.0NRT,288.45,0.68,N
-12.00439,-45.35431,335.25,0.39,0.36,2026-06-05,0423,N,nominal,2.0NRT,289.35,3.36,N
-11.54207,-48.27135,318.59,0.49,0.4,2026-06-05,0423,N,nominal,2.0NRT,291.24,2.31,N
-11.54658,-48.26748,328.28,0.49,0.4,2026-06-05,0423,N,nominal,2.0NRT,290.79,2.63,N
-11.5458,-48.27201,313.92,0.49,0.4,2026-06-05,0423,N,nominal,2.0NRT,290.17,2.63,N
-11.75937,-47.07743,300.79,0.43,0.38,2026-06-05,0423,N,nominal,2.0NRT,289.73,1.38,N
-11.63585,-47.87769,313.37,0.47,0.4,2026-06-05,0423,N,nominal,2.0NRT,291.26,1.95,N
-12.02676,-45.88373,302.72,0.4,0.37,2026-06-05,0423,N,nominal,2.0NRT,287.35,0.72,N
-12.02954,-45.88794,313.28,0.4,0.37,2026-06-05,0423,N,nominal,2.0NRT,287.63,0.72,N
-12.03014,-45.8843,296.97,0.4,0.37,2026-06-05,0423,N,nominal,2.0NRT,286.9,0.72,N
-12.03073,-45.88066,315.92,0.4,0.37,2026-06-05,0423,N,nominal,2.0NRT,287.31,1.81,N
-12.049,-45.91743,301.65,0.4,0.37,2026-06-05,0423,N,nominal,2.0NRT,287,0.53,N
-11.90503,-46.91956,302.89,0.43,0.38,2026-06-05,0423,N,nominal,2.0NRT,291.34,1.15,N
-11.94719,-46.75135,301.6,0.42,0.38,2026-06-05,0423,N,nominal,2.0NRT,289.61,0.69,N
-11.60359,-49.32745,321.04,0.56,0.43,2026-06-05,0423,N,nominal,2.0NRT,291.62,2.85,N
-10.84051,-53.75418,305.59,0.37,0.58,2026-06-05,0423,N,nominal,2.0NRT,288.69,0.87,N
-10.84114,-53.75079,302.11,0.37,0.58,2026-06-05,0423,N,nominal,2.0NRT,288.56,0.58,N
-10.84238,-53.75464,305.89,0.37,0.58,2026-06-05,0425,N,nominal,2.0NRT,288.9,1.29,N
-10.84303,-53.75127,303.04,0.37,0.58,2026-06-05,0425,N,nominal,2.0NRT,288.46,1.25,N
-10.84776,-53.75569,313.52,0.37,0.58,2026-06-05,0425,N,nominal,2.0NRT,289.44,1.29,N
-10.85445,-53.7499,301.67,0.37,0.58,2026-06-05,0425,N,nominal,2.0NRT,288.76,1.07,N
-10.85703,-53.7365,299.99,0.37,0.58,2026-06-05,0425,N,nominal,2.0NRT,287.93,0.84,N
-10.85768,-53.7331,307.52,0.37,0.58,2026-06-05,0425,N,nominal,2.0NRT,288.41,0.47,N
-10.86046,-53.74762,310.6,0.37,0.58,2026-06-05,0425,N,nominal,2.0NRT,288.75,1.1,N
-10.8624,-53.73756,299.09,0.37,0.58,2026-06-05,0425,N,nominal,2.0NRT,288.12,0.84,N
-10.86304,-53.7342,299.61,0.37,0.58,2026-06-05,0425,N,nominal,2.0NRT,288.39,0.47,N
-10.8684,-53.73528,307.63,0.37,0.58,2026-06-05,0425,N,nominal,2.0NRT,288.58,0.72,N
-11.3311,-51.39468,300.11,0.51,0.49,2026-06-05,0425,N,nominal,2.0NRT,287.18,0.85,N
-11.33195,-51.38999,298.07,0.51,0.49,2026-06-05,0425,N,nominal,2.0NRT,287.28,0.85,N
-11.99349,-47.77325,305.63,0.46,0.39,2026-06-05,0425,N,nominal,2.0NRT,290.44,1.59,N
-12.06188,-48.07601,319,0.47,0.4,2026-06-05,0425,N,nominal,2.0NRT,290.06,2.45,N
-12.06262,-48.07166,312.61,0.47,0.4,2026-06-05,0425,N,nominal,2.0NRT,288.84,1.02,N
-11.83378,-49.43769,301.16,0.57,0.43,2026-06-05,0425,N,nominal,2.0NRT,289.28,0.88,N
-11.83582,-49.43522,305.59,0.57,0.43,2026-06-05,0425,N,nominal,2.0NRT,289.27,0.83,N
-11.00131,-54.31232,304.96,0.4,0.6,2026-06-05,0425,N,nominal,2.0NRT,288.58,0.6,N
-11.00203,-54.30857,301.45,0.4,0.6,2026-06-05,0425,N,nominal,2.0NRT,288.74,0.6,N
-12.53142,-45.67758,313.96,0.39,0.36,2026-06-05,0425,N,nominal,2.0NRT,286.94,1.18,N
-11.00686,-54.31346,310.97,0.4,0.6,2026-06-05,0425,N,nominal,2.0NRT,288.44,1.07,N
-11.00758,-54.30969,316.89,0.4,0.6,2026-06-05,0425,N,nominal,2.0NRT,288.85,1.07,N
-12.53419,-45.68174,297.72,0.39,0.36,2026-06-05,0425,N,nominal,2.0NRT,286.47,0.59,N
-11.01241,-54.3146,302.27,0.4,0.6,2026-06-05,0425,N,nominal,2.0NRT,288.02,1.07,N
-11.01723,-54.31952,303.8,0.4,0.6,2026-06-05,0425,N,nominal,2.0NRT,287.83,1.23,N
-11.95326,-49.30213,302.28,0.55,0.43,2026-06-05,0425,N,nominal,2.0NRT,291.06,1.67,N
-12.92667,-43.61884,304.31,0.39,0.37,2026-06-05,0425,N,nominal,2.0NRT,288.8,0.93,N
-12.50271,-46.34469,329.83,0.4,0.37,2026-06-05,0425,N,nominal,2.0NRT,291.01,2.44,N
-12.50611,-46.34528,311.55,0.4,0.37,2026-06-05,0425,N,nominal,2.0NRT,290.45,1.19,N
-12.52392,-46.2797,323.81,0.4,0.37,2026-06-05,0425,N,nominal,2.0NRT,291.68,1.64,N
-12.52453,-46.27597,314.25,0.4,0.37,2026-06-05,0425,N,nominal,2.0NRT,291.85,1.64,N
-10.56999,-57.32475,307.46,0.64,0.72,2026-06-05,0425,N,nominal,2.0NRT,286.72,1.56,N
-10.57121,-57.31862,300.53,0.64,0.72,2026-06-05,0425,N,nominal,2.0NRT,286.88,1.56,N
-10.57184,-57.32627,301.39,0.64,0.72,2026-06-05,0425,N,nominal,2.0NRT,287.11,3.04,N
-10.57309,-57.3202,309.75,0.64,0.72,2026-06-05,0425,N,nominal,2.0NRT,287.05,2.49,N
-11.27016,-53.9747,308.05,0.38,0.59,2026-06-05,0425,N,nominal,2.0NRT,288.31,1.47,N
-11.27086,-53.97108,318.98,0.38,0.59,2026-06-05,0425,N,nominal,2.0NRT,289.09,1.47,N
-11.54897,-52.80725,338.11,0.63,0.54,2026-06-05,0425,N,nominal,2.0NRT,292.71,10.33,N
-11.55005,-52.80141,340.91,0.63,0.54,2026-06-05,0425,N,nominal,2.0NRT,292.11,10.99,N
-11.55398,-52.80814,337.93,0.63,0.54,2026-06-05,0425,N,nominal,2.0NRT,292.66,10.33,N
-11.55505,-52.80233,353.87,0.63,0.54,2026-06-05,0425,N,nominal,2.0NRT,293.69,10.99,N
-11.56003,-52.80335,367,0.63,0.54,2026-06-05,0425,N,high,2.0NRT,294.84,8.45,N
-11.56108,-52.7976,320.97,0.62,0.54,2026-06-05,0425,N,nominal,2.0NRT,290.2,8.45,N
-11.55897,-52.80912,314.9,0.63,0.54,2026-06-05,0425,N,nominal,2.0NRT,291.01,8.06,N
-11.565,-52.80438,320.06,0.63,0.54,2026-06-05,0425,N,nominal,2.0NRT,290.1,8.45,N
-11.54803,-52.80756,325.29,0.63,0.54,2026-06-05,0425,N,nominal,2.0NRT,291.25,7.65,N
-11.54915,-52.80173,341.24,0.62,0.54,2026-06-05,0425,N,nominal,2.0NRT,292.18,7.65,N
-11.55304,-52.80844,336.06,0.63,0.54,2026-06-05,0425,N,nominal,2.0NRT,292.84,10.68,N
-11.55415,-52.80262,354.96,0.62,0.54,2026-06-05,0425,N,nominal,2.0NRT,294.15,10.68,N
-11.55913,-52.80363,367,0.62,0.54,2026-06-05,0425,N,high,2.0NRT,294.68,10.68,N
-11.56023,-52.79787,330.23,0.62,0.54,2026-06-05,0425,N,nominal,2.0NRT,290.81,8.03,N
-11.55803,-52.80939,309.97,0.63,0.54,2026-06-05,0425,N,nominal,2.0NRT,290.65,10.68,N
-11.56411,-52.80464,334.52,0.62,0.54,2026-06-05,0425,N,nominal,2.0NRT,290.68,7.51,N
-11.56521,-52.7989,301.37,0.62,0.54,2026-06-05,0425,N,nominal,2.0NRT,289.36,1.14,N
-12.51302,-48.2748,305.7,0.48,0.4,2026-06-05,0425,N,nominal,2.0NRT,291.22,1.04,N
-11.05011,-56.92379,301.29,0.59,0.7,2026-06-05,0425,N,nominal,2.0NRT,288.38,0.84,N
-11.05667,-56.92492,304.94,0.59,0.7,2026-06-05,0425,N,nominal,2.0NRT,288.72,1.31,N
-11.57213,-54.58023,367,0.41,0.61,2026-06-05,0425,N,high,2.0NRT,291.05,8.44,N
-11.57062,-54.58797,299.92,0.41,0.61,2026-06-05,0425,N,nominal,2.0NRT,288.49,3.21,N
-11.57138,-54.58411,299.62,0.41,0.61,2026-06-05,0425,N,nominal,2.0NRT,288.27,3.21,N
-11.57769,-54.58155,328.85,0.41,0.61,2026-06-05,0425,N,nominal,2.0NRT,288.96,2.19,N
-12.08695,-51.98835,304.94,0.54,0.51,2026-06-05,0425,N,nominal,2.0NRT,289.31,1.13,N
-12.08977,-51.99931,301.36,0.54,0.51,2026-06-05,0425,N,nominal,2.0NRT,289.05,1.11,N
-12.09071,-51.99425,299.32,0.54,0.51,2026-06-05,0425,N,nominal,2.0NRT,289.21,1.11,N
-12.09164,-51.98919,303.52,0.54,0.51,2026-06-05,0425,N,nominal,2.0NRT,289.38,1.62,N
-11.6029,-55.33939,329.45,0.46,0.63,2026-06-05,0425,N,nominal,2.0NRT,291.02,2.58,N
-11.60207,-55.3437,312.6,0.46,0.63,2026-06-05,0425,N,nominal,2.0NRT,290.37,3.53,N
-11.60374,-55.33508,303.61,0.46,0.63,2026-06-05,0425,N,nominal,2.0NRT,289.74,2.58,N
-11.60876,-55.34064,306.18,0.46,0.63,2026-06-05,0425,N,nominal,2.0NRT,289.81,1.1,N
-11.60129,-55.3375,321.33,0.46,0.63,2026-06-05,0425,N,nominal,2.0NRT,290.23,3,N
-11.60043,-55.3418,307.65,0.46,0.63,2026-06-05,0425,N,nominal,2.0NRT,289.83,2.32,N
-11.60629,-55.34303,322.77,0.46,0.63,2026-06-05,0425,N,nominal,2.0NRT,290.46,4,N
-11.60715,-55.33873,310.06,0.46,0.63,2026-06-05,0425,N,nominal,2.0NRT,290.21,2.16,N
-13.91523,-42.10327,303.88,0.45,0.39,2026-06-05,0425,N,nominal,2.0NRT,287.73,0.59,N
-12.31217,-54.13151,300.31,0.37,0.58,2026-06-05,0425,N,nominal,2.0NRT,289.02,0.67,N
-12.31283,-54.1281,305.1,0.37,0.58,2026-06-05,0425,N,nominal,2.0NRT,288.68,0.59,N
-13.66715,-47.75909,327.47,0.44,0.38,2026-06-05,0425,N,nominal,2.0NRT,290.62,2.9,N
-13.66785,-47.75504,330.54,0.44,0.38,2026-06-05,0425,N,nominal,2.0NRT,290.38,2.9,N
-13.66646,-47.76315,303.71,0.44,0.38,2026-06-05,0425,N,nominal,2.0NRT,289.91,0.77,N
-13.66854,-47.75097,305.37,0.44,0.38,2026-06-05,0425,N,nominal,2.0NRT,289.38,0.9,N
-13.42931,-49.64904,313.25,0.55,0.43,2026-06-05,0425,N,nominal,2.0NRT,291.78,0.8,N
-13.42843,-49.64513,315.64,0.55,0.43,2026-06-05,0425,N,nominal,2.0NRT,291.97,1.54,N
-11.87923,-57.8264,301.63,0.65,0.73,2026-06-05,0425,N,nominal,2.0NRT,287.74,1,N
-11.88467,-57.83412,300.08,0.65,0.73,2026-06-05,0425,N,nominal,2.0NRT,287.65,1.85,N
-11.88595,-57.82803,303.38,0.65,0.73,2026-06-05,0425,N,nominal,2.0NRT,288.04,1.64,N
-14.36205,-45.56956,295.53,0.39,0.36,2026-06-05,0425,N,nominal,2.0NRT,284.85,0.39,N
-14.37319,-45.56409,306.41,0.39,0.36,2026-06-05,0425,N,nominal,2.0NRT,288.3,1.46,N
-14.37377,-45.56052,305.87,0.39,0.36,2026-06-05,0425,N,nominal,2.0NRT,288.91,1.2,N
-14.79705,-42.80759,303.38,0.43,0.38,2026-06-05,0425,N,nominal,2.0NRT,289.78,0.77,N
-12.72599,-54.73806,304.24,0.4,0.6,2026-06-05,0425,N,nominal,2.0NRT,290.06,1.24,N
-12.72674,-54.73432,303.52,0.4,0.6,2026-06-05,0425,N,nominal,2.0NRT,289.81,0.76,N
-12.72748,-54.73058,300.54,0.4,0.6,2026-06-05,0425,N,nominal,2.0NRT,289.95,0.76,N
-14.37308,-45.58611,311.11,0.39,0.36,2026-06-05,0425,N,nominal,2.0NRT,286.36,1.28,N
-12.73155,-54.73908,326.53,0.4,0.6,2026-06-05,0425,N,nominal,2.0NRT,290.44,2.84,N
-12.7323,-54.73532,327.83,0.4,0.6,2026-06-05,0425,N,nominal,2.0NRT,290.59,4.23,N
-12.73303,-54.7316,330.47,0.4,0.6,2026-06-05,0425,N,nominal,2.0NRT,290.61,4.23,N
-12.73377,-54.72788,330.1,0.4,0.6,2026-06-05,0425,N,nominal,2.0NRT,290.32,2.97,N
-12.73079,-54.74289,313.26,0.4,0.6,2026-06-05,0425,N,nominal,2.0NRT,290.1,2.84,N
-12.73451,-54.72417,317.28,0.4,0.6,2026-06-05,0425,N,nominal,2.0NRT,289.79,2.97,N
-14.37642,-45.58667,311.24,0.39,0.36,2026-06-05,0425,N,nominal,2.0NRT,286.26,1.56,N
-14.37699,-45.5831,316,0.39,0.36,2026-06-05,0425,N,nominal,2.0NRT,286.26,1.57,N
-12.22775,-57.28265,307.17,0.6,0.7,2026-06-05,0425,N,nominal,2.0NRT,289.21,3.13,N
-12.22893,-57.27695,310.95,0.59,0.7,2026-06-05,0425,N,nominal,2.0NRT,289.07,3.3,N
-12.80849,-54.86564,327.04,0.41,0.6,2026-06-05,0425,N,nominal,2.0NRT,289.68,3.36,N
-12.80923,-54.86193,302.92,0.4,0.6,2026-06-05,0425,N,nominal,2.0NRT,288.75,1.43,N
-12.43919,-58.41638,311.69,0.7,0.75,2026-06-05,0425,N,nominal,2.0NRT,287.62,3.59,N
-12.44059,-58.40981,312.69,0.7,0.75,2026-06-05,0425,N,nominal,2.0NRT,287.92,2.37,N
-12.44198,-58.40324,305.83,0.69,0.75,2026-06-05,0425,N,nominal,2.0NRT,287.26,2.37,N
-12.44602,-58.41833,311.04,0.7,0.75,2026-06-05,0425,N,nominal,2.0NRT,287.45,2.8,N
-12.44742,-58.41168,298.77,0.7,0.75,2026-06-05,0425,N,nominal,2.0NRT,287.35,1.67,N
-12.43905,-58.48559,327.57,0.7,0.75,2026-06-05,0425,N,nominal,2.0NRT,288.52,6.03,N
-12.43761,-58.49241,317.75,0.7,0.75,2026-06-05,0425,N,nominal,2.0NRT,287.95,6.03,N
-12.44042,-58.47912,300.85,0.7,0.75,2026-06-05,0425,N,nominal,2.0NRT,287.23,2.78,N
-12.44175,-58.4728,317.37,0.7,0.75,2026-06-05,0425,N,nominal,2.0NRT,287.85,2.78,N
-12.4445,-58.49421,299.17,0.7,0.75,2026-06-05,0425,N,nominal,2.0NRT,287.05,1.59,N
-12.44598,-58.48717,306.49,0.7,0.75,2026-06-05,0425,N,nominal,2.0NRT,287.56,1.59,N
-12.44871,-58.47421,319.94,0.7,0.75,2026-06-05,0425,N,nominal,2.0NRT,288.43,3.62,N
-12.45004,-58.46791,300.9,0.7,0.75,2026-06-05,0425,N,nominal,2.0NRT,287.93,3.21,N
-12.45568,-58.47559,300.36,0.7,0.75,2026-06-05,0425,N,nominal,2.0NRT,288.08,3.62,N
-12.43853,-58.41334,299.88,0.69,0.75,2026-06-05,0425,N,nominal,2.0NRT,287.47,2.67,N
-12.43995,-58.40682,316.35,0.69,0.75,2026-06-05,0425,N,nominal,2.0NRT,288.03,2.5,N
-12.4439,-58.42191,300.33,0.7,0.75,2026-06-05,0425,N,nominal,2.0NRT,286.87,2.67,N
-12.44536,-58.41523,314.61,0.69,0.75,2026-06-05,0425,N,nominal,2.0NRT,287.44,2.67,N
-12.44679,-58.40866,307.09,0.69,0.75,2026-06-05,0425,N,nominal,2.0NRT,287.14,2.5,N
-12.43653,-58.48893,324.43,0.7,0.75,2026-06-05,0425,N,nominal,2.0NRT,288.17,3.5,N
-12.43796,-58.48239,317.53,0.7,0.75,2026-06-05,0425,N,nominal,2.0NRT,288.31,3.5,N
-12.44072,-58.46973,310.14,0.7,0.75,2026-06-05,0425,N,nominal,2.0NRT,287.68,3.3,N
-12.44344,-58.49062,323.65,0.7,0.75,2026-06-05,0425,N,nominal,2.0NRT,287.63,3.5,N
-12.44767,-58.47116,323.13,0.7,0.75,2026-06-05,0425,N,nominal,2.0NRT,288.61,3.3,N
-12.4449,-58.48389,300.51,0.7,0.75,2026-06-05,0425,N,nominal,2.0NRT,287.48,3.5,N
-12.44631,-58.47744,307.34,0.7,0.75,2026-06-05,0425,N,nominal,2.0NRT,288,3.3,N
-12.45465,-58.4725,306.16,0.7,0.75,2026-06-05,0425,N,nominal,2.0NRT,288.37,3.54,N
-13.31515,-54.6888,314.22,0.39,0.59,2026-06-05,0425,N,nominal,2.0NRT,289.22,1.73,N
-13.51954,-54.30812,323.09,0.36,0.58,2026-06-05,0425,N,nominal,2.0NRT,291.32,2.51,N
-13.51824,-54.31484,301.15,0.36,0.58,2026-06-05,0425,N,nominal,2.0NRT,289.15,1.55,N
-13.51889,-54.31148,313.47,0.36,0.58,2026-06-05,0425,N,nominal,2.0NRT,290.21,1.55,N
-13.51658,-54.31115,314.31,0.36,0.57,2026-06-05,0425,N,nominal,2.0NRT,290.75,3.31,N
-13.51726,-54.30777,313.37,0.36,0.57,2026-06-05,0425,N,nominal,2.0NRT,290.73,1.48,N
-13.52259,-54.30878,313.73,0.36,0.57,2026-06-05,0425,N,nominal,2.0NRT,289.69,1.48,N
-14.14946,-51.58928,307.4,0.47,0.48,2026-06-05,0425,N,nominal,2.0NRT,292.44,1.8,N
-14.15306,-51.59452,321.85,0.47,0.48,2026-06-05,0425,N,nominal,2.0NRT,293.15,1.8,N
-14.15227,-51.59223,322.66,0.47,0.48,2026-06-05,0425,N,nominal,2.0NRT,293.13,2.66,N
-14.0495,-53.37119,304.01,0.61,0.54,2026-06-05,0425,N,nominal,2.0NRT,287.78,2.76,N
-14.05052,-53.36684,312.95,0.61,0.54,2026-06-05,0425,N,nominal,2.0NRT,289.03,2.01,N
-15.31108,-46.92868,300.38,0.4,0.37,2026-06-05,0425,N,nominal,2.0NRT,287.39,0.49,N
-15.43306,-46.33576,302.38,0.39,0.36,2026-06-05,0425,N,nominal,2.0NRT,287.31,0.52,N
-15.43642,-46.33634,300.29,0.39,0.36,2026-06-05,0425,N,nominal,2.0NRT,286.85,0.52,N
-14.94689,-49.55111,330.96,0.52,0.41,2026-06-05,0425,N,nominal,2.0NRT,288.83,4.72,N
-14.78646,-50.6377,302.89,0.4,0.44,2026-06-05,0425,N,nominal,2.0NRT,291.65,1.24,N
-15.56963,-47.85387,305.59,0.43,0.38,2026-06-05,0425,N,nominal,2.0NRT,290.25,1.56,N
-14.77013,-52.677,312.56,0.54,0.51,2026-06-05,0425,N,nominal,2.0NRT,288.94,2.4,N
-14.77109,-52.67197,310.95,0.54,0.51,2026-06-05,0425,N,nominal,2.0NRT,289.26,1.44,N
-14.77477,-52.67808,300.25,0.54,0.51,2026-06-05,0425,N,nominal,2.0NRT,287.88,0.99,N
-14.77573,-52.67305,299.1,0.54,0.51,2026-06-05,0425,N,nominal,2.0NRT,287.76,0.58,N
-16.68064,-43.88514,313.78,0.41,0.37,2026-06-05,0425,N,nominal,2.0NRT,289.65,1.75,N
-14.0983,-59.39354,304.41,0.75,0.77,2026-06-05,0425,N,nominal,2.0NRT,288.48,1.35,N
-14.0998,-59.38667,305.6,0.74,0.76,2026-06-05,0425,N,nominal,2.0NRT,288.41,1.35,N
-17.0956,-43.80602,299.5,0.41,0.37,2026-06-05,0425,N,nominal,2.0NRT,286.88,0.68,N
-16.95662,-50.4902,304.78,0.55,0.42,2026-06-05,0425,N,nominal,2.0NRT,287.37,1.08,N
-16.95517,-50.49242,304.36,0.55,0.42,2026-06-05,0425,N,nominal,2.0NRT,286.91,0.92,N
-17.77863,-50.4721,302.8,0.53,0.42,2026-06-05,0425,N,nominal,2.0NRT,289.16,1.76,N
-17.77953,-50.46716,316.02,0.53,0.42,2026-06-05,0425,N,nominal,2.0NRT,289,1.76,N
-17.78339,-50.46788,315.14,0.53,0.42,2026-06-05,0425,N,nominal,2.0NRT,288.92,1.76,N
-17.86261,-51.78517,315.85,0.42,0.45,2026-06-05,0425,N,nominal,2.0NRT,285.67,1.44,N
-19.0578,-44.80362,298.13,0.4,0.37,2026-06-05,0425,N,nominal,2.0NRT,286.11,0.66,N
-16.59587,-58.24269,322.07,0.56,0.69,2026-06-05,0425,N,nominal,2.0NRT,288.25,6.52,N
-16.5971,-58.23708,316.13,0.56,0.69,2026-06-05,0425,N,nominal,2.0NRT,289.57,5.77,N
-16.60222,-58.24425,301.77,0.56,0.69,2026-06-05,0425,N,nominal,2.0NRT,287.22,4.3,N
-16.60344,-58.23869,318.09,0.56,0.69,2026-06-05,0425,N,nominal,2.0NRT,286.27,3.68,N
-19.71793,-40.3539,306.44,0.43,0.46,2026-06-05,0425,N,nominal,2.0NRT,288.24,1.01,N
-16.59813,-58.23739,336.74,0.56,0.69,2026-06-05,0425,N,nominal,2.0NRT,290.3,5,N
-16.59687,-58.24299,303.54,0.56,0.69,2026-06-05,0425,N,nominal,2.0NRT,284.06,5,N
-16.60447,-58.23898,314.08,0.56,0.69,2026-06-05,0425,N,nominal,2.0NRT,287.12,3.58,N
-19.48146,-42.534,307.7,0.49,0.4,2026-06-05,0425,N,nominal,2.0NRT,287.15,2.25,N
-16.37927,-59.57281,299.69,0.69,0.74,2026-06-05,0425,N,nominal,2.0NRT,288.19,2.04,N
-16.38074,-59.56632,315.64,0.69,0.74,2026-06-05,0425,N,nominal,2.0NRT,289.25,2.04,N
-16.41403,-59.54721,367,0.68,0.74,2026-06-05,0425,N,high,2.0NRT,292.22,10.81,N
-16.41245,-59.55419,298.83,0.69,0.74,2026-06-05,0425,N,nominal,2.0NRT,288.82,10.81,N
-16.41553,-59.54055,298.87,0.68,0.74,2026-06-05,0425,N,nominal,2.0NRT,288.76,5.96,N
-16.46346,-59.32753,307.12,0.66,0.73,2026-06-05,0425,N,nominal,2.0NRT,288.83,1.92,N
-16.42083,-59.54909,352.29,0.68,0.74,2026-06-05,0425,N,nominal,2.0NRT,289.71,13.28,N
-16.47027,-59.329,320.88,0.66,0.73,2026-06-05,0425,N,nominal,2.0NRT,289.05,4.63,N
-16.47173,-59.32247,299.22,0.66,0.73,2026-06-05,0425,N,nominal,2.0NRT,288.64,1.63,N
-16.47275,-59.34983,300.72,0.66,0.73,2026-06-05,0425,N,nominal,2.0NRT,288.64,1.05,N
-16.47419,-59.34338,300.17,0.66,0.73,2026-06-05,0425,N,nominal,2.0NRT,289.32,1.05,N
-16.37759,-59.57191,300.1,0.69,0.74,2026-06-05,0425,N,nominal,2.0NRT,288.85,2.36,N
-16.37911,-59.56544,314.83,0.69,0.74,2026-06-05,0425,N,nominal,2.0NRT,289.25,2.29,N
-16.41257,-59.54625,349.95,0.68,0.74,2026-06-05,0425,N,nominal,2.0NRT,291.04,13.13,N
-16.41095,-59.5532,302.56,0.68,0.74,2026-06-05,0425,N,nominal,2.0NRT,288.5,10.25,N
-16.46334,-59.3272,308.33,0.66,0.73,2026-06-05,0425,N,nominal,2.0NRT,288.83,2.7,N
-16.41938,-59.54811,367,0.68,0.74,2026-06-05,0425,N,high,2.0NRT,290.49,13.13,N
-16.47015,-59.32864,320.9,0.66,0.73,2026-06-05,0425,N,nominal,2.0NRT,288.87,2.7,N
-16.41779,-59.55496,309.19,0.68,0.74,2026-06-05,0425,N,nominal,2.0NRT,288.54,10.25,N
-16.42301,-59.5637,305.1,0.69,0.74,2026-06-05,0425,N,nominal,2.0NRT,288.47,1.43,N
-16.47251,-59.3494,301.54,0.66,0.73,2026-06-05,0425,N,nominal,2.0NRT,288.47,1.52,N
-16.47932,-59.35088,300.96,0.66,0.73,2026-06-05,0425,N,nominal,2.0NRT,287.03,1.52,N
-16.51681,-59.28071,325.78,0.66,0.73,2026-06-05,0425,N,nominal,2.0NRT,289.12,3.12,N
-16.51535,-59.28708,311.24,0.66,0.73,2026-06-05,0425,N,nominal,2.0NRT,288.88,3.12,N
-16.54227,-59.2939,298.93,0.66,0.73,2026-06-05,0425,N,nominal,2.0NRT,288.92,1.72,N
-16.54761,-59.30178,314.09,0.66,0.73,2026-06-05,0425,N,nominal,2.0NRT,289.47,4.51,N
-16.54904,-59.29543,310.46,0.66,0.73,2026-06-05,0425,N,nominal,2.0NRT,289.06,1.72,N
-16.55045,-59.28921,305.5,0.66,0.73,2026-06-05,0425,N,nominal,2.0NRT,289.17,1.72,N
-16.5543,-59.30365,304.19,0.66,0.73,2026-06-05,0425,N,nominal,2.0NRT,288.01,1.48,N
-16.56873,-59.33446,300.09,0.66,0.73,2026-06-05,0425,N,nominal,2.0NRT,288.34,2.25,N
-16.57023,-59.32776,308.76,0.66,0.73,2026-06-05,0425,N,nominal,2.0NRT,288.43,3,N
-16.54391,-59.29159,301.63,0.66,0.73,2026-06-05,0425,N,nominal,2.0NRT,288.83,1.09,N
-16.54774,-59.30574,309.23,0.66,0.73,2026-06-05,0425,N,nominal,2.0NRT,289.04,3.11,N
-16.5492,-59.29944,316.07,0.66,0.73,2026-06-05,0425,N,nominal,2.0NRT,289.16,3.11,N
-16.55067,-59.29313,310.04,0.66,0.73,2026-06-05,0425,N,nominal,2.0NRT,288.76,2.16,N
-16.5521,-59.287,305.79,0.65,0.73,2026-06-05,0425,N,nominal,2.0NRT,289.04,2.16,N
-17.86563,-53.26358,314.37,0.52,0.5,2026-06-05,0425,N,nominal,2.0NRT,287.56,2.69,N
-16.57022,-59.33176,304.1,0.66,0.73,2026-06-05,0425,N,nominal,2.0NRT,288.56,2.21,N
-16.57174,-59.3252,309.9,0.66,0.73,2026-06-05,0425,N,nominal,2.0NRT,288.67,2.15,N
-19.4367,-44.34015,297.85,0.41,0.37,2026-06-05,0425,N,nominal,2.0NRT,287.34,0.48,N
-19.60666,-44.05966,308.53,0.42,0.38,2026-06-05,0425,N,nominal,2.0NRT,286.35,1.09,N
-19.61015,-44.06026,296.73,0.42,0.38,2026-06-05,0425,N,nominal,2.0NRT,284.45,0.5,N
-20.22937,-40.23562,303.45,0.45,0.47,2026-06-05,0425,N,nominal,2.0NRT,289.52,0.91,N
-20.23264,-40.24487,307.77,0.45,0.47,2026-06-05,0425,N,nominal,2.0NRT,288.39,1.82,N
-20.23317,-40.24054,299.16,0.45,0.47,2026-06-05,0425,N,nominal,2.0NRT,288.18,1.1,N
-20.23425,-40.23186,316.34,0.45,0.47,2026-06-05,0425,N,nominal,2.0NRT,291.5,1.67,N
-20.23479,-40.2275,307.73,0.45,0.47,2026-06-05,0425,N,nominal,2.0NRT,289.8,1.67,N
-20.23751,-40.24111,310.23,0.45,0.47,2026-06-05,0425,N,nominal,2.0NRT,289.22,1.1,N
-20.24185,-40.2417,342.88,0.45,0.47,2026-06-05,0425,N,nominal,2.0NRT,292.17,2.88,N
-20.24131,-40.24603,319.54,0.45,0.47,2026-06-05,0425,N,nominal,2.0NRT,289.32,5.74,N
-20.24239,-40.23738,300.33,0.45,0.47,2026-06-05,0425,N,nominal,2.0NRT,288.62,2.88,N
-20.24619,-40.2423,332.22,0.45,0.47,2026-06-05,0425,N,nominal,2.0NRT,289.26,2.88,N
-20.24673,-40.23798,304.28,0.45,0.47,2026-06-05,0425,N,nominal,2.0NRT,288.69,2.88,N
-20.25053,-40.24288,316.89,0.45,0.47,2026-06-05,0425,N,nominal,2.0NRT,289.44,1.19,N
-20.25107,-40.23856,304.75,0.45,0.47,2026-06-05,0425,N,nominal,2.0NRT,289.59,1.19,N
-20.25161,-40.23421,305.15,0.45,0.47,2026-06-05,0425,N,nominal,2.0NRT,289,0.99,N
-20.25215,-40.22985,303.18,0.45,0.47,2026-06-05,0425,N,nominal,2.0NRT,289.54,0.99,N
-20.25225,-40.23214,314.96,0.45,0.47,2026-06-05,0425,N,nominal,2.0NRT,290.54,1.47,N
-19.8493,-43.84526,296.86,0.43,0.38,2026-06-05,0425,N,nominal,2.0NRT,284.67,0.15,N
-19.94956,-44.70506,299.53,0.41,0.37,2026-06-05,0425,N,nominal,2.0NRT,283.63,0.49,N
-19.97588,-44.85554,306.17,0.4,0.37,2026-06-05,0425,N,nominal,2.0NRT,285.13,0.82,N
-20.15348,-44.88009,298.48,0.4,0.37,2026-06-05,0427,N,nominal,2.0NRT,286.24,0.51,N
-17.48841,-59.51528,329.77,0.65,0.73,2026-06-05,0427,N,nominal,2.0NRT,289.35,4.19,N
-17.49268,-59.49656,327.75,0.65,0.73,2026-06-05,0427,N,nominal,2.0NRT,289.71,5.93,N
-17.48412,-59.53406,312.34,0.65,0.73,2026-06-05,0427,N,nominal,2.0NRT,289.35,3.54,N
-17.48555,-59.52781,304.39,0.65,0.73,2026-06-05,0427,N,nominal,2.0NRT,288.57,3.54,N
-17.48698,-59.52154,316.18,0.65,0.73,2026-06-05,0427,N,nominal,2.0NRT,289.35,4.19,N
-17.48985,-59.50898,304.39,0.65,0.73,2026-06-05,0427,N,nominal,2.0NRT,288.72,3.89,N
-17.4913,-59.5026,310.75,0.65,0.73,2026-06-05,0427,N,nominal,2.0NRT,289.04,3.89,N
-17.4851,-59.56086,340.76,0.65,0.73,2026-06-05,0427,N,nominal,2.0NRT,289.06,7.06,N
-17.48653,-59.5546,330.88,0.65,0.73,2026-06-05,0427,N,nominal,2.0NRT,289.2,7.06,N
-17.49085,-59.53569,324.66,0.65,0.73,2026-06-05,0427,N,nominal,2.0NRT,289.41,3.54,N
-17.4923,-59.5293,322.08,0.65,0.73,2026-06-05,0427,N,nominal,2.0NRT,289.49,3.54,N
-17.49937,-59.49828,339.43,0.65,0.73,2026-06-05,0427,N,nominal,2.0NRT,290.33,5.93,N
-17.48793,-59.54846,308.85,0.65,0.73,2026-06-05,0427,N,nominal,2.0NRT,287.89,3.69,N
-17.48938,-59.54211,299.68,0.65,0.73,2026-06-05,0427,N,nominal,2.0NRT,287.47,3.69,N
-17.49372,-59.52307,314.31,0.65,0.73,2026-06-05,0427,N,nominal,2.0NRT,289.45,4.19,N
-17.49512,-59.51694,318.94,0.65,0.73,2026-06-05,0427,N,nominal,2.0NRT,289.55,4.19,N
-17.49655,-59.51068,303.77,0.65,0.73,2026-06-05,0427,N,nominal,2.0NRT,288.57,3.89,N
-17.49801,-59.50424,309.5,0.65,0.73,2026-06-05,0427,N,nominal,2.0NRT,288.71,3.89,N
-17.49325,-59.55627,324.63,0.65,0.73,2026-06-05,0427,N,nominal,2.0NRT,288.61,4.13,N
-17.49467,-59.55004,329.33,0.65,0.73,2026-06-05,0427,N,nominal,2.0NRT,288.58,4.18,N
-17.49184,-59.56249,298.51,0.65,0.73,2026-06-05,0427,N,nominal,2.0NRT,287.96,4.13,N
-17.49757,-59.53731,303.05,0.65,0.73,2026-06-05,0427,N,nominal,2.0NRT,288.22,1.41,N
-17.49905,-59.53079,299.7,0.65,0.73,2026-06-05,0427,N,nominal,2.0NRT,288.09,1.41,N
-17.50003,-59.55769,330.5,0.65,0.73,2026-06-05,0427,N,nominal,2.0NRT,288.72,4.13,N
-17.49861,-59.56393,301.52,0.65,0.73,2026-06-05,0427,N,nominal,2.0NRT,288.33,4.13,N
-17.50146,-59.5514,298.93,0.65,0.73,2026-06-05,0427,N,nominal,2.0NRT,288.28,4.18,N
-19.53997,-49.52434,319.43,0.45,0.39,2026-06-05,0427,N,nominal,2.0NRT,287.23,1.7,N
-17.48646,-59.49821,300.32,0.65,0.73,2026-06-05,0427,N,nominal,2.0NRT,288.08,5.42,N
-17.48875,-59.51867,332.1,0.65,0.73,2026-06-05,0427,N,nominal,2.0NRT,290.09,5.11,N
-17.49315,-59.49992,341.76,0.65,0.73,2026-06-05,0427,N,nominal,2.0NRT,290.61,5.42,N
-17.48434,-59.53743,307.26,0.65,0.73,2026-06-05,0427,N,nominal,2.0NRT,288.79,3.34,N
-17.48581,-59.53116,313.61,0.65,0.73,2026-06-05,0427,N,nominal,2.0NRT,288.97,3.99,N
-17.48728,-59.52491,312.23,0.65,0.73,2026-06-05,0427,N,nominal,2.0NRT,289.54,3.99,N
-17.49021,-59.51247,316.15,0.65,0.73,2026-06-05,0427,N,nominal,2.0NRT,289,5.11,N
-17.49455,-59.49397,300.94,0.65,0.73,2026-06-05,0427,N,nominal,2.0NRT,288.33,4.24,N
-17.48664,-59.55791,340.83,0.65,0.73,2026-06-05,0427,N,nominal,2.0NRT,289.28,6.32,N
-17.4881,-59.55167,339.74,0.65,0.73,2026-06-05,0427,N,nominal,2.0NRT,289.08,6.32,N
-17.49548,-59.52024,321.77,0.65,0.73,2026-06-05,0427,N,nominal,2.0NRT,289.99,3.14,N
-17.49985,-59.50158,332.92,0.65,0.73,2026-06-05,0427,N,nominal,2.0NRT,289.63,7.57,N
-17.48517,-59.56414,309.52,0.65,0.73,2026-06-05,0427,N,nominal,2.0NRT,287.52,8.33,N
-17.49106,-59.53906,312.73,0.65,0.73,2026-06-05,0427,N,nominal,2.0NRT,287.58,9.43,N
-17.49256,-59.53268,319.64,0.65,0.73,2026-06-05,0427,N,nominal,2.0NRT,288.77,3.46,N
-17.49404,-59.52636,317.18,0.65,0.73,2026-06-05,0427,N,nominal,2.0NRT,289.25,3.46,N
-17.49692,-59.5141,306.8,0.65,0.73,2026-06-05,0427,N,nominal,2.0NRT,288.53,3.14,N
-17.50125,-59.49562,301.97,0.65,0.73,2026-06-05,0427,N,nominal,2.0NRT,289.22,3.3,N
-17.49338,-59.55947,322.96,0.65,0.73,2026-06-05,0427,N,nominal,2.0NRT,288.88,6.32,N
-17.49483,-59.5533,339.76,0.65,0.73,2026-06-05,0427,N,nominal,2.0NRT,289.78,6.32,N
-17.49931,-59.53418,301.18,0.65,0.73,2026-06-05,0427,N,nominal,2.0NRT,288.04,3.46,N
-17.50017,-59.56084,324.07,0.65,0.73,2026-06-05,0427,N,nominal,2.0NRT,289.11,3.1,N
-17.50163,-59.55463,308.28,0.65,0.73,2026-06-05,0427,N,nominal,2.0NRT,288.39,3.1,N
-17.50682,-59.62391,316.82,0.66,0.73,2026-06-05,0427,N,nominal,2.0NRT,287.82,2.76,N
-18.9241,-53.23018,301.16,0.49,0.49,2026-06-05,0427,N,nominal,2.0NRT,286.2,0.82,N
-20.31234,-45.58481,301.99,0.39,0.36,2026-06-05,0427,N,nominal,2.0NRT,288.32,0.84,N
-20.28161,-46.47871,298.23,0.38,0.36,2026-06-05,0427,N,nominal,2.0NRT,283.3,0.55,N
-20.66199,-45.50391,305.71,0.39,0.36,2026-06-05,0427,N,nominal,2.0NRT,284.01,0.87,N
-17.67087,-60.74857,325.27,0.76,0.77,2026-06-05,0427,N,nominal,2.0NRT,289.2,7.21,N
-17.67266,-60.74112,326.36,0.76,0.77,2026-06-05,0427,N,nominal,2.0NRT,288.9,3.08,N
-17.67445,-60.73368,298.62,0.76,0.77,2026-06-05,0427,N,nominal,2.0NRT,288.19,3.08,N
-18.04028,-59.61616,311.47,0.64,0.72,2026-06-05,0427,N,nominal,2.0NRT,288.51,2.17,N
-18.10346,-59.58725,331.06,0.64,0.72,2026-06-05,0427,N,nominal,2.0NRT,288.63,4.84,N
-18.10202,-59.59352,307.85,0.64,0.72,2026-06-05,0427,N,nominal,2.0NRT,287.91,5.07,N
-18.13264,-59.41402,305.75,0.62,0.71,2026-06-05,0427,N,nominal,2.0NRT,287.59,1.5,N
-18.10547,-59.58751,326.22,0.63,0.72,2026-06-05,0427,N,nominal,2.0NRT,288.47,3.64,N
-18.10399,-59.59374,309.91,0.64,0.72,2026-06-05,0427,N,nominal,2.0NRT,288.06,3.64,N
-19.16825,-55.18608,307.79,0.32,0.55,2026-06-05,0427,N,nominal,2.0NRT,291.23,0.77,N
-19.16888,-55.18298,314.28,0.32,0.55,2026-06-05,0427,N,nominal,2.0NRT,291.91,0.77,N
-20.76304,-46.76752,299.95,0.38,0.36,2026-06-05,0427,N,nominal,2.0NRT,286.62,1.01,N
-18.36832,-59.0767,301.8,0.58,0.7,2026-06-05,0427,N,nominal,2.0NRT,287.82,2.87,N
-18.37095,-59.06538,299.94,0.58,0.7,2026-06-05,0427,N,nominal,2.0NRT,288.16,1.57,N
-18.37342,-59.08408,324.34,0.58,0.7,2026-06-05,0427,N,nominal,2.0NRT,289.67,2.87,N
-18.37079,-59.09539,305.15,0.59,0.7,2026-06-05,0427,N,nominal,2.0NRT,288.56,3.06,N
-18.37211,-59.08975,317.92,0.58,0.7,2026-06-05,0427,N,nominal,2.0NRT,289,3.06,N
-18.37474,-59.07842,312.77,0.58,0.7,2026-06-05,0427,N,nominal,2.0NRT,288.94,2.87,N
-18.37605,-59.07275,301.28,0.58,0.7,2026-06-05,0427,N,nominal,2.0NRT,288.46,1.57,N
-18.37736,-59.06711,309.15,0.58,0.7,2026-06-05,0427,N,nominal,2.0NRT,288.31,1.57,N
-18.37867,-59.06147,301.11,0.58,0.7,2026-06-05,0427,N,nominal,2.0NRT,288.51,2.62,N
-18.37998,-59.05585,314.79,0.58,0.7,2026-06-05,0427,N,nominal,2.0NRT,289.1,2.62,N
-18.38128,-59.05024,316.18,0.58,0.7,2026-06-05,0427,N,nominal,2.0NRT,288.98,2.61,N
-18.37853,-59.09144,321.73,0.58,0.7,2026-06-05,0427,N,nominal,2.0NRT,289.87,3.28,N
-18.37984,-59.0858,321.86,0.58,0.7,2026-06-05,0427,N,nominal,2.0NRT,290.24,3.46,N
-18.38378,-59.06882,328.34,0.58,0.7,2026-06-05,0427,N,nominal,2.0NRT,289.87,3.79,N
-18.38508,-59.06318,329.07,0.58,0.7,2026-06-05,0427,N,nominal,2.0NRT,290.13,4,N
-18.38639,-59.05757,331.44,0.58,0.7,2026-06-05,0427,N,nominal,2.0NRT,290.03,4,N
-18.37723,-59.09708,300.83,0.59,0.7,2026-06-05,0427,N,nominal,2.0NRT,288.92,3.28,N
-18.38116,-59.08012,316.69,0.58,0.7,2026-06-05,0427,N,nominal,2.0NRT,288.94,3.46,N
-18.38247,-59.07446,315.45,0.58,0.7,2026-06-05,0427,N,nominal,2.0NRT,289.04,3.79,N
-18.38769,-59.05195,314.87,0.58,0.7,2026-06-05,0427,N,nominal,2.0NRT,288.98,3.84,N
-18.38496,-59.09313,318.65,0.58,0.7,2026-06-05,0427,N,nominal,2.0NRT,289.31,3.28,N
-18.38626,-59.08751,309.03,0.58,0.7,2026-06-05,0427,N,nominal,2.0NRT,288.48,3.46,N
-18.38888,-59.07618,300.63,0.58,0.7,2026-06-05,0427,N,nominal,2.0NRT,288.16,3.79,N
-18.39149,-59.06491,298.22,0.58,0.7,2026-06-05,0427,N,nominal,2.0NRT,288.16,4,N
-18.53654,-58.60682,347.03,0.54,0.68,2026-06-05,0427,N,nominal,2.0NRT,291.28,7.68,N
-18.53773,-58.60154,341.92,0.54,0.68,2026-06-05,0427,N,nominal,2.0NRT,291.22,7.68,N
-18.53535,-58.6121,302.58,0.54,0.68,2026-06-05,0427,N,nominal,2.0NRT,288.7,4.87,N
-18.53892,-58.59631,300.58,0.54,0.68,2026-06-05,0427,N,nominal,2.0NRT,289.84,3.62,N
-18.54514,-58.598,316.68,0.54,0.68,2026-06-05,0427,N,nominal,2.0NRT,289.57,2.53,N
-18.53295,-58.60121,316.23,0.54,0.68,2026-06-05,0427,N,nominal,2.0NRT,290.03,5.14,N
-18.53795,-58.60813,346.98,0.54,0.68,2026-06-05,0427,N,nominal,2.0NRT,290.88,6.41,N
-18.53918,-58.60288,334.31,0.54,0.68,2026-06-05,0427,N,nominal,2.0NRT,290.08,5.14,N
-18.53673,-58.6134,298.69,0.54,0.68,2026-06-05,0427,N,nominal,2.0NRT,288.55,6.41,N
-18.54662,-58.59934,321.67,0.54,0.68,2026-06-05,0427,N,nominal,2.0NRT,289.55,3.3,N
-21.19565,-44.93765,309.64,0.41,0.37,2026-06-05,0427,N,nominal,2.0NRT,285.41,1.06,N
-19.73444,-53.54745,333.28,0.5,0.49,2026-06-05,0427,N,nominal,2.0NRT,289.94,4.72,N
-19.73894,-53.54846,357.09,0.5,0.49,2026-06-05,0427,N,nominal,2.0NRT,294.53,10.74,N
-19.73987,-53.5437,320.11,0.5,0.49,2026-06-05,0427,N,nominal,2.0NRT,289.67,10.74,N
-19.738,-53.55326,301.78,0.5,0.49,2026-06-05,0427,N,nominal,2.0NRT,289.57,4.59,N
-19.74342,-53.54954,326.64,0.5,0.49,2026-06-05,0427,N,nominal,2.0NRT,288.34,10.74,N
-19.73639,-53.54524,345.57,0.5,0.49,2026-06-05,0427,N,nominal,2.0NRT,291.79,10.19,N
-19.73991,-53.55104,333.56,0.5,0.49,2026-06-05,0427,N,nominal,2.0NRT,290.12,11.27,N
-19.74088,-53.54625,356.5,0.5,0.49,2026-06-05,0427,N,nominal,2.0NRT,292.9,10.19,N
-19.74185,-53.5415,304.25,0.5,0.49,2026-06-05,0427,N,nominal,2.0NRT,289,10.19,N
-22.08744,-39.82612,341.29,0.5,0.49,2026-06-05,0427,N,nominal,2.0NRT,293.49,10.92,N
-18.98907,-58.07284,325.1,0.49,0.65,2026-06-05,0427,N,nominal,2.0NRT,288.38,1.87,N
-18.99507,-58.07443,314.09,0.49,0.65,2026-06-05,0427,N,nominal,2.0NRT,287.57,1.87,N
-18.98782,-58.07771,329.31,0.49,0.65,2026-06-05,0427,N,nominal,2.0NRT,288.35,4.13,N
-18.98891,-58.07299,303.47,0.49,0.65,2026-06-05,0427,N,nominal,2.0NRT,287.73,2.02,N
-18.99382,-58.07928,301.45,0.49,0.65,2026-06-05,0427,N,nominal,2.0NRT,287.28,1.21,N
-21.36028,-46.71869,295.68,0.38,0.36,2026-06-05,0427,N,nominal,2.0NRT,285.36,0.36,N
-21.19912,-48.27072,302.14,0.4,0.37,2026-06-05,0427,N,nominal,2.0NRT,286.68,0.75,N
-21.19977,-48.26686,301.11,0.4,0.37,2026-06-05,0427,N,nominal,2.0NRT,286.92,0.75,N
-20.90406,-50.43551,310.75,0.48,0.4,2026-06-05,0427,N,nominal,2.0NRT,287.54,1.63,N
-20.90488,-50.43098,304.59,0.48,0.4,2026-06-05,0427,N,nominal,2.0NRT,287.57,0.9,N
-21.27345,-48.61711,306.3,0.41,0.37,2026-06-05,0427,N,nominal,2.0NRT,288.23,0.88,N
-21.27686,-48.61778,308.24,0.41,0.37,2026-06-05,0427,N,nominal,2.0NRT,286.8,0.88,N
-21.09525,-49.76145,309.56,0.44,0.39,2026-06-05,0427,N,nominal,2.0NRT,288.68,0.91,N
-22.62294,-39.98712,305.92,0.5,0.49,2026-06-05,0427,N,nominal,2.0NRT,292.05,2.94,N
-22.50777,-44.10522,303.07,0.44,0.39,2026-06-05,0427,N,nominal,2.0NRT,286.88,1.14,N
-22.51074,-44.11016,298.6,0.44,0.39,2026-06-05,0427,N,nominal,2.0NRT,287.59,1.06,N
-22.51135,-44.10581,306.32,0.44,0.39,2026-06-05,0427,N,nominal,2.0NRT,287.3,0.87,N
-22.51196,-44.10146,296.08,0.45,0.39,2026-06-05,0427,N,nominal,2.0NRT,286.04,0.87,N
-22.51371,-44.11511,300.01,0.44,0.39,2026-06-05,0427,N,nominal,2.0NRT,287.09,1.06,N
-22.51729,-44.11572,307.02,0.44,0.39,2026-06-05,0427,N,nominal,2.0NRT,287.97,1.23,N
-22.08952,-47.06351,305.02,0.38,0.36,2026-06-05,0427,N,nominal,2.0NRT,285.53,0.81,N
-22.09285,-47.06412,297.85,0.38,0.36,2026-06-05,0427,N,nominal,2.0NRT,284.93,0.81,N
-22.49585,-44.51699,315.76,0.43,0.38,2026-06-05,0427,N,nominal,2.0NRT,286.82,1.25,N
-21.80588,-49.12214,305.9,0.42,0.37,2026-06-05,0427,N,nominal,2.0NRT,288.18,0.91,N
-21.80658,-49.11808,310.73,0.42,0.37,2026-06-05,0427,N,nominal,2.0NRT,288.33,0.91,N
-21.80728,-49.11401,302.69,0.42,0.37,2026-06-05,0427,N,nominal,2.0NRT,287.92,0.52,N
-21.80934,-49.12282,306.8,0.42,0.37,2026-06-05,0427,N,nominal,2.0NRT,287.76,1.31,N
-21.81003,-49.11876,315.24,0.42,0.37,2026-06-05,0427,N,nominal,2.0NRT,288,1.31,N
-21.81073,-49.1147,308.73,0.42,0.37,2026-06-05,0427,N,nominal,2.0NRT,287.98,0.92,N
-22.30653,-47.26678,299.61,0.38,0.36,2026-06-05,0427,N,nominal,2.0NRT,285.45,0.93,N
-22.30926,-47.27114,309.7,0.38,0.36,2026-06-05,0427,N,nominal,2.0NRT,287.01,1.55,N
-22.30986,-47.26739,317.47,0.38,0.36,2026-06-05,0427,N,nominal,2.0NRT,287.64,0.93,N
-22.90225,-43.74997,327.39,0.46,0.39,2026-06-05,0427,N,nominal,2.0NRT,288.27,1.68,N
-22.90478,-43.73167,329.6,0.47,0.39,2026-06-05,0427,N,nominal,2.0NRT,289.55,3.18,N
-22.90415,-43.73624,317.43,0.46,0.39,2026-06-05,0427,N,nominal,2.0NRT,289.58,3.24,N
-22.90781,-43.73683,324.11,0.46,0.39,2026-06-05,0427,N,nominal,2.0NRT,288.71,1.54,N
-22.90717,-43.7414,300.34,0.46,0.39,2026-06-05,0427,N,nominal,2.0NRT,288.07,1.54,N
-22.90844,-43.73225,318.2,0.47,0.39,2026-06-05,0427,N,nominal,2.0NRT,287.25,3.43,N
-22.9121,-43.73284,330.16,0.47,0.39,2026-06-05,0427,N,nominal,2.0NRT,289.12,3.43,N
-22.91147,-43.73741,301.03,0.46,0.39,2026-06-05,0427,N,nominal,2.0NRT,286.74,1.54,N
-22.91498,-43.76597,298.16,0.46,0.39,2026-06-05,0427,N,nominal,2.0NRT,286.91,0.72,N
-22.91177,-43.7301,332.67,0.47,0.39,2026-06-05,0427,N,nominal,2.0NRT,289.39,3.67,N
-22.91055,-43.73926,310.96,0.47,0.39,2026-06-05,0427,N,nominal,2.0NRT,288.04,1.45,N
-22.91116,-43.73468,297.37,0.47,0.39,2026-06-05,0427,N,nominal,2.0NRT,286.96,1.45,N
-22.91421,-43.76787,300.7,0.46,0.39,2026-06-05,0427,N,nominal,2.0NRT,286.77,0.9,N
-22.9197,-43.75474,302.67,0.46,0.39,2026-06-05,0427,N,nominal,2.0NRT,289.47,1.33,N
-22.92336,-43.75533,329.8,0.46,0.39,2026-06-05,0427,N,nominal,2.0NRT,292.71,4.1,N
-22.67459,-47.40586,311.87,0.38,0.36,2026-06-05,0427,N,nominal,2.0NRT,286.77,1.57,N
-22.69412,-47.65701,316.23,0.39,0.36,2026-06-05,0427,N,nominal,2.0NRT,288.13,1.64,N
-22.69746,-47.65764,298.79,0.39,0.36,2026-06-05,0427,N,nominal,2.0NRT,288.38,0.59,N
-22.7735,-47.20381,305.62,0.38,0.36,2026-06-05,0427,N,nominal,2.0NRT,286.61,0.5,N
-22.54155,-48.81245,302.12,0.4,0.37,2026-06-05,0427,N,nominal,2.0NRT,288.2,1.03,N
-22.91106,-47.23639,327.6,0.38,0.36,2026-06-05,0427,N,nominal,2.0NRT,286.6,1.99,N
-22.91046,-47.24015,315.45,0.38,0.36,2026-06-05,0427,N,nominal,2.0NRT,285.06,2.35,N
-23.14787,-47.08503,310.84,0.38,0.36,2026-06-05,0427,N,nominal,2.0NRT,286.52,0.81,N
-23.59499,-47.43983,298.51,0.38,0.36,2026-06-05,0427,N,nominal,2.0NRT,287.28,0.6,N
-24.54539,-42.47128,332.86,0.56,0.43,2026-06-05,0427,N,nominal,2.0NRT,293.41,9.81,N
-24.54609,-42.46568,304.38,0.56,0.43,2026-06-05,0427,N,nominal,2.0NRT,291.9,3.75,N
-24.63556,-42.41087,313.35,0.57,0.43,2026-06-05,0427,N,nominal,2.0NRT,291.6,1.76,N
-23.81801,-48.7098,304.55,0.39,0.36,2026-06-05,0427,N,nominal,2.0NRT,284.87,0.82,N
-24.74183,-42.51372,332.69,0.56,0.43,2026-06-05,0427,N,nominal,2.0NRT,292.05,3.73,N
-24.74583,-42.51431,333.6,0.56,0.43,2026-06-05,0427,N,nominal,2.0NRT,292.76,9.56,N
-21.3199,-61.03791,299.1,0.66,0.73,2026-06-05,0427,N,nominal,2.0NRT,288.13,1.18,N
-21.32663,-61.03988,298.58,0.66,0.73,2026-06-05,0427,N,nominal,2.0NRT,288.23,1.18,N
-21.32022,-61.03814,299.87,0.66,0.73,2026-06-05,0427,N,nominal,2.0NRT,288.19,1.08,N
-21.32695,-61.04008,299.34,0.66,0.73,2026-06-05,0427,N,nominal,2.0NRT,288.54,1.43,N
-22.55141,-56.99033,308.95,0.36,0.57,2026-06-05,0427,N,nominal,2.0NRT,287.01,1.04,N
-25.20415,-42.87678,324.06,0.54,0.42,2026-06-05,0427,N,nominal,2.0NRT,291.03,2.52,N
-21.7881,-61.73558,298.84,0.71,0.75,2026-06-05,0427,N,nominal,2.0NRT,288.38,1.9,N
-21.78989,-61.72851,302.97,0.71,0.75,2026-06-05,0427,N,nominal,2.0NRT,288.15,1.65,N
-21.78733,-61.72779,303.41,0.71,0.75,2026-06-05,0427,N,nominal,2.0NRT,288.39,3.01,N
-24.24396,-50.74119,300.15,0.45,0.39,2026-06-05,0427,N,nominal,2.0NRT,288.47,1.4,N
-21.88468,-61.88474,300.63,0.72,0.76,2026-06-05,0427,N,nominal,2.0NRT,286.98,1.25,N
-21.88977,-61.89399,303.5,0.72,0.76,2026-06-05,0427,N,nominal,2.0NRT,287.17,1.25,N
-21.89163,-61.8868,301.27,0.72,0.76,2026-06-05,0427,N,nominal,2.0NRT,286.94,1.25,N
-25.60277,-42.81827,313.07,0.55,0.43,2026-06-05,0427,N,nominal,2.0NRT,292.1,1.06,N
-25.65829,-42.86067,332.64,0.55,0.43,2026-06-05,0427,N,nominal,2.0NRT,293.71,7.86,N
-23.48887,-56.62015,306.05,0.32,0.55,2026-06-05,0427,N,nominal,2.0NRT,288.43,0.53,N
-23.48954,-56.6171,299.08,0.32,0.55,2026-06-05,0427,N,nominal,2.0NRT,288.13,0.53,N
-24.8578,-55.517,303.91,0.52,0.5,2026-06-05,0427,N,nominal,2.0NRT,287.07,1.08,N
-25.13259,-57.029,310.87,0.64,0.54,2026-06-05,0427,N,nominal,2.0NRT,286.94,2.28,N
-25.49966,-55.554,313.66,0.51,0.49,2026-06-05,0427,N,nominal,2.0NRT,286.2,1.58,N
-25.5042,-55.55519,295.45,0.51,0.49,2026-06-05,0427,N,nominal,2.0NRT,284.54,0.47,N
-26.4913,-54.56014,301.83,0.43,0.46,2026-06-05,0429,N,nominal,2.0NRT,287.98,0.92,N
-26.49552,-54.5611,305.93,0.43,0.46,2026-06-05,0429,N,nominal,2.0NRT,288.04,0.92,N
-27.52724,-56.19665,316.32,0.51,0.49,2026-06-05,0429,N,nominal,2.0NRT,286.91,1.54,N
-27.52835,-56.19151,308.1,0.51,0.49,2026-06-05,0429,N,nominal,2.0NRT,286.8,1.54,N
-33.06917,-70.64072,296,0.51,0.41,2026-06-05,0612,N,nominal,2.0NRT,278.53,0.78,N
-33.29599,-70.72904,322.8,0.5,0.41,2026-06-05,0612,N,nominal,2.0NRT,281.33,3.02,N
-34.10402,-70.45995,327.41,0.53,0.42,2026-06-05,0612,N,nominal,2.0NRT,281.66,4.84,N
-34.10469,-70.45421,295.4,0.53,0.42,2026-06-05,0612,N,nominal,2.0NRT,279.97,4.02,N
-34.10795,-70.46032,327.28,0.53,0.42,2026-06-05,0612,N,nominal,2.0NRT,280.55,4.84,N
-36.40829,-72.24799,312.91,0.47,0.4,2026-06-05,0614,N,nominal,2.0NRT,279.51,2.21,N
-36.40897,-72.24247,313.56,0.47,0.4,2026-06-05,0614,N,nominal,2.0NRT,279.83,1.72,N
-36.41201,-72.24845,301.36,0.47,0.4,2026-06-05,0614,N,nominal,2.0NRT,279.33,1.55,N
-37.12828,-71.85436,311.55,0.49,0.41,2026-06-05,0614,N,nominal,2.0NRT,280.28,2,N
-37.12896,-71.84865,310.48,0.49,0.41,2026-06-05,0614,N,nominal,2.0NRT,280.13,1.51,N
-37.13206,-71.85504,312.53,0.49,0.41,2026-06-05,0614,N,nominal,2.0NRT,280.34,2.66,N
-37.13274,-71.84931,318.65,0.49,0.41,2026-06-05,0614,N,nominal,2.0NRT,280.6,2.28,N
-37.04876,-72.69218,300.54,0.46,0.39,2026-06-05,0614,N,nominal,2.0NRT,279.01,0.72,N
-37.05174,-72.69811,316.43,0.46,0.39,2026-06-05,0614,N,nominal,2.0NRT,279.56,2.08,N
-37.05239,-72.69293,315.29,0.46,0.39,2026-06-05,0614,N,nominal,2.0NRT,278.82,2.08,N
-38.35677,-72.02395,295.4,0.5,0.41,2026-06-05,0614,N,nominal,2.0NRT,277.26,1.2,N
-38.36058,-72.02464,302.63,0.5,0.41,2026-06-05,0614,N,nominal,2.0NRT,276.96,1.2,N
-39.19687,-73.09936,304.96,0.46,0.39,2026-06-05,0614,N,nominal,2.0NRT,269.87,1.2,N
-16.41824,-59.54213,348.29,0.49,0.65,2026-06-05,0608,N,nominal,2.0NRT,290.06,15.02,N
10.60618,-66.48372,305.5,0.4,0.37,2026-06-05,0559,N,nominal,2.0NRT,284.38,0.77,N
-12.22709,-57.28254,299.45,0.62,0.71,2026-06-05,0605,N,nominal,2.0NRT,287.9,1.41,N
-12.22777,-57.27671,302.15,0.62,0.71,2026-06-05,0605,N,nominal,2.0NRT,287.84,1.41,N
10.6017,-66.45422,305.54,0.4,0.37,2026-06-05,0559,N,nominal,2.0NRT,284.49,1.09,N
-12.23446,-57.27753,301.82,0.62,0.71,2026-06-05,0605,N,nominal,2.0NRT,288,1.36,N
10.60112,-66.4504,310.11,0.4,0.37,2026-06-05,0559,N,nominal,2.0NRT,284.01,0.88,N
-10.75466,-68.32938,304.55,0.4,0.37,2026-06-05,0605,N,nominal,2.0NRT,290.29,0.65,N
10.59478,-66.47732,354.46,0.4,0.37,2026-06-05,0559,N,nominal,2.0NRT,286.39,4.5,N
-12.22299,-57.28139,299.39,0.62,0.71,2026-06-05,0605,N,nominal,2.0NRT,287.92,2,N
10.59533,-66.48093,307.68,0.4,0.37,2026-06-05,0559,N,nominal,2.0NRT,283.77,4.5,N
10.59137,-66.47778,325.01,0.4,0.37,2026-06-05,0559,N,nominal,2.0NRT,284.86,2.43,N
-12.22969,-57.28219,298.58,0.62,0.71,2026-06-05,0605,N,nominal,2.0NRT,287.78,1.7,N
-12.23032,-57.27636,305.37,0.62,0.71,2026-06-05,0605,N,nominal,2.0NRT,288.27,2.72,N
10.50778,-66.13968,321.3,0.4,0.37,2026-06-05,0559,N,nominal,2.0NRT,284.48,1.38,N
-12.44121,-58.416,329.37,0.52,0.67,2026-06-05,0605,N,nominal,2.0NRT,289.05,3.21,N
10.29121,-66.68259,296.34,0.41,0.37,2026-06-05,0559,N,nominal,2.0NRT,272.88,0.46,N
-12.44241,-58.40604,325.46,0.53,0.67,2026-06-05,0605,N,nominal,2.0NRT,289.1,1.84,N
9.6793,-63.47365,344.48,0.4,0.37,2026-06-05,0559,N,nominal,2.0NRT,264.12,6.63,N
-12.43282,-58.48564,306.57,0.52,0.67,2026-06-05,0605,N,nominal,2.0NRT,289.45,2.59,N
9.67914,-63.47374,344.37,0.4,0.37,2026-06-05,0559,N,nominal,2.0NRT,264.43,8.55,N
-12.43343,-58.48059,319.7,0.52,0.67,2026-06-05,0605,N,nominal,2.0NRT,289.81,3.28,N
8.68646,-63.15515,321.03,0.42,0.38,2026-06-05,0559,N,nominal,2.0NRT,258.03,3.21,N
-12.44181,-58.41104,302.42,0.53,0.67,2026-06-05,0605,N,nominal,2.0NRT,288.87,1.84,N
-4.02463,-79.39062,321.97,0.51,0.66,2026-06-05,0603,N,nominal,2.0NRT,284.41,3.89,N
-12.43968,-58.48132,321.82,0.52,0.67,2026-06-05,0605,N,nominal,2.0NRT,289.59,3.28,N
-9.54461,-64.5064,307.36,0.57,0.43,2026-06-05,0605,N,nominal,2.0NRT,289.75,1.44,N
-12.43848,-58.49118,300.74,0.52,0.67,2026-06-05,0605,N,nominal,2.0NRT,288.64,2.59,N
-9.63306,-67.21584,309.63,0.42,0.38,2026-06-05,0605,N,nominal,2.0NRT,290.91,1.78,N
-12.43907,-58.48635,318.51,0.52,0.67,2026-06-05,0605,N,nominal,2.0NRT,289.69,2.59,N
-10.00834,-67.76235,305.36,0.41,0.37,2026-06-05,0605,N,nominal,2.0NRT,287.91,0.68,N
-12.44092,-58.47104,309.77,0.52,0.67,2026-06-05,0605,N,nominal,2.0NRT,289.07,1.77,N
-10.01177,-67.76288,306.33,0.41,0.37,2026-06-05,0605,N,nominal,2.0NRT,287.39,0.68,N
-12.44751,-58.41652,310.93,0.52,0.67,2026-06-05,0605,N,nominal,2.0NRT,288.54,3.21,N
-11.88059,-57.82734,296.98,0.56,0.69,2026-06-05,0605,N,nominal,2.0NRT,286.6,1.59,N
-12.4481,-58.41159,302.54,0.53,0.67,2026-06-05,0605,N,nominal,2.0NRT,288.4,1.84,N
-11.88706,-57.82798,306.26,0.56,0.69,2026-06-05,0605,N,nominal,2.0NRT,287.51,1.59,N
-12.44871,-58.40659,304.69,0.53,0.67,2026-06-05,0605,N,nominal,2.0NRT,288.26,1.84,N
-12.43104,-58.4841,307.43,0.52,0.67,2026-06-05,0605,N,nominal,2.0NRT,289.42,2.2,N
-12.43161,-58.47902,304.84,0.52,0.67,2026-06-05,0605,N,nominal,2.0NRT,289.12,1.17,N
-12.43893,-58.41442,302.13,0.53,0.67,2026-06-05,0605,N,nominal,2.0NRT,289.26,1.37,N
-12.44006,-58.40444,300.3,0.53,0.67,2026-06-05,0605,N,nominal,2.0NRT,288.75,1.43,N
-12.44522,-58.41497,328.14,0.53,0.67,2026-06-05,0605,N,nominal,2.0NRT,289.55,5.97,N
-12.44636,-58.40499,322.87,0.53,0.67,2026-06-05,0605,N,nominal,2.0NRT,288.48,2.59,N
-12.43672,-58.48975,306.86,0.52,0.67,2026-06-05,0605,N,nominal,2.0NRT,289.04,2.57,N
-12.43728,-58.48484,319.62,0.52,0.67,2026-06-05,0605,N,nominal,2.0NRT,289.97,2.57,N
-12.43786,-58.47974,315.87,0.52,0.67,2026-06-05,0605,N,nominal,2.0NRT,289.52,2.58,N
-12.44579,-58.41,306.68,0.53,0.67,2026-06-05,0605,N,nominal,2.0NRT,288.39,2.59,N
-12.44352,-58.48563,321.54,0.52,0.67,2026-06-05,0605,N,nominal,2.0NRT,289.71,2.57,N
-12.44527,-58.47028,328.7,0.52,0.67,2026-06-05,0605,N,nominal,2.0NRT,290.24,4.39,N
-12.44297,-58.49047,308,0.52,0.67,2026-06-05,0605,N,nominal,2.0NRT,288.67,2.57,N
-12.44409,-58.4806,302.88,0.52,0.67,2026-06-05,0605,N,nominal,2.0NRT,289.03,2.58,N
-12.44468,-58.47546,310.25,0.52,0.67,2026-06-05,0605,N,nominal,2.0NRT,289.66,2.58,N
-12.4515,-58.47121,324.7,0.52,0.67,2026-06-05,0605,N,nominal,2.0NRT,289.79,2.51,N
-12.45091,-58.47641,308.23,0.52,0.67,2026-06-05,0605,N,nominal,2.0NRT,289.55,3.54,N
-12.45774,-58.4721,300.64,0.52,0.67,2026-06-05,0605,N,nominal,2.0NRT,289.14,2.51,N
-12.2179,-66.5537,307.36,0.48,0.4,2026-06-05,0605,N,nominal,2.0NRT,286.19,0.81,N
-12.61816,-67.51676,306.97,0.43,0.38,2026-06-05,0605,N,nominal,2.0NRT,286.28,0.95,N
-12.61745,-67.51593,305.02,0.43,0.38,2026-06-05,0605,N,nominal,2.0NRT,286.48,1.01,N
-14.0994,-59.39035,300.18,0.47,0.64,2026-06-05,0605,N,nominal,2.0NRT,283.41,2.15,N
-14.09993,-59.38571,302.17,0.48,0.64,2026-06-05,0605,N,nominal,2.0NRT,283.67,1.21,N
-14.10048,-59.38102,301.44,0.48,0.64,2026-06-05,0605,N,nominal,2.0NRT,284.59,1.21,N
-14.09481,-59.38858,295.16,0.48,0.64,2026-06-05,0605,N,nominal,2.0NRT,283.57,1.45,N
-14.10085,-59.38918,299.62,0.48,0.64,2026-06-05,0605,N,nominal,2.0NRT,283.55,1.22,N
-14.10135,-59.38453,299.85,0.48,0.64,2026-06-05,0605,N,nominal,2.0NRT,283.48,0.72,N
-14.10186,-59.37985,296.35,0.48,0.64,2026-06-05,0605,N,nominal,2.0NRT,284.19,0.72,N
-15.76478,-61.33796,312.4,0.37,0.58,2026-06-05,0608,N,nominal,2.0NRT,287.56,0.93,N
-15.7652,-61.33437,308.58,0.37,0.58,2026-06-05,0608,N,nominal,2.0NRT,287.02,0.93,N
-15.77062,-61.33506,325.18,0.37,0.58,2026-06-05,0608,N,nominal,2.0NRT,286.81,1.53,N
-15.7702,-61.33863,307.57,0.37,0.58,2026-06-05,0608,N,nominal,2.0NRT,286.76,1.53,N
-15.95474,-60.65138,317.49,0.41,0.61,2026-06-05,0608,N,nominal,2.0NRT,288.87,2.29,N
-16.19076,-58.46867,311.27,0.58,0.69,2026-06-05,0608,N,nominal,2.0NRT,288.76,2.18,N
-15.9567,-60.65393,301.66,0.41,0.61,2026-06-05,0608,N,nominal,2.0NRT,288.3,1.21,N
-15.95713,-60.64989,316.61,0.41,0.61,2026-06-05,0608,N,nominal,2.0NRT,289.02,1.21,N
-16.19018,-58.46893,310.57,0.58,0.69,2026-06-05,0608,N,nominal,2.0NRT,288.91,2.47,N
-15.94468,-61.83765,312.53,0.34,0.56,2026-06-05,0608,N,nominal,2.0NRT,284.75,0.91,N
-15.94507,-61.83436,309.62,0.34,0.56,2026-06-05,0608,N,nominal,2.0NRT,284.94,0.91,N
-13.78356,-76.17027,317.1,0.42,0.46,2026-06-05,0608,N,nominal,2.0NRT,290.46,1.62,N
-15.95032,-61.83512,299.01,0.34,0.56,2026-06-05,0608,N,nominal,2.0NRT,284.44,0.91,N
-13.78776,-76.17109,318.9,0.42,0.46,2026-06-05,0608,N,nominal,2.0NRT,290.76,2.2,N
-13.7874,-76.16975,332.17,0.42,0.46,2026-06-05,0608,N,nominal,2.0NRT,291.34,4.7,N
-15.94364,-61.83731,310.22,0.34,0.56,2026-06-05,0608,N,nominal,2.0NRT,284.25,0.68,N
-15.94401,-61.83401,300.11,0.35,0.56,2026-06-05,0608,N,nominal,2.0NRT,284.33,0.68,N
-15.94853,-61.84134,295.43,0.34,0.56,2026-06-05,0608,N,nominal,2.0NRT,283.58,0.82,N
-15.94889,-61.8381,295.17,0.34,0.56,2026-06-05,0608,N,nominal,2.0NRT,284.65,0.68,N
-15.94926,-61.83479,308.41,0.35,0.56,2026-06-05,0608,N,nominal,2.0NRT,284.39,0.68,N
-13.92988,-75.85979,299.83,0.4,0.45,2026-06-05,0608,N,nominal,2.0NRT,287.45,0.73,N
-16.17136,-61.1441,298.26,0.39,0.59,2026-06-05,0608,N,nominal,2.0NRT,287.91,0.8,N
-16.17687,-61.14483,300.27,0.39,0.59,2026-06-05,0608,N,nominal,2.0NRT,287.3,0.8,N
-16.17729,-61.1411,303.22,0.39,0.59,2026-06-05,0608,N,nominal,2.0NRT,287.52,0.8,N
-16.17771,-61.13738,301.83,0.39,0.59,2026-06-05,0608,N,nominal,2.0NRT,288.33,1.51,N
-16.17813,-61.13359,311.22,0.39,0.59,2026-06-05,0608,N,nominal,2.0NRT,288.6,1.51,N
-16.17855,-61.1298,306.09,0.39,0.59,2026-06-05,0608,N,nominal,2.0NRT,287.82,1.24,N
-16.18365,-61.13426,303.69,0.39,0.59,2026-06-05,0608,N,nominal,2.0NRT,287.85,1.12,N
-16.35444,-59.55923,300.88,0.49,0.65,2026-06-05,0608,N,nominal,2.0NRT,289.12,1.51,N
-16.37841,-59.56679,305.63,0.49,0.65,2026-06-05,0608,N,nominal,2.0NRT,289.36,1.51,N
-16.37892,-59.56198,313.63,0.49,0.65,2026-06-05,0608,N,nominal,2.0NRT,289.06,1.51,N
-16.41159,-59.54624,311.03,0.49,0.65,2026-06-05,0608,N,nominal,2.0NRT,289.32,1.99,N
-16.4121,-59.54154,304.23,0.49,0.65,2026-06-05,0608,N,nominal,2.0NRT,289.18,1.87,N
-16.41772,-59.54688,367,0.49,0.65,2026-06-05,0608,N,high,2.0NRT,294.66,14.83,N
-16.42236,-59.56135,307.19,0.49,0.65,2026-06-05,0608,N,nominal,2.0NRT,288.42,1.82,N
-16.42386,-59.54753,309.79,0.49,0.65,2026-06-05,0608,N,nominal,2.0NRT,289.49,14.83,N
-16.41117,-59.54271,299.76,0.49,0.65,2026-06-05,0608,N,nominal,2.0NRT,289.45,10.64,N
-16.41683,-59.54806,367,0.49,0.65,2026-06-05,0608,N,high,2.0NRT,292.94,10.64,N
-16.41731,-59.54335,367,0.49,0.65,2026-06-05,0608,N,high,2.0NRT,292.37,10.64,N
-16.42296,-59.54873,316.22,0.49,0.65,2026-06-05,0608,N,nominal,2.0NRT,289.38,2,N
-16.42345,-59.544,308.91,0.49,0.65,2026-06-05,0608,N,nominal,2.0NRT,289.39,2,N
-16.46478,-59.32186,299.39,0.51,0.66,2026-06-05,0608,N,nominal,2.0NRT,289.22,0.74,N
-16.47048,-59.32769,327.77,0.51,0.66,2026-06-05,0608,N,nominal,2.0NRT,289.64,2.76,N
-16.47097,-59.32284,316.78,0.51,0.66,2026-06-05,0608,N,nominal,2.0NRT,289.46,2.76,N
-16.47466,-59.34822,300.23,0.51,0.66,2026-06-05,0608,N,nominal,2.0NRT,288.78,0.96,N
-16.47516,-59.34334,306.17,0.51,0.66,2026-06-05,0608,N,nominal,2.0NRT,289.53,0.96,N
-16.48137,-59.34409,305.7,0.51,0.66,2026-06-05,0608,N,nominal,2.0NRT,289.02,1.73,N
-16.513,-59.28178,303.19,0.51,0.66,2026-06-05,0608,N,nominal,2.0NRT,289.22,1.77,N
-16.51244,-59.3473,310.64,0.51,0.66,2026-06-05,0608,N,nominal,2.0NRT,289.37,1.84,N
-16.51923,-59.2826,316.34,0.51,0.66,2026-06-05,0608,N,nominal,2.0NRT,289.21,1.77,N
-16.51975,-59.27757,316.85,0.52,0.66,2026-06-05,0608,N,nominal,2.0NRT,288.73,1.77,N
-16.54365,-59.2903,302.78,0.51,0.66,2026-06-05,0608,N,nominal,2.0NRT,289.01,0.82,N
-16.54881,-59.30107,313.89,0.51,0.66,2026-06-05,0608,N,nominal,2.0NRT,289.96,2.29,N
-16.54933,-59.29614,312.32,0.51,0.66,2026-06-05,0608,N,nominal,2.0NRT,289.7,2.06,N
-16.54987,-59.29111,307.61,0.51,0.66,2026-06-05,0608,N,nominal,2.0NRT,289.51,2.06,N
-16.55505,-59.30167,312.48,0.51,0.66,2026-06-05,0608,N,nominal,2.0NRT,289.13,2.29,N
-16.55665,-59.2867,303.58,0.51,0.66,2026-06-05,0608,N,nominal,2.0NRT,289.15,1.4,N
-16.51754,-59.28098,325.81,0.52,0.66,2026-06-05,0608,N,nominal,2.0NRT,289.65,2.42,N
-16.51119,-59.34592,303.86,0.51,0.66,2026-06-05,0608,N,nominal,2.0NRT,289.19,1.15,N
-16.51803,-59.27595,314.05,0.52,0.67,2026-06-05,0608,N,nominal,2.0NRT,289.08,2.42,N
-16.51742,-59.34644,300.96,0.51,0.66,2026-06-05,0608,N,nominal,2.0NRT,288.58,1.15,N
-16.54772,-59.29465,310.21,0.51,0.66,2026-06-05,0608,N,nominal,2.0NRT,289.55,1.54,N
-16.54823,-59.2896,309.68,0.52,0.66,2026-06-05,0608,N,nominal,2.0NRT,289.29,1.54,N
-16.55346,-59.3003,322.8,0.51,0.66,2026-06-05,0608,N,nominal,2.0NRT,289.71,1.87,N
-16.55297,-59.30523,303.9,0.51,0.66,2026-06-05,0608,N,nominal,2.0NRT,289.17,1.87,N
-16.55498,-59.28517,303.3,0.52,0.66,2026-06-05,0608,N,nominal,2.0NRT,289.23,0.87,N
-16.12934,-63.28369,306.37,0.56,0.51,2026-06-05,0608,N,nominal,2.0NRT,289.89,1.5,N
-16.56964,-59.32731,305.27,0.51,0.66,2026-06-05,0608,N,nominal,2.0NRT,289.02,1.27,N
-16.57013,-59.32243,308.46,0.51,0.66,2026-06-05,0608,N,nominal,2.0NRT,289.01,1.27,N
-16.43975,-60.62437,320.99,0.42,0.61,2026-06-05,0608,N,nominal,2.0NRT,289.57,2.48,N
-16.46265,-61.56916,302.58,0.36,0.58,2026-06-05,0608,N,nominal,2.0NRT,285.58,0.88,N
-16.46304,-61.56567,299.67,0.36,0.58,2026-06-05,0608,N,nominal,2.0NRT,285.23,0.72,N
-16.55643,-60.83535,306.64,0.41,0.61,2026-06-05,0608,N,nominal,2.0NRT,289.05,4.19,N
-16.56251,-60.83224,346.5,0.41,0.61,2026-06-05,0608,N,nominal,2.0NRT,290.89,4.19,N
-16.56293,-60.82843,367,0.41,0.61,2026-06-05,0608,N,high,2.0NRT,291.69,6.16,N
-16.56209,-60.83604,315.33,0.41,0.61,2026-06-05,0608,N,nominal,2.0NRT,289.35,4.19,N
-16.56336,-60.82465,318.69,0.41,0.61,2026-06-05,0608,N,nominal,2.0NRT,290.16,6.16,N
-16.48582,-61.55785,327.76,0.37,0.58,2026-06-05,0608,N,nominal,2.0NRT,285.96,1.65,N
-16.56904,-60.82516,323.19,0.41,0.61,2026-06-05,0608,N,nominal,2.0NRT,288.03,2.03,N
-16.48542,-61.56128,307.9,0.37,0.58,2026-06-05,0608,N,nominal,2.0NRT,285.77,1.65,N
-16.48621,-61.5544,296.25,0.37,0.58,2026-06-05,0608,N,nominal,2.0NRT,285.29,0.95,N
-16.56861,-60.82902,314.46,0.41,0.61,2026-06-05,0608,N,nominal,2.0NRT,288.39,2.03,N
-16.57063,-62.33607,298.61,0.33,0.55,2026-06-05,0608,N,nominal,2.0NRT,287.99,0.82,N
-16.57098,-62.33311,306.99,0.33,0.55,2026-06-05,0608,N,nominal,2.0NRT,288.32,0.74,N
-16.62559,-62.26808,315.19,0.33,0.55,2026-06-05,0608,N,nominal,2.0NRT,289.63,1.03,N
-16.63076,-62.26863,302.44,0.33,0.55,2026-06-05,0608,N,nominal,2.0NRT,287.77,1.03,N
-16.63112,-62.26564,307.37,0.33,0.55,2026-06-05,0608,N,nominal,2.0NRT,288.51,1.03,N
-16.62732,-62.26962,312.19,0.33,0.55,2026-06-05,0608,N,nominal,2.0NRT,288.89,1.32,N
-16.62765,-62.26659,308.54,0.33,0.55,2026-06-05,0608,N,nominal,2.0NRT,289.1,1.57,N
-16.82351,-60.92958,304.07,0.41,0.6,2026-06-05,0608,N,nominal,2.0NRT,288.45,1.4,N
-15.78464,-71.8587,301.4,0.39,0.36,2026-06-05,0608,N,nominal,2.0NRT,264.81,0.78,N
-15.78523,-71.85501,296.1,0.39,0.36,2026-06-05,0608,N,nominal,2.0NRT,268.34,0.78,N
-17.48407,-59.56057,335.15,0.51,0.66,2026-06-05,0608,N,nominal,2.0NRT,288.77,4.46,N
-17.48456,-59.55556,323.67,0.51,0.66,2026-06-05,0608,N,nominal,2.0NRT,288.98,4.46,N
-17.48699,-59.53078,321.31,0.51,0.66,2026-06-05,0608,N,nominal,2.0NRT,289.48,3.6,N
-17.48796,-59.52083,323.47,0.51,0.66,2026-06-05,0608,N,nominal,2.0NRT,289.69,3.96,N
-17.48845,-59.51582,327.47,0.51,0.66,2026-06-05,0608,N,nominal,2.0NRT,289.9,3.96,N
-17.48505,-59.55053,317.91,0.51,0.66,2026-06-05,0608,N,nominal,2.0NRT,288.17,4.99,N
-17.48602,-59.54065,298.66,0.51,0.66,2026-06-05,0608,N,nominal,2.0NRT,287.79,3.27,N
-17.4865,-59.53576,316.85,0.51,0.66,2026-06-05,0608,N,nominal,2.0NRT,288.6,3.27,N
-17.48747,-59.52579,311.78,0.51,0.66,2026-06-05,0608,N,nominal,2.0NRT,289.41,3.6,N
-17.48894,-59.51082,315.02,0.51,0.66,2026-06-05,0608,N,nominal,2.0NRT,289.1,4.24,N
-17.4904,-59.49591,309.51,0.51,0.66,2026-06-05,0608,N,nominal,2.0NRT,288.66,5.4,N
-17.49124,-59.55132,351.87,0.51,0.66,2026-06-05,0608,N,nominal,2.0NRT,289.54,4.99,N
-17.4927,-59.53656,325.17,0.51,0.66,2026-06-05,0608,N,nominal,2.0NRT,289.05,3.27,N
-17.49318,-59.53167,322.77,0.51,0.66,2026-06-05,0608,N,nominal,2.0NRT,289.23,3.6,N
-17.49367,-59.52673,325.91,0.51,0.66,2026-06-05,0608,N,nominal,2.0NRT,289.83,3.6,N
-17.49466,-59.51659,322.1,0.51,0.66,2026-06-05,0608,N,nominal,2.0NRT,289.47,3.96,N
-17.49613,-59.50171,334.9,0.51,0.66,2026-06-05,0608,N,nominal,2.0NRT,290.46,5.4,N
-17.49664,-59.49644,347.99,0.51,0.66,2026-06-05,0608,N,nominal,2.0NRT,291.26,5.4,N
-17.49026,-59.5613,311.47,0.51,0.66,2026-06-05,0608,N,nominal,2.0NRT,288.09,4.46,N
-17.49075,-59.55633,318.14,0.51,0.66,2026-06-05,0608,N,nominal,2.0NRT,288.23,4.46,N
-17.49416,-59.52166,319.27,0.51,0.66,2026-06-05,0608,N,nominal,2.0NRT,289.84,3.96,N
-17.49516,-59.51157,318.29,0.51,0.66,2026-06-05,0608,N,nominal,2.0NRT,289.18,4.24,N
-17.49693,-59.55718,354.5,0.51,0.66,2026-06-05,0608,N,nominal,2.0NRT,290.7,6.11,N
-17.49743,-59.55218,350.18,0.51,0.66,2026-06-05,0608,N,nominal,2.0NRT,290.19,10.46,N
-17.49643,-59.56222,312.95,0.51,0.66,2026-06-05,0608,N,nominal,2.0NRT,287.99,6.11,N
-17.49889,-59.53741,306.15,0.51,0.66,2026-06-05,0608,N,nominal,2.0NRT,288.36,2.75,N
-17.49937,-59.53256,310.23,0.51,0.66,2026-06-05,0608,N,nominal,2.0NRT,288.9,1.52,N
-17.49986,-59.52761,300.68,0.51,0.66,2026-06-05,0608,N,nominal,2.0NRT,288.63,1.52,N
-17.50036,-59.52247,304.82,0.51,0.66,2026-06-05,0608,N,nominal,2.0NRT,288.74,1.24,N
-17.50086,-59.51743,305.4,0.51,0.66,2026-06-05,0608,N,nominal,2.0NRT,288.25,1.24,N
-17.50286,-59.49725,307.21,0.51,0.66,2026-06-05,0608,N,nominal,2.0NRT,288.9,2.18,N
-17.5031,-59.5582,303.73,0.51,0.66,2026-06-05,0608,N,nominal,2.0NRT,288.31,6.11,N
-17.50201,-59.6318,300.38,0.5,0.66,2026-06-05,0608,N,nominal,2.0NRT,287.36,2.54,N
-17.50299,-59.62209,304.63,0.5,0.66,2026-06-05,0608,N,nominal,2.0NRT,287.69,1.45,N
-17.50918,-59.62259,316.78,0.5,0.66,2026-06-05,0608,N,nominal,2.0NRT,287.39,1.45,N
-17.63383,-60.40385,303.44,0.45,0.63,2026-06-05,0608,N,nominal,2.0NRT,287.21,0.94,N
-17.63428,-60.39951,303.14,0.45,0.63,2026-06-05,0608,N,nominal,2.0NRT,287.58,0.94,N
-17.64511,-60.74375,302.56,0.43,0.62,2026-06-05,0608,N,nominal,2.0NRT,287.28,1.06,N
-17.67466,-60.74914,321.62,0.43,0.62,2026-06-05,0608,N,nominal,2.0NRT,288.57,3.23,N
-17.67509,-60.745,323.93,0.43,0.62,2026-06-05,0608,N,nominal,2.0NRT,288.56,3.23,N
-17.67551,-60.74086,327.51,0.43,0.62,2026-06-05,0608,N,nominal,2.0NRT,288.57,3.25,N
-17.67594,-60.73673,326.93,0.43,0.62,2026-06-05,0608,N,nominal,2.0NRT,288.46,3.25,N
-17.67636,-60.73258,300.58,0.43,0.62,2026-06-05,0608,N,nominal,2.0NRT,287.45,1.09,N
-17.67679,-60.72842,302.68,0.43,0.62,2026-06-05,0608,N,nominal,2.0NRT,287.07,1.09,N
-16.25668,-71.68499,298.34,0.39,0.36,2026-06-05,0608,N,nominal,2.0NRT,282.8,0.84,N
-18.04169,-59.61733,299.1,0.51,0.66,2026-06-05,0608,N,nominal,2.0NRT,287.3,0.98,N
-18.04218,-59.61234,299.09,0.51,0.66,2026-06-05,0608,N,nominal,2.0NRT,287.27,0.69,N
-18.05837,-59.63903,302.09,0.51,0.66,2026-06-05,0608,N,nominal,2.0NRT,287.01,1.17,N
-18.05887,-59.63405,297.61,0.51,0.66,2026-06-05,0608,N,nominal,2.0NRT,286.93,0.78,N
-18.10122,-59.58819,335.41,0.51,0.66,2026-06-05,0608,N,nominal,2.0NRT,288.66,2.88,N
-18.10173,-59.58326,313.98,0.51,0.66,2026-06-05,0608,N,nominal,2.0NRT,287.82,2.88,N
-18.0628,-59.6362,305.88,0.51,0.66,2026-06-05,0608,N,nominal,2.0NRT,286.95,1.71,N
-18.10484,-59.59037,321.49,0.51,0.66,2026-06-05,0608,N,nominal,2.0NRT,287.87,5.49,N
-18.10531,-59.58543,334.56,0.51,0.66,2026-06-05,0608,N,nominal,2.0NRT,288.32,5.31,N
-17.64238,-65.00606,304.1,0.45,0.47,2026-06-05,0608,N,nominal,2.0NRT,272.06,2.26,N
-18.36884,-59.07697,300.86,0.56,0.69,2026-06-05,0608,N,nominal,2.0NRT,287.21,2.11,N
-18.37478,-59.08306,320.02,0.56,0.69,2026-06-05,0608,N,nominal,2.0NRT,288.36,4.24,N
-18.37377,-59.09401,316.7,0.56,0.68,2026-06-05,0608,N,nominal,2.0NRT,287.57,3.79,N
-18.37428,-59.08852,316.93,0.56,0.69,2026-06-05,0608,N,nominal,2.0NRT,288.31,4.24,N
-18.37528,-59.07762,309.23,0.56,0.69,2026-06-05,0608,N,nominal,2.0NRT,287.53,2.11,N
-18.3763,-59.0667,305.86,0.56,0.69,2026-06-05,0608,N,nominal,2.0NRT,287.06,1.01,N
-18.3768,-59.06122,299.88,0.56,0.69,2026-06-05,0608,N,nominal,2.0NRT,286.84,1.01,N
-18.38021,-59.09467,321.78,0.56,0.68,2026-06-05,0608,N,nominal,2.0NRT,288.01,3.49,N
-18.38275,-59.06734,321.44,0.56,0.69,2026-06-05,0608,N,nominal,2.0NRT,288.55,2.93,N
-18.38376,-59.05637,326.66,0.56,0.69,2026-06-05,0608,N,nominal,2.0NRT,289.26,2.39,N
-18.38072,-59.08919,316.07,0.56,0.69,2026-06-05,0608,N,nominal,2.0NRT,288.61,2.5,N
-18.38122,-59.08373,317.23,0.56,0.69,2026-06-05,0608,N,nominal,2.0NRT,288.71,2.5,N
-18.38173,-59.07827,308.43,0.56,0.69,2026-06-05,0608,N,nominal,2.0NRT,287.52,2.58,N
-18.38224,-59.07282,311.28,0.56,0.69,2026-06-05,0608,N,nominal,2.0NRT,287.69,2.58,N
-18.38325,-59.06187,315.04,0.56,0.69,2026-06-05,0608,N,nominal,2.0NRT,288.34,2.93,N
-18.38427,-59.05088,318.51,0.56,0.69,2026-06-05,0608,N,nominal,2.0NRT,288.55,2.39,N
-18.38665,-59.09533,312.77,0.56,0.68,2026-06-05,0608,N,nominal,2.0NRT,287.5,3.49,N
-18.38716,-59.08985,308.73,0.56,0.69,2026-06-05,0608,N,nominal,2.0NRT,287.71,2.5,N
-18.38767,-59.08438,304.33,0.56,0.69,2026-06-05,0608,N,nominal,2.0NRT,287.55,2.5,N
-18.38869,-59.07346,306.65,0.56,0.69,2026-06-05,0608,N,nominal,2.0NRT,286.98,2.58,N
-18.3892,-59.06798,307.34,0.56,0.69,2026-06-05,0608,N,nominal,2.0NRT,287.5,2.93,N
-18.38971,-59.0625,311.98,0.56,0.69,2026-06-05,0608,N,nominal,2.0NRT,287.91,2.93,N
-18.39022,-59.05701,309.34,0.56,0.69,2026-06-05,0608,N,nominal,2.0NRT,287.71,2.39,N
-18.39073,-59.05153,299.73,0.56,0.69,2026-06-05,0608,N,nominal,2.0NRT,287.45,2.39,N
-18.53079,-58.59479,298.04,0.6,0.71,2026-06-05,0608,N,nominal,2.0NRT,287.97,1.38,N
-18.53637,-58.60718,321.97,0.6,0.71,2026-06-05,0608,N,nominal,2.0NRT,288.81,4.72,N
-18.53691,-58.6013,334.38,0.6,0.71,2026-06-05,0608,N,nominal,2.0NRT,290.04,4.72,N
-18.53744,-58.5954,304.31,0.6,0.71,2026-06-05,0608,N,nominal,2.0NRT,288.4,1.38,N
-18.53797,-58.58948,299.4,0.6,0.71,2026-06-05,0608,N,nominal,2.0NRT,289.23,1.38,N
-18.54302,-58.60778,299.91,0.6,0.71,2026-06-05,0608,N,nominal,2.0NRT,287.93,3.3,N
-18.54408,-58.596,298.66,0.6,0.71,2026-06-05,0608,N,nominal,2.0NRT,288.6,1.25,N
-18.55073,-58.59661,309.54,0.6,0.71,2026-06-05,0608,N,nominal,2.0NRT,288.57,1.25,N
-18.14643,-62.66129,326.32,0.32,0.55,2026-06-05,0608,N,nominal,2.0NRT,290.35,4.14,N
-18.14679,-62.65815,345.9,0.32,0.55,2026-06-05,0608,N,nominal,2.0NRT,293.02,2.68,N
-18.14715,-62.65503,308.35,0.32,0.55,2026-06-05,0608,N,nominal,2.0NRT,288.96,2.68,N
-18.15192,-62.65882,342.62,0.32,0.55,2026-06-05,0608,N,nominal,2.0NRT,292.09,3.09,N
-18.15228,-62.65569,320.66,0.32,0.55,2026-06-05,0608,N,nominal,2.0NRT,290.08,3.09,N
-18.15156,-62.66195,309.57,0.32,0.55,2026-06-05,0608,N,nominal,2.0NRT,289.24,3.31,N
-18.31825,-62.06936,326.85,0.36,0.57,2026-06-05,0608,N,nominal,2.0NRT,289.38,1.99,N
-18.32359,-62.07001,308.57,0.36,0.57,2026-06-05,0608,N,nominal,2.0NRT,288.03,0.86,N
-18.35509,-62.21167,300.14,0.35,0.57,2026-06-05,0608,N,nominal,2.0NRT,287.76,0.87,N
-18.98545,-58.08227,316.87,0.65,0.73,2026-06-05,0608,N,nominal,2.0NRT,287.88,2.87,N
-18.99232,-58.0829,307.29,0.65,0.73,2026-06-05,0608,N,nominal,2.0NRT,287.4,1.96,N
-19.00644,-65.23645,295.47,0.46,0.47,2026-06-05,0608,N,nominal,2.0NRT,280.75,0.93,N
-20.53807,-60.41941,305.17,0.48,0.65,2026-06-05,0608,N,nominal,2.0NRT,289.75,1.41,N
-20.53827,-60.41821,310.06,0.48,0.65,2026-06-05,0608,N,nominal,2.0NRT,289.84,1.57,N
-21.32207,-61.0376,300,0.45,0.63,2026-06-05,0608,N,nominal,2.0NRT,287.98,1.01,N
-21.32798,-61.03824,299.9,0.45,0.63,2026-06-05,0608,N,nominal,2.0NRT,287.92,1.01,N
-21.78541,-61.72682,298.71,0.41,0.61,2026-06-05,0608,N,nominal,2.0NRT,288.13,0.89,N
-21.79072,-61.73155,308.9,0.41,0.61,2026-06-05,0608,N,nominal,2.0NRT,288.99,2.55,N
-21.7911,-61.72744,311.55,0.41,0.61,2026-06-05,0608,N,nominal,2.0NRT,288.75,0.89,N
-21.79148,-61.72334,297.94,0.41,0.61,2026-06-05,0608,N,nominal,2.0NRT,287.86,0.89,N
-21.88666,-61.88966,313.48,0.4,0.6,2026-06-05,0608,N,nominal,2.0NRT,287.81,1.55,N
-21.88703,-61.88564,317.4,0.4,0.6,2026-06-05,0608,N,nominal,2.0NRT,288.18,2.59,N
-21.8923,-61.8903,300.39,0.4,0.6,2026-06-05,0608,N,nominal,2.0NRT,287.48,1.55,N
-22.18864,-62.39695,318.49,0.38,0.58,2026-06-05,0608,N,nominal,2.0NRT,288.73,1.7,N
-22.19412,-62.39756,315.77,0.38,0.58,2026-06-05,0608,N,nominal,2.0NRT,287.62,1.7,N
-22.47997,-62.18249,311.07,0.39,0.59,2026-06-05,0608,N,nominal,2.0NRT,288.8,1.5,N
-22.48519,-62.18702,306.4,0.39,0.59,2026-06-05,0608,N,nominal,2.0NRT,288.68,1.6,N
-22.31768,-68.88199,337.9,0.47,0.4,2026-06-05,0610,N,nominal,2.0NRT,280.48,12.12,N
-24.52103,-60.63359,309.91,0.51,0.66,2026-06-05,0610,N,nominal,2.0NRT,273.26,1.47,N
-24.52729,-60.6342,305.54,0.51,0.66,2026-06-05,0610,N,nominal,2.0NRT,269.42,1.47,N
-26.28863,-65.95475,303.03,0.51,0.49,2026-06-05,0610,N,nominal,2.0NRT,279.74,2.12,N
-27.35702,-70.22198,296.06,0.46,0.39,2026-06-05,0610,N,nominal,2.0NRT,281.27,0.52,N
-32.55466,-58.12671,350.34,0.55,0.68,2026-06-05,1654,N,nominal,2.0NRT,292.92,10.74,D
-32.55482,-58.12274,338.19,0.55,0.68,2026-06-05,1654,N,nominal,2.0NRT,292.67,8.23,D
-32.55511,-58.12874,331.68,0.55,0.68,2026-06-05,1654,N,nominal,2.0NRT,292.19,6.26,D
-32.45084,-59.59919,326.84,0.67,0.73,2026-06-05,1654,N,nominal,2.0NRT,287.94,3.22,D
-32.13316,-57.83319,333.72,0.53,0.67,2026-06-05,1654,N,nominal,2.0NRT,290.76,5.78,D
-31.71604,-52.2849,331.05,0.5,0.49,2026-06-05,1654,N,nominal,2.0NRT,293.49,2.12,D
-29.63349,-50.61364,329.89,0.57,0.43,2026-06-05,1654,N,nominal,2.0NRT,273.28,4.77,D
-29.53357,-51.12612,337.35,0.4,0.45,2026-06-05,1654,N,nominal,2.0NRT,281.88,4.14,D
-29.23745,-50.67177,325.5,0.57,0.43,2026-06-05,1654,N,nominal,2.0NRT,286.03,5.06,D
-29.45396,-54.33413,340.77,0.62,0.54,2026-06-05,1654,N,nominal,2.0NRT,296.81,18.74,D
-29.64101,-57.1781,331.19,0.46,0.63,2026-06-05,1654,N,nominal,2.0NRT,293.35,5.32,D
-29.47064,-56.98105,331.62,0.45,0.63,2026-06-05,1654,N,nominal,2.0NRT,291.86,2.72,D
-29.46659,-56.98199,337.02,0.45,0.63,2026-06-05,1654,N,nominal,2.0NRT,291.25,3.49,D
-29.21877,-56.33229,350.08,0.41,0.6,2026-06-05,1654,N,nominal,2.0NRT,288.52,6.46,D
-29.21026,-57.45169,336.21,0.47,0.64,2026-06-05,1654,N,nominal,2.0NRT,292.22,6.19,D
-29.06995,-56.4669,339.64,0.41,0.61,2026-06-05,1654,N,nominal,2.0NRT,291.39,6.03,D
-29.07026,-56.47128,338.5,0.41,0.61,2026-06-05,1654,N,nominal,2.0NRT,292.12,6.03,D
-29.12127,-58.5042,328.03,0.54,0.68,2026-06-05,1654,N,nominal,2.0NRT,286.41,3.03,D
-29.12466,-58.56287,351.89,0.55,0.68,2026-06-05,1654,N,nominal,2.0NRT,294.76,9.76,D
-29.0117,-57.23439,345.62,0.46,0.63,2026-06-05,1654,N,nominal,2.0NRT,293.55,8.18,D
-28.85341,-55.92268,343.63,0.38,0.59,2026-06-05,1654,N,nominal,2.0NRT,295.96,3.88,D
-28.05198,-49.03356,339.24,0.46,0.39,2026-06-05,1654,N,nominal,2.0NRT,300.82,29.65,D
-28.65975,-56.20751,337.8,0.39,0.6,2026-06-05,1656,N,nominal,2.0NRT,293.66,3.57,D
-28.65384,-56.20385,367,0.39,0.6,2026-06-05,1656,N,high,2.0NRT,297.79,16.71,D
-28.65416,-56.208,367,0.39,0.6,2026-06-05,1656,N,high,2.0NRT,294.6,19.04,D
-28.65352,-56.19967,339.11,0.39,0.6,2026-06-05,1656,N,nominal,2.0NRT,294.08,16.71,D
-28.62493,-56.19394,328.3,0.39,0.59,2026-06-05,1656,N,nominal,2.0NRT,294.28,1.9,D
-28.61934,-56.19445,328.58,0.39,0.59,2026-06-05,1656,N,nominal,2.0NRT,295.07,3.32,D
-28.60509,-56.7191,350.48,0.42,0.61,2026-06-05,1656,N,nominal,2.0NRT,289.91,3.32,D
-28.60431,-56.71806,349.09,0.42,0.61,2026-06-05,1656,N,nominal,2.0NRT,291.32,4.87,D
-28.59887,-56.723,334.25,0.42,0.61,2026-06-05,1656,N,nominal,2.0NRT,291.63,2.85,D
-28.70024,-58.86639,355.85,0.57,0.69,2026-06-05,1656,N,nominal,2.0NRT,292.38,13.7,D
-28.48923,-58.92301,333.27,0.57,0.69,2026-06-05,1656,N,nominal,2.0NRT,291.03,6.79,D
-28.48303,-58.92951,331.09,0.57,0.69,2026-06-05,1656,N,nominal,2.0NRT,292.46,5.64,D
-27.35826,-50.73542,326.37,0.55,0.42,2026-06-05,1656,N,nominal,2.0NRT,290.16,4.6,D
-27.88198,-56.17022,337.86,0.38,0.59,2026-06-05,1656,N,nominal,2.0NRT,295.96,10.31,D
-27.88229,-56.17426,334.37,0.38,0.59,2026-06-05,1656,N,nominal,2.0NRT,295.35,13.32,D
-27.87675,-56.17478,367,0.38,0.59,2026-06-05,1656,N,high,2.0NRT,296.63,13.32,D
-27.87706,-56.17886,346.3,0.38,0.59,2026-06-05,1656,N,nominal,2.0NRT,298.91,13.32,D
-27.73707,-54.92604,335.26,0.32,0.55,2026-06-05,1656,N,nominal,2.0NRT,295.02,2.38,D
-27.73151,-55.03766,331.52,0.33,0.55,2026-06-05,1656,N,nominal,2.0NRT,293.72,5.24,D
-27.73185,-55.04146,352.68,0.33,0.55,2026-06-05,1656,N,nominal,2.0NRT,295.82,4.86,D
-27.69027,-55.419,336,0.34,0.56,2026-06-05,1656,N,nominal,2.0NRT,294.67,1.91,D
-27.24164,-51.25449,325.22,0.39,0.44,2026-06-05,1656,N,nominal,2.0NRT,281.67,1.47,D
-27.54299,-54.86211,325.67,0.64,0.54,2026-06-05,1656,N,nominal,2.0NRT,293.81,4.56,D
-27.53791,-54.86277,333.84,0.64,0.54,2026-06-05,1656,N,nominal,2.0NRT,295.31,4.56,D
-27.55321,-55.16645,367,0.33,0.55,2026-06-05,1656,N,high,2.0NRT,295.94,10.74,D
-27.54069,-54.86363,343.08,0.63,0.54,2026-06-05,1656,N,nominal,2.0NRT,295.61,11.68,D
-27.55258,-55.16386,348.57,0.33,0.55,2026-06-05,1656,N,nominal,2.0NRT,294.34,5.45,D
-27.5529,-55.16739,348.46,0.33,0.55,2026-06-05,1656,N,nominal,2.0NRT,294.73,5.45,D
-27.35876,-54.43267,336.71,0.59,0.53,2026-06-05,1656,N,nominal,2.0NRT,294.18,16.37,D
-27.35934,-54.43892,344.56,0.6,0.53,2026-06-05,1656,N,nominal,2.0NRT,298.04,16.37,D
-27.33637,-54.73923,340.81,0.62,0.54,2026-06-05,1656,N,nominal,2.0NRT,297.05,18.82,D
-27.54726,-57.66708,337.9,0.47,0.64,2026-06-05,1656,N,nominal,2.0NRT,294.17,5.53,D
-27.51274,-57.42133,337.73,0.45,0.63,2026-06-05,1656,N,nominal,2.0NRT,295.3,5.75,D
-27.55253,-57.66984,332.15,0.47,0.64,2026-06-05,1656,N,nominal,2.0NRT,293.66,4.55,D
-27.54649,-57.67033,338.21,0.47,0.64,2026-06-05,1656,N,nominal,2.0NRT,294.01,4.55,D
-26.91084,-51.09686,328.85,0.56,0.43,2026-06-05,1656,N,nominal,2.0NRT,290.58,3.99,D
-26.90682,-51.09729,328.37,0.56,0.43,2026-06-05,1656,N,nominal,2.0NRT,289.54,3.99,D
-27.51602,-57.41954,333.51,0.45,0.63,2026-06-05,1656,N,nominal,2.0NRT,294.96,3.35,D
-27.32946,-55.2057,331.59,0.33,0.55,2026-06-05,1656,N,nominal,2.0NRT,295.67,3.96,D
-27.22113,-54.51789,327.85,0.6,0.53,2026-06-05,1656,N,nominal,2.0NRT,293.14,4.96,D
-27.25826,-55.29248,329.2,0.34,0.56,2026-06-05,1656,N,nominal,2.0NRT,294.08,1.21,D
-27.34215,-56.56475,347.83,0.4,0.6,2026-06-05,1656,N,nominal,2.0NRT,297.2,7,D
-25.60321,-42.82085,345.56,0.45,0.39,2026-06-05,1656,N,nominal,2.0NRT,293.83,6.78,D
-25.6053,-42.81882,331.59,0.45,0.39,2026-06-05,1656,N,nominal,2.0NRT,292.65,3,D
-25.60171,-42.81959,325.39,0.45,0.39,2026-06-05,1656,N,nominal,2.0NRT,293.27,2.25,D
-27.34444,-56.56288,341.59,0.4,0.6,2026-06-05,1656,N,nominal,2.0NRT,296.19,2.9,D
-27.3388,-56.56337,331.5,0.4,0.6,2026-06-05,1656,N,nominal,2.0NRT,295.93,3.27,D
-27.23487,-56.57336,327.61,0.4,0.6,2026-06-05,1656,N,nominal,2.0NRT,295.56,3.71,D
-26.75536,-52.0852,342.08,0.42,0.46,2026-06-05,1656,N,nominal,2.0NRT,281.11,4.95,D
-26.75112,-52.08578,367,0.42,0.46,2026-06-05,1656,N,high,2.0NRT,290.83,20.54,D
-26.7516,-52.09016,343.79,0.42,0.46,2026-06-05,1656,N,nominal,2.0NRT,288.78,20.54,D
-27.22301,-58.23708,337.85,0.51,0.66,2026-06-05,1656,N,nominal,2.0NRT,288.6,5.45,D
-26.96631,-55.65379,367,0.35,0.57,2026-06-05,1656,N,high,2.0NRT,296.85,6.24,D
-26.96847,-55.65461,367,0.35,0.57,2026-06-05,1656,N,high,2.0NRT,296.72,6.52,D
-26.82232,-54.35717,340.02,0.58,0.52,2026-06-05,1656,N,nominal,2.0NRT,294.22,11.28,D
-27.03743,-57.02499,334.23,0.42,0.61,2026-06-05,1656,N,nominal,2.0NRT,295.83,5.67,D
-27.03199,-57.02999,337.15,0.43,0.62,2026-06-05,1656,N,nominal,2.0NRT,295.1,5.67,D
-26.47492,-51.30545,325.62,0.57,0.43,2026-06-05,1656,N,nominal,2.0NRT,289.35,3.12,D
-26.95358,-56.31887,330.58,0.38,0.59,2026-06-05,1656,N,nominal,2.0NRT,295.78,2.33,D
-27.24008,-60.78733,356.37,0.72,0.76,2026-06-05,1656,N,nominal,2.0NRT,292.92,11.55,D
-26.94805,-56.31942,367,0.38,0.59,2026-06-05,1656,N,high,2.0NRT,300.89,25.44,D
-26.94836,-56.32341,353.12,0.38,0.59,2026-06-05,1656,N,nominal,2.0NRT,299.11,16.53,D
-27.23293,-60.78771,340.27,0.72,0.76,2026-06-05,1656,N,nominal,2.0NRT,292.43,7.37,D
-26.75531,-54.27423,329.8,0.57,0.52,2026-06-05,1656,N,nominal,2.0NRT,292.67,4.41,D
-26.70848,-53.93188,348.66,0.55,0.51,2026-06-05,1656,N,nominal,2.0NRT,294.56,16.85,D
-26.73316,-54.24712,332.99,0.57,0.52,2026-06-05,1656,N,nominal,2.0NRT,290.9,2.89,D
-26.70814,-53.93414,339.21,0.55,0.51,2026-06-05,1656,N,nominal,2.0NRT,296.55,12.44,D
-26.87653,-56.39466,367,0.39,0.59,2026-06-05,1656,N,high,2.0NRT,298.62,10.69,D
-26.87685,-56.39867,356.65,0.39,0.59,2026-06-05,1656,N,nominal,2.0NRT,298.63,10.69,D
-26.87097,-56.3952,367,0.39,0.59,2026-06-05,1656,N,high,2.0NRT,299.64,14.71,D
-26.8713,-56.39922,367,0.39,0.59,2026-06-05,1656,N,high,2.0NRT,301.05,14.71,D
-26.86574,-56.39975,367,0.39,0.59,2026-06-05,1656,N,high,2.0NRT,300.06,14.71,D
-26.86607,-56.40376,367,0.39,0.59,2026-06-05,1656,N,high,2.0NRT,298.34,14.97,D
-26.86019,-56.4003,326.64,0.39,0.59,2026-06-05,1656,N,nominal,2.0NRT,297.83,2.56,D
-26.85464,-56.40085,326.33,0.39,0.59,2026-06-05,1656,N,nominal,2.0NRT,295.84,2.56,D
-26.77997,-55.88526,327.48,0.36,0.57,2026-06-05,1656,N,nominal,2.0NRT,294.89,2.59,D
-26.79471,-56.75013,367,0.41,0.6,2026-06-05,1656,N,high,2.0NRT,299.26,9,D
-26.79505,-56.75435,346.11,0.41,0.6,2026-06-05,1656,N,nominal,2.0NRT,296.34,9,D
-26.66971,-55.88504,332.74,0.36,0.57,2026-06-05,1656,N,nominal,2.0NRT,295.35,3.02,D
-26.66709,-55.88565,330.4,0.36,0.57,2026-06-05,1656,N,nominal,2.0NRT,294.97,3.03,D
-26.65474,-55.99334,367,0.36,0.58,2026-06-05,1656,N,high,2.0NRT,297.31,9.17,D
-26.65442,-55.98956,327.13,0.36,0.58,2026-06-05,1656,N,nominal,2.0NRT,294.15,6.43,D
-26.64901,-55.99012,367,0.36,0.58,2026-06-05,1656,N,high,2.0NRT,298.52,13.06,D
-26.64934,-55.9939,367,0.36,0.58,2026-06-05,1656,N,high,2.0NRT,295.92,12.86,D
-26.64869,-55.98635,349.14,0.36,0.58,2026-06-05,1656,N,nominal,2.0NRT,296.47,13.06,D
-26.63965,-56.40899,367,0.39,0.59,2026-06-05,1656,N,high,2.0NRT,299.15,6.84,D
-26.63933,-56.40499,341.65,0.39,0.59,2026-06-05,1656,N,nominal,2.0NRT,296,16.03,D
-26.63411,-56.40953,349.81,0.39,0.59,2026-06-05,1656,N,nominal,2.0NRT,295.24,6.84,D
-26.63442,-56.41352,326.53,0.39,0.59,2026-06-05,1656,N,nominal,2.0NRT,295.31,6.84,D
-26.57615,-55.76957,326.18,0.35,0.57,2026-06-05,1656,N,nominal,2.0NRT,295.16,1.81,D
-26.58771,-55.97355,334.1,0.36,0.58,2026-06-05,1656,N,nominal,2.0NRT,294.81,2.22,D
-26.58416,-55.99665,342.95,0.36,0.58,2026-06-05,1656,N,nominal,2.0NRT,295.84,4.83,D
-26.76836,-58.52629,335.17,0.52,0.67,2026-06-05,1656,N,nominal,2.0NRT,294.51,6.7,D
-26.57876,-55.99724,352.98,0.36,0.58,2026-06-05,1656,N,nominal,2.0NRT,295.35,4.83,D
-26.57751,-55.99939,329.65,0.36,0.58,2026-06-05,1656,N,nominal,2.0NRT,294.87,2.29,D
-26.76566,-58.52604,345.03,0.52,0.67,2026-06-05,1656,N,nominal,2.0NRT,294.7,5.02,D
-26.37514,-54.16685,338.97,0.56,0.51,2026-06-05,1656,N,nominal,2.0NRT,280.88,5.03,D
-26.86139,-61.03759,367,0.74,0.76,2026-06-05,1656,N,high,2.0NRT,292.95,20.86,D
-26.54354,-56.5169,331.93,0.39,0.59,2026-06-05,1656,N,nominal,2.0NRT,295.69,5.39,D
-26.53828,-56.52146,325.77,0.39,0.59,2026-06-05,1656,N,nominal,2.0NRT,295.48,2.47,D
-26.24297,-53.69649,332.65,0.52,0.5,2026-06-05,1656,N,nominal,2.0NRT,284.78,5.62,D
-26.24049,-53.69893,328.16,0.52,0.5,2026-06-05,1656,N,nominal,2.0NRT,284.53,3,D
-26.54964,-57.27217,334.93,0.44,0.62,2026-06-05,1656,N,nominal,2.0NRT,296.27,4.05,D
-24.54367,-42.46746,330.44,0.48,0.4,2026-06-05,1656,N,nominal,2.0NRT,294.11,15.37,D
-26.31103,-55.73528,325.18,0.35,0.57,2026-06-05,1656,N,nominal,2.0NRT,294.36,1.56,D
-26.28477,-55.80251,328.04,0.35,0.57,2026-06-05,1656,N,nominal,2.0NRT,293.91,2.44,D
-26.34551,-56.88498,327.97,0.41,0.61,2026-06-05,1656,N,nominal,2.0NRT,296.48,3.65,D
-26.33982,-56.88552,325.72,0.41,0.61,2026-06-05,1656,N,low,2.0NRT,296.32,3.44,D
-26.05786,-53.82764,340.95,0.53,0.5,2026-06-05,1656,N,nominal,2.0NRT,294.66,5.83,D
-25.86903,-52.1282,343.83,0.42,0.45,2026-06-05,1656,N,nominal,2.0NRT,293.21,8.5,D
-26.06057,-53.8292,328.7,0.53,0.5,2026-06-05,1656,N,nominal,2.0NRT,295.23,7.86,D
-25.86846,-52.12717,339.57,0.42,0.45,2026-06-05,1656,N,nominal,2.0NRT,292.42,8.56,D
-26.00489,-53.93586,343.75,0.54,0.5,2026-06-05,1656,N,nominal,2.0NRT,296.19,26.09,D
-26.21772,-56.25725,332.18,0.37,0.58,2026-06-05,1656,N,nominal,2.0NRT,295.23,2.69,D
-26.33864,-58.14909,367,0.49,0.65,2026-06-05,1656,N,high,2.0NRT,296.51,9.87,D
-26.20858,-56.41534,325.65,0.38,0.59,2026-06-05,1656,N,nominal,2.0NRT,295.16,1.4,D
-26.10062,-55.26926,326.21,0.32,0.55,2026-06-05,1656,N,nominal,2.0NRT,296.38,2.5,D
-26.27838,-58.07233,334.15,0.48,0.65,2026-06-05,1656,N,nominal,2.0NRT,295.36,3.57,D
-25.58604,-51.15821,332.62,0.55,0.43,2026-06-05,1656,N,nominal,2.0NRT,293.41,13.53,D
-26.02655,-55.44474,331.41,0.33,0.55,2026-06-05,1656,N,nominal,2.0NRT,295.48,1.58,D
-26.12611,-56.62194,338.86,0.39,0.6,2026-06-05,1656,N,nominal,2.0NRT,295.81,3.04,D
-26.12643,-56.626,327.19,0.39,0.6,2026-06-05,1656,N,nominal,2.0NRT,295.58,3.04,D
-26.13354,-57.38805,355.87,0.44,0.62,2026-06-05,1656,N,nominal,2.0NRT,296.45,5.17,D
-25.9784,-55.73746,335.9,0.35,0.56,2026-06-05,1656,N,nominal,2.0NRT,295.67,2.8,D
-25.95057,-55.97354,329.64,0.36,0.57,2026-06-05,1656,N,nominal,2.0NRT,294.66,2.48,D
-25.7523,-55.45578,352.88,0.33,0.55,2026-06-05,1656,N,nominal,2.0NRT,296.33,3.61,D
-25.14156,-50.89001,331.49,0.52,0.42,2026-06-05,1656,N,nominal,2.0NRT,294.21,5.02,D
-25.48739,-57.93849,326.4,0.47,0.64,2026-06-05,1656,N,nominal,2.0NRT,294.64,0.25,D
-25.30033,-56.10434,326.76,0.36,0.57,2026-06-05,1656,N,nominal,2.0NRT,294.28,1.84,D
-24.6848,-50.7875,329.11,0.51,0.41,2026-06-05,1656,N,nominal,2.0NRT,295.61,2.54,D
-24.64105,-50.98465,345.52,0.52,0.42,2026-06-05,1656,N,nominal,2.0NRT,298.45,23.26,D
-25.04657,-54.56741,338.1,0.57,0.52,2026-06-05,1656,N,nominal,2.0NRT,295.31,7.96,D
-24.63719,-50.98521,348.02,0.52,0.42,2026-06-05,1656,N,nominal,2.0NRT,292.18,23.26,D
-25.15441,-55.89906,346.85,0.35,0.56,2026-06-05,1656,N,nominal,2.0NRT,296.64,4.03,D
-25.02908,-55.68038,342.84,0.33,0.56,2026-06-05,1656,N,nominal,2.0NRT,294.77,3.06,D
-25.09542,-56.60287,326.62,0.38,0.59,2026-06-05,1656,N,nominal,2.0NRT,296.75,3.14,D
-25.01155,-56.13823,326.96,0.36,0.57,2026-06-05,1656,N,nominal,2.0NRT,296.23,2.06,D
-24.86207,-56.16141,340.36,0.36,0.57,2026-06-05,1656,N,nominal,2.0NRT,296.2,4.55,D
-24.89626,-56.6071,339.7,0.38,0.59,2026-06-05,1656,N,nominal,2.0NRT,295.9,4.02,D
-24.45601,-52.35328,326.96,0.41,0.45,2026-06-05,1656,N,nominal,2.0NRT,291.93,2.19,D
-24.79728,-55.68627,325.01,0.33,0.55,2026-06-05,1656,N,nominal,2.0NRT,295.73,1.47,D
-24.83255,-56.13322,331.99,0.36,0.57,2026-06-05,1656,N,nominal,2.0NRT,295.46,2.16,D
-24.80047,-56.1984,348.86,0.36,0.57,2026-06-05,1656,N,nominal,2.0NRT,296.81,4.98,D
-24.75513,-55.7425,329.74,0.34,0.56,2026-06-05,1656,N,nominal,2.0NRT,295.51,2.15,D
-24.80289,-56.19847,349.76,0.36,0.57,2026-06-05,1656,N,nominal,2.0NRT,297.02,5.73,D
-24.75441,-55.74333,326.54,0.33,0.56,2026-06-05,1656,N,nominal,2.0NRT,295.12,2.52,D
-24.71947,-55.65198,351.62,0.33,0.55,2026-06-05,1656,N,nominal,2.0NRT,296.99,4.75,D
-24.81178,-56.72181,329.83,0.39,0.59,2026-06-05,1656,N,nominal,2.0NRT,295.46,3.73,D
-24.72859,-55.97611,337.75,0.35,0.56,2026-06-05,1656,N,nominal,2.0NRT,296.57,4.59,D
-24.68948,-55.7233,335.17,0.33,0.56,2026-06-05,1656,N,nominal,2.0NRT,295.91,2.73,D
-24.7658,-56.70662,367,0.38,0.59,2026-06-05,1656,N,high,2.0NRT,297.31,8.22,D
-24.60716,-56.1526,343.2,0.35,0.57,2026-06-05,1656,N,nominal,2.0NRT,297.12,4.38,D
-24.5776,-56.12228,331.74,0.35,0.57,2026-06-05,1656,N,nominal,2.0NRT,294.81,2.25,D
-24.47065,-55.1645,325.69,0.61,0.54,2026-06-05,1656,N,nominal,2.0NRT,294.67,4.89,D
-24.57402,-56.12337,340.04,0.35,0.57,2026-06-05,1656,N,nominal,2.0NRT,295.71,3.47,D
-24.4709,-55.16605,330.9,0.61,0.54,2026-06-05,1656,N,nominal,2.0NRT,294.39,3.6,D
-22.91166,-43.72861,332.47,0.45,0.39,2026-06-05,1656,N,nominal,2.0NRT,291.76,8.5,D
-22.91241,-43.73298,326.84,0.45,0.39,2026-06-05,1656,N,nominal,2.0NRT,290.39,8.5,D
-22.9096,-43.73806,328.87,0.45,0.39,2026-06-05,1656,N,nominal,2.0NRT,292.68,3.14,D
-24.49863,-55.55342,339.15,0.32,0.55,2026-06-05,1656,N,nominal,2.0NRT,293.2,2.31,D
-24.49897,-55.55683,327.28,0.32,0.55,2026-06-05,1656,N,nominal,2.0NRT,290.84,2.31,D
-22.90528,-43.73441,334.12,0.45,0.39,2026-06-05,1656,N,nominal,2.0NRT,292.07,6.18,D
-23.92207,-50.48082,333.35,0.49,0.4,2026-06-05,1656,N,nominal,2.0NRT,297.69,6.74,D
-24.53901,-56.03533,347.4,0.35,0.57,2026-06-05,1656,N,nominal,2.0NRT,296.22,4.37,D
-24.54242,-56.49344,335.88,0.37,0.58,2026-06-05,1656,N,nominal,2.0NRT,296.37,4.38,D
-23.40957,-47.10796,326.06,0.39,0.36,2026-06-05,1656,N,nominal,2.0NRT,293.31,3.25,D
-24.44585,-55.8875,333.27,0.34,0.56,2026-06-05,1656,N,nominal,2.0NRT,296.41,2.61,D
-24.48324,-56.16267,326.71,0.35,0.57,2026-06-05,1656,N,nominal,2.0NRT,296.25,1.63,D
-24.49153,-56.54551,339.03,0.37,0.58,2026-06-05,1656,N,nominal,2.0NRT,296.36,4.48,D
-24.33746,-55.45623,348.86,0.32,0.54,2026-06-05,1656,N,nominal,2.0NRT,295.73,10.63,D
-24.3074,-55.30057,325.81,0.62,0.54,2026-06-05,1656,N,nominal,2.0NRT,295.11,4.99,D
-24.3228,-55.57559,346.86,0.32,0.55,2026-06-05,1656,N,nominal,2.0NRT,296.63,3.83,D
-24.29939,-55.37838,328.9,0.63,0.54,2026-06-05,1656,N,nominal,2.0NRT,294.91,3.56,D
-24.29432,-55.37885,336.37,0.63,0.54,2026-06-05,1656,N,nominal,2.0NRT,295,6.12,D
-23.67183,-49.83873,328.85,0.45,0.39,2026-06-05,1656,N,nominal,2.0NRT,295.63,1.48,D
-24.32023,-55.57725,347.23,0.32,0.55,2026-06-05,1656,N,nominal,2.0NRT,296.5,2.82,D
-24.29549,-55.38027,338.55,0.63,0.54,2026-06-05,1656,N,nominal,2.0NRT,295.39,4.36,D
-24.38573,-56.3694,333.58,0.36,0.58,2026-06-05,1656,N,nominal,2.0NRT,295.81,2.31,D
-24.28311,-56.19334,342.68,0.35,0.57,2026-06-05,1656,N,nominal,2.0NRT,297.15,2.4,D
-24.21976,-55.7242,339.15,0.33,0.55,2026-06-05,1656,N,nominal,2.0NRT,295.1,4.4,D
-23.1907,-47.18187,335.12,0.39,0.36,2026-06-05,1656,N,nominal,2.0NRT,301.62,4.77,D
-23.19127,-47.18564,350.45,0.39,0.36,2026-06-05,1656,N,nominal,2.0NRT,303.97,4.77,D
-23.19184,-47.18941,332.88,0.39,0.36,2026-06-05,1656,N,nominal,2.0NRT,302.86,2.3,D
-24.22401,-55.72338,327.72,0.33,0.55,2026-06-05,1656,N,nominal,2.0NRT,295.44,1.87,D
-24.21885,-55.72397,336.22,0.33,0.55,2026-06-05,1656,N,nominal,2.0NRT,294.65,2.69,D
-23.1388,-47.16745,332.77,0.39,0.36,2026-06-05,1656,N,nominal,2.0NRT,299.47,3.48,D
-24.52982,-60.633,348.36,0.67,0.74,2026-06-05,1656,N,nominal,2.0NRT,296.72,7.01,D
-24.14715,-55.7386,367,0.33,0.55,2026-06-05,1656,N,high,2.0NRT,297.2,8.61,D
-24.01562,-54.39007,328.6,0.54,0.51,2026-06-05,1656,N,nominal,2.0NRT,296.67,2.61,D
-24.52287,-60.6335,340.42,0.67,0.74,2026-06-05,1656,N,nominal,2.0NRT,296.53,7.45,D
-24.53032,-60.63449,345.36,0.67,0.74,2026-06-05,1656,N,nominal,2.0NRT,296.45,8.68,D
-24.52338,-60.63495,341.13,0.67,0.74,2026-06-05,1656,N,nominal,2.0NRT,296.4,8.68,D
-24.0513,-55.51933,367,0.32,0.54,2026-06-05,1656,N,high,2.0NRT,297,14.7,D
-24.05161,-55.52254,353.34,0.32,0.54,2026-06-05,1656,N,nominal,2.0NRT,295.01,9.41,D
-24.09479,-56.03234,355.07,0.34,0.56,2026-06-05,1656,N,nominal,2.0NRT,297.97,6.09,D
-24.05149,-55.79423,344.01,0.33,0.55,2026-06-05,1656,N,nominal,2.0NRT,296.09,5.33,D
-24.04633,-55.79503,341.97,0.33,0.55,2026-06-05,1656,N,nominal,2.0NRT,296.66,2.8,D
-24.04665,-55.79842,329.51,0.33,0.55,2026-06-05,1656,N,nominal,2.0NRT,295.69,2.8,D
-24.04116,-55.79568,331.24,0.33,0.55,2026-06-05,1656,N,nominal,2.0NRT,295.85,2.8,D
-24.04147,-55.79901,342.8,0.33,0.55,2026-06-05,1656,N,nominal,2.0NRT,296.18,2.8,D
-23.9045,-54.58297,341.98,0.55,0.51,2026-06-05,1656,N,nominal,2.0NRT,299.8,19.26,D
-23.71617,-52.83691,329.03,0.43,0.46,2026-06-05,1656,N,nominal,2.0NRT,297.98,2.62,D
-24.02098,-55.8615,353.76,0.33,0.56,2026-06-05,1656,N,nominal,2.0NRT,296.13,4.42,D
-23.7119,-52.83739,330.45,0.43,0.46,2026-06-05,1656,N,nominal,2.0NRT,299.11,2.62,D
-23.71411,-52.84063,335.48,0.43,0.46,2026-06-05,1656,N,nominal,2.0NRT,297.37,3.81,D
-23.70984,-52.84112,331.29,0.43,0.46,2026-06-05,1656,N,nominal,2.0NRT,301.45,3.81,D
-23.90545,-54.58523,346.66,0.55,0.51,2026-06-05,1656,N,nominal,2.0NRT,300.11,16.92,D
-22.51863,-44.50134,328.97,0.42,0.38,2026-06-05,1656,N,nominal,2.0NRT,290.82,0.64,D
-24.02608,-55.86235,325.19,0.33,0.56,2026-06-05,1656,N,nominal,2.0NRT,296.66,2.06,D
-24.02086,-55.86274,343.14,0.33,0.56,2026-06-05,1656,N,nominal,2.0NRT,294.66,3.83,D
-24.00267,-55.78371,352.31,0.33,0.55,2026-06-05,1656,N,nominal,2.0NRT,297.48,6.17,D
-24.00986,-56.31004,367,0.36,0.57,2026-06-05,1656,N,high,2.0NRT,304.34,21.76,D
-23.98882,-56.13923,348.82,0.35,0.57,2026-06-05,1656,N,nominal,2.0NRT,297.56,3.75,D
-23.99149,-56.53018,333.62,0.37,0.58,2026-06-05,1656,N,nominal,2.0NRT,295.91,4.11,D
-23.98574,-56.52704,337.62,0.37,0.58,2026-06-05,1656,N,nominal,2.0NRT,296.55,4.78,D
-23.96582,-56.36167,333.59,0.36,0.57,2026-06-05,1656,N,nominal,2.0NRT,296.39,3.8,D
-23.96769,-56.38298,327.52,0.36,0.57,2026-06-05,1656,N,nominal,2.0NRT,294.68,1.89,D
-23.95416,-56.35217,337.29,0.36,0.57,2026-06-05,1656,N,nominal,2.0NRT,296.31,1.66,D
-23.98945,-56.52641,336.05,0.37,0.58,2026-06-05,1656,N,nominal,2.0NRT,296.7,3.16,D
-23.9898,-56.53016,336.75,0.37,0.58,2026-06-05,1656,N,nominal,2.0NRT,296.4,3.16,D
-23.96835,-56.36135,340.93,0.36,0.57,2026-06-05,1656,N,nominal,2.0NRT,296.56,4.19,D
-23.97037,-56.38259,327.98,0.36,0.57,2026-06-05,1656,N,nominal,2.0NRT,295,2.52,D
-23.98403,-56.527,325.78,0.37,0.58,2026-06-05,1656,N,nominal,2.0NRT,295.5,3.16,D
-23.95127,-56.35251,327.44,0.36,0.57,2026-06-05,1656,N,nominal,2.0NRT,295.51,1.17,D
-23.90268,-55.89942,326.47,0.34,0.56,2026-06-05,1656,N,nominal,2.0NRT,296.83,1.01,D
-24.23301,-61.10625,329.44,0.71,0.75,2026-06-05,1656,N,nominal,2.0NRT,294.68,7.28,D
-23.39249,-52.01471,329.26,0.38,0.43,2026-06-05,1656,N,nominal,2.0NRT,297.39,3.28,D
-24.23722,-61.11015,327.16,0.71,0.75,2026-06-05,1656,N,nominal,2.0NRT,295.26,4.73,D
-23.78842,-56.08283,326.64,0.34,0.56,2026-06-05,1656,N,nominal,2.0NRT,296.39,1.8,D
-23.78875,-56.08632,326.88,0.34,0.56,2026-06-05,1656,N,nominal,2.0NRT,296,1.8,D
-23.76035,-56.00961,327.13,0.34,0.56,2026-06-05,1656,N,nominal,2.0NRT,297.79,1.24,D
-23.62183,-55.77628,325.76,0.33,0.55,2026-06-05,1656,N,low,2.0NRT,295.79,2.5,D
-22.33732,-45.86887,344.85,0.39,0.36,2026-06-05,1656,N,nominal,2.0NRT,298.2,7.5,D
-22.54812,-47.437,328.78,0.39,0.36,2026-06-05,1656,N,nominal,2.0NRT,302.1,1.82,D
-23.58064,-55.68945,328.14,0.32,0.55,2026-06-05,1656,N,nominal,2.0NRT,296.3,0.9,D
-22.79363,-49.33137,328.39,0.42,0.38,2026-06-05,1656,N,nominal,2.0NRT,293.38,2.55,D
-23.53649,-55.9877,326.93,0.34,0.56,2026-06-05,1656,N,nominal,2.0NRT,295.4,1.34,D
-23.49018,-56.00592,334.54,0.34,0.56,2026-06-05,1656,N,nominal,2.0NRT,295.43,2.02,D
-23.46741,-55.98826,367,0.34,0.56,2026-06-05,1656,N,high,2.0NRT,299.07,7.76,D
-22.97905,-52.30294,340.62,0.39,0.44,2026-06-05,1656,N,nominal,2.0NRT,298.64,4.76,D
-22.97495,-52.30344,328.31,0.39,0.44,2026-06-05,1656,N,nominal,2.0NRT,297.88,2.02,D
-22.12286,-47.04284,336.92,0.38,0.36,2026-06-05,1656,N,nominal,2.0NRT,299.9,2.89,D
-22.11954,-47.04343,331.49,0.38,0.36,2026-06-05,1656,N,nominal,2.0NRT,298.6,2.11,D
-21.80084,-45.13288,328.48,0.41,0.37,2026-06-05,1656,N,nominal,2.0NRT,295.3,3.72,D
-22.71114,-51.83129,331.08,0.55,0.43,2026-06-05,1656,N,nominal,2.0NRT,298.52,0.25,D
-23.20083,-56.87025,327.07,0.38,0.59,2026-06-05,1656,N,nominal,2.0NRT,295.03,1.86,D
-23.20118,-56.8741,326.75,0.38,0.59,2026-06-05,1656,N,nominal,2.0NRT,295.23,1.86,D
-23.16979,-56.95914,340.03,0.38,0.59,2026-06-05,1656,N,nominal,2.0NRT,296.26,3.28,D
-21.7006,-45.43557,330.57,0.4,0.37,2026-06-05,1656,N,nominal,2.0NRT,296.26,1.84,D
-23.16981,-56.95917,341.36,0.38,0.59,2026-06-05,1656,N,nominal,2.0NRT,296.25,4.03,D
-21.6469,-45.57772,333.51,0.4,0.37,2026-06-05,1656,N,nominal,2.0NRT,303.29,3.74,D
-22.03647,-48.23466,349.15,0.39,0.36,2026-06-05,1656,N,nominal,2.0NRT,311.3,33.03,D
-22.03576,-48.23483,348.15,0.39,0.36,2026-06-05,1656,N,nominal,2.0NRT,311.58,36.96,D
-22.99562,-56.63337,330.32,0.36,0.58,2026-06-05,1656,N,nominal,2.0NRT,297.08,3.42,D
-23.27827,-60.13086,367,0.61,0.71,2026-06-05,1656,N,high,2.0NRT,302.25,10.2,D
-23.27871,-60.13704,333.76,0.61,0.71,2026-06-05,1656,N,nominal,2.0NRT,299.62,10.2,D
-22.9468,-56.57596,329.83,0.36,0.57,2026-06-05,1656,N,nominal,2.0NRT,296.15,1.19,D
-22.74263,-56.59342,332.6,0.36,0.57,2026-06-05,1656,N,nominal,2.0NRT,296.63,3.19,D
-22.73727,-56.59412,336.36,0.36,0.57,2026-06-05,1656,N,nominal,2.0NRT,297.67,5.62,D
-22.7376,-56.59772,336.49,0.36,0.57,2026-06-05,1656,N,nominal,2.0NRT,296.43,3.63,D
-22.55134,-56.98983,337.99,0.38,0.59,2026-06-05,1656,N,nominal,2.0NRT,299.2,3.33,D
-22.53413,-56.85975,326.95,0.37,0.58,2026-06-05,1656,N,nominal,2.0NRT,296.9,1.91,D
-22.55091,-56.99023,337.71,0.38,0.59,2026-06-05,1656,N,nominal,2.0NRT,298.77,3.35,D
-22.53281,-56.8604,326.53,0.37,0.58,2026-06-05,1656,N,nominal,2.0NRT,297,1.6,D
-22.4461,-56.41375,345.62,0.35,0.57,2026-06-05,1656,N,nominal,2.0NRT,297.87,2.94,D
-22.4408,-56.41418,329.91,0.35,0.57,2026-06-05,1656,N,nominal,2.0NRT,295.74,2.94,D
-22.43454,-56.40464,367,0.35,0.56,2026-06-05,1656,N,high,2.0NRT,298.84,7.46,D
-22.43487,-56.40802,352.61,0.35,0.57,2026-06-05,1656,N,nominal,2.0NRT,297.34,7.46,D
-20.9406,-45.36648,331.63,0.41,0.37,2026-06-05,1656,N,nominal,2.0NRT,297.08,3.25,D
-20.94169,-45.36552,326.38,0.41,0.37,2026-06-05,1656,N,nominal,2.0NRT,295.15,3.39,D
-22.36597,-56.7874,328.84,0.37,0.58,2026-06-05,1656,N,nominal,2.0NRT,297.76,2.2,D
-22.26318,-55.94186,338.73,0.32,0.55,2026-06-05,1656,N,nominal,2.0NRT,296.81,6.48,D
-22.26352,-55.94528,356.69,0.32,0.55,2026-06-05,1656,N,nominal,2.0NRT,298.25,6.48,D
-22.26385,-55.94861,336.5,0.32,0.55,2026-06-05,1656,N,nominal,2.0NRT,295.66,4.99,D
-21.19845,-47.7355,341.81,0.39,0.36,2026-06-05,1656,N,nominal,2.0NRT,302.42,2.97,D
-22.34885,-57.49783,344.9,0.41,0.6,2026-06-05,1656,N,nominal,2.0NRT,297.32,6.08,D
-22.29601,-57.16956,332.43,0.39,0.59,2026-06-05,1656,N,nominal,2.0NRT,297.19,2.91,D
-21.12293,-47.80188,335.74,0.39,0.36,2026-06-05,1656,N,nominal,2.0NRT,303.89,1.55,D
-22.04835,-55.9615,334.91,0.32,0.55,2026-06-05,1656,N,nominal,2.0NRT,297.14,2.3,D
-21.4356,-51.23597,341.29,0.5,0.41,2026-06-05,1656,N,nominal,2.0NRT,305.24,13.58,D
-20.63169,-46.30489,325.76,0.39,0.36,2026-06-05,1656,N,low,2.0NRT,299.55,3.38,D
-20.49698,-46.86656,346.65,0.39,0.36,2026-06-05,1656,N,nominal,2.0NRT,303.46,8.34,D
-21.27753,-52.4924,352.36,0.38,0.44,2026-06-05,1656,N,nominal,2.0NRT,300.8,8.13,D
-20.56662,-47.87075,336.84,0.39,0.36,2026-06-05,1656,N,nominal,2.0NRT,305.37,4.75,D
-19.48136,-42.5337,325.05,0.57,0.43,2026-06-05,1656,N,low,2.0NRT,298,3.12,D
-19.84741,-44.61534,332.83,0.45,0.39,2026-06-05,1656,N,nominal,2.0NRT,295.21,4.11,D
-19.84386,-44.61601,343.84,0.45,0.39,2026-06-05,1656,N,nominal,2.0NRT,300.78,4.11,D
-19.44556,-42.57104,345.85,0.57,0.43,2026-06-05,1656,N,nominal,2.0NRT,297.28,9.49,D
-20.00936,-45.93239,345.89,0.4,0.37,2026-06-05,1656,N,nominal,2.0NRT,298.47,12.44,D
-20.20924,-49.32086,343.98,0.41,0.37,2026-06-05,1658,N,nominal,2.0NRT,307.22,15.88,D
-19.36736,-45.08416,339.36,0.43,0.38,2026-06-05,1658,N,low,2.0NRT,312.13,64.14,D
-19.36455,-45.089,331.52,0.43,0.38,2026-06-05,1658,N,nominal,2.0NRT,298.1,2.82,D
-18.40758,-40.25322,328.93,0.55,0.51,2026-06-05,1658,N,nominal,2.0NRT,291.51,2.26,D
-19.25748,-45.12067,329.52,0.43,0.38,2026-06-05,1658,N,nominal,2.0NRT,295.01,6.28,D
-19.25816,-45.12477,328.66,0.43,0.38,2026-06-05,1658,N,nominal,2.0NRT,298.06,6.49,D
-20.4662,-54.69456,331.7,0.51,0.49,2026-06-05,1658,N,nominal,2.0NRT,301.16,4.6,D
-18.8867,-44.47425,330.04,0.46,0.39,2026-06-05,1658,N,nominal,2.0NRT,302.34,4.1,D
-20.71392,-59.45871,367,0.52,0.67,2026-06-05,1658,N,high,2.0NRT,299.47,22.24,D
-20.71436,-59.46386,351.88,0.52,0.67,2026-06-05,1658,N,nominal,2.0NRT,298.94,22.24,D
-19.54139,-49.52039,336.21,0.41,0.37,2026-06-05,1658,N,nominal,2.0NRT,303.35,2.16,D
-18.66177,-44.18616,336.36,0.48,0.4,2026-06-05,1658,N,nominal,2.0NRT,294.46,4.33,D
-20.49299,-58.49196,329.05,0.45,0.63,2026-06-05,1658,N,nominal,2.0NRT,296.79,2.19,D
-20.55517,-60.37852,367,0.59,0.7,2026-06-05,1658,N,high,2.0NRT,298.45,32.48,D
-20.55564,-60.38442,367,0.59,0.7,2026-06-05,1658,N,high,2.0NRT,300.04,32.48,D
-20.55611,-60.39031,335.82,0.59,0.7,2026-06-05,1658,N,nominal,2.0NRT,289.34,11.83,D
-20.5569,-60.38052,367,0.59,0.7,2026-06-05,1658,N,high,2.0NRT,298.32,32.97,D
-20.5574,-60.38641,367,0.59,0.7,2026-06-05,1658,N,high,2.0NRT,298.35,16.05,D
-20.55029,-60.38107,352.87,0.59,0.7,2026-06-05,1658,N,nominal,2.0NRT,296.75,32.97,D
-20.5508,-60.38695,331.32,0.59,0.7,2026-06-05,1658,N,nominal,2.0NRT,293.95,16.05,D
-17.84087,-40.99719,325.59,0.5,0.49,2026-06-05,1658,N,nominal,2.0NRT,295.97,3.9,D
-19.57772,-52.51108,337.21,0.55,0.43,2026-06-05,1658,N,nominal,2.0NRT,304.76,4.1,D
-19.57376,-52.51163,338.78,0.55,0.43,2026-06-05,1658,N,nominal,2.0NRT,306.82,4.73,D
-18.87568,-48.21448,347.54,0.39,0.36,2026-06-05,1658,N,nominal,2.0NRT,302.59,5.59,D
-18.88951,-48.30605,335.26,0.39,0.36,2026-06-05,1658,N,nominal,2.0NRT,304.47,3.28,D
-18.89006,-48.30972,329.64,0.39,0.36,2026-06-05,1658,N,nominal,2.0NRT,302.64,2.7,D
-18.51867,-46.30669,331.05,0.4,0.37,2026-06-05,1658,N,nominal,2.0NRT,297.64,3.95,D
-19.8449,-56.32338,332.82,0.32,0.55,2026-06-05,1658,N,nominal,2.0NRT,299.27,9.35,D
-19.83981,-56.32398,367,0.32,0.55,2026-06-05,1658,N,high,2.0NRT,303.8,9.35,D
-19.84013,-56.32709,345.04,0.32,0.55,2026-06-05,1658,N,nominal,2.0NRT,298.53,8.09,D
-19.84245,-56.32535,367,0.32,0.55,2026-06-05,1658,N,high,2.0NRT,301.91,7.15,D
-19.84211,-56.32225,332.21,0.32,0.55,2026-06-05,1658,N,nominal,2.0NRT,300.19,7.15,D
-19.83737,-56.32594,367,0.32,0.55,2026-06-05,1658,N,high,2.0NRT,301.02,7.15,D
-19.82787,-56.33331,367,0.32,0.55,2026-06-05,1658,N,high,2.0NRT,306.09,9.09,D
-19.82753,-56.3302,330.98,0.32,0.55,2026-06-05,1658,N,nominal,2.0NRT,299.07,9.09,D
-19.82244,-56.33081,345.54,0.32,0.55,2026-06-05,1658,N,nominal,2.0NRT,300.75,19.97,D
-19.82278,-56.33391,355.21,0.32,0.55,2026-06-05,1658,N,nominal,2.0NRT,306.35,19.97,D
-19.70015,-55.58148,329.76,0.57,0.52,2026-06-05,1658,N,nominal,2.0NRT,298.38,0.66,D
-17.70263,-42.17649,325.73,0.43,0.46,2026-06-05,1658,N,nominal,2.0NRT,289.54,3.25,D
-17.74744,-42.89472,333.02,0.39,0.44,2026-06-05,1658,N,nominal,2.0NRT,290.58,2.52,D
-17.79643,-44.57079,331.82,0.47,0.4,2026-06-05,1658,N,nominal,2.0NRT,297.92,5.47,D
-17.7972,-44.57521,337.42,0.47,0.4,2026-06-05,1658,N,nominal,2.0NRT,300.31,7.39,D
-18.34057,-48.56678,329.98,0.39,0.36,2026-06-05,1658,N,nominal,2.0NRT,303.73,3.4,D
-19.17261,-55.17992,331.74,0.53,0.5,2026-06-05,1658,N,nominal,2.0NRT,301.1,9.17,D
-19.17317,-55.18504,349.72,0.53,0.5,2026-06-05,1658,N,nominal,2.0NRT,302.33,9.17,D
-19.17043,-55.18264,352.61,0.53,0.5,2026-06-05,1658,N,nominal,2.0NRT,303.14,12.58,D
-19.17102,-55.18775,345.83,0.53,0.5,2026-06-05,1658,N,nominal,2.0NRT,302.21,6.67,D
-16.54608,-39.52165,331.5,0.33,0.55,2026-06-05,1658,N,nominal,2.0NRT,293.35,2.59,D
-16.54671,-39.52479,332.19,0.33,0.55,2026-06-05,1658,N,nominal,2.0NRT,293.31,2.59,D
-18.49609,-51.66738,330.84,0.48,0.4,2026-06-05,1658,N,nominal,2.0NRT,302.42,2.25,D
-16.84038,-42.065,340.46,0.45,0.47,2026-06-05,1658,N,nominal,2.0NRT,300.41,8.17,D
-17.57291,-46.55067,345.96,0.4,0.37,2026-06-05,1658,N,nominal,2.0NRT,305.88,6.31,D
-18.992,-58.08073,329.56,0.41,0.6,2026-06-05,1658,N,nominal,2.0NRT,297.35,3.14,D
-18.98635,-58.08131,367,0.41,0.6,2026-06-05,1658,N,high,2.0NRT,298.28,7.93,D
-15.79691,-39.34377,331.02,0.35,0.57,2026-06-05,1658,N,nominal,2.0NRT,294.17,2.18,D
-17.1753,-47.07859,330.45,0.39,0.36,2026-06-05,1658,N,nominal,2.0NRT,298.79,7.99,D
-17.17136,-47.07547,334.44,0.39,0.36,2026-06-05,1658,N,nominal,2.0NRT,301.63,7.99,D
-17.17194,-47.07918,329.03,0.39,0.36,2026-06-05,1658,N,low,2.0NRT,299.23,7.99,D
-17.19898,-47.64278,346.42,0.39,0.36,2026-06-05,1658,N,nominal,2.0NRT,306.45,4.8,D
-17.19955,-47.64642,344.36,0.39,0.36,2026-06-05,1658,N,nominal,2.0NRT,306.15,4.8,D
-17.19508,-47.63971,346.98,0.39,0.36,2026-06-05,1658,N,nominal,2.0NRT,305.28,11.55,D
-17.19565,-47.64334,353.33,0.39,0.36,2026-06-05,1658,N,nominal,2.0NRT,313.49,24.24,D
-17.19622,-47.64698,344.15,0.39,0.36,2026-06-05,1658,N,nominal,2.0NRT,312.23,24.24,D
-17.19289,-47.64754,335.17,0.39,0.36,2026-06-05,1658,N,nominal,2.0NRT,306.01,24.24,D
-18.53958,-58.59854,340.84,0.43,0.62,2026-06-05,1658,N,nominal,2.0NRT,294.48,9.86,D
-18.53999,-58.60276,351.31,0.43,0.62,2026-06-05,1658,N,nominal,2.0NRT,293.22,8.68,D
-18.54042,-58.60701,354.93,0.43,0.62,2026-06-05,1658,N,nominal,2.0NRT,296.95,8.68,D
-18.54084,-58.61126,326.79,0.43,0.62,2026-06-05,1658,N,nominal,2.0NRT,295.94,6.11,D
-16.9727,-46.6406,339.15,0.4,0.37,2026-06-05,1658,N,nominal,2.0NRT,301.85,7.56,D
-16.97332,-46.64439,347.63,0.4,0.37,2026-06-05,1658,N,nominal,2.0NRT,303.44,7.56,D
-16.33153,-43.09108,341.6,0.4,0.44,2026-06-05,1658,N,nominal,2.0NRT,297.78,5.67,D
-16.90112,-46.78447,355.4,0.4,0.37,2026-06-05,1658,N,nominal,2.0NRT,310,14.23,D
-16.89773,-46.78505,348.55,0.4,0.37,2026-06-05,1658,N,nominal,2.0NRT,306.34,8.58,D
-16.00438,-41.67612,346.49,0.49,0.49,2026-06-05,1658,N,nominal,2.0NRT,293.59,7.49,D
-15.99989,-41.67693,339.67,0.49,0.49,2026-06-05,1658,N,nominal,2.0NRT,293.89,4.51,D
-16.92747,-47.14419,353.26,0.39,0.36,2026-06-05,1658,N,nominal,2.0NRT,309.27,15.54,D
-16.92805,-47.14788,345.62,0.39,0.36,2026-06-05,1658,N,nominal,2.0NRT,303.63,14.08,D
-16.92411,-47.14476,347.09,0.39,0.36,2026-06-05,1658,N,nominal,2.0NRT,300.6,15.54,D
-16.9247,-47.14844,337.67,0.39,0.36,2026-06-05,1658,N,nominal,2.0NRT,307.1,14.08,D
-16.40028,-44.26949,333.43,0.51,0.41,2026-06-05,1658,N,nominal,2.0NRT,299.81,4.14,D
-18.38657,-59.05902,325.97,0.46,0.64,2026-06-05,1658,N,nominal,2.0NRT,295.65,7.67,D
-18.38701,-59.06352,340.79,0.46,0.64,2026-06-05,1658,N,nominal,2.0NRT,296.56,5.58,D
-18.38745,-59.06804,339.29,0.46,0.64,2026-06-05,1658,N,nominal,2.0NRT,296.09,5.58,D
-18.3879,-59.07255,331.31,0.46,0.64,2026-06-05,1658,N,nominal,2.0NRT,295.35,4.06,D
-18.37972,-59.0506,367,0.46,0.64,2026-06-05,1658,N,high,2.0NRT,298.59,14.58,D
-18.38016,-59.05509,367,0.46,0.64,2026-06-05,1658,N,high,2.0NRT,298.81,11.85,D
-18.3806,-59.05959,367,0.46,0.64,2026-06-05,1658,N,high,2.0NRT,297.34,11.85,D
-18.37928,-59.0461,352.89,0.46,0.64,2026-06-05,1658,N,nominal,2.0NRT,296.76,14.58,D
-18.38105,-59.0641,328.18,0.46,0.64,2026-06-05,1658,N,nominal,2.0NRT,296.6,4.01,D
-18.38149,-59.06861,325.48,0.46,0.64,2026-06-05,1658,N,low,2.0NRT,296.74,4.01,D
-18.37376,-59.05117,341.91,0.46,0.64,2026-06-05,1658,N,nominal,2.0NRT,295.92,14.58,D
-18.3742,-59.05567,346.75,0.46,0.64,2026-06-05,1658,N,nominal,2.0NRT,296.37,11.85,D
-18.37464,-59.06017,337.98,0.46,0.64,2026-06-05,1658,N,nominal,2.0NRT,296.31,11.85,D
-18.37509,-59.06467,337.86,0.46,0.64,2026-06-05,1658,N,nominal,2.0NRT,296.71,4.01,D
-18.37553,-59.0692,333.98,0.46,0.64,2026-06-05,1658,N,nominal,2.0NRT,296.5,4.01,D
-18.37597,-59.07371,326.62,0.46,0.64,2026-06-05,1658,N,nominal,2.0NRT,295.8,5.85,D
-18.37045,-59.07883,367,0.46,0.64,2026-06-05,1658,N,high,2.0NRT,298.76,27.09,D
-18.37089,-59.08335,367,0.46,0.64,2026-06-05,1658,N,high,2.0NRT,297.38,30.5,D
-18.37133,-59.08789,367,0.46,0.64,2026-06-05,1658,N,high,2.0NRT,296.08,30.5,D
-18.37,-59.0743,345.61,0.46,0.64,2026-06-05,1658,N,nominal,2.0NRT,296.34,27.09,D
-18.37177,-59.0924,325.34,0.46,0.64,2026-06-05,1658,N,nominal,2.0NRT,294.39,11.01,D
-18.36404,-59.0749,367,0.46,0.64,2026-06-05,1658,N,high,2.0NRT,297.3,27.09,D
-18.36448,-59.07943,367,0.46,0.64,2026-06-05,1658,N,high,2.0NRT,297.81,27.09,D
-18.36492,-59.08396,367,0.46,0.64,2026-06-05,1658,N,high,2.0NRT,298.26,30.5,D
-18.36536,-59.08847,367,0.46,0.64,2026-06-05,1658,N,high,2.0NRT,298.92,30.5,D
-18.3658,-59.09298,367,0.46,0.64,2026-06-05,1658,N,high,2.0NRT,296.48,11.01,D
-18.35851,-59.08002,367,0.46,0.64,2026-06-05,1658,N,high,2.0NRT,296.6,10.39,D
-18.35895,-59.08455,367,0.46,0.64,2026-06-05,1658,N,high,2.0NRT,297.58,25.83,D
-18.35939,-59.08906,367,0.46,0.64,2026-06-05,1658,N,high,2.0NRT,299.06,25.83,D
-18.35982,-59.09358,367,0.46,0.64,2026-06-05,1658,N,high,2.0NRT,297.32,19.94,D
-18.35808,-59.07549,337.44,0.46,0.64,2026-06-05,1658,N,nominal,2.0NRT,295.95,10.39,D
-15.4772,-40.05627,326.02,0.32,0.54,2026-06-05,1658,N,nominal,2.0NRT,289.46,2.42,D
-15.47778,-40.05924,331.41,0.32,0.54,2026-06-05,1658,N,nominal,2.0NRT,292.43,2.59,D
-16.73968,-48.01171,345.39,0.38,0.36,2026-06-05,1658,N,nominal,2.0NRT,298.12,6.5,D
-18.10372,-59.58694,333.69,0.5,0.66,2026-06-05,1658,N,nominal,2.0NRT,295.68,6.21,D
-18.07577,-59.61913,335.12,0.5,0.66,2026-06-05,1658,N,nominal,2.0NRT,295.67,3.94,D
-16.79928,-49.30411,334.17,0.39,0.36,2026-06-05,1658,N,nominal,2.0NRT,304.73,2.51,D
-18.07665,-59.61955,332.47,0.5,0.66,2026-06-05,1658,N,nominal,2.0NRT,295.43,6.35,D
-16.74805,-49.93621,345.88,0.4,0.37,2026-06-05,1658,N,nominal,2.0NRT,302.66,3.4,D
-18.1549,-62.69926,334.22,0.79,0.78,2026-06-05,1658,N,nominal,2.0NRT,296.36,13.02,D
-18.14754,-62.69987,348.35,0.79,0.78,2026-06-05,1658,N,nominal,2.0NRT,293.87,13.02,D
-16.63384,-49.53371,335.52,0.39,0.36,2026-06-05,1658,N,nominal,2.0NRT,307.28,2.8,D
-18.14816,-62.69846,367,0.79,0.78,2026-06-05,1658,N,high,2.0NRT,294.93,23,D
-18.1475,-62.69071,329.84,0.79,0.78,2026-06-05,1658,N,nominal,2.0NRT,294.25,16.83,D
-16.53975,-49.39406,342.52,0.39,0.36,2026-06-05,1658,N,nominal,2.0NRT,304.18,5.58,D
-16.52972,-49.51232,344,0.39,0.36,2026-06-05,1658,N,nominal,2.0NRT,310.81,36.89,D
-16.53026,-49.516,322.38,0.39,0.36,2026-06-05,1658,N,low,2.0NRT,322.94,51.86,D
-16.5269,-49.51655,367,0.39,0.36,2026-06-05,1658,N,high,2.0NRT,333.47,157.88,D
-16.52582,-49.5092,336.04,0.39,0.36,2026-06-05,1658,N,nominal,2.0NRT,305.32,12.69,D
-16.52636,-49.51287,348.38,0.39,0.36,2026-06-05,1658,N,nominal,2.0NRT,305.29,12.69,D
-17.67511,-60.73209,328.63,0.58,0.7,2026-06-05,1658,N,low,2.0NRT,298.8,10.67,D
-17.67563,-60.73777,328.43,0.58,0.7,2026-06-05,1658,N,nominal,2.0NRT,298.23,6.69,D
-17.66961,-60.74416,336.66,0.58,0.7,2026-06-05,1658,N,nominal,2.0NRT,300.02,6.69,D
-17.66256,-60.73921,367,0.58,0.7,2026-06-05,1658,N,high,2.0NRT,300.96,10.65,D
-17.66307,-60.74492,342.73,0.58,0.7,2026-06-05,1658,N,nominal,2.0NRT,298.78,10.65,D
-17.63034,-60.74813,325.81,0.58,0.7,2026-06-05,1658,N,nominal,2.0NRT,297.07,3.06,D
-16.87137,-53.69045,340.84,0.4,0.44,2026-06-05,1658,N,nominal,2.0NRT,302.53,5.37,D
-17.66347,-60.74165,367,0.58,0.7,2026-06-05,1658,N,high,2.0NRT,301.13,12.82,D
-17.66292,-60.73596,338.79,0.58,0.7,2026-06-05,1658,N,nominal,2.0NRT,299.9,12.82,D
-17.66403,-60.74732,333.6,0.58,0.7,2026-06-05,1658,N,nominal,2.0NRT,298.99,7.25,D
-17.49549,-59.49654,341.33,0.48,0.65,2026-06-05,1658,N,nominal,2.0NRT,298.14,5.65,D
-17.49594,-59.501,333.1,0.48,0.65,2026-06-05,1658,N,nominal,2.0NRT,298.32,5.65,D
-17.49688,-59.51034,326.3,0.48,0.65,2026-06-05,1658,N,low,2.0NRT,296.38,5.42,D
-17.49782,-59.51961,327.02,0.48,0.65,2026-06-05,1658,N,low,2.0NRT,297.28,7.23,D
-17.49828,-59.52416,327.65,0.48,0.65,2026-06-05,1658,N,nominal,2.0NRT,297.06,3.73,D
-17.49874,-59.52872,326.55,0.49,0.65,2026-06-05,1658,N,nominal,2.0NRT,296.33,3.73,D
-17.50157,-59.55682,330.05,0.49,0.65,2026-06-05,1658,N,nominal,2.0NRT,295.61,5.61,D
-17.48941,-59.49698,327.26,0.48,0.65,2026-06-05,1658,N,low,2.0NRT,298.22,6.62,D
-17.4913,-59.51571,331.65,0.48,0.65,2026-06-05,1658,N,nominal,2.0NRT,297.72,5.85,D
-17.49176,-59.52031,327.81,0.48,0.65,2026-06-05,1658,N,low,2.0NRT,298.17,5.85,D
-17.49222,-59.52491,332.01,0.48,0.65,2026-06-05,1658,N,nominal,2.0NRT,296.81,5.38,D
-17.49269,-59.52953,331.1,0.49,0.65,2026-06-05,1658,N,nominal,2.0NRT,296.25,5.38,D
-17.49316,-59.53425,331.55,0.49,0.65,2026-06-05,1658,N,nominal,2.0NRT,296.3,4.72,D
-17.49551,-59.55769,335.51,0.49,0.65,2026-06-05,1658,N,nominal,2.0NRT,294.2,5.14,D
-17.48663,-59.53035,331.53,0.49,0.65,2026-06-05,1658,N,nominal,2.0NRT,296.87,5.38,D
-17.4871,-59.535,327.49,0.49,0.65,2026-06-05,1658,N,nominal,2.0NRT,296.45,4.72,D
-17.48851,-59.54916,329.63,0.49,0.65,2026-06-05,1658,N,nominal,2.0NRT,292.99,8.03,D
-17.48897,-59.55376,330.87,0.49,0.65,2026-06-05,1658,N,nominal,2.0NRT,293.91,5.14,D
-17.48944,-59.55844,341.49,0.49,0.65,2026-06-05,1658,N,nominal,2.0NRT,294.92,5.14,D
-15.9257,-47.7891,331.86,0.39,0.36,2026-06-05,1658,N,nominal,2.0NRT,299.51,9.99,D
-17.52297,-62.74374,356.29,0.78,0.78,2026-06-05,1658,N,nominal,2.0NRT,294.38,15.39,D
-16.02607,-49.95329,334.05,0.4,0.37,2026-06-05,1658,N,nominal,2.0NRT,302.01,4.21,D
-17.52322,-62.74552,367,0.78,0.78,2026-06-05,1658,N,high,2.0NRT,294.41,16.85,D
-15.57639,-47.56601,339.5,0.39,0.36,2026-06-05,1658,N,nominal,2.0NRT,304.13,5.08,D
-15.11256,-44.79959,341.47,0.5,0.41,2026-06-05,1658,N,nominal,2.0NRT,301.94,6.21,D
-15.57303,-47.56656,346.11,0.39,0.36,2026-06-05,1658,N,nominal,2.0NRT,298.67,6.61,D
-14.74411,-43.9386,336.04,0.56,0.43,2026-06-05,1658,N,nominal,2.0NRT,306.64,8.19,D
-16.60181,-58.23337,332.57,0.39,0.59,2026-06-05,1658,N,nominal,2.0NRT,298.04,3.65,D
-16.60223,-58.23715,330.91,0.39,0.59,2026-06-05,1658,N,nominal,2.0NRT,298.82,3.34,D
-16.59629,-58.23402,367,0.39,0.59,2026-06-05,1658,N,high,2.0NRT,304.83,32.99,D
-16.59669,-58.23779,344.57,0.39,0.59,2026-06-05,1658,N,nominal,2.0NRT,300.89,14.08,D
-15.17556,-48.26395,344.18,0.39,0.36,2026-06-05,1658,N,nominal,2.0NRT,306.98,4.5,D
-15.17223,-48.26449,338.11,0.39,0.36,2026-06-05,1658,N,nominal,2.0NRT,306.66,4.5,D
-15.17279,-48.26808,348.28,0.39,0.36,2026-06-05,1658,N,nominal,2.0NRT,307.46,7.96,D
-14.19484,-42.81013,367,0.45,0.47,2026-06-05,1658,N,high,2.0NRT,306.1,13.22,D
-14.1941,-42.80598,341.61,0.45,0.47,2026-06-05,1658,N,nominal,2.0NRT,303.91,7.46,D
-16.49664,-59.28568,331.69,0.46,0.63,2026-06-05,1658,N,nominal,2.0NRT,293.57,4.79,D
-16.49708,-59.28995,328.78,0.46,0.63,2026-06-05,1658,N,nominal,2.0NRT,292.82,3.31,D
-16.49705,-59.34754,367,0.46,0.63,2026-06-05,1658,N,high,2.0NRT,295.02,12.82,D
-16.49751,-59.35199,333.93,0.46,0.64,2026-06-05,1658,N,nominal,2.0NRT,291.16,4.6,D
-16.49797,-59.35646,338.54,0.46,0.64,2026-06-05,1658,N,nominal,2.0NRT,292.18,4.6,D
-16.48564,-59.35318,341.77,0.46,0.64,2026-06-05,1658,N,nominal,2.0NRT,294.89,4.23,D
-16.48609,-59.35767,336.74,0.46,0.64,2026-06-05,1658,N,nominal,2.0NRT,293.38,4.23,D
-16.55656,-60.67168,326.52,0.56,0.69,2026-06-05,1658,N,nominal,2.0NRT,295.45,3,D
-16.56574,-60.8312,327.63,0.58,0.69,2026-06-05,1658,N,nominal,2.0NRT,295.7,3.71,D
-16.63005,-62.26699,335.84,0.71,0.75,2026-06-05,1658,N,nominal,2.0NRT,294.83,7.91,D
-16.63366,-62.26889,340.31,0.71,0.75,2026-06-05,1658,N,nominal,2.0NRT,294.9,7.55,D
-16.35724,-59.5642,337.87,0.47,0.64,2026-06-05,1658,N,nominal,2.0NRT,294.66,3.97,D
-16.48258,-61.255,326.46,0.61,0.71,2026-06-05,1658,N,nominal,2.0NRT,295.12,4.87,D
-16.4837,-61.2668,338.12,0.61,0.71,2026-06-05,1658,N,nominal,2.0NRT,295.12,7.69,D
-16.48414,-61.56137,327.72,0.64,0.72,2026-06-05,1658,N,nominal,2.0NRT,293.67,5.51,D
-14.39675,-45.56791,341.61,0.47,0.39,2026-06-05,1658,N,nominal,2.0NRT,301.3,4.49,D
-14.39748,-45.57223,349.51,0.47,0.39,2026-06-05,1658,N,nominal,2.0NRT,304.64,9.12,D
-16.16695,-58.48875,327.67,0.4,0.6,2026-06-05,1658,N,low,2.0NRT,302.23,3.33,D
-14.39095,-45.57781,348.02,0.47,0.39,2026-06-05,1658,N,nominal,2.0NRT,304.11,10.91,D
-14.39168,-45.58212,352.08,0.47,0.39,2026-06-05,1658,N,nominal,2.0NRT,303.37,4.8,D
-14.39241,-45.58644,331,0.47,0.39,2026-06-05,1658,N,nominal,2.0NRT,299.59,4.8,D
-14.38878,-45.58707,332.5,0.47,0.39,2026-06-05,1658,N,nominal,2.0NRT,300.12,5.02,D
-16.15536,-58.48627,333.43,0.4,0.6,2026-06-05,1658,N,nominal,2.0NRT,299.98,6.64,D
-14.38075,-45.56178,367,0.47,0.39,2026-06-05,1658,N,high,2.0NRT,329.57,120.58,D
-16.15057,-58.49447,367,0.4,0.6,2026-06-05,1658,N,high,2.0NRT,299.08,11.05,D
-14.38515,-45.5877,343.42,0.47,0.39,2026-06-05,1658,N,nominal,2.0NRT,303.21,5.02,D
-16.15017,-58.49072,352.87,0.4,0.6,2026-06-05,1658,N,nominal,2.0NRT,297.86,6.64,D
-14.37711,-45.56241,355.16,0.47,0.39,2026-06-05,1658,N,nominal,2.0NRT,300.56,8.07,D
-16.14458,-58.49136,333.62,0.4,0.6,2026-06-05,1658,N,nominal,2.0NRT,298.02,5.61,D
-16.14497,-58.4951,356.28,0.4,0.6,2026-06-05,1658,N,nominal,2.0NRT,300.46,7.34,D
-14.37348,-45.56303,339.14,0.47,0.39,2026-06-05,1658,N,nominal,2.0NRT,306.06,8.07,D
-16.15679,-58.48587,327.63,0.4,0.6,2026-06-05,1658,N,low,2.0NRT,298.55,3.81,D
-16.15205,-58.49403,328.76,0.4,0.6,2026-06-05,1658,N,nominal,2.0NRT,298.32,9.08,D
-16.14646,-58.49464,367,0.4,0.6,2026-06-05,1658,N,high,2.0NRT,301.68,9.08,D
-16.14604,-58.49091,353.88,0.4,0.6,2026-06-05,1658,N,nominal,2.0NRT,298.15,16.06,D
-16.16784,-59.34012,327.93,0.45,0.63,2026-06-05,1658,N,nominal,2.0NRT,293.29,7.24,D
-13.76818,-42.6197,341.49,0.47,0.48,2026-06-05,1658,N,nominal,2.0NRT,300.68,8.77,D
-15.79713,-56.21943,335.41,0.56,0.51,2026-06-05,1658,N,nominal,2.0NRT,300.16,3.23,D
-15.79783,-56.22046,339.92,0.56,0.51,2026-06-05,1658,N,nominal,2.0NRT,300.26,5.21,D
-16.09809,-60.34912,328.79,0.53,0.67,2026-06-05,1658,N,nominal,2.0NRT,295.73,2.49,D
-16.16595,-61.1602,328.65,0.6,0.7,2026-06-05,1658,N,nominal,2.0NRT,296.23,5.13,D
-16.0817,-60.43894,339.68,0.54,0.68,2026-06-05,1658,N,nominal,2.0NRT,296.07,7.07,D
-16.04559,-60.39612,356.67,0.53,0.67,2026-06-05,1658,N,nominal,2.0NRT,297.99,7.29,D
-16.04609,-60.40123,340.62,0.53,0.67,2026-06-05,1658,N,nominal,2.0NRT,297.35,7.29,D
-16.0432,-60.39937,367,0.53,0.67,2026-06-05,1658,N,high,2.0NRT,296.82,7.36,D
-16.04267,-60.39426,336.07,0.53,0.67,2026-06-05,1658,N,nominal,2.0NRT,296.51,7.36,D
-14.55231,-49.11161,337.35,0.38,0.36,2026-06-05,1658,N,nominal,2.0NRT,307.7,2.22,D
-15.97439,-61.92146,367,0.67,0.73,2026-06-05,1658,N,high,2.0NRT,294.02,14.22,D
-15.97452,-61.91961,367,0.67,0.73,2026-06-05,1658,N,high,2.0NRT,294.55,22.44,D
-14.02905,-47.34637,343.93,0.4,0.37,2026-06-05,1658,N,nominal,2.0NRT,301.99,3.11,D
-14.02566,-47.34701,332.13,0.4,0.37,2026-06-05,1658,N,nominal,2.0NRT,300.82,3.11,D
-14.77328,-52.67484,349.64,0.5,0.41,2026-06-05,1658,N,nominal,2.0NRT,313.92,13.9,D
-14.76952,-52.67534,341.59,0.5,0.41,2026-06-05,1658,N,low,2.0NRT,314.94,39.3,D
-15.38539,-57.59589,367,0.34,0.56,2026-06-05,1658,N,high,2.0NRT,305.6,10.4,D
-15.38502,-57.59272,350.36,0.34,0.56,2026-06-05,1658,N,nominal,2.0NRT,304.2,11.99,D
-15.3798,-57.59332,332.93,0.34,0.56,2026-06-05,1658,N,nominal,2.0NRT,301.38,4.32,D
-13.39492,-43.97291,345.29,0.39,0.44,2026-06-05,1658,N,nominal,2.0NRT,306.89,7.42,D
-15.61621,-60.49497,367,0.53,0.67,2026-06-05,1658,N,high,2.0NRT,296.8,14.59,D
-15.60911,-60.55282,332.4,0.54,0.68,2026-06-05,1658,N,nominal,2.0NRT,295.31,5.05,D
-15.60962,-60.55801,337.42,0.54,0.68,2026-06-05,1658,N,nominal,2.0NRT,295.2,5.05,D
-14.59341,-51.99946,334.81,0.46,0.39,2026-06-05,1658,N,low,2.0NRT,306.81,2.08,D
-13.95956,-47.81296,333.14,0.39,0.37,2026-06-05,1658,N,low,2.0NRT,304.07,6.41,D
-14.58678,-52.00474,336.66,0.46,0.39,2026-06-05,1658,N,nominal,2.0NRT,305.55,8.18,D
-15.61391,-60.49865,367,0.53,0.67,2026-06-05,1658,N,high,2.0NRT,295.02,11.93,D
-15.61337,-60.49349,349.56,0.53,0.67,2026-06-05,1658,N,nominal,2.0NRT,296.26,16.37,D
-15.6135,-60.55567,348.91,0.54,0.68,2026-06-05,1658,N,nominal,2.0NRT,296.57,9.42,D
-13.64921,-47.72253,367,0.4,0.37,2026-06-05,1658,N,high,2.0NRT,310.27,15.98,D
-12.92993,-43.61928,337.62,0.42,0.45,2026-06-05,1658,N,nominal,2.0NRT,304.84,3.17,D
-14.35631,-53.05213,355.49,0.51,0.41,2026-06-05,1658,N,nominal,2.0NRT,305.46,14.43,D
-14.33423,-53.20779,336.08,0.52,0.42,2026-06-05,1658,N,nominal,2.0NRT,305.13,5.68,D
-14.43166,-53.98451,367,0.39,0.44,2026-06-05,1658,N,high,2.0NRT,308.16,19.41,D
-14.3335,-53.2109,334.51,0.52,0.42,2026-06-05,1658,N,nominal,2.0NRT,305.47,6.58,D
-14.43189,-53.98509,356.87,0.39,0.44,2026-06-05,1658,N,nominal,2.0NRT,308.33,18.53,D
-14.27875,-53.01298,341.69,0.51,0.41,2026-06-05,1658,N,nominal,2.0NRT,304.16,6.87,D
-14.27494,-53.0135,346.5,0.51,0.41,2026-06-05,1658,N,nominal,2.0NRT,301.98,6.87,D
-14.32102,-53.37794,330.23,0.53,0.42,2026-06-05,1658,N,nominal,2.0NRT,303.14,2.16,D
-12.97177,-44.79536,333.3,0.53,0.42,2026-06-05,1658,N,nominal,2.0NRT,301.56,2.88,D
-14.25472,-53.26694,335.55,0.53,0.42,2026-06-05,1658,N,low,2.0NRT,305.91,3.53,D
-14.2478,-53.36317,336.36,0.53,0.42,2026-06-05,1658,N,nominal,2.0NRT,303.35,7.61,D
-14.24727,-53.36597,345.29,0.53,0.42,2026-06-05,1658,N,nominal,2.0NRT,301.53,6.84,D
-14.62331,-58.67655,367,0.39,0.6,2026-06-05,1658,N,high,2.0NRT,299.84,15.65,D
-14.62375,-58.68048,367,0.39,0.6,2026-06-05,1658,N,high,2.0NRT,299.19,11.37,D
-14.62542,-58.69529,367,0.4,0.6,2026-06-05,1658,N,high,2.0NRT,301.71,54.49,D
-14.62286,-58.67254,345.05,0.39,0.6,2026-06-05,1658,N,nominal,2.0NRT,298.19,15.65,D
-14.62418,-58.6843,335.77,0.39,0.6,2026-06-05,1658,N,nominal,2.0NRT,298.45,11.37,D
-14.6246,-58.68805,337.89,0.39,0.6,2026-06-05,1658,N,nominal,2.0NRT,298.04,16.77,D
-14.62501,-58.69169,349.98,0.39,0.6,2026-06-05,1658,N,nominal,2.0NRT,298.8,16.77,D
-14.62581,-58.69878,208,0.4,0.6,2026-06-05,1658,N,low,2.0NRT,317.74,54.49,D
-14.62022,-58.69912,367,0.4,0.6,2026-06-05,1658,N,high,2.0NRT,299.15,54.49,D
-14.6206,-58.70253,367,0.4,0.6,2026-06-05,1658,N,high,2.0NRT,295.35,44.06,D
-14.61983,-58.69569,345.06,0.4,0.6,2026-06-05,1658,N,nominal,2.0NRT,299.67,54.49,D
-14.61425,-58.69612,367,0.4,0.6,2026-06-05,1658,N,high,2.0NRT,297.62,8.31,D
-14.61216,-58.6774,337.32,0.39,0.6,2026-06-05,1658,N,nominal,2.0NRT,294.71,6.23,D
-14.61259,-58.68128,337.52,0.39,0.6,2026-06-05,1658,N,nominal,2.0NRT,296.63,5.31,D
-14.61302,-58.68514,339.89,0.39,0.6,2026-06-05,1658,N,nominal,2.0NRT,296.91,5.31,D
-14.61345,-58.68891,336.63,0.39,0.6,2026-06-05,1658,N,nominal,2.0NRT,298.02,6.48,D
-14.61385,-58.69255,332.35,0.39,0.6,2026-06-05,1658,N,nominal,2.0NRT,297.55,6.48,D
-14.61464,-58.69957,346.22,0.4,0.6,2026-06-05,1658,N,nominal,2.0NRT,292.22,8.31,D
-14.61502,-58.70302,328.66,0.4,0.6,2026-06-05,1658,N,nominal,2.0NRT,290.56,3.85,D
-14.59825,-58.85884,328.28,0.41,0.6,2026-06-05,1658,N,nominal,2.0NRT,297.15,6.65,D
-14.59532,-58.85951,329.78,0.4,0.6,2026-06-05,1658,N,nominal,2.0NRT,296.66,3.97,D
-14.59576,-58.86329,330.43,0.4,0.6,2026-06-05,1658,N,nominal,2.0NRT,296.49,3.97,D
-13.93713,-53.89512,334.45,0.57,0.43,2026-06-05,1658,N,low,2.0NRT,305.39,7.34,D
-13.93386,-53.90107,338.62,0.57,0.43,2026-06-05,1658,N,nominal,2.0NRT,307.11,7.55,D
-13.78158,-52.80676,338.05,0.49,0.4,2026-06-05,1658,N,nominal,2.0NRT,310.34,4.97,D
-13.77785,-52.8073,335.23,0.49,0.4,2026-06-05,1658,N,nominal,2.0NRT,307.12,4.97,D
-12.92737,-47.8844,338.87,0.4,0.37,2026-06-05,1658,N,nominal,2.0NRT,311.09,5.08,D
-12.92399,-47.88495,339.18,0.4,0.37,2026-06-05,1658,N,nominal,2.0NRT,311.2,10.4,D
-12.92458,-47.88864,349.72,0.4,0.37,2026-06-05,1658,N,nominal,2.0NRT,317.04,12.62,D
-14.39278,-58.81128,345.59,0.4,0.6,2026-06-05,1658,N,nominal,2.0NRT,300.5,17.02,D
-14.39319,-58.81495,356.21,0.4,0.6,2026-06-05,1658,N,nominal,2.0NRT,301.78,15.27,D
-14.38598,-58.80087,367,0.4,0.6,2026-06-05,1658,N,high,2.0NRT,300.81,27.25,D
-14.3872,-58.81193,367,0.4,0.6,2026-06-05,1658,N,high,2.0NRT,300.78,17.02,D
-12.92061,-47.88551,332.5,0.4,0.37,2026-06-05,1658,N,nominal,2.0NRT,302.33,10.4,D
-12.9212,-47.88919,336.85,0.4,0.37,2026-06-05,1658,N,nominal,2.0NRT,302.35,12.62,D
-14.38639,-58.80456,342.2,0.4,0.6,2026-06-05,1658,N,nominal,2.0NRT,300.6,27.25,D
-14.38679,-58.80825,348.19,0.4,0.6,2026-06-05,1658,N,nominal,2.0NRT,297.36,17.02,D
-14.3876,-58.81561,340.17,0.4,0.6,2026-06-05,1658,N,nominal,2.0NRT,296.56,15.27,D
-14.21911,-57.41778,332.3,0.32,0.55,2026-06-05,1658,N,nominal,2.0NRT,299.01,2.49,D
-14.39518,-58.81509,367,0.4,0.6,2026-06-05,1658,N,high,2.0NRT,298.84,10.72,D
-14.39475,-58.81141,343.59,0.4,0.6,2026-06-05,1658,N,nominal,2.0NRT,298.71,11.29,D
-14.38787,-58.80104,367,0.4,0.6,2026-06-05,1658,N,high,2.0NRT,300.99,13.51,D
-14.38917,-58.81205,367,0.4,0.6,2026-06-05,1658,N,high,2.0NRT,304.43,21.7,D
-14.3896,-58.81572,367,0.4,0.6,2026-06-05,1658,N,high,2.0NRT,297.64,17.56,D
-14.38831,-58.80471,356.06,0.4,0.6,2026-06-05,1658,N,nominal,2.0NRT,299.93,13.51,D
-14.38874,-58.80838,347.26,0.4,0.6,2026-06-05,1658,N,nominal,2.0NRT,299.27,21.7,D
-14.21633,-57.4198,367,0.32,0.55,2026-06-05,1658,N,high,2.0NRT,306.4,6.59,D
-14.2167,-57.42278,367,0.32,0.55,2026-06-05,1658,N,high,2.0NRT,304.31,6.59,D
-14.38229,-58.80159,367,0.4,0.6,2026-06-05,1658,N,high,2.0NRT,296.43,13.51,D
-14.21596,-57.41681,338.2,0.32,0.55,2026-06-05,1658,N,nominal,2.0NRT,300.11,5.73,D
-14.38272,-58.80527,357.69,0.4,0.6,2026-06-05,1658,N,nominal,2.0NRT,294.68,13.51,D
-14.21161,-57.42329,334.35,0.32,0.55,2026-06-05,1658,N,nominal,2.0NRT,305.96,7.36,D
-14.21197,-57.42628,339.67,0.32,0.55,2026-06-05,1658,N,nominal,2.0NRT,306.07,5.99,D
-12.20344,-43.86937,340.33,0.41,0.45,2026-06-05,1658,N,nominal,2.0NRT,299.84,3.01,D
-14.32614,-58.75521,343.69,0.4,0.6,2026-06-05,1658,N,nominal,2.0NRT,297.61,4.51,D
-14.32057,-58.75576,344.31,0.4,0.6,2026-06-05,1658,N,nominal,2.0NRT,296.27,4.51,D
-14.32099,-58.75941,341.66,0.4,0.6,2026-06-05,1658,N,nominal,2.0NRT,298.11,4.51,D
-14.30945,-58.757,367,0.4,0.6,2026-06-05,1658,N,high,2.0NRT,300.61,14.68,D
-14.29684,-58.64566,334.31,0.39,0.59,2026-06-05,1658,N,nominal,2.0NRT,293.64,3.41,D
-14.31028,-58.76439,354.02,0.4,0.6,2026-06-05,1658,N,nominal,2.0NRT,295.49,11.76,D
-14.26439,-58.40918,367,0.37,0.58,2026-06-05,1658,N,high,2.0NRT,323.95,45.38,D
-14.30346,-58.75381,367,0.39,0.6,2026-06-05,1658,N,high,2.0NRT,302.92,16.34,D
-14.26397,-58.40556,341.09,0.37,0.58,2026-06-05,1658,N,nominal,2.0NRT,297.62,56.85,D
-14.2648,-58.41279,344.29,0.37,0.58,2026-06-05,1658,N,nominal,2.0NRT,298.6,45.38,D
-14.30263,-58.7464,329.31,0.39,0.6,2026-06-05,1658,N,low,2.0NRT,299.62,9.63,D
-14.30304,-58.75009,345.55,0.39,0.6,2026-06-05,1658,N,nominal,2.0NRT,302.55,16.34,D
-14.30388,-58.75753,354.52,0.4,0.6,2026-06-05,1658,N,nominal,2.0NRT,300.87,24.73,D
-14.25896,-58.40988,330.55,0.37,0.58,2026-06-05,1658,N,nominal,2.0NRT,301.68,45.38,D
-14.28783,-58.71478,367,0.39,0.59,2026-06-05,1658,N,high,2.0NRT,300.67,17.7,D
-14.2423,-58.40844,329.7,0.37,0.58,2026-06-05,1658,N,nominal,2.0NRT,294.46,1.98,D
-14.28149,-58.80953,367,0.4,0.6,2026-06-05,1658,N,high,2.0NRT,301.8,19.05,D
-14.2819,-58.81327,367,0.4,0.6,2026-06-05,1658,N,high,2.0NRT,302.7,18.41,D
-14.28231,-58.81699,354.27,0.4,0.6,2026-06-05,1658,N,nominal,2.0NRT,305.53,18.41,D
-14.28272,-58.82071,340.54,0.4,0.6,2026-06-05,1658,N,nominal,2.0NRT,299.86,7.71,D
-14.27674,-58.81768,367,0.4,0.6,2026-06-05,1658,N,high,2.0NRT,298.59,9.77,D
-14.23147,-58.40995,340.97,0.37,0.58,2026-06-05,1658,N,nominal,2.0NRT,291.12,7.69,D
-14.22645,-58.4142,367,0.37,0.58,2026-06-05,1658,N,high,2.0NRT,296.47,102.94,D
-14.22605,-58.41068,351.78,0.37,0.58,2026-06-05,1658,N,nominal,2.0NRT,299.88,7.69,D
-14.22723,-58.4212,341.46,0.37,0.58,2026-06-05,1658,N,nominal,2.0NRT,288.53,14.96,D
-12.527,-46.27974,337.1,0.45,0.39,2026-06-05,1658,N,nominal,2.0NRT,305.76,5.28,D
-12.52208,-46.27219,333.81,0.46,0.39,2026-06-05,1658,N,nominal,2.0NRT,303.21,8.2,D
-12.51917,-46.27699,331.03,0.45,0.39,2026-06-05,1658,N,low,2.0NRT,305.08,3.36,D
-12.51496,-46.27386,335.65,0.46,0.39,2026-06-05,1658,N,nominal,2.0NRT,304.09,3.36,D
-14.28279,-58.8113,367,0.4,0.6,2026-06-05,1658,N,high,2.0NRT,303.22,14.28,D
-14.28323,-58.81503,367,0.4,0.6,2026-06-05,1658,N,high,2.0NRT,304.76,14.28,D
-12.51138,-46.27457,353.94,0.46,0.39,2026-06-05,1658,N,nominal,2.0NRT,308.37,11.66,D
-12.51267,-46.28242,341.55,0.45,0.39,2026-06-05,1658,N,nominal,2.0NRT,307.7,7.87,D
-12.51334,-46.2865,335.25,0.45,0.39,2026-06-05,1658,N,nominal,2.0NRT,302.69,7.87,D
-14.28234,-58.80757,342.41,0.4,0.6,2026-06-05,1658,N,nominal,2.0NRT,297.39,9.73,D
-14.28366,-58.81874,342.45,0.4,0.6,2026-06-05,1658,N,nominal,2.0NRT,302.47,10.34,D
-14.27765,-58.81571,367,0.4,0.6,2026-06-05,1658,N,high,2.0NRT,300.5,14.28,D
-12.50842,-46.27898,347.86,0.45,0.39,2026-06-05,1658,N,nominal,2.0NRT,304.79,11.66,D
-12.50908,-46.28303,340.91,0.45,0.39,2026-06-05,1658,N,nominal,2.0NRT,305.04,7.87,D
-12.50975,-46.28712,340.56,0.45,0.39,2026-06-05,1658,N,nominal,2.0NRT,306.71,7.87,D
-14.22949,-58.40894,340.94,0.37,0.58,2026-06-05,1658,N,nominal,2.0NRT,293.52,5.51,D
-14.22991,-58.41248,336.75,0.37,0.58,2026-06-05,1658,N,nominal,2.0NRT,291.12,3.32,D
-14.27809,-58.81942,346.38,0.4,0.6,2026-06-05,1658,N,nominal,2.0NRT,298.49,10.34,D
-14.22449,-58.41317,367,0.37,0.58,2026-06-05,1658,N,high,2.0NRT,301.37,50.02,D
-12.50549,-46.28363,334.11,0.45,0.39,2026-06-05,1658,N,nominal,2.0NRT,302.74,22.78,D
-12.50616,-46.28773,334.16,0.45,0.39,2026-06-05,1658,N,nominal,2.0NRT,307.97,22.78,D
-14.2249,-58.41666,355.17,0.37,0.58,2026-06-05,1658,N,nominal,2.0NRT,323.25,50.02,D
-14.22574,-58.42367,331.39,0.37,0.58,2026-06-05,1658,N,nominal,2.0NRT,293.55,74.86,D
-14.22532,-58.42014,208,0.37,0.58,2026-06-05,1658,N,low,2.0NRT,306.04,74.86,D
-14.21948,-58.41732,367,0.37,0.58,2026-06-05,1658,N,high,2.0NRT,301.95,50.02,D
-14.21907,-58.41386,333.96,0.37,0.58,2026-06-05,1658,N,nominal,2.0NRT,297.77,50.02,D
-12.5043,-46.34386,339.77,0.45,0.39,2026-06-05,1658,N,nominal,2.0NRT,308.11,6.71,D
-14.221,-58.91421,367,0.4,0.6,2026-06-05,1658,N,high,2.0NRT,293.39,7.75,D
-14.22014,-58.9066,329.01,0.4,0.6,2026-06-05,1658,N,nominal,2.0NRT,291.36,6.85,D
-14.22057,-58.9104,336.87,0.4,0.6,2026-06-05,1658,N,nominal,2.0NRT,292.02,7.75,D
-14.21284,-58.89218,367,0.4,0.6,2026-06-05,1658,N,high,2.0NRT,299.72,18.44,D
-14.21412,-58.90353,367,0.4,0.6,2026-06-05,1658,N,high,2.0NRT,298.53,20.48,D
-14.21455,-58.90733,367,0.4,0.6,2026-06-05,1658,N,high,2.0NRT,297.63,20.48,D
-14.21497,-58.91113,367,0.4,0.6,2026-06-05,1658,N,high,2.0NRT,299.41,71.55,D
-14.21242,-58.8884,329.25,0.4,0.6,2026-06-05,1658,N,nominal,2.0NRT,294.99,18.44,D
-14.21327,-58.89594,354.78,0.4,0.6,2026-06-05,1658,N,nominal,2.0NRT,303.3,28.55,D
-14.21369,-58.89973,354.86,0.4,0.6,2026-06-05,1658,N,nominal,2.0NRT,301.02,28.55,D
-14.21582,-58.91866,352.51,0.4,0.6,2026-06-05,1658,N,nominal,2.0NRT,282.61,27.71,D
-14.2081,-58.90045,327.59,0.4,0.6,2026-06-05,1658,N,nominal,2.0NRT,296.31,28.55,D
-14.20979,-58.91553,335.94,0.4,0.6,2026-06-05,1658,N,nominal,2.0NRT,289.92,71.55,D
-14.20292,-58.90487,328.07,0.4,0.6,2026-06-05,1658,N,low,2.0NRT,299.63,4.99,D
-11.9514,-43.40019,334.95,0.45,0.47,2026-06-05,1658,N,low,2.0NRT,305.02,6.83,D
-14.1973,-58.90538,328.94,0.4,0.6,2026-06-05,1658,N,low,2.0NRT,298.99,4.99,D
-12.65924,-47.67105,340.87,0.4,0.37,2026-06-05,1658,N,nominal,2.0NRT,309.16,7.66,D
-12.94362,-49.82191,335.48,0.39,0.36,2026-06-05,1658,N,nominal,2.0NRT,306.92,4.2,D
-12.09446,-45.36697,337.23,0.51,0.41,2026-06-05,1658,N,nominal,2.0NRT,305.01,4.51,D
-13.92246,-58.25179,333.44,0.36,0.57,2026-06-05,1658,N,nominal,2.0NRT,295.36,5.21,D
-12.44955,-47.8018,332.23,0.4,0.37,2026-06-05,1658,N,nominal,2.0NRT,301.6,1.98,D
-12.51671,-48.27406,344.13,0.39,0.36,2026-06-05,1658,N,nominal,2.0NRT,310.65,3.45,D
-12.00557,-45.34224,348.43,0.51,0.41,2026-06-05,1658,N,nominal,2.0NRT,311.28,15.31,D
-12.00636,-45.34695,353.09,0.51,0.41,2026-06-05,1658,N,nominal,2.0NRT,308.92,16.18,D
-12.00177,-45.3429,348.05,0.51,0.41,2026-06-05,1658,N,nominal,2.0NRT,313.49,37.98,D
-12.00257,-45.34761,351.11,0.51,0.41,2026-06-05,1658,N,nominal,2.0NRT,309.64,32.33,D
-12.06468,-45.94426,341.83,0.48,0.4,2026-06-05,1658,N,nominal,2.0NRT,302.76,7.63,D
-12.03514,-45.8814,350.38,0.48,0.4,2026-06-05,1658,N,nominal,2.0NRT,300.72,6.88,D
-12.03589,-45.88581,336.32,0.48,0.4,2026-06-05,1658,N,nominal,2.0NRT,299.86,3.1,D
-12.03221,-45.88646,342.64,0.48,0.4,2026-06-05,1658,N,nominal,2.0NRT,306.47,6.76,D
-12.03334,-45.88507,367,0.48,0.4,2026-06-05,1658,N,high,2.0NRT,307.01,10.26,D
-12.03261,-45.88065,333.9,0.48,0.4,2026-06-05,1658,N,nominal,2.0NRT,302.85,4,D
-13.31632,-54.68549,334.52,0.41,0.45,2026-06-05,1658,N,nominal,2.0NRT,303.99,3.56,D
-12.42343,-48.72295,348.41,0.39,0.36,2026-06-05,1700,N,nominal,2.0NRT,309.89,6.11,D
-13.49924,-56.56889,352.95,0.55,0.51,2026-06-05,1700,N,nominal,2.0NRT,305.89,24.47,D
-13.4945,-56.56947,343.77,0.55,0.51,2026-06-05,1700,N,nominal,2.0NRT,302.9,8.89,D
-11.68596,-44.85327,337.78,0.55,0.43,2026-06-05,1700,N,nominal,2.0NRT,303.03,13.67,D
-11.68378,-44.86412,337.86,0.55,0.43,2026-06-05,1700,N,nominal,2.0NRT,307.64,41.01,D
-12.07493,-47.36196,351.67,0.42,0.37,2026-06-05,1700,N,nominal,2.0NRT,304.9,5.65,D
-12.06679,-47.35543,346.76,0.42,0.37,2026-06-05,1700,N,nominal,2.0NRT,302.68,9.59,D
-12.06459,-47.36369,331.76,0.42,0.37,2026-06-05,1700,N,low,2.0NRT,302.68,2.79,D
-11.61837,-45.18645,338.2,0.53,0.42,2026-06-05,1700,N,low,2.0NRT,308.47,8.46,D
-11.92948,-47.2757,347.28,0.42,0.38,2026-06-05,1700,N,nominal,2.0NRT,305.8,7.32,D
-11.9934,-47.76694,339.88,0.41,0.37,2026-06-05,1700,N,nominal,2.0NRT,308.42,3.64,D
-11.99399,-47.77067,334.69,0.41,0.37,2026-06-05,1700,N,low,2.0NRT,308.09,4.18,D
-12.40758,-50.75986,332.92,0.4,0.37,2026-06-05,1700,N,nominal,2.0NRT,301.54,0.16,D
-13.65385,-60.63341,333.07,0.52,0.67,2026-06-05,1700,N,nominal,2.0NRT,295.51,4.07,D
-13.65485,-60.63125,332.77,0.52,0.66,2026-06-05,1700,N,nominal,2.0NRT,297.06,7.87,D
-11.82148,-47.50174,330.47,0.41,0.37,2026-06-05,1700,N,low,2.0NRT,304.63,2.4,D
-11.81804,-47.5023,332.65,0.41,0.37,2026-06-05,1700,N,nominal,2.0NRT,301.67,2.4,D
-12.73864,-54.19438,349.15,0.57,0.43,2026-06-05,1700,N,nominal,2.0NRT,309.71,15.46,D
-12.73533,-54.20023,354.52,0.57,0.43,2026-06-05,1700,N,nominal,2.0NRT,310.07,15.46,D
-12.73602,-54.20554,345.1,0.57,0.43,2026-06-05,1700,N,nominal,2.0NRT,308.45,9.79,D
-12.73787,-54.19621,355.7,0.57,0.43,2026-06-05,1700,N,nominal,2.0NRT,310.14,21.11,D
-12.73861,-54.20151,333.31,0.57,0.43,2026-06-05,1700,N,low,2.0NRT,307.56,9.02,D
-12.73461,-54.20208,353.78,0.57,0.43,2026-06-05,1700,N,nominal,2.0NRT,309.27,9.02,D
-12.73534,-54.20737,344.21,0.57,0.43,2026-06-05,1700,N,nominal,2.0NRT,308.09,9.02,D
-12.72988,-54.19736,367,0.57,0.43,2026-06-05,1700,N,high,2.0NRT,310.15,26.69,D
-12.73134,-54.20797,330.8,0.57,0.43,2026-06-05,1700,N,low,2.0NRT,305.35,10.05,D
-12.72661,-54.20328,356.23,0.57,0.43,2026-06-05,1700,N,nominal,2.0NRT,306.28,10.05,D
-12.80821,-54.86314,342.11,0.42,0.45,2026-06-05,1700,N,nominal,2.0NRT,308.1,4.14,D
-12.80873,-54.86699,331.1,0.42,0.45,2026-06-05,1700,N,low,2.0NRT,305.62,4.14,D
-13.55345,-61.96468,336.87,0.63,0.72,2026-06-05,1700,N,nominal,2.0NRT,292.54,7.32,D
-11.47588,-47.34658,335.16,0.42,0.38,2026-06-05,1700,N,low,2.0NRT,305.55,5.71,D
-12.53044,-54.73837,367,0.41,0.45,2026-06-05,1700,N,high,2.0NRT,309.45,14.41,D
-12.52944,-54.73087,344.46,0.41,0.45,2026-06-05,1700,N,nominal,2.0NRT,307.17,17.9,D
-12.52994,-54.73462,354.39,0.41,0.45,2026-06-05,1700,N,nominal,2.0NRT,308.04,17.9,D
-12.53094,-54.74213,349.18,0.41,0.45,2026-06-05,1700,N,nominal,2.0NRT,304.57,14.41,D
-12.53144,-54.74588,355.18,0.41,0.45,2026-06-05,1700,N,nominal,2.0NRT,304.66,5.69,D
-12.5268,-54.74266,367,0.41,0.45,2026-06-05,1700,N,high,2.0NRT,302.95,14.41,D
-12.52531,-54.73141,343.9,0.41,0.45,2026-06-05,1700,N,nominal,2.0NRT,303.96,17.9,D
-12.5258,-54.73515,353.89,0.41,0.45,2026-06-05,1700,N,nominal,2.0NRT,310.26,17.9,D
-12.5263,-54.7389,342.89,0.41,0.45,2026-06-05,1700,N,nominal,2.0NRT,305.61,14.41,D
-12.5273,-54.74642,332.95,0.41,0.45,2026-06-05,1700,N,nominal,2.0NRT,301.31,5.69,D
-12.09839,-51.99753,346.81,0.43,0.38,2026-06-05,1700,N,nominal,2.0NRT,306.69,25.36,D
-12.09897,-52.00154,354.44,0.43,0.38,2026-06-05,1700,N,nominal,2.0NRT,311.47,25.36,D
-12.09487,-51.99806,367,0.43,0.38,2026-06-05,1700,N,high,2.0NRT,310.35,36.43,D
-12.09428,-51.99406,336.7,0.43,0.38,2026-06-05,1700,N,nominal,2.0NRT,305.94,9.8,D
-12.09545,-52.00207,356.45,0.43,0.38,2026-06-05,1700,N,nominal,2.0NRT,311.7,36.43,D
-12.09603,-52.00608,350.12,0.43,0.38,2026-06-05,1700,N,nominal,2.0NRT,313.18,41.23,D
-12.09662,-52.01009,356.83,0.43,0.38,2026-06-05,1700,N,nominal,2.0NRT,306.61,41.23,D
-12.0972,-52.0141,331.96,0.43,0.38,2026-06-05,1700,N,nominal,2.0NRT,297.92,4.83,D
-10.52068,-42.37008,337.34,0.55,0.51,2026-06-05,1700,N,nominal,2.0NRT,294.92,7.69,D
-10.99272,-45.13865,355.02,0.54,0.42,2026-06-05,1700,N,nominal,2.0NRT,302.46,12.67,D
-10.98882,-45.13933,334.99,0.54,0.42,2026-06-05,1700,N,nominal,2.0NRT,295.52,12.67,D
-12.36644,-54.16524,344.36,0.56,0.43,2026-06-05,1700,N,nominal,2.0NRT,306.43,40.2,D
-10.79033,-44.03114,354.47,0.43,0.46,2026-06-05,1700,N,nominal,2.0NRT,308.73,60.22,D
-12.24875,-53.36727,330.33,0.5,0.41,2026-06-05,1700,N,nominal,2.0NRT,298.11,3.73,D
-12.2494,-53.37192,334.58,0.5,0.41,2026-06-05,1700,N,nominal,2.0NRT,299.3,3.73,D
-10.78613,-44.03189,333.37,0.43,0.46,2026-06-05,1700,N,nominal,2.0NRT,295.52,6.1,D
-12.24497,-53.36781,338.4,0.5,0.41,2026-06-05,1700,N,nominal,2.0NRT,300.48,7.74,D
-12.24561,-53.37246,339.09,0.5,0.41,2026-06-05,1700,N,nominal,2.0NRT,298.99,7.74,D
-13.43192,-63.50216,367,0.79,0.78,2026-06-05,1700,N,high,2.0NRT,291.79,17.94,D
-13.43266,-63.50977,367,0.79,0.78,2026-06-05,1700,N,high,2.0NRT,290.59,17.94,D
-10.99988,-45.6382,353.03,0.51,0.41,2026-06-05,1700,N,nominal,2.0NRT,307.06,9.75,D
-13.43228,-63.5037,367,0.79,0.78,2026-06-05,1700,N,high,2.0NRT,291.15,30.61,D
-13.43307,-63.51129,351.44,0.79,0.78,2026-06-05,1700,N,nominal,2.0NRT,290.4,17.5,D
-11.26451,-47.31044,330.11,0.43,0.38,2026-06-05,1700,N,nominal,2.0NRT,300.45,3.09,D
-12.15487,-53.43621,330.08,0.51,0.41,2026-06-05,1700,N,nominal,2.0NRT,302.03,4.57,D
-12.14814,-54.65118,348.76,0.4,0.44,2026-06-05,1700,N,nominal,2.0NRT,306.19,6.68,D
-12.14865,-54.65487,332.27,0.4,0.44,2026-06-05,1700,N,nominal,2.0NRT,299.13,3.44,D
-12.14405,-54.65176,335.59,0.4,0.44,2026-06-05,1700,N,nominal,2.0NRT,296.24,6.68,D
-11.00281,-47.0284,337.92,0.44,0.38,2026-06-05,1700,N,low,2.0NRT,308.89,5.49,D
-10.99509,-47.02551,335.91,0.44,0.38,2026-06-05,1700,N,nominal,2.0NRT,304.06,2.91,D
-10.99574,-47.02952,336.26,0.44,0.38,2026-06-05,1700,N,nominal,2.0NRT,301.38,2.91,D
-10.97594,-46.92953,337.67,0.44,0.39,2026-06-05,1700,N,nominal,2.0NRT,307.4,2.79,D
-10.9766,-46.93357,339.65,0.44,0.39,2026-06-05,1700,N,nominal,2.0NRT,306.22,2.79,D
-10.99221,-47.03009,335.29,0.44,0.38,2026-06-05,1700,N,low,2.0NRT,307.64,2.91,D
-10.99286,-47.03415,333.84,0.44,0.38,2026-06-05,1700,N,low,2.0NRT,305.92,2.8,D
-10.98673,-47.01863,335.73,0.44,0.38,2026-06-05,1700,N,low,2.0NRT,308.05,41.46,D
-10.98319,-47.0192,341.57,0.44,0.38,2026-06-05,1700,N,nominal,2.0NRT,315.56,41.46,D
-10.96857,-46.9514,340.91,0.44,0.38,2026-06-05,1700,N,nominal,2.0NRT,309.04,3.92,D
-10.9712,-46.96758,345.08,0.44,0.38,2026-06-05,1700,N,nominal,2.0NRT,307.74,6.49,D
-10.97185,-46.97162,336.07,0.44,0.38,2026-06-05,1700,N,nominal,2.0NRT,305.83,3.04,D
-10.98031,-47.0238,333.61,0.44,0.38,2026-06-05,1700,N,nominal,2.0NRT,300.51,3.98,D
-10.95914,-46.91577,336.08,0.44,0.39,2026-06-05,1700,N,low,2.0NRT,309.78,4.6,D
-10.96437,-46.94796,335.34,0.44,0.38,2026-06-05,1700,N,low,2.0NRT,306.39,3.92,D
-10.96897,-46.97624,331.3,0.44,0.38,2026-06-05,1700,N,low,2.0NRT,306.26,3.04,D
-10.96962,-46.98029,339.22,0.44,0.38,2026-06-05,1700,N,nominal,2.0NRT,304.3,3.05,D
-10.97028,-46.98431,334.03,0.44,0.38,2026-06-05,1700,N,low,2.0NRT,304.17,3.05,D
-11.15092,-48.11109,338.08,0.4,0.37,2026-06-05,1700,N,low,2.0NRT,308.35,3.44,D
-10.95559,-46.91635,342.27,0.44,0.39,2026-06-05,1700,N,nominal,2.0NRT,306.82,5.68,D
-10.96674,-46.98491,340.76,0.44,0.38,2026-06-05,1700,N,nominal,2.0NRT,301.11,6.06,D
-10.9632,-46.9855,346.9,0.44,0.38,2026-06-05,1700,N,nominal,2.0NRT,299.08,6.06,D
-10.96386,-46.98952,334.5,0.44,0.38,2026-06-05,1700,N,low,2.0NRT,307.84,2.63,D
-10.9645,-46.9935,338.04,0.44,0.38,2026-06-05,1700,N,nominal,2.0NRT,306.83,2.63,D
-10.95636,-46.96579,343.45,0.44,0.38,2026-06-05,1700,N,nominal,2.0NRT,298.45,2.73,D
-10.95701,-46.9698,337,0.44,0.38,2026-06-05,1700,N,nominal,2.0NRT,301.35,2.73,D
-10.96097,-46.99409,346.08,0.44,0.38,2026-06-05,1700,N,nominal,2.0NRT,308.63,15.62,D
-10.95743,-46.99464,337.41,0.44,0.38,2026-06-05,1700,N,nominal,2.0NRT,302.08,15.62,D
-10.94467,-46.93876,340.22,0.44,0.39,2026-06-05,1700,N,nominal,2.0NRT,305.82,2.97,D
-10.94993,-46.97099,349.8,0.44,0.38,2026-06-05,1700,N,nominal,2.0NRT,304.16,7.98,D
-10.95059,-46.975,349.14,0.44,0.38,2026-06-05,1700,N,nominal,2.0NRT,305.2,15.03,D
-10.94111,-46.9393,337.97,0.44,0.39,2026-06-05,1700,N,nominal,2.0NRT,307.97,2.97,D
-10.94128,-46.98479,337.63,0.44,0.38,2026-06-05,1700,N,nominal,2.0NRT,298.4,5.59,D
-10.94194,-46.98882,348.29,0.44,0.38,2026-06-05,1700,N,nominal,2.0NRT,308.52,5.59,D
-10.94261,-46.99288,341.69,0.44,0.38,2026-06-05,1700,N,nominal,2.0NRT,307.54,6.41,D
-10.94392,-47.0009,337.84,0.44,0.38,2026-06-05,1700,N,nominal,2.0NRT,304.34,5.28,D
-10.93972,-46.99746,367,0.44,0.38,2026-06-05,1700,N,high,2.0NRT,305.26,54.65,D
-10.9384,-46.98938,355.23,0.44,0.38,2026-06-05,1700,N,nominal,2.0NRT,315.56,25.35,D
-10.94037,-47.00145,356.78,0.44,0.38,2026-06-05,1700,N,nominal,2.0NRT,309.86,41.45,D
-10.93906,-46.99343,367,0.44,0.38,2026-06-05,1700,N,low,2.0NRT,335.5,54.65,D
-10.93486,-46.98998,351.55,0.44,0.38,2026-06-05,1700,N,nominal,2.0NRT,303.7,25.35,D
-10.93552,-46.994,355.63,0.44,0.38,2026-06-05,1700,N,nominal,2.0NRT,300.99,54.65,D
-10.93198,-46.99458,352.38,0.44,0.38,2026-06-05,1700,N,nominal,2.0NRT,303.5,16.54,D
-11.07965,-48.25845,341.58,0.4,0.37,2026-06-05,1700,N,nominal,2.0NRT,303.3,6.05,D
-11.08022,-48.26212,332.8,0.4,0.37,2026-06-05,1700,N,nominal,2.0NRT,302.81,1.57,D
-10.87519,-46.99953,347.09,0.44,0.38,2026-06-05,1700,N,nominal,2.0NRT,306.18,8.21,D
-11.92787,-54.10067,332.74,0.55,0.43,2026-06-05,1700,N,low,2.0NRT,305.35,5.71,D
-12.44411,-58.40635,352.85,0.35,0.57,2026-06-05,1700,N,nominal,2.0NRT,301.69,10.41,D
-12.4445,-58.40967,351.74,0.35,0.57,2026-06-05,1700,N,nominal,2.0NRT,301.41,6.54,D
-12.4449,-58.41299,343.47,0.35,0.57,2026-06-05,1700,N,nominal,2.0NRT,301.64,6.54,D
-12.45163,-58.46952,333.16,0.36,0.57,2026-06-05,1700,N,nominal,2.0NRT,303.07,3.92,D
-12.45201,-58.47274,331.5,0.36,0.57,2026-06-05,1700,N,low,2.0NRT,303.05,3.92,D
-12.44631,-58.47022,335.3,0.36,0.57,2026-06-05,1700,N,nominal,2.0NRT,303.72,4.28,D
-12.4467,-58.47345,330.9,0.36,0.57,2026-06-05,1700,N,low,2.0NRT,303.56,4.28,D
-12.44253,-58.48389,349.43,0.36,0.57,2026-06-05,1700,N,nominal,2.0NRT,303.46,5.1,D
-12.44292,-58.48721,351.04,0.36,0.57,2026-06-05,1700,N,nominal,2.0NRT,301.87,5.1,D
-10.70376,-46.27224,337.15,0.48,0.4,2026-06-05,1700,N,nominal,2.0NRT,302.51,5.26,D
-12.43682,-58.48125,332.83,0.36,0.57,2026-06-05,1700,N,nominal,2.0NRT,302.61,6.12,D
-10.69714,-46.2778,347.05,0.48,0.4,2026-06-05,1700,N,nominal,2.0NRT,302.63,5.77,D
-11.23848,-49.65548,332.71,0.38,0.36,2026-06-05,1700,N,low,2.0NRT,303.72,4.47,D
-11.23902,-49.65899,340.57,0.38,0.36,2026-06-05,1700,N,nominal,2.0NRT,302.94,4.09,D
-11.23955,-49.66251,341.03,0.38,0.36,2026-06-05,1700,N,nominal,2.0NRT,303.85,4.09,D
-11.24009,-49.66602,330.74,0.38,0.36,2026-06-05,1700,N,low,2.0NRT,302.63,2.98,D
-11.23569,-49.65951,351.51,0.38,0.36,2026-06-05,1700,N,nominal,2.0NRT,301.82,4.09,D
-11.23623,-49.66303,346.54,0.38,0.36,2026-06-05,1700,N,nominal,2.0NRT,301.07,4.09,D
-11.23677,-49.66654,345.76,0.38,0.36,2026-06-05,1700,N,nominal,2.0NRT,301.35,2.98,D
-10.69464,-46.2773,340.31,0.48,0.4,2026-06-05,1700,N,nominal,2.0NRT,302.97,6.82,D
-12.44096,-58.41116,339.65,0.35,0.57,2026-06-05,1700,N,nominal,2.0NRT,300.96,3.64,D
-12.44138,-58.41447,331.92,0.35,0.57,2026-06-05,1700,N,nominal,2.0NRT,301.53,3.64,D
-12.44812,-58.46776,328.46,0.36,0.57,2026-06-05,1700,N,nominal,2.0NRT,301.04,2.82,D
-12.44852,-58.47098,331.85,0.36,0.57,2026-06-05,1700,N,low,2.0NRT,303.81,2.97,D
-12.44893,-58.47419,329.51,0.36,0.57,2026-06-05,1700,N,low,2.0NRT,302.8,2.97,D
-10.50795,-45.25645,339.56,0.54,0.42,2026-06-05,1700,N,nominal,2.0NRT,299.97,7.18,D
-12.4428,-58.46841,329.89,0.36,0.57,2026-06-05,1700,N,low,2.0NRT,300.61,2.82,D
-12.44321,-58.47165,328.4,0.36,0.57,2026-06-05,1700,N,low,2.0NRT,301.8,2.97,D
-12.44484,-58.48465,355.21,0.36,0.57,2026-06-05,1700,N,nominal,2.0NRT,303.05,4.45,D
-12.44526,-58.48799,334.37,0.36,0.57,2026-06-05,1700,N,nominal,2.0NRT,298.91,4.45,D
-12.4387,-58.47875,329.65,0.36,0.57,2026-06-05,1700,N,low,2.0NRT,302.05,2.32,D
-12.43911,-58.48202,333.52,0.36,0.57,2026-06-05,1700,N,nominal,2.0NRT,302.8,2.32,D
-12.43952,-58.4853,327.84,0.36,0.57,2026-06-05,1700,N,low,2.0NRT,302.25,4.46,D
-12.43337,-58.47934,330.75,0.36,0.57,2026-06-05,1700,N,low,2.0NRT,301.8,2.32,D
-12.43378,-58.48262,328.43,0.36,0.57,2026-06-05,1700,N,low,2.0NRT,301.38,2.32,D
-12.23008,-57.27244,334.24,0.59,0.53,2026-06-05,1700,N,low,2.0NRT,305.09,8.57,D
-12.23077,-57.2779,334.07,0.59,0.53,2026-06-05,1700,N,low,2.0NRT,305.14,8.57,D
-10.69698,-46.72649,367,0.45,0.39,2026-06-05,1700,N,high,2.0NRT,296.4,11.41,D
-10.69271,-46.72291,349.35,0.45,0.39,2026-06-05,1700,N,nominal,2.0NRT,309.12,23.83,D
-10.69339,-46.72709,347.71,0.45,0.39,2026-06-05,1700,N,nominal,2.0NRT,301.3,23.83,D
-10.69408,-46.73127,350.78,0.45,0.39,2026-06-05,1700,N,nominal,2.0NRT,300.35,6.86,D
-10.69477,-46.73544,340.49,0.45,0.39,2026-06-05,1700,N,nominal,2.0NRT,300.67,6.86,D
-11.56438,-52.80311,330.56,0.46,0.39,2026-06-05,1700,N,low,2.0NRT,303.69,3.69,D
-11.56013,-52.79936,330.34,0.46,0.39,2026-06-05,1700,N,low,2.0NRT,303.71,6.6,D
-11.56075,-52.80363,335.84,0.46,0.39,2026-06-05,1700,N,low,2.0NRT,306.42,3.69,D
-11.24743,-50.7173,332.98,0.39,0.36,2026-06-05,1700,N,nominal,2.0NRT,298.79,2.1,D
-11.55286,-52.80041,329.03,0.46,0.39,2026-06-05,1700,N,low,2.0NRT,303.89,6.4,D
-11.55347,-52.80467,334.51,0.46,0.39,2026-06-05,1700,N,low,2.0NRT,306.58,8.07,D
-11.54923,-52.80096,327.26,0.46,0.39,2026-06-05,1700,N,low,2.0NRT,301.99,3.82,D
-11.08975,-49.80901,338.75,0.38,0.36,2026-06-05,1700,N,nominal,2.0NRT,306.11,6.26,D
-11.08643,-49.80953,332.47,0.38,0.36,2026-06-05,1700,N,nominal,2.0NRT,301.97,3.63,D
-10.59651,-46.77596,348.27,0.45,0.39,2026-06-05,1700,N,nominal,2.0NRT,304.24,15.18,D
-10.59293,-46.77654,336.02,0.45,0.39,2026-06-05,1700,N,nominal,2.0NRT,299.92,7.43,D
-10.58184,-46.73149,343.88,0.46,0.39,2026-06-05,1700,N,nominal,2.0NRT,305.64,7.06,D
-11.31597,-51.46134,334.18,0.41,0.37,2026-06-05,1700,N,low,2.0NRT,307.4,3.37,D
-10.58438,-46.76941,331.59,0.45,0.39,2026-06-05,1700,N,low,2.0NRT,304.01,3.12,D
-10.57533,-46.7368,331.17,0.46,0.39,2026-06-05,1700,N,low,2.0NRT,302.32,4.12,D
-11.14041,-50.43733,332.62,0.39,0.36,2026-06-05,1700,N,nominal,2.0NRT,302.33,4.01,D
-11.13707,-50.43785,346.91,0.39,0.36,2026-06-05,1700,N,nominal,2.0NRT,302.34,4.01,D
-11.73562,-54.80606,343.19,0.4,0.44,2026-06-05,1700,N,nominal,2.0NRT,306.78,9.14,D
-11.73152,-54.80666,340.47,0.4,0.44,2026-06-05,1700,N,nominal,2.0NRT,305.45,6.68,D
-11.63304,-54.15464,332.8,0.55,0.43,2026-06-05,1700,N,low,2.0NRT,305.03,5.3,D
-11.63374,-54.15972,347.07,0.55,0.43,2026-06-05,1700,N,nominal,2.0NRT,306.58,9.82,D
-10.45486,-46.43518,333,0.47,0.4,2026-06-05,1700,N,low,2.0NRT,307.78,5.54,D
-10.44979,-46.42711,332.95,0.47,0.4,2026-06-05,1700,N,low,2.0NRT,304.46,3.2,D
-10.93903,-49.94919,338.45,0.38,0.36,2026-06-05,1700,N,nominal,2.0NRT,302.42,4.39,D
-11.57614,-54.58071,367,0.39,0.44,2026-06-05,1700,N,high,2.0NRT,302.8,17.42,D
-11.5716,-54.57763,336.74,0.39,0.44,2026-06-05,1700,N,nominal,2.0NRT,302.89,8.35,D
-11.57309,-54.58845,346.27,0.39,0.44,2026-06-05,1700,N,nominal,2.0NRT,301.36,12.56,D
-10.89218,-49.90971,335.42,0.38,0.36,2026-06-05,1700,N,nominal,2.0NRT,303.12,4.25,D
-11.56905,-54.58897,344.54,0.39,0.44,2026-06-05,1700,N,nominal,2.0NRT,303.03,7.18,D
-11.62158,-55.00542,328.78,0.41,0.45,2026-06-05,1700,N,low,2.0NRT,302.38,3.77,D
-10.54171,-47.70835,349.01,0.42,0.37,2026-06-05,1700,N,nominal,2.0NRT,304.22,13.01,D
-11.6365,-55.17924,367,0.42,0.45,2026-06-05,1700,N,high,2.0NRT,306.98,8.9,D
-11.63598,-55.17539,342.93,0.42,0.45,2026-06-05,1700,N,nominal,2.0NRT,303.04,7.48,D
-11.63702,-55.18313,330.64,0.42,0.45,2026-06-05,1700,N,nominal,2.0NRT,301.1,8.9,D
-11.63229,-55.17981,335.27,0.42,0.45,2026-06-05,1700,N,nominal,2.0NRT,303.56,9.62,D
-11.60614,-55.33997,329.07,0.43,0.46,2026-06-05,1700,N,low,2.0NRT,303.89,6.76,D
-10.45032,-47.94471,333.01,0.41,0.37,2026-06-05,1700,N,low,2.0NRT,307.66,3.96,D
-10.44689,-47.94526,341.7,0.41,0.37,2026-06-05,1700,N,nominal,2.0NRT,305.2,3.96,D
-11.33994,-53.96387,342.84,0.53,0.42,2026-06-05,1700,N,nominal,2.0NRT,300.91,23.77,D
-11.34061,-53.96873,333.02,0.53,0.42,2026-06-05,1700,N,low,2.0NRT,304.06,23.77,D
-11.33607,-53.96438,346.61,0.53,0.42,2026-06-05,1700,N,nominal,2.0NRT,303.53,13.67,D
-11.45087,-55.10938,334.02,0.42,0.45,2026-06-05,1700,N,low,2.0NRT,305.1,4.33,D
-10.12046,-46.33078,335.38,0.48,0.4,2026-06-05,1700,N,nominal,2.0NRT,305.16,8.48,D
-11.27259,-53.97042,337.35,0.53,0.42,2026-06-05,1700,N,nominal,2.0NRT,303.24,4.91,D
-10.10716,-46.34209,346.57,0.48,0.4,2026-06-05,1700,N,nominal,2.0NRT,302.29,9.64,D
-10.67404,-49.91933,335.5,0.38,0.36,2026-06-05,1700,N,nominal,2.0NRT,303.11,3.37,D
-10.67457,-49.92284,330.99,0.38,0.36,2026-06-05,1700,N,nominal,2.0NRT,302.82,1.73,D
-10.10347,-46.3427,345.04,0.48,0.4,2026-06-05,1700,N,nominal,2.0NRT,301.57,11.96,D
-10.67018,-49.91633,357.11,0.38,0.36,2026-06-05,1700,N,nominal,2.0NRT,305.73,10.52,D
-10.67072,-49.91985,345.67,0.38,0.36,2026-06-05,1700,N,nominal,2.0NRT,302.4,10.52,D
-10.67125,-49.92336,335.22,0.38,0.36,2026-06-05,1700,N,nominal,2.0NRT,302.88,3.66,D
-11.51518,-56.11835,334.67,0.48,0.48,2026-06-05,1700,N,nominal,2.0NRT,303.08,7.39,D
-11.51633,-56.1272,344.42,0.48,0.48,2026-06-05,1700,N,nominal,2.0NRT,309.06,22.72,D
-11.51691,-56.13168,331.46,0.48,0.48,2026-06-05,1700,N,low,2.0NRT,302.49,22.72,D
-11.51071,-56.11895,342.82,0.48,0.48,2026-06-05,1700,N,nominal,2.0NRT,304.54,7.39,D
-11.51244,-56.13234,336.4,0.48,0.48,2026-06-05,1700,N,nominal,2.0NRT,299.75,22.72,D
-10.02478,-46.12204,334.74,0.5,0.41,2026-06-05,1700,N,nominal,2.0NRT,299.66,1.71,D
-11.50848,-56.11802,332.35,0.48,0.48,2026-06-05,1700,N,nominal,2.0NRT,299.22,4.57,D
-10.34326,-48.30389,339.56,0.4,0.37,2026-06-05,1700,N,nominal,2.0NRT,304.84,1.81,D
-10.0456,-46.4643,332.6,0.48,0.4,2026-06-05,1700,N,low,2.0NRT,306.94,4.32,D
-10.0463,-46.46857,356.5,0.48,0.4,2026-06-05,1700,N,nominal,2.0NRT,307.05,28.52,D
-10.04193,-46.46487,333.87,0.48,0.4,2026-06-05,1700,N,low,2.0NRT,304.29,4.32,D
-10.04332,-46.47345,351.73,0.48,0.4,2026-06-05,1700,N,nominal,2.0NRT,314.93,28.52,D
-10.04402,-46.47775,352.11,0.48,0.4,2026-06-05,1700,N,nominal,2.0NRT,316.34,31.86,D
-10.04472,-46.48204,336.69,0.47,0.4,2026-06-05,1700,N,nominal,2.0NRT,301.37,31.86,D
-10.03965,-46.47403,332.73,0.48,0.4,2026-06-05,1700,N,low,2.0NRT,306.99,5.69,D
-10.04036,-46.47833,352.31,0.48,0.4,2026-06-05,1700,N,nominal,2.0NRT,311.32,72.07,D
-10.04176,-46.48691,340.68,0.47,0.4,2026-06-05,1700,N,nominal,2.0NRT,303.63,72,D
-10.04106,-46.48262,367,0.47,0.4,2026-06-05,1700,N,low,2.0NRT,329.05,72.07,D
-10.03739,-46.4832,353.17,0.47,0.4,2026-06-05,1700,N,nominal,2.0NRT,305.82,72.07,D
-11.21477,-54.83403,340.31,0.4,0.44,2026-06-05,1700,N,nominal,2.0NRT,299.98,5.18,D
-10.38834,-49.4443,340.83,0.39,0.36,2026-06-05,1700,N,low,2.0NRT,311.2,10.56,D
-10.4942,-50.47453,336.52,0.39,0.36,2026-06-05,1700,N,nominal,2.0NRT,301.45,3.2,D
-11.01347,-54.30871,335.18,0.55,0.43,2026-06-05,1700,N,nominal,2.0NRT,301.48,7.68,D
-11.01418,-54.31379,339.68,0.55,0.43,2026-06-05,1700,N,nominal,2.0NRT,300.51,10.49,D
-9.34047,-43.5903,339.82,0.48,0.48,2026-06-05,1700,N,nominal,2.0NRT,299.86,15.73,D
-11.00953,-54.30926,332.86,0.55,0.43,2026-06-05,1700,N,nominal,2.0NRT,301.12,6.2,D
-10.34352,-49.92262,337.73,0.38,0.36,2026-06-05,1700,N,nominal,2.0NRT,307.28,6.41,D
-10.34405,-49.92612,336.4,0.38,0.36,2026-06-05,1700,N,nominal,2.0NRT,306.35,5.86,D
-10.34019,-49.92313,341.04,0.38,0.36,2026-06-05,1700,N,nominal,2.0NRT,306.55,8.81,D
-10.33634,-49.92014,351.02,0.38,0.36,2026-06-05,1700,N,nominal,2.0NRT,306.67,8.81,D
-10.33687,-49.92365,346.49,0.38,0.36,2026-06-05,1700,N,nominal,2.0NRT,303.89,8.81,D
-11.41906,-57.80445,333.38,0.62,0.54,2026-06-05,1700,N,nominal,2.0NRT,298.28,8.15,D
-10.87052,-53.73496,340.48,0.51,0.41,2026-06-05,1700,N,nominal,2.0NRT,305.42,6.34,D
-10.92256,-54.11308,343.26,0.53,0.42,2026-06-05,1700,N,nominal,2.0NRT,302.06,5.95,D
-10.86672,-53.73549,352.23,0.51,0.41,2026-06-05,1700,N,nominal,2.0NRT,307.73,18.83,D
-10.86292,-53.73603,349.23,0.51,0.41,2026-06-05,1700,N,nominal,2.0NRT,304.78,18.83,D
-10.8642,-53.74529,340.71,0.51,0.41,2026-06-05,1700,N,nominal,2.0NRT,306.12,8.68,D
-10.85912,-53.73656,353.02,0.51,0.41,2026-06-05,1700,N,nominal,2.0NRT,305.31,13.3,D
-10.85533,-53.7371,338.25,0.51,0.41,2026-06-05,1700,N,nominal,2.0NRT,302.92,13.3,D
-10.85596,-53.74173,353.84,0.51,0.41,2026-06-05,1700,N,nominal,2.0NRT,306.44,12.23,D
-10.8566,-53.74635,340.35,0.51,0.41,2026-06-05,1700,N,nominal,2.0NRT,306.32,12.23,D
-10.8528,-53.74689,336.84,0.51,0.41,2026-06-05,1700,N,nominal,2.0NRT,301.04,5.08,D
-10.84964,-53.75209,337.67,0.51,0.41,2026-06-05,1700,N,nominal,2.0NRT,304.33,6.89,D
-10.85028,-53.75674,335.02,0.51,0.41,2026-06-05,1700,N,nominal,2.0NRT,302.41,6.89,D
-10.85935,-53.73477,352.91,0.51,0.41,2026-06-05,1700,N,nominal,2.0NRT,305.25,11.49,D
-10.86002,-53.7394,345.23,0.51,0.41,2026-06-05,1700,N,nominal,2.0NRT,305.85,7.33,D
-10.86068,-53.74401,334.99,0.51,0.41,2026-06-05,1700,N,low,2.0NRT,306.24,7.33,D
-10.85555,-53.73531,339.67,0.51,0.41,2026-06-05,1700,N,nominal,2.0NRT,301.27,11.49,D
-10.85622,-53.73993,342.18,0.51,0.41,2026-06-05,1700,N,nominal,2.0NRT,303.99,7.33,D
-10.85688,-53.74454,349.65,0.51,0.41,2026-06-05,1700,N,nominal,2.0NRT,307.14,7.33,D
-10.91112,-54.12251,332.76,0.53,0.42,2026-06-05,1700,N,low,2.0NRT,303.35,5.25,D
-10.85309,-53.74509,351.31,0.51,0.41,2026-06-05,1700,N,nominal,2.0NRT,301.11,9.73,D
-10.85062,-53.75489,348.5,0.51,0.41,2026-06-05,1700,N,nominal,2.0NRT,304.98,17.79,D
-10.84236,-53.75134,367,0.51,0.41,2026-06-05,1700,N,high,2.0NRT,307.28,15.69,D
-10.83856,-53.75186,328.54,0.51,0.41,2026-06-05,1700,N,nominal,2.0NRT,302.51,2.53,D
-10.00363,-48.67298,335.71,0.4,0.37,2026-06-05,1700,N,low,2.0NRT,306.81,7.27,D
-10.00421,-48.67661,343.61,0.4,0.37,2026-06-05,1700,N,nominal,2.0NRT,308.16,5.01,D
-10.77591,-54.09388,329.94,0.53,0.42,2026-06-05,1700,N,low,2.0NRT,302.64,4.51,D
-9.86019,-48.31845,353.58,0.4,0.37,2026-06-05,1700,N,nominal,2.0NRT,305.81,9.92,D
-9.85677,-48.31894,337.49,0.4,0.37,2026-06-05,1700,N,nominal,2.0NRT,299.58,9.92,D
-10.60021,-53.47583,338.03,0.49,0.4,2026-06-05,1700,N,nominal,2.0NRT,305.15,6.21,D
-9.81547,-48.23506,332.06,0.41,0.37,2026-06-05,1700,N,nominal,2.0NRT,301.21,1.14,D
-9.81548,-48.23539,332.69,0.41,0.37,2026-06-05,1700,N,nominal,2.0NRT,301.73,2.21,D
-10.5986,-53.47472,340.3,0.49,0.4,2026-06-05,1700,N,nominal,2.0NRT,306.01,7.49,D
-11.05803,-56.91951,337.62,0.54,0.51,2026-06-05,1700,N,nominal,2.0NRT,298.93,4.12,D
-11.054,-56.92509,367,0.54,0.51,2026-06-05,1700,N,high,2.0NRT,304.47,18.67,D
-11.05335,-56.92021,342.67,0.54,0.51,2026-06-05,1700,N,nominal,2.0NRT,300.19,11.94,D
-10.54169,-53.5565,332.48,0.49,0.41,2026-06-05,1700,N,nominal,2.0NRT,301.83,3.75,D
-9.67036,-47.85324,330.84,0.42,0.38,2026-06-05,1700,N,nominal,2.0NRT,301.58,7.25,D
-9.66691,-47.85384,346.75,0.42,0.38,2026-06-05,1700,N,nominal,2.0NRT,305.51,7.25,D
-10.361,-52.51593,332.82,0.44,0.38,2026-06-05,1700,N,low,2.0NRT,307.5,3.35,D
-10.36157,-52.51995,333.57,0.44,0.38,2026-06-05,1700,N,low,2.0NRT,307.62,3.35,D
-9.72594,-48.42003,335.7,0.4,0.37,2026-06-05,1700,N,nominal,2.0NRT,304.38,4.22,D
-9.72651,-48.42366,334.3,0.4,0.37,2026-06-05,1700,N,nominal,2.0NRT,303.48,2.44,D
-9.68602,-48.18777,337.15,0.41,0.37,2026-06-05,1700,N,nominal,2.0NRT,302.78,1.9,D
-9.6791,-48.16601,334.35,0.41,0.37,2026-06-05,1700,N,nominal,2.0NRT,303.2,4.74,D
-9.67968,-48.16972,336.85,0.41,0.37,2026-06-05,1700,N,nominal,2.0NRT,305.74,4.74,D
-9.68261,-48.18834,331.16,0.41,0.37,2026-06-05,1700,N,low,2.0NRT,301.94,1.9,D
-9.06001,-44.78418,334.94,0.41,0.45,2026-06-05,1700,N,nominal,2.0NRT,304.5,5.12,D
-10.80967,-56.59264,330.69,0.51,0.49,2026-06-05,1700,N,low,2.0NRT,300.98,9.12,D
-9.62709,-48.36775,333.79,0.4,0.37,2026-06-05,1700,N,nominal,2.0NRT,303.46,4.76,D
-10.80967,-56.59556,337.56,0.51,0.49,2026-06-05,1700,N,nominal,2.0NRT,302.41,10.17,D
-9.56287,-48.27228,333.52,0.41,0.37,2026-06-05,1700,N,low,2.0NRT,306.37,5.99,D
-9.56345,-48.27596,344.34,0.41,0.37,2026-06-05,1700,N,nominal,2.0NRT,303.43,4.47,D
-9.56003,-48.2765,344.75,0.41,0.37,2026-06-05,1700,N,nominal,2.0NRT,303.44,4.47,D
-10.14201,-52.12226,335.9,0.42,0.38,2026-06-05,1700,N,nominal,2.0NRT,299.33,6.11,D
-10.70718,-56.24369,345.18,0.48,0.48,2026-06-05,1700,N,nominal,2.0NRT,299.41,8.51,D
-9.55438,-48.41741,335.74,0.4,0.37,2026-06-05,1700,N,nominal,2.0NRT,304.02,2.56,D
-9.50201,-48.10999,353.4,0.41,0.37,2026-06-05,1700,N,nominal,2.0NRT,301,6.7,D
-9.50261,-48.11377,343.45,0.41,0.37,2026-06-05,1700,N,nominal,2.0NRT,305.94,6.7,D
-9.50321,-48.11754,341.46,0.41,0.37,2026-06-05,1700,N,nominal,2.0NRT,302.38,8.85,D
-9.50382,-48.12131,341.22,0.41,0.37,2026-06-05,1700,N,nominal,2.0NRT,301.4,8.85,D
-9.62366,-48.87893,334.13,0.39,0.36,2026-06-05,1700,N,nominal,2.0NRT,303.27,2.49,D
-10.13972,-52.40152,335.23,0.43,0.38,2026-06-05,1700,N,nominal,2.0NRT,304.09,4.13,D
-9.01635,-45.75543,331.83,0.53,0.42,2026-06-05,1700,N,low,2.0NRT,304.36,6.31,D
-9.00922,-45.73668,344.73,0.54,0.42,2026-06-05,1700,N,nominal,2.0NRT,306.13,11.87,D
-9.01248,-45.7561,335.11,0.53,0.42,2026-06-05,1700,N,low,2.0NRT,306.61,6.31,D
-9.00535,-45.73735,343.95,0.54,0.42,2026-06-05,1700,N,nominal,2.0NRT,307.27,20.06,D
-9.00617,-45.74223,331.59,0.54,0.42,2026-06-05,1700,N,low,2.0NRT,306.58,13.16,D
-9.00148,-45.73801,349.03,0.54,0.42,2026-06-05,1700,N,nominal,2.0NRT,308.23,20.06,D
-8.9976,-45.73866,353.89,0.54,0.42,2026-06-05,1700,N,nominal,2.0NRT,308.79,25.47,D
-8.99842,-45.74354,332.35,0.54,0.42,2026-06-05,1700,N,low,2.0NRT,306.37,5.73,D
-8.99372,-45.73932,346.92,0.54,0.42,2026-06-05,1700,N,nominal,2.0NRT,302.08,25.47,D
-8.99537,-45.74906,332.52,0.54,0.42,2026-06-05,1700,N,low,2.0NRT,306.16,5.73,D
-8.99149,-45.74967,340.06,0.54,0.42,2026-06-05,1700,N,nominal,2.0NRT,306.36,7.05,D
-9.32038,-48.30727,347.23,0.41,0.37,2026-06-05,1700,N,nominal,2.0NRT,301.34,5.46,D
-9.32098,-48.31099,334.42,0.41,0.37,2026-06-05,1700,N,nominal,2.0NRT,301.05,5.46,D
-9.10861,-47.173,344.46,0.45,0.39,2026-06-05,1700,N,nominal,2.0NRT,300.69,12.48,D
-9.16267,-47.50348,332.72,0.44,0.38,2026-06-05,1700,N,low,2.0NRT,304.82,4.53,D
-10.57645,-57.31907,329.04,0.56,0.52,2026-06-05,1700,N,nominal,2.0NRT,298.27,3.46,D
-9.10704,-47.173,339.97,0.45,0.39,2026-06-05,1700,N,nominal,2.0NRT,298.77,8.24,D
-10.5719,-57.31684,341.47,0.56,0.52,2026-06-05,1700,N,nominal,2.0NRT,299.92,14.45,D
-10.57261,-57.32213,344.55,0.56,0.52,2026-06-05,1700,N,nominal,2.0NRT,300.26,14.45,D
-9.07078,-47.55922,333.66,0.44,0.38,2026-06-05,1700,N,nominal,2.0NRT,301.23,2.84,D
-10.5097,-57.59439,340.63,0.59,0.53,2026-06-05,1700,N,nominal,2.0NRT,294.96,5.47,D
-9.21669,-48.55499,333.67,0.4,0.37,2026-06-05,1700,N,nominal,2.0NRT,300.97,8.05,D
-9.21614,-48.55544,333.13,0.4,0.37,2026-06-05,1700,N,nominal,2.0NRT,300.17,7.54,D
-8.92577,-46.83266,347.98,0.47,0.4,2026-06-05,1700,N,nominal,2.0NRT,305.51,13.23,D
-8.92212,-46.83327,346.18,0.47,0.4,2026-06-05,1700,N,nominal,2.0NRT,302.46,11.32,D
-10.51187,-57.59645,336.65,0.59,0.53,2026-06-05,1700,N,nominal,2.0NRT,295.37,7.34,D
-9.00035,-47.39015,367,0.44,0.39,2026-06-05,1700,N,high,2.0NRT,301.24,8.61,D
-8.9997,-47.38614,339.56,0.44,0.39,2026-06-05,1700,N,nominal,2.0NRT,298.53,8.61,D
-9.00099,-47.39417,332.84,0.44,0.39,2026-06-05,1700,N,nominal,2.0NRT,298.53,2.15,D
-8.92791,-47.16784,333.18,0.45,0.39,2026-06-05,1700,N,nominal,2.0NRT,299.06,3.41,D
-8.65059,-45.77451,336.64,0.54,0.42,2026-06-05,1700,N,nominal,2.0NRT,301.34,6.75,D
-8.65103,-45.77752,338.91,0.54,0.42,2026-06-05,1700,N,nominal,2.0NRT,300.69,7.41,D
-9.22421,-49.39206,353.24,0.39,0.36,2026-06-05,1700,N,nominal,2.0NRT,303.5,11.2,D
-9.22476,-49.39559,350.75,0.39,0.36,2026-06-05,1700,N,nominal,2.0NRT,302.86,6.88,D
-9.2253,-49.39912,348.82,0.39,0.36,2026-06-05,1700,N,nominal,2.0NRT,303.3,6.88,D
-8.64715,-45.77819,344.7,0.54,0.42,2026-06-05,1700,N,nominal,2.0NRT,301.18,7.41,D
-9.22197,-49.39965,349.52,0.39,0.36,2026-06-05,1700,N,nominal,2.0NRT,303.43,6.88,D
-9.21754,-49.39311,348.12,0.39,0.36,2026-06-05,1700,N,nominal,2.0NRT,301.93,6.48,D
-9.21809,-49.39664,341.28,0.39,0.36,2026-06-05,1700,N,nominal,2.0NRT,303.33,3.81,D
-8.63856,-45.77457,332.98,0.54,0.42,2026-06-05,1700,N,nominal,2.0NRT,302.66,8.22,D
-9.37294,-50.54123,340.13,0.39,0.36,2026-06-05,1700,N,nominal,2.0NRT,308.89,6.17,D
-8.44355,-44.99968,353.78,0.4,0.44,2026-06-05,1700,N,nominal,2.0NRT,302.33,11.52,D
-8.44417,-45.00328,336.75,0.4,0.44,2026-06-05,1700,N,nominal,2.0NRT,299.02,3.15,D
-8.49146,-46.26971,333.57,0.51,0.41,2026-06-05,1700,N,nominal,2.0NRT,299.84,6.1,D
-8.49222,-46.27438,338.98,0.51,0.41,2026-06-05,1700,N,nominal,2.0NRT,300.56,5.01,D
-8.34325,-45.39206,339.94,0.38,0.43,2026-06-05,1700,N,nominal,2.0NRT,300.11,13.14,D
-8.34382,-45.39547,354.45,0.38,0.43,2026-06-05,1700,N,nominal,2.0NRT,305.85,29.34,D
-8.3398,-45.39606,342.48,0.38,0.43,2026-06-05,1700,N,nominal,2.0NRT,297.07,5.08,D
-8.72768,-47.82673,339.06,0.43,0.38,2026-06-05,1700,N,nominal,2.0NRT,303.07,7.65,D
-8.21365,-45.03537,337.38,0.4,0.45,2026-06-05,1700,N,nominal,2.0NRT,304.31,6,D
-8.58668,-47.41785,344.16,0.45,0.39,2026-06-05,1700,N,nominal,2.0NRT,299.67,12.86,D
-8.73076,-48.33002,339.59,0.41,0.37,2026-06-05,1700,N,nominal,2.0NRT,307.43,6.85,D
-8.88571,-49.76637,342.31,0.39,0.36,2026-06-05,1700,N,nominal,2.0NRT,303.27,4.52,D
-8.41233,-46.89035,335.17,0.47,0.4,2026-06-05,1700,N,nominal,2.0NRT,300.79,4.24,D
-8.40436,-46.86492,333.9,0.48,0.4,2026-06-05,1700,N,nominal,2.0NRT,301.34,6.28,D
-8.48968,-47.38338,338.65,0.45,0.39,2026-06-05,1700,N,nominal,2.0NRT,300.84,5.09,D
-8.48792,-47.38345,336.07,0.45,0.39,2026-06-05,1700,N,nominal,2.0NRT,300.37,5.18,D
-8.39595,-46.85212,331.69,0.48,0.4,2026-06-05,1700,N,nominal,2.0NRT,299.96,3.85,D
-8.3919,-46.89724,332,0.47,0.4,2026-06-05,1700,N,nominal,2.0NRT,297.79,2.69,D
-9.68791,-56.0968,342.8,0.45,0.47,2026-06-05,1700,N,nominal,2.0NRT,301.15,15.02,D
-8.23014,-46.84639,330.12,0.48,0.4,2026-06-05,1700,N,nominal,2.0NRT,298.83,1.76,D
-10.03748,-59.34328,326.79,0.38,0.59,2026-06-05,1700,N,nominal,2.0NRT,282.44,3.75,D
-8.32377,-47.44653,338.23,0.45,0.39,2026-06-05,1700,N,nominal,2.0NRT,302.63,4.53,D
-10.03247,-59.34753,328.4,0.38,0.59,2026-06-05,1700,N,nominal,2.0NRT,284.44,3.75,D
-10.03202,-59.34397,357.11,0.38,0.59,2026-06-05,1700,N,low,2.0NRT,283.76,3.75,D
-8.23851,-47.10396,331.9,0.46,0.39,2026-06-05,1700,N,nominal,2.0NRT,299.09,3.62,D
-8.29921,-47.47547,331.27,0.45,0.39,2026-06-05,1700,N,low,2.0NRT,301.69,3.56,D
-8.29513,-47.51764,339.78,0.44,0.39,2026-06-05,1700,N,nominal,2.0NRT,302.09,4.02,D
-8.29641,-47.51731,330.73,0.44,0.39,2026-06-05,1700,N,nominal,2.0NRT,302.23,2,D
-8.29285,-47.51789,334.81,0.44,0.39,2026-06-05,1700,N,nominal,2.0NRT,300.25,2,D
-8.28318,-47.50281,332.87,0.45,0.39,2026-06-05,1700,N,nominal,2.0NRT,298.67,2.66,D
-8.03827,-46.02161,332.75,0.53,0.42,2026-06-05,1700,N,nominal,2.0NRT,298.47,5.18,D
-7.98587,-46.23079,338.37,0.52,0.41,2026-06-05,1700,N,nominal,2.0NRT,299.45,4.41,D
-7.98395,-46.23418,332.35,0.52,0.41,2026-06-05,1700,N,nominal,2.0NRT,297.36,2.02,D
-7.50071,-43.4214,337.63,0.53,0.5,2026-06-05,1700,N,nominal,2.0NRT,297.9,5.77,D
-7.50151,-43.42616,331.75,0.53,0.5,2026-06-05,1700,N,nominal,2.0NRT,297.56,5.77,D
-8.27331,-48.21796,340.1,0.42,0.38,2026-06-05,1700,N,nominal,2.0NRT,302.82,5.74,D
-8.13718,-47.40457,339.77,0.45,0.39,2026-06-05,1700,N,nominal,2.0NRT,300.28,4.52,D
-7.9663,-47.08075,331.18,0.47,0.4,2026-06-05,1700,N,nominal,2.0NRT,297.76,2.86,D
-8.52124,-51.57457,335.64,0.4,0.37,2026-06-05,1700,N,nominal,2.0NRT,304.1,5.9,D
-7.96838,-48.52091,334.34,0.41,0.37,2026-06-05,1700,N,nominal,2.0NRT,299.73,8.44,D
-7.92047,-48.26253,356.05,0.42,0.38,2026-06-05,1700,N,nominal,2.0NRT,305.08,12.78,D
-7.91701,-48.26306,343.54,0.42,0.38,2026-06-05,1700,N,nominal,2.0NRT,303.76,30.19,D
-7.08761,-43.39887,331.47,0.54,0.51,2026-06-05,1700,N,nominal,2.0NRT,297.62,5.06,D
-6.99106,-42.87426,347.28,0.59,0.52,2026-06-05,1700,N,nominal,2.0NRT,297.08,46.05,D
-6.98622,-42.87511,351.91,0.59,0.52,2026-06-05,1700,N,nominal,2.0NRT,299.06,46.05,D
-6.98717,-42.88051,350.64,0.58,0.52,2026-06-05,1700,N,nominal,2.0NRT,300.8,46.05,D
-6.98811,-42.88588,343.2,0.58,0.52,2026-06-05,1700,N,nominal,2.0NRT,296.79,12.4,D
-6.98232,-42.88129,334.67,0.58,0.52,2026-06-05,1700,N,nominal,2.0NRT,295.95,9.04,D
-6.98327,-42.88669,344.15,0.58,0.52,2026-06-05,1700,N,nominal,2.0NRT,297.34,10.61,D
-6.99314,-42.87686,339.76,0.59,0.53,2026-06-05,1700,N,nominal,2.0NRT,295.57,29.19,D
-6.98739,-42.87234,342.75,0.59,0.53,2026-06-05,1700,N,nominal,2.0NRT,296.94,29.19,D
-6.9883,-42.87775,353.64,0.59,0.53,2026-06-05,1700,N,nominal,2.0NRT,300.55,29.19,D
-6.9892,-42.88313,342.51,0.59,0.52,2026-06-05,1700,N,nominal,2.0NRT,297.94,20.57,D
-6.98345,-42.87855,367,0.59,0.53,2026-06-05,1700,N,high,2.0NRT,296.53,27.7,D
-6.98436,-42.88396,355.89,0.59,0.52,2026-06-05,1700,N,nominal,2.0NRT,298.85,40.79,D
-7.01866,-43.20428,343.73,0.56,0.51,2026-06-05,1700,N,nominal,2.0NRT,296,6.1,D
-7.01306,-43.19999,333.21,0.56,0.51,2026-06-05,1700,N,nominal,2.0NRT,295.53,6.1,D
-7.01392,-43.20504,334.65,0.56,0.51,2026-06-05,1700,N,nominal,2.0NRT,295.03,6.1,D
-7.00917,-43.20577,334.83,0.56,0.51,2026-06-05,1700,N,nominal,2.0NRT,295.25,7.27,D
-7.80396,-48.1675,332.83,0.42,0.38,2026-06-05,1700,N,nominal,2.0NRT,301.41,3.16,D
-9.20829,-58.06738,340.84,0.61,0.53,2026-06-05,1700,N,nominal,2.0NRT,295.05,5.49,D
-9.20335,-58.06807,330.76,0.61,0.53,2026-06-05,1700,N,nominal,2.0NRT,293.39,3.61,D
-9.20704,-58.0645,341.58,0.61,0.53,2026-06-05,1700,N,nominal,2.0NRT,295.68,14.14,D
-9.18577,-58.05607,329.96,0.6,0.53,2026-06-05,1700,N,nominal,2.0NRT,295.93,7.86,D
-6.93457,-43.62518,367,0.52,0.5,2026-06-05,1700,N,high,2.0NRT,294.5,15.24,D
-8.66245,-54.73325,329.37,0.54,0.42,2026-06-05,1700,N,nominal,2.0NRT,297.01,3.42,D
-8.49807,-54.78188,336.5,0.55,0.42,2026-06-05,1700,N,nominal,2.0NRT,299.89,7.26,D
-6.9534,-45.2402,342.18,0.41,0.45,2026-06-05,1700,N,nominal,2.0NRT,295.45,7.64,D
-7.24304,-47.15581,340.64,0.47,0.4,2026-06-05,1700,N,nominal,2.0NRT,298.42,8.35,D
-6.86484,-44.97475,332.2,0.43,0.46,2026-06-05,1700,N,nominal,2.0NRT,293.62,6.08,D
-6.8613,-44.97946,342.01,0.43,0.46,2026-06-05,1700,N,nominal,2.0NRT,292.98,6.08,D
-7.20908,-47.1082,337.57,0.48,0.4,2026-06-05,1700,N,nominal,2.0NRT,297.36,4.61,D
-7.20541,-47.10881,342.93,0.48,0.4,2026-06-05,1700,N,nominal,2.0NRT,298.63,12,D
-6.85158,-44.97299,330.36,0.43,0.46,2026-06-05,1700,N,nominal,2.0NRT,295.39,8.07,D
-7.16355,-47.22145,343.74,0.47,0.4,2026-06-05,1700,N,nominal,2.0NRT,301.69,12.31,D
-7.49031,-49.28605,330.57,0.4,0.37,2026-06-05,1700,N,nominal,2.0NRT,298.86,1.66,D
-7.16412,-47.2208,347.15,0.47,0.4,2026-06-05,1700,N,nominal,2.0NRT,300.87,11.17,D
-7.40114,-49.76516,333.07,0.39,0.36,2026-06-05,1700,N,nominal,2.0NRT,301.43,2.84,D
-6.97881,-47.13916,335.85,0.48,0.4,2026-06-05,1700,N,nominal,2.0NRT,299.54,4.54,D
-6.9795,-47.14346,336.12,0.48,0.4,2026-06-05,1700,N,nominal,2.0NRT,301.27,6.44,D
-6.97513,-47.13977,343.82,0.48,0.4,2026-06-05,1700,N,nominal,2.0NRT,301.27,4.54,D
-7.38561,-49.75315,347.5,0.39,0.36,2026-06-05,1700,N,nominal,2.0NRT,302.13,13.06,D
-6.44668,-44.5666,337.74,0.46,0.47,2026-06-05,1700,N,nominal,2.0NRT,294.52,7.86,D
-6.34974,-44.63367,328.85,0.46,0.47,2026-06-05,1700,N,low,2.0NRT,299.98,5.2,D
-6.74423,-47.12054,337.63,0.48,0.4,2026-06-05,1700,N,nominal,2.0NRT,297.09,44.76,D
-6.99902,-50.46592,336.85,0.38,0.36,2026-06-05,1700,N,nominal,2.0NRT,302.07,3.92,D
-8.49562,-61.54019,328.4,0.51,0.66,2026-06-05,1700,N,nominal,2.0NRT,285.25,3.29,D
-8.4961,-61.54165,327.7,0.51,0.66,2026-06-05,1700,N,nominal,2.0NRT,286.15,2.54,D
-8.45297,-61.64412,343.23,0.52,0.67,2026-06-05,1700,N,nominal,2.0NRT,286.51,3.85,D
-6.06951,-45.49342,328.66,0.41,0.45,2026-06-05,1700,N,nominal,2.0NRT,286.22,11.38,D
-6.07014,-45.4972,354.55,0.41,0.45,2026-06-05,1700,N,nominal,2.0NRT,291.43,11.38,D
-6.07076,-45.50098,331.7,0.41,0.45,2026-06-05,1700,N,nominal,2.0NRT,286.73,6.59,D
-6.06539,-45.49409,328.77,0.41,0.45,2026-06-05,1700,N,nominal,2.0NRT,281.32,11.38,D
-6.06602,-45.49786,340.54,0.41,0.45,2026-06-05,1700,N,nominal,2.0NRT,288.21,11.38,D
-6.06664,-45.50163,356.81,0.41,0.45,2026-06-05,1700,N,nominal,2.0NRT,289.83,6.59,D
-6.06725,-45.50537,336.05,0.41,0.45,2026-06-05,1700,N,nominal,2.0NRT,287.31,6.59,D
-6.06846,-45.51266,328.91,0.41,0.45,2026-06-05,1700,N,nominal,2.0NRT,293.72,4.06,D
-6.06127,-45.49475,332.24,0.41,0.45,2026-06-05,1700,N,nominal,2.0NRT,286.1,4.42,D
-6.0619,-45.49852,340.47,0.41,0.45,2026-06-05,1700,N,nominal,2.0NRT,288.78,4.42,D
-6.06252,-45.50228,328.89,0.41,0.45,2026-06-05,1700,N,nominal,2.0NRT,289.22,3.01,D
-6.06313,-45.50599,336.85,0.41,0.45,2026-06-05,1700,N,nominal,2.0NRT,287.61,3.01,D
-6.06373,-45.50963,347.96,0.41,0.45,2026-06-05,1700,N,nominal,2.0NRT,292.04,7.51,D
-6.06493,-45.51689,337.06,0.41,0.45,2026-06-05,1700,N,nominal,2.0NRT,296.82,4.31,D
-6.06553,-45.5205,338.03,0.41,0.45,2026-06-05,1700,N,nominal,2.0NRT,295.11,4.31,D
-6.06021,-45.51391,349.63,0.41,0.45,2026-06-05,1700,N,nominal,2.0NRT,293.09,7.51,D
-6.06081,-45.51753,340.76,0.41,0.45,2026-06-05,1700,N,nominal,2.0NRT,296.22,4.31,D
-6.06141,-45.52116,331.27,0.41,0.45,2026-06-05,1700,N,nominal,2.0NRT,296.98,4.31,D
-6.06201,-45.52475,354.11,0.41,0.45,2026-06-05,1700,N,nominal,2.0NRT,302.55,21.15,D
-6.0626,-45.52835,333.93,0.41,0.45,2026-06-05,1700,N,nominal,2.0NRT,291.46,21.15,D
-6.05789,-45.52536,346.85,0.41,0.45,2026-06-05,1700,N,nominal,2.0NRT,297.61,9.98,D
-6.05849,-45.52897,341.78,0.41,0.45,2026-06-05,1700,N,nominal,2.0NRT,294,9.98,D
-6.05198,-45.51519,343.24,0.41,0.45,2026-06-05,1700,N,nominal,2.0NRT,297.7,13.92,D
-6.05258,-45.5188,342.93,0.41,0.45,2026-06-05,1700,N,nominal,2.0NRT,295.39,10.57,D
-7.50934,-55.00678,340.33,0.55,0.42,2026-06-05,1700,N,nominal,2.0NRT,300.08,13.34,D
-7.50473,-55.00248,341.17,0.55,0.42,2026-06-05,1700,N,nominal,2.0NRT,297.07,13.34,D
-7.50543,-55.00743,339.01,0.55,0.42,2026-06-05,1700,N,nominal,2.0NRT,297.36,13.34,D
-5.73968,-43.95915,340.4,0.52,0.5,2026-06-05,1700,N,nominal,2.0NRT,293.49,8.15,D
-5.55296,-43.96858,340.74,0.52,0.5,2026-06-05,1700,N,nominal,2.0NRT,291.72,6.66,D
-5.55492,-43.97213,334.15,0.52,0.5,2026-06-05,1700,N,nominal,2.0NRT,291.03,5.5,D
-6.57486,-51.09805,329.82,0.39,0.36,2026-06-05,1700,N,nominal,2.0NRT,293.1,18.67,D
-6.57539,-51.10152,352.02,0.39,0.36,2026-06-05,1700,N,nominal,2.0NRT,302.17,18.67,D
-6.2944,-49.82602,340.07,0.39,0.36,2026-06-05,1700,N,nominal,2.0NRT,297.21,6,D
-5.44887,-44.81217,342.11,0.46,0.47,2026-06-05,1702,N,nominal,2.0NRT,289.98,7.29,D
-5.44452,-44.81291,341.33,0.46,0.47,2026-06-05,1702,N,nominal,2.0NRT,289.51,9.65,D
-5.5639,-45.92974,345.14,0.39,0.44,2026-06-05,1702,N,nominal,2.0NRT,296.26,5.61,D
-6.00015,-49.30515,341.1,0.4,0.37,2026-06-05,1702,N,nominal,2.0NRT,299.95,3.94,D
-5.99675,-49.30568,353.66,0.4,0.37,2026-06-05,1702,N,nominal,2.0NRT,296.24,6.74,D
-5.31151,-46.31672,330.02,0.56,0.43,2026-06-05,1702,N,nominal,2.0NRT,288.91,1.7,D
-5.30755,-46.31732,335.92,0.56,0.43,2026-06-05,1702,N,nominal,2.0NRT,289.39,5.37,D
-6.6469,-55.19262,328.28,0.55,0.42,2026-06-05,1702,N,nominal,2.0NRT,296.16,3.5,D
-6.64386,-55.19519,333.43,0.55,0.42,2026-06-05,1702,N,nominal,2.0NRT,295.35,4.19,D
-5.44962,-47.41064,334.83,0.48,0.4,2026-06-05,1702,N,nominal,2.0NRT,297.3,6.44,D
-5.53691,-48.42728,333.49,0.43,0.38,2026-06-05,1702,N,nominal,2.0NRT,295.43,3.45,D
-4.6315,-43.04979,345.37,0.62,0.54,2026-06-05,1702,N,nominal,2.0NRT,293.4,22.87,D
-4.63248,-43.05546,335.3,0.62,0.54,2026-06-05,1702,N,nominal,2.0NRT,290.78,22.87,D
-4.6275,-43.05628,343.09,0.62,0.54,2026-06-05,1702,N,nominal,2.0NRT,289.46,22.87,D
-4.63153,-43.05247,353,0.62,0.54,2026-06-05,1702,N,nominal,2.0NRT,293.51,51.81,D
-4.62655,-43.05331,337.98,0.62,0.54,2026-06-05,1702,N,nominal,2.0NRT,290.56,9.53,D
-5.38518,-48.04185,333.48,0.45,0.39,2026-06-05,1702,N,nominal,2.0NRT,295.69,6.06,D
-6.95945,-59.28711,340.59,0.34,0.56,2026-06-05,1702,N,nominal,2.0NRT,294.92,2.95,D
-6.95988,-59.29023,335.27,0.34,0.56,2026-06-05,1702,N,nominal,2.0NRT,293.44,2.95,D
-5.10902,-46.94453,332.4,0.52,0.41,2026-06-05,1702,N,nominal,2.0NRT,296.27,4.67,D
-5.19285,-47.79588,336.09,0.47,0.39,2026-06-05,1702,N,nominal,2.0NRT,296.62,3.62,D
-5.18922,-47.7965,346.44,0.47,0.39,2026-06-05,1702,N,nominal,2.0NRT,294.04,6.55,D
-4.8859,-47.38543,336.79,0.49,0.4,2026-06-05,1702,N,nominal,2.0NRT,298.23,3.61,D
-4.20127,-44.79822,341.93,0.48,0.48,2026-06-05,1702,N,nominal,2.0NRT,295.04,22.17,D
-3.09347,-42.06557,330.57,0.38,0.59,2026-06-05,1702,N,nominal,2.0NRT,286.87,2.95,D
-3.41678,-45.66646,327.72,0.44,0.46,2026-06-05,1702,N,nominal,2.0NRT,290.95,2.63,D
-3.12174,-59.22789,327.1,0.59,0.53,2026-06-05,1702,N,nominal,2.0NRT,290.33,2.95,D
-26.69768,-57.38353,332.56,0.58,0.7,2026-06-05,1836,N,nominal,2.0NRT,294.21,20.96,D
-26.69132,-57.38551,356.58,0.58,0.7,2026-06-05,1836,N,nominal,2.0NRT,298.64,20.96,D
-26.03123,-55.44506,354.58,0.77,0.77,2026-06-05,1836,N,nominal,2.0NRT,292.91,9.1,D
-26.34913,-56.87811,341.59,0.63,0.72,2026-06-05,1836,N,nominal,2.0NRT,293.98,7.72,D
-26.34813,-56.88264,346.3,0.63,0.72,2026-06-05,1836,N,nominal,2.0NRT,294.36,10.65,D
-26.88459,-59.03975,327.92,0.46,0.64,2026-06-05,1836,N,nominal,2.0NRT,293.98,2.5,D
-27.36393,-61.19464,367,0.34,0.56,2026-06-05,1836,N,high,2.0NRT,297.05,6.98,D
-27.36314,-61.19121,349.76,0.34,0.56,2026-06-05,1836,N,nominal,2.0NRT,294.82,6.98,D
-27.35803,-61.19264,367,0.34,0.56,2026-06-05,1836,N,high,2.0NRT,296.11,6.98,D
-27.35882,-61.19607,367,0.34,0.56,2026-06-05,1836,N,high,2.0NRT,297.23,6.98,D
-27.24027,-60.78318,367,0.36,0.57,2026-06-05,1836,N,high,2.0NRT,297.3,5.98,D
-27.23503,-60.78468,367,0.36,0.57,2026-06-05,1836,N,high,2.0NRT,297.57,8.42,D
-26.15854,-56.63076,335.7,0.66,0.73,2026-06-05,1836,N,nominal,2.0NRT,293.67,9.07,D
-27.23712,-60.78501,367,0.36,0.57,2026-06-05,1836,N,high,2.0NRT,298.84,12.46,D
-27.2363,-60.78139,349.35,0.36,0.57,2026-06-05,1836,N,nominal,2.0NRT,297.62,12.15,D
-26.15631,-56.62668,340.35,0.66,0.73,2026-06-05,1836,N,nominal,2.0NRT,294.51,8.12,D
-26.17496,-56.75099,327.09,0.65,0.73,2026-06-05,1836,N,nominal,2.0NRT,293.85,3.68,D
-27.2082,-60.9011,339.33,0.35,0.57,2026-06-05,1836,N,nominal,2.0NRT,296.55,2.28,D
-27.81653,-63.8994,339.99,0.46,0.47,2026-06-05,1836,N,nominal,2.0NRT,295.99,4.21,D
-26.50796,-58.61182,328.21,0.5,0.66,2026-06-05,1836,N,nominal,2.0NRT,292.83,4,D
-26.14154,-57.38121,330.05,0.6,0.7,2026-06-05,1836,N,nominal,2.0NRT,293.59,8.3,D
-26.14314,-57.38722,345.97,0.6,0.7,2026-06-05,1836,N,nominal,2.0NRT,294.86,7.4,D
-26.14389,-57.38355,347.45,0.6,0.7,2026-06-05,1836,N,nominal,2.0NRT,294.5,8.21,D
-26.13746,-57.38556,332.43,0.6,0.7,2026-06-05,1836,N,nominal,2.0NRT,294.9,5.04,D
-26.86703,-61.0353,328.18,0.35,0.57,2026-06-05,1836,N,nominal,2.0NRT,297.5,26.99,D
-26.86098,-61.03318,332.55,0.35,0.57,2026-06-05,1836,N,nominal,2.0NRT,293.81,26.99,D
-26.86182,-61.03676,356.19,0.35,0.57,2026-06-05,1836,N,nominal,2.0NRT,307.55,26.99,D
-26.86266,-61.04033,348.53,0.35,0.57,2026-06-05,1836,N,nominal,2.0NRT,300.24,27.7,D
-26.14881,-58.16574,339.47,0.54,0.68,2026-06-05,1836,N,nominal,2.0NRT,294.62,5,D
-26.42922,-59.32071,325.66,0.45,0.63,2026-06-05,1836,N,nominal,2.0NRT,294.5,1.3,D
-26.85813,-61.03897,367,0.35,0.57,2026-06-05,1836,N,high,2.0NRT,295.11,8.86,D
-26.43087,-59.3194,326.39,0.46,0.63,2026-06-05,1836,N,nominal,2.0NRT,294.46,1.63,D
-26.27433,-59.14047,334.1,0.47,0.64,2026-06-05,1836,N,nominal,2.0NRT,296.25,3.61,D
-26.09335,-58.91166,349.59,0.49,0.65,2026-06-05,1836,N,nominal,2.0NRT,295.07,10.45,D
-26.09457,-58.91659,331.09,0.49,0.65,2026-06-05,1836,N,nominal,2.0NRT,294.19,6.3,D
-25.83148,-58.1065,367,0.55,0.68,2026-06-05,1836,N,high,2.0NRT,296.96,11.73,D
-25.83292,-58.11208,339.62,0.55,0.68,2026-06-05,1836,N,nominal,2.0NRT,294.31,11.73,D
-26.43163,-60.5593,327.32,0.38,0.59,2026-06-05,1836,N,nominal,2.0NRT,294.69,1.92,D
-25.8311,-58.11115,367,0.55,0.68,2026-06-05,1836,N,high,2.0NRT,295.93,12.51,D
-25.8297,-58.10556,345.33,0.55,0.68,2026-06-05,1836,N,nominal,2.0NRT,294.82,12.51,D
-25.7061,-57.91157,327.5,0.57,0.69,2026-06-05,1836,N,nominal,2.0NRT,294.35,3.79,D
-25.55834,-58.0269,333.6,0.56,0.69,2026-06-05,1836,N,nominal,2.0NRT,294.79,8.35,D
-25.55915,-58.03068,341.21,0.57,0.69,2026-06-05,1836,N,nominal,2.0NRT,294.96,9.25,D
-26.2854,-61.33469,331.38,0.35,0.57,2026-06-05,1836,N,nominal,2.0NRT,293.1,0.06,D
-25.07367,-57.6979,329.34,0.61,0.71,2026-06-05,1836,N,nominal,2.0NRT,294.82,3.46,D
-25.90844,-61.6694,325.52,0.34,0.56,2026-06-05,1836,N,nominal,2.0NRT,294.94,1.8,D
-24.87959,-57.80201,340.39,0.6,0.71,2026-06-05,1836,N,nominal,2.0NRT,295.19,5.17,D
-24.87509,-57.80093,327.17,0.6,0.71,2026-06-05,1836,N,nominal,2.0NRT,294.47,7.35,D
-24.99855,-58.64188,367,0.54,0.68,2026-06-05,1836,N,high,2.0NRT,299.16,24.2,D
-24.99236,-58.64368,367,0.54,0.68,2026-06-05,1836,N,high,2.0NRT,295.19,24.2,D
-25.47269,-61.08093,367,0.38,0.58,2026-06-05,1836,N,high,2.0NRT,296.37,7.13,D
-25.47357,-61.0847,354.17,0.38,0.58,2026-06-05,1836,N,nominal,2.0NRT,296.13,7.13,D
-25.31773,-61.54871,328.49,0.36,0.57,2026-06-05,1836,N,nominal,2.0NRT,293.83,0.1,D
-23.99154,-56.52827,343.5,0.75,0.77,2026-06-05,1836,N,nominal,2.0NRT,292.98,12.66,D
-23.9874,-56.52299,325.23,0.75,0.77,2026-06-05,1836,N,nominal,2.0NRT,292.54,13.57,D
-23.98934,-56.53037,349.89,0.75,0.77,2026-06-05,1836,N,nominal,2.0NRT,292.86,16.48,D
-24.64268,-59.11671,331.37,0.51,0.66,2026-06-05,1836,N,nominal,2.0NRT,295.69,2.86,D
-24.14088,-57.50433,333.6,0.65,0.73,2026-06-05,1836,N,nominal,2.0NRT,294.69,7.77,D
-24.13932,-57.50149,330.97,0.65,0.73,2026-06-05,1836,N,nominal,2.0NRT,295.02,4.36,D
-24.08392,-57.96418,341.88,0.62,0.71,2026-06-05,1836,N,nominal,2.0NRT,295.57,10.29,D
-24.08549,-57.97036,338.34,0.61,0.71,2026-06-05,1836,N,nominal,2.0NRT,295.15,7.15,D
-23.85787,-57.78216,337,0.64,0.72,2026-06-05,1836,N,nominal,2.0NRT,295.59,5.2,D
-23.85768,-57.78658,328.48,0.64,0.72,2026-06-05,1836,N,nominal,2.0NRT,295.64,3.65,D
-24.53104,-60.63218,367,0.42,0.61,2026-06-05,1836,N,high,2.0NRT,298.69,8.91,D
-24.52446,-60.62953,343.84,0.42,0.61,2026-06-05,1836,N,nominal,2.0NRT,298.61,4.97,D
-24.52544,-60.63371,338.1,0.42,0.61,2026-06-05,1836,N,nominal,2.0NRT,297.6,4.97,D
-23.45614,-56.64287,327.6,0.76,0.77,2026-06-05,1836,N,nominal,2.0NRT,292.39,4.19,D
-24.23312,-61.10874,326.87,0.4,0.6,2026-06-05,1836,N,low,2.0NRT,298.36,3.88,D
-22.55381,-56.98875,325.01,0.76,0.77,2026-06-05,1838,N,nominal,2.0NRT,294.52,4.35,D
-23.28666,-60.13636,332.72,0.48,0.64,2026-06-05,1838,N,nominal,2.0NRT,301.1,4.82,D
-23.27962,-60.13327,354.44,0.48,0.64,2026-06-05,1838,N,nominal,2.0NRT,301.79,9.83,D
-22.42691,-57.15821,333.23,0.75,0.77,2026-06-05,1838,N,nominal,2.0NRT,292.38,8.45,D
-22.43101,-57.16077,336.37,0.75,0.77,2026-06-05,1838,N,nominal,2.0NRT,292.2,5.94,D
-23.84553,-64.7962,339.78,0.49,0.48,2026-06-05,1838,N,nominal,2.0NRT,293.01,5.23,D
-23.84713,-64.79387,339.45,0.49,0.48,2026-06-05,1838,N,nominal,2.0NRT,293.79,5.76,D
-23.00988,-61.41145,333.7,0.41,0.6,2026-06-05,1838,N,nominal,2.0NRT,302.01,6.97,D
-23.00768,-61.41349,341.81,0.41,0.6,2026-06-05,1838,N,nominal,2.0NRT,302.29,4.41,D
-22.48892,-62.1704,367,0.37,0.58,2026-06-05,1838,N,high,2.0NRT,297.31,6.86,D
-22.48812,-62.16676,340.38,0.37,0.58,2026-06-05,1838,N,nominal,2.0NRT,296.28,6.86,D
-22.17919,-62.5456,331.9,0.36,0.57,2026-06-05,1838,N,nominal,2.0NRT,298.23,3.96,D
-20.71199,-59.45998,356.8,0.59,0.7,2026-06-05,1838,N,nominal,2.0NRT,296.03,9.7,D
-20.71333,-59.45768,332.13,0.6,0.7,2026-06-05,1838,N,nominal,2.0NRT,295.29,4.37,D
-20.7147,-59.46352,329.5,0.6,0.7,2026-06-05,1838,N,nominal,2.0NRT,294.45,4.37,D
-20.56044,-60.38025,367,0.53,0.67,2026-06-05,1838,N,high,2.0NRT,305.48,74.12,D
-20.56163,-60.38537,352.76,0.53,0.67,2026-06-05,1838,N,nominal,2.0NRT,304.98,41.26,D
-20.56282,-60.3905,356.28,0.53,0.67,2026-06-05,1838,N,nominal,2.0NRT,300.3,41.26,D
-20.55547,-60.38697,367,0.53,0.67,2026-06-05,1838,N,high,2.0NRT,297.19,25.3,D
-20.55666,-60.39209,367,0.53,0.67,2026-06-05,1838,N,high,2.0NRT,293.14,25.3,D
-20.55428,-60.38182,344.55,0.53,0.67,2026-06-05,1838,N,nominal,2.0NRT,296.55,16.11,D
-20.55785,-60.39721,356.23,0.53,0.67,2026-06-05,1838,N,low,2.0NRT,289.14,21.59,D
-19.74999,-57.71972,326.36,0.79,0.78,2026-06-05,1838,N,nominal,2.0NRT,293.39,3.97,D
-18.9889,-58.07917,343.81,0.78,0.78,2026-06-05,1838,N,nominal,2.0NRT,293.32,8.49,D
-18.9908,-58.08685,331.49,0.78,0.78,2026-06-05,1838,N,nominal,2.0NRT,292.88,8.49,D
-18.98721,-58.07977,347.34,0.78,0.78,2026-06-05,1838,N,nominal,2.0NRT,292.83,16.48,D
-18.53843,-58.59845,367,0.74,0.76,2026-06-05,1838,N,high,2.0NRT,294.75,42.06,D
-18.54019,-58.60563,367,0.74,0.76,2026-06-05,1838,N,high,2.0NRT,293.88,22.48,D
-18.59455,-58.65567,331.98,0.74,0.76,2026-06-05,1838,N,nominal,2.0NRT,293.11,7.41,D
-18.53705,-58.60218,367,0.75,0.77,2026-06-05,1838,N,high,2.0NRT,294.49,33.53,D
-18.53533,-58.59498,354.33,0.75,0.77,2026-06-05,1838,N,nominal,2.0NRT,293.59,30,D
-18.38721,-59.0617,328.25,0.7,0.75,2026-06-05,1838,N,nominal,2.0NRT,292.49,6.92,D
-18.37706,-59.04985,367,0.71,0.75,2026-06-05,1838,N,high,2.0NRT,293.54,22.84,D
-18.37543,-59.04306,333.62,0.71,0.75,2026-06-05,1838,N,nominal,2.0NRT,291.93,25.42,D
-18.37869,-59.05668,334.9,0.7,0.75,2026-06-05,1838,N,nominal,2.0NRT,289.88,22.84,D
-18.38031,-59.06349,331.7,0.7,0.75,2026-06-05,1838,N,nominal,2.0NRT,292.51,6.92,D
-18.37179,-59.05847,349.29,0.7,0.75,2026-06-05,1838,N,nominal,2.0NRT,292.76,21.44,D
-18.37342,-59.06528,352.37,0.7,0.75,2026-06-05,1838,N,nominal,2.0NRT,293.68,16.14,D
-18.37504,-59.07206,331.19,0.7,0.75,2026-06-05,1838,N,nominal,2.0NRT,293.4,16.14,D
-18.36814,-59.07382,367,0.7,0.75,2026-06-05,1838,N,high,2.0NRT,294.33,16.14,D
-18.36976,-59.08058,367,0.7,0.75,2026-06-05,1838,N,high,2.0NRT,295.07,18.67,D
-18.37138,-59.08735,344.13,0.7,0.75,2026-06-05,1838,N,nominal,2.0NRT,294.18,18.67,D
-18.36124,-59.07556,367,0.7,0.75,2026-06-05,1838,N,high,2.0NRT,296.35,22.66,D
-7.76935,-72.40027,334.81,0.47,0.4,2026-06-05,1841,N,nominal,2.0NRT,298.34,4.84,D
-18.36287,-59.08233,367,0.7,0.75,2026-06-05,1838,N,high,2.0NRT,295.83,18.41,D
-18.36449,-59.08911,367,0.7,0.75,2026-06-05,1838,N,high,2.0NRT,295,18.41,D
-7.80686,-77.74017,329.78,0.41,0.37,2026-06-05,1841,N,nominal,2.0NRT,295.37,3.42,D
-18.35636,-59.05521,330.31,0.71,0.75,2026-06-05,1838,N,nominal,2.0NRT,291.23,25.6,D
-32.96305,-54.50673,325.35,0.58,0.7,2026-06-05,1834,N,nominal,2.0NRT,283.86,6.82,D
-7.86242,-79.29974,343.05,0.48,0.4,2026-06-05,1841,N,nominal,2.0NRT,291.24,15.64,D
-18.35962,-59.06878,357.53,0.7,0.75,2026-06-05,1838,N,low,2.0NRT,294.11,22.66,D
-18.35434,-59.0773,330.16,0.7,0.75,2026-06-05,1838,N,nominal,2.0NRT,294.2,22.66,D
-7.79855,-79.28938,330.2,0.48,0.4,2026-06-05,1841,N,nominal,2.0NRT,293.75,2.36,D
-32.9576,-54.50609,349.3,0.58,0.7,2026-06-05,1834,N,nominal,2.0NRT,286.02,7.8,D
-18.35598,-59.0841,350.3,0.7,0.75,2026-06-05,1838,N,nominal,2.0NRT,294.95,18.41,D
-6.96409,-76.56607,325.55,0.39,0.36,2026-06-05,1841,N,nominal,2.0NRT,283.9,1.95,D
-33.05751,-56.59291,367,0.45,0.63,2026-06-05,1834,N,high,2.0NRT,291.71,5.81,D
-18.35761,-59.09088,345.7,0.7,0.75,2026-06-05,1838,N,nominal,2.0NRT,293.95,18.41,D
-6.6219,-79.88023,335.71,0.5,0.41,2026-06-05,1841,N,nominal,2.0NRT,278.76,6.14,D
-33.0562,-56.588,329.2,0.45,0.63,2026-06-05,1834,N,nominal,2.0NRT,290.53,5.81,D
-18.37057,-59.07537,367,0.7,0.75,2026-06-05,1838,N,high,2.0NRT,295.07,22.88,D
-6.62237,-79.88354,329.72,0.5,0.41,2026-06-05,1841,N,nominal,2.0NRT,275.82,2.48,D
-3.92251,-71.51881,329.44,0.4,0.44,2026-06-05,1841,N,nominal,2.0NRT,293.06,3.16,D
-33.26333,-58.05391,341.3,0.37,0.58,2026-06-05,1834,N,nominal,2.0NRT,289.67,3.76,D
-18.36899,-59.0686,345.13,0.7,0.75,2026-06-05,1838,N,nominal,2.0NRT,292.99,31.53,D
-4.01358,-73.38245,334.74,0.47,0.4,2026-06-05,1843,N,nominal,2.0NRT,294.3,5.19,D
-18.37214,-59.08215,349.34,0.7,0.75,2026-06-05,1838,N,nominal,2.0NRT,294.76,22.88,D
-33.26233,-58.0533,354.23,0.37,0.58,2026-06-05,1834,N,nominal,2.0NRT,289.37,6.09,D
-4.01338,-73.3818,331.56,0.47,0.4,2026-06-05,1843,N,nominal,2.0NRT,294.48,4.68,D
-18.36367,-59.07714,367,0.7,0.75,2026-06-05,1838,N,high,2.0NRT,295.55,22.88,D
-33.13499,-58.12461,326.13,0.37,0.58,2026-06-05,1834,N,nominal,2.0NRT,289.78,1.4,D
-3.61441,-80.56046,336.3,0.5,0.41,2026-06-05,1843,N,nominal,2.0NRT,294.85,9.21,D
-18.36525,-59.08393,367,0.7,0.75,2026-06-05,1838,N,high,2.0NRT,295.65,22.88,D
-2.09518,-79.72979,338.55,0.44,0.38,2026-06-05,1843,N,nominal,2.0NRT,295.26,3.63,D
-33.01101,-58.22911,327.21,0.37,0.58,2026-06-05,1834,N,nominal,2.0NRT,289.36,19.07,D
-18.35892,-59.05678,348.91,0.71,0.75,2026-06-05,1838,N,nominal,2.0NRT,290.57,19.47,D
-2.05408,-79.76405,331.44,0.44,0.38,2026-06-05,1843,N,nominal,2.0NRT,291.47,9.96,D
-33.01303,-58.23708,347.19,0.37,0.58,2026-06-05,1834,N,nominal,2.0NRT,290.34,21.57,D
-18.36209,-59.07037,355.26,0.7,0.75,2026-06-05,1838,N,nominal,2.0NRT,293.98,31.53,D
-2.05054,-79.76457,330.9,0.44,0.38,2026-06-05,1843,N,nominal,2.0NRT,289.94,5.54,D
-18.36684,-59.09074,346.55,0.7,0.75,2026-06-05,1838,N,nominal,2.0NRT,293.94,20.48,D
-33.01202,-58.23308,357.51,0.37,0.58,2026-06-05,1834,N,low,2.0NRT,303.28,19.07,D
-2.01456,-79.7659,346.91,0.44,0.38,2026-06-05,1843,N,nominal,2.0NRT,289.34,8.53,D
-18.35837,-59.08572,367,0.7,0.75,2026-06-05,1838,N,high,2.0NRT,295.89,20.43,D
-33.00676,-58.23494,336.07,0.37,0.58,2026-06-05,1834,N,nominal,2.0NRT,290.09,19.07,D
-1.86075,-79.88982,335.34,0.44,0.39,2026-06-05,1843,N,nominal,2.0NRT,293.83,2.68,D
-18.35519,-59.07215,337.14,0.7,0.75,2026-06-05,1838,N,nominal,2.0NRT,294.44,16.26,D
-32.521,-58.66678,328.13,0.36,0.57,2026-06-05,1834,N,nominal,2.0NRT,289.8,2.32,D
-1.86467,-79.96288,334.31,0.45,0.39,2026-06-05,1843,N,nominal,2.0NRT,295.52,6.81,D
-18.35678,-59.07893,356.86,0.7,0.75,2026-06-05,1838,N,nominal,2.0NRT,295.67,20.43,D
-1.70979,-79.99315,336.8,0.45,0.39,2026-06-05,1843,N,nominal,2.0NRT,293.18,2.94,D
-31.79864,-59.98239,339.32,0.63,0.54,2026-06-05,1834,N,nominal,2.0NRT,288.93,8.48,D
-18.35995,-59.09253,334.8,0.7,0.75,2026-06-05,1838,N,nominal,2.0NRT,293.51,11.26,D
-1.62745,-79.99281,337.9,0.45,0.39,2026-06-05,1843,N,nominal,2.0NRT,294.12,11.9,D
-31.31104,-58.19781,336.37,0.41,0.6,2026-06-05,1834,N,nominal,2.0NRT,289.56,3.34,D
-1.48536,-79.44415,333.3,0.42,0.38,2026-06-05,1843,N,nominal,2.0NRT,293.59,4.23,D
-19.46322,-65.27168,356.44,0.55,0.51,2026-06-05,1838,N,nominal,2.0NRT,308.51,20.78,D
-31.9908,-61.49054,325.75,0.52,0.5,2026-06-05,1834,N,nominal,2.0NRT,289.6,3.45,D
-0.89509,-78.51236,327.52,0.39,0.37,2026-06-05,1843,N,nominal,2.0NRT,291.65,3.9,D
-18.10198,-59.58505,328.49,0.66,0.73,2026-06-05,1838,N,nominal,2.0NRT,293.41,5.32,D
-31.17829,-58.18961,332.29,0.41,0.61,2026-06-05,1834,N,nominal,2.0NRT,288.4,5.17,D
-0.98303,-79.59295,343.94,0.42,0.38,2026-06-05,1843,N,nominal,2.0NRT,287.54,5.79,D
-18.39366,-63.54618,367,0.37,0.58,2026-06-05,1838,N,high,2.0NRT,294.87,21.11,D
-31.32297,-59.40052,351.92,0.35,0.57,2026-06-05,1834,N,nominal,2.0NRT,289.1,4.03,D
-0.81259,-80.51412,350.42,0.46,0.39,2026-06-05,1843,N,nominal,2.0NRT,292.35,8.4,D
-17.49149,-59.51244,326.21,0.69,0.74,2026-06-05,1838,N,nominal,2.0NRT,294.01,10.7,D
-31.23597,-59.65454,355.92,0.34,0.56,2026-06-05,1834,N,nominal,2.0NRT,289.97,6.99,D
-0.74175,-80.46869,332.93,0.46,0.39,2026-06-05,1843,N,nominal,2.0NRT,291.56,4.84,D
-17.49309,-59.51923,328.73,0.69,0.74,2026-06-05,1838,N,nominal,2.0NRT,293.71,12.83,D
-31.23683,-59.65808,353.99,0.34,0.56,2026-06-05,1834,N,nominal,2.0NRT,288.65,6.99,D
0.62701,-79.91211,335.32,0.42,0.38,2026-06-05,1843,N,nominal,2.0NRT,287.44,3.5,D
-18.39427,-63.54909,357.02,0.37,0.58,2026-06-05,1838,N,nominal,2.0NRT,294,14.13,D
-31.23586,-59.65443,367,0.34,0.56,2026-06-05,1834,N,high,2.0NRT,290.15,7.93,D
0.66623,-80.07416,337.22,0.43,0.38,2026-06-05,1843,N,nominal,2.0NRT,287.38,3.5,D
-17.4846,-59.51397,326.95,0.69,0.74,2026-06-05,1838,N,nominal,2.0NRT,294.34,10.7,D
-31.23671,-59.65797,357.28,0.34,0.56,2026-06-05,1834,N,low,2.0NRT,289.7,7.93,D
8.34827,-80.55838,329,0.39,0.36,2026-06-05,1845,N,nominal,2.0NRT,294.84,1.68,D
-17.48619,-59.52072,346.58,0.69,0.74,2026-06-05,1838,N,nominal,2.0NRT,294.03,12.83,D
11.5349,-85.97562,330.09,0.43,0.46,2026-06-05,1847,N,nominal,2.0NRT,270.98,3.02,D
-30.4224,-59.45783,341.57,0.36,0.58,2026-06-05,1834,N,nominal,2.0NRT,291.63,5.68,D
-17.49091,-59.54074,327.76,0.69,0.74,2026-06-05,1838,N,nominal,2.0NRT,294.34,13.82,D
-31.10456,-62.5021,340.62,0.47,0.48,2026-06-05,1834,N,nominal,2.0NRT,290.2,5.52,D
-17.49247,-59.54734,343.78,0.69,0.74,2026-06-05,1838,N,nominal,2.0NRT,293.79,11.56,D
-30.37671,-59.51372,333.02,0.36,0.57,2026-06-05,1834,N,nominal,2.0NRT,290.54,2.33,D
-17.46672,-59.46904,367,0.69,0.75,2026-06-05,1838,N,high,2.0NRT,293.81,47.67,D
-29.53635,-57.61687,344.81,0.48,0.65,2026-06-05,1834,N,nominal,2.0NRT,293.3,7.11,D
-17.46514,-59.46233,336.55,0.69,0.75,2026-06-05,1838,N,nominal,2.0NRT,290.12,58.85,D
-17.48403,-59.54224,339.93,0.69,0.74,2026-06-05,1838,N,nominal,2.0NRT,293.98,17.14,D
-29.22539,-57.43789,342.98,0.5,0.66,2026-06-05,1834,N,nominal,2.0NRT,292.88,8.08,D
-17.48559,-59.54887,334.73,0.69,0.74,2026-06-05,1838,N,nominal,2.0NRT,292.56,6.75,D
-29.22675,-57.44313,335.02,0.5,0.66,2026-06-05,1834,N,nominal,2.0NRT,292.35,5.86,D
-17.45817,-59.46364,367,0.69,0.75,2026-06-05,1838,N,high,2.0NRT,294.26,58.85,D
-29.21939,-57.43986,367,0.5,0.66,2026-06-05,1834,N,high,2.0NRT,293.53,21.67,D
-17.45979,-59.4705,331.44,0.69,0.75,2026-06-05,1838,N,nominal,2.0NRT,295.22,47.67,D
-29.22075,-57.4451,367,0.5,0.66,2026-06-05,1834,N,high,2.0NRT,293.73,9.4,D
-17.47874,-59.55051,334.64,0.69,0.74,2026-06-05,1838,N,nominal,2.0NRT,291.79,6.75,D
-29.21475,-57.44704,341.35,0.5,0.66,2026-06-05,1834,N,nominal,2.0NRT,292.64,9.4,D
-17.49957,-59.50231,338.2,0.69,0.74,2026-06-05,1838,N,nominal,2.0NRT,292.17,10.58,D
-17.48733,-59.51212,328.69,0.69,0.74,2026-06-05,1838,N,nominal,2.0NRT,294.69,12.68,D
-29.21611,-57.45224,329.23,0.5,0.66,2026-06-05,1834,N,nominal,2.0NRT,291.82,9.4,D
-17.48889,-59.5189,340.3,0.69,0.74,2026-06-05,1838,N,nominal,2.0NRT,294.3,12.97,D
-28.89008,-56.43122,329.64,0.58,0.7,2026-06-05,1836,N,nominal,2.0NRT,291.92,6.36,D
-17.49044,-59.52568,343.61,0.69,0.74,2026-06-05,1838,N,nominal,2.0NRT,293.98,12.97,D
-29.12947,-57.32155,330.63,0.51,0.66,2026-06-05,1836,N,nominal,2.0NRT,292.49,4.72,D
-17.495,-59.54562,339.25,0.69,0.74,2026-06-05,1838,N,nominal,2.0NRT,294.08,6.29,D
-29.13255,-57.32507,331.78,0.51,0.66,2026-06-05,1836,N,nominal,2.0NRT,292.54,4.18,D
-17.49654,-59.55234,329.24,0.69,0.74,2026-06-05,1838,N,nominal,2.0NRT,293.16,6.29,D
-17.46975,-59.4671,330.48,0.7,0.75,2026-06-05,1838,N,nominal,2.0NRT,291.17,8.18,D
-28.89235,-56.4345,338.53,0.58,0.7,2026-06-05,1836,N,nominal,2.0NRT,292.52,6.48,D
-17.48811,-59.54708,333.66,0.69,0.74,2026-06-05,1838,N,nominal,2.0NRT,293.09,6.29,D
-28.8518,-56.71875,333.22,0.56,0.69,2026-06-05,1836,N,nominal,2.0NRT,287.93,5.99,D
-17.46125,-59.46171,326.07,0.7,0.75,2026-06-05,1838,N,nominal,2.0NRT,288.68,77.56,D
-28.8516,-56.72149,331.86,0.56,0.69,2026-06-05,1836,N,nominal,2.0NRT,285.87,5.94,D
-17.46281,-59.46851,354.53,0.7,0.75,2026-06-05,1838,N,nominal,2.0NRT,303.13,60.07,D
-28.79703,-56.59323,326.57,0.57,0.69,2026-06-05,1836,N,nominal,2.0NRT,291.13,2.9,D
-17.46437,-59.47528,326.93,0.69,0.75,2026-06-05,1838,N,nominal,2.0NRT,292.37,60.07,D
-29.02477,-57.68513,335.85,0.49,0.65,2026-06-05,1836,N,nominal,2.0NRT,292.7,5.02,D
-17.48126,-59.54874,328.65,0.69,0.74,2026-06-05,1838,N,nominal,2.0NRT,291.87,5.04,D
-17.48282,-59.55555,330.89,0.69,0.74,2026-06-05,1838,N,nominal,2.0NRT,291.93,5.04,D
-29.0261,-57.69024,344.6,0.49,0.65,2026-06-05,1836,N,nominal,2.0NRT,293.2,5.02,D
-17.45591,-59.47007,367,0.7,0.75,2026-06-05,1838,N,high,2.0NRT,291.05,60.07,D
-29.02016,-57.69218,328.26,0.49,0.65,2026-06-05,1836,N,nominal,2.0NRT,292.71,5.02,D
-17.67366,-60.72594,326.64,0.58,0.69,2026-06-05,1838,N,low,2.0NRT,297.38,4.08,D
-28.92697,-57.36194,343.54,0.51,0.66,2026-06-05,1836,N,nominal,2.0NRT,291.56,21.07,D
-17.66083,-60.72885,343.1,0.58,0.69,2026-06-05,1838,N,nominal,2.0NRT,298.36,12.94,D
-17.66208,-60.73434,353.49,0.57,0.69,2026-06-05,1838,N,nominal,2.0NRT,300.1,12.94,D
-28.92838,-57.36727,357.56,0.51,0.66,2026-06-05,1836,N,nominal,2.0NRT,294.28,23.86,D
-17.66334,-60.73985,335.67,0.57,0.69,2026-06-05,1838,N,nominal,2.0NRT,299.06,10.7,D
-28.91767,-57.37657,332.82,0.51,0.66,2026-06-05,1836,N,nominal,2.0NRT,291.65,5.97,D
-17.66264,-60.73336,367,0.58,0.69,2026-06-05,1838,N,high,2.0NRT,299.95,23.67,D
-17.66387,-60.7389,344.18,0.58,0.69,2026-06-05,1838,N,nominal,2.0NRT,299.79,16.72,D
-28.91959,-57.37504,338.34,0.51,0.66,2026-06-05,1836,N,nominal,2.0NRT,291.56,9.33,D
-17.82379,-61.64371,344.1,0.5,0.66,2026-06-05,1838,N,nominal,2.0NRT,292.97,6.14,D
-28.92096,-57.38036,326.72,0.51,0.66,2026-06-05,1836,N,nominal,2.0NRT,291.63,3.84,D
-17.41055,-60.04592,353.6,0.64,0.72,2026-06-05,1838,N,nominal,2.0NRT,294.21,13.35,D
-17.41065,-60.04919,354.08,0.64,0.72,2026-06-05,1838,N,nominal,2.0NRT,294.93,10.12,D
-28.89514,-57.45787,325.14,0.51,0.66,2026-06-05,1836,N,nominal,2.0NRT,292.78,11.61,D
-17.53098,-62.72246,328.36,0.43,0.62,2026-06-05,1838,N,nominal,2.0NRT,295,4.48,D
-28.96523,-57.7536,367,0.49,0.65,2026-06-05,1836,N,high,2.0NRT,295.31,22.21,D
-17.53091,-62.72387,333.82,0.44,0.62,2026-06-05,1838,N,nominal,2.0NRT,295.29,4.84,D
-28.88911,-57.45988,347.19,0.51,0.66,2026-06-05,1836,N,nominal,2.0NRT,292.36,11.61,D
-17.52607,-62.72932,367,0.43,0.62,2026-06-05,1838,N,high,2.0NRT,295.22,8.7,D
-17.52695,-62.73348,367,0.43,0.62,2026-06-05,1838,N,high,2.0NRT,295.84,7.19,D
-28.89048,-57.46513,356.76,0.51,0.66,2026-06-05,1836,N,nominal,2.0NRT,296.43,11.61,D
-17.5252,-62.72518,331.96,0.44,0.62,2026-06-05,1838,N,nominal,2.0NRT,294.26,8.7,D
-28.88446,-57.46712,367,0.51,0.66,2026-06-05,1836,N,high,2.0NRT,293.72,9.84,D
-17.52783,-62.73764,338.21,0.43,0.62,2026-06-05,1838,N,nominal,2.0NRT,295.79,7.19,D
-28.88308,-57.46187,335.47,0.51,0.66,2026-06-05,1836,N,nominal,2.0NRT,292.68,9.84,D
-17.52212,-62.73891,337.19,0.43,0.62,2026-06-05,1838,N,nominal,2.0NRT,295.99,7.19,D
-28.77846,-57.13935,328.17,0.53,0.67,2026-06-05,1836,N,nominal,2.0NRT,290.9,3.77,D
-17.52299,-62.74306,337.84,0.43,0.62,2026-06-05,1838,N,nominal,2.0NRT,296.19,6.03,D
-17.59801,-63.15479,339.62,0.41,0.6,2026-06-05,1838,N,nominal,2.0NRT,296.63,6.44,D
-29.14036,-58.6109,367,0.43,0.62,2026-06-05,1836,N,high,2.0NRT,295.64,15.69,D
-16.53994,-59.29155,338.76,0.74,0.76,2026-06-05,1838,N,nominal,2.0NRT,291.73,6.48,D
-28.85518,-57.50528,353.9,0.51,0.66,2026-06-05,1836,N,nominal,2.0NRT,294.39,6.39,D
-16.54326,-59.28681,331.39,0.75,0.77,2026-06-05,1838,N,nominal,2.0NRT,292.4,8.39,D
-28.85656,-57.51053,327.85,0.51,0.66,2026-06-05,1836,N,nominal,2.0NRT,293.02,6.39,D
-16.51879,-59.27771,344.22,0.75,0.77,2026-06-05,1838,N,nominal,2.0NRT,293.18,8.87,D
-16.51102,-59.34053,325.88,0.74,0.76,2026-06-05,1838,N,nominal,2.0NRT,291.88,5.53,D
-29.13923,-58.60643,334.97,0.43,0.62,2026-06-05,1836,N,nominal,2.0NRT,291.82,15.69,D
-16.51264,-59.34747,327.58,0.74,0.76,2026-06-05,1838,N,nominal,2.0NRT,291.85,5.53,D
-29.14149,-58.61537,342.89,0.43,0.62,2026-06-05,1836,N,nominal,2.0NRT,292.35,9.6,D
-16.48723,-59.27039,330.63,0.75,0.77,2026-06-05,1838,N,nominal,2.0NRT,292.12,5.37,D
-29.12106,-58.55891,337.49,0.44,0.62,2026-06-05,1836,N,nominal,2.0NRT,293.63,5.39,D
-16.48016,-59.27211,336,0.75,0.77,2026-06-05,1838,N,nominal,2.0NRT,291.52,5.37,D
-29.11539,-58.56071,328.18,0.44,0.62,2026-06-05,1836,N,nominal,2.0NRT,292.2,3.63,D
-16.48186,-59.27938,328.2,0.75,0.77,2026-06-05,1838,N,nominal,2.0NRT,292.05,5.37,D
-16.49691,-59.34385,349.4,0.74,0.76,2026-06-05,1838,N,nominal,2.0NRT,293.02,12.22,D
-29.45056,-59.91092,335.65,0.36,0.57,2026-06-05,1836,N,nominal,2.0NRT,290.74,3.87,D
-16.49856,-59.3509,353.3,0.74,0.76,2026-06-05,1838,N,nominal,2.0NRT,292.76,12.22,D
-29.11553,-58.56001,332.79,0.44,0.62,2026-06-05,1836,N,nominal,2.0NRT,292,4.34,D
-17.36465,-63.24153,333.07,0.41,0.6,2026-06-05,1838,N,nominal,2.0NRT,295.25,2.76,D
-29.08252,-58.62392,343.88,0.43,0.62,2026-06-05,1836,N,nominal,2.0NRT,292.03,3.51,D
-18.16724,-67.27408,338.41,0.44,0.46,2026-06-05,1838,N,nominal,2.0NRT,300.19,0.85,D
-29.0645,-58.57635,338.08,0.44,0.62,2026-06-05,1836,N,nominal,2.0NRT,291.75,5.96,D
-16.48452,-59.35445,345.63,0.74,0.76,2026-06-05,1838,N,nominal,2.0NRT,293.56,12.33,D
-16.48462,-59.27239,351.38,0.75,0.77,2026-06-05,1838,N,nominal,2.0NRT,292.48,18.87,D
-28.27026,-55.93241,367,0.64,0.72,2026-06-05,1836,N,high,2.0NRT,291.08,19.37,D
-16.50255,-59.35142,333.62,0.74,0.76,2026-06-05,1838,N,nominal,2.0NRT,292.88,8.93,D
-28.73045,-57.62316,367,0.5,0.66,2026-06-05,1836,N,high,2.0NRT,294.12,6.84,D
-16.49392,-59.34614,344.28,0.74,0.76,2026-06-05,1838,N,nominal,2.0NRT,292.52,19.46,D
-28.26841,-55.92579,331.83,0.64,0.72,2026-06-05,1836,N,nominal,2.0NRT,289.29,19.13,D
-16.49553,-59.35325,341.87,0.74,0.76,2026-06-05,1838,N,nominal,2.0NRT,292.64,8.93,D
-28.73182,-57.62832,328.02,0.5,0.66,2026-06-05,1836,N,nominal,2.0NRT,292.24,6.84,D
-16.48152,-59.35697,337.89,0.74,0.76,2026-06-05,1838,N,nominal,2.0NRT,293.13,9.67,D
-17.72181,-65.28282,333.51,0.59,0.53,2026-06-05,1838,N,nominal,2.0NRT,300.15,3.83,D
-28.73195,-57.62469,367,0.5,0.66,2026-06-05,1836,N,high,2.0NRT,295.24,15.47,D
-16.42067,-59.54247,350.11,0.72,0.76,2026-06-05,1838,N,nominal,2.0NRT,292.98,12.11,D
-28.27557,-55.931,351.7,0.64,0.72,2026-06-05,1836,N,nominal,2.0NRT,287.02,13.55,D
-16.42382,-59.556,332.34,0.72,0.76,2026-06-05,1838,N,nominal,2.0NRT,291.74,11.89,D
-28.26898,-55.93321,353.2,0.64,0.72,2026-06-05,1836,N,nominal,2.0NRT,289.46,16.43,D
-16.41373,-59.54428,345.89,0.72,0.76,2026-06-05,1838,N,nominal,2.0NRT,291.99,10.9,D
-28.81931,-58.83966,367,0.43,0.62,2026-06-05,1836,N,high,2.0NRT,294.9,20.91,D
-16.42433,-59.54472,330.81,0.72,0.76,2026-06-05,1838,N,nominal,2.0NRT,292.17,9.98,D
-16.42738,-59.55822,346.43,0.72,0.76,2026-06-05,1838,N,nominal,2.0NRT,292.11,8.88,D
-29.60579,-62.3513,326.55,0.52,0.5,2026-06-05,1836,N,nominal,2.0NRT,283.87,5.07,D
-16.4158,-59.53957,334.76,0.72,0.76,2026-06-05,1838,N,nominal,2.0NRT,291.71,15.79,D
-27.87749,-56.16059,350.72,0.64,0.72,2026-06-05,1836,N,nominal,2.0NRT,282.26,14.66,D
-16.41736,-59.54646,349.72,0.72,0.76,2026-06-05,1838,N,nominal,2.0NRT,292.14,9.98,D
-27.87926,-56.16713,340.54,0.64,0.72,2026-06-05,1836,N,nominal,2.0NRT,283.06,9.54,D
-16.35461,-59.56185,328.1,0.72,0.76,2026-06-05,1838,N,nominal,2.0NRT,292.82,3.56,D
-16.55747,-60.66614,330.74,0.61,0.71,2026-06-05,1838,N,nominal,2.0NRT,291.28,5.95,D
-28.45975,-58.42833,328.49,0.46,0.64,2026-06-05,1836,N,nominal,2.0NRT,291.11,2.29,D
-17.26372,-64.02345,342.45,0.36,0.58,2026-06-05,1838,N,nominal,2.0NRT,292.55,4.49,D
-28.45395,-58.43018,327.54,0.46,0.64,2026-06-05,1836,N,nominal,2.0NRT,290.68,2.29,D
-17.14939,-63.51957,335.01,0.39,0.6,2026-06-05,1838,N,nominal,2.0NRT,294.11,4.7,D
-16.92279,-62.58072,333.41,0.46,0.63,2026-06-05,1838,N,nominal,2.0NRT,294.19,3.17,D
-28.42208,-58.37884,329.74,0.46,0.64,2026-06-05,1836,N,nominal,2.0NRT,291.95,2.49,D
-16.47773,-61.24243,367,0.57,0.69,2026-06-05,1838,N,high,2.0NRT,294.23,16.83,D
-28.45176,-58.56138,328.26,0.45,0.63,2026-06-05,1836,N,nominal,2.0NRT,291.2,2.94,D
-16.47699,-61.24563,367,0.57,0.69,2026-06-05,1838,N,high,2.0NRT,293.78,14.85,D
-27.67634,-56.06483,326.79,0.65,0.73,2026-06-05,1836,N,nominal,2.0NRT,292.67,4.73,D
-16.47584,-61.24036,326.95,0.57,0.69,2026-06-05,1838,N,nominal,2.0NRT,292.31,11.98,D
-28.27824,-58.45393,325.35,0.46,0.64,2026-06-05,1836,N,nominal,2.0NRT,290.48,2.72,D
-17.12172,-64.4487,325.93,0.34,0.56,2026-06-05,1838,N,nominal,2.0NRT,292.86,1.4,D
-16.95216,-63.64228,327.95,0.39,0.59,2026-06-05,1838,N,nominal,2.0NRT,294.18,2.49,D
-30.16755,-68.69343,341.22,0.4,0.37,2026-06-05,1836,N,nominal,2.0NRT,279.84,4.92,D
-17.05825,-64.18861,367,0.36,0.57,2026-06-05,1838,N,high,2.0NRT,294.18,10.68,D
-28.64603,-61.16928,342.06,0.63,0.54,2026-06-05,1836,N,nominal,2.0NRT,291.28,22.64,D
-17.05894,-64.19199,334.9,0.36,0.57,2026-06-05,1838,N,nominal,2.0NRT,292.69,5.99,D
-28.64754,-61.17577,342.26,0.63,0.54,2026-06-05,1836,N,nominal,2.0NRT,293.75,22.64,D
-16.48558,-61.55869,336.84,0.54,0.68,2026-06-05,1838,N,nominal,2.0NRT,296.08,7,D
-16.63252,-62.26567,367,0.48,0.65,2026-06-05,1838,N,high,2.0NRT,300.23,13.15,D
-28.64734,-61.16878,333.47,0.64,0.54,2026-06-05,1836,N,nominal,2.0NRT,290.98,22.68,D
-16.62653,-62.26696,330.85,0.48,0.65,2026-06-05,1838,N,nominal,2.0NRT,292.28,13.15,D
-16.46685,-61.56293,327.07,0.54,0.68,2026-06-05,1838,N,nominal,2.0NRT,296.05,5.27,D
-28.64881,-61.17529,342.18,0.63,0.54,2026-06-05,1836,N,nominal,2.0NRT,294.39,14.92,D
-16.46062,-61.56442,341.44,0.54,0.68,2026-06-05,1838,N,nominal,2.0NRT,295.41,5.27,D
-28.64384,-61.17674,327.79,0.63,0.54,2026-06-05,1836,N,nominal,2.0NRT,290.06,14.92,D
-16.46175,-61.56953,327.79,0.54,0.68,2026-06-05,1838,N,nominal,2.0NRT,292.7,4.74,D
-16.08109,-60.44003,325.7,0.65,0.73,2026-06-05,1838,N,nominal,2.0NRT,294.76,4.45,D
-28.0583,-61.51827,339.77,0.62,0.54,2026-06-05,1836,N,nominal,2.0NRT,291.37,7.95,D
-16.05883,-60.37328,341.16,0.65,0.73,2026-06-05,1838,N,nominal,2.0NRT,295.53,7.78,D
-28.05336,-61.51966,347.97,0.62,0.54,2026-06-05,1836,N,nominal,2.0NRT,291.83,11.09,D
-16.04294,-60.3966,340.85,0.65,0.73,2026-06-05,1838,N,nominal,2.0NRT,296.07,7,D
-28.05926,-61.51984,339.68,0.62,0.54,2026-06-05,1836,N,nominal,2.0NRT,291.48,11.07,D
-16.05759,-60.3758,339.87,0.65,0.73,2026-06-05,1838,N,nominal,2.0NRT,295.12,7.24,D
-28.05433,-61.52125,352.39,0.62,0.54,2026-06-05,1836,N,nominal,2.0NRT,291.72,11.07,D
-16.04832,-60.3977,327.22,0.65,0.73,2026-06-05,1838,N,nominal,2.0NRT,296,6.53,D
-28.28573,-62.62281,349.01,0.53,0.5,2026-06-05,1836,N,nominal,2.0NRT,293.13,8.2,D
-16.74744,-63.86456,351.62,0.38,0.59,2026-06-05,1838,N,nominal,2.0NRT,295.77,8.61,D
-26.58986,-55.99362,349.38,0.7,0.75,2026-06-05,1836,N,nominal,2.0NRT,293.49,7.55,D
-16.67823,-63.69608,345.78,0.39,0.59,2026-06-05,1838,N,nominal,2.0NRT,295.28,5.33,D
-26.64401,-56.40442,338.4,0.66,0.73,2026-06-05,1836,N,nominal,2.0NRT,293.47,9.78,D
-16.67889,-63.69551,342.78,0.39,0.59,2026-06-05,1838,N,nominal,2.0NRT,294.98,7.16,D
-26.64585,-56.41113,355.73,0.66,0.73,2026-06-05,1836,N,nominal,2.0NRT,293.89,9.78,D
-16.62052,-63.63422,327.72,0.4,0.6,2026-06-05,1838,N,nominal,2.0NRT,293.93,1.89,D
-16.46945,-63.32948,367,0.42,0.61,2026-06-05,1838,N,high,2.0NRT,295.89,6.01,D
-26.59289,-55.99598,327.84,0.7,0.75,2026-06-05,1836,N,nominal,2.0NRT,292.41,7.52,D
-16.47601,-63.28732,328.91,0.42,0.61,2026-06-05,1838,N,nominal,2.0NRT,298.27,3.61,D
-26.57921,-56.00027,330.39,0.7,0.75,2026-06-05,1836,N,nominal,2.0NRT,293.55,3.79,D
-16.46726,-63.33062,367,0.42,0.61,2026-06-05,1838,N,high,2.0NRT,296.99,10.69,D
-26.64479,-56.40791,367,0.66,0.73,2026-06-05,1836,N,high,2.0NRT,295.49,17.65,D
-16.51283,-63.8858,335.4,0.38,0.59,2026-06-05,1838,N,nominal,2.0NRT,294.87,2.06,D
-27.38658,-59.30151,330.82,0.43,0.62,2026-06-05,1836,N,nominal,2.0NRT,292.68,3.26,D
-15.97345,-61.91989,356.03,0.52,0.67,2026-06-05,1841,N,nominal,2.0NRT,295.11,12.14,D
-26.63812,-56.41008,349.17,0.66,0.73,2026-06-05,1836,N,nominal,2.0NRT,293.85,17.65,D
-15.97491,-61.91793,347.75,0.53,0.67,2026-06-05,1841,N,nominal,2.0NRT,296.36,8.22,D
-26.79451,-57.15559,341.99,0.59,0.7,2026-06-05,1836,N,nominal,2.0NRT,293.2,4.51,D
-16.16181,-62.95641,331.65,0.45,0.63,2026-06-05,1841,N,nominal,2.0NRT,294.03,1.66,D
-26.7961,-57.16159,333.72,0.59,0.7,2026-06-05,1836,N,nominal,2.0NRT,292.89,4.51,D
-15.61094,-60.55402,332.7,0.65,0.73,2026-06-05,1841,N,nominal,2.0NRT,295.7,5.26,D
-15.72239,-61.18034,326.65,0.59,0.7,2026-06-05,1841,N,nominal,2.0NRT,293.22,5.16,D
-28.01842,-62.28529,343.81,0.56,0.52,2026-06-05,1836,N,nominal,2.0NRT,298.84,9.29,D
-15.72388,-61.18118,331.77,0.59,0.7,2026-06-05,1841,N,nominal,2.0NRT,293.57,5.49,D
-28.0197,-62.29102,356.87,0.56,0.52,2026-06-05,1836,N,nominal,2.0NRT,299.56,9.29,D
-16.12796,-63.28378,367,0.43,0.62,2026-06-05,1841,N,high,2.0NRT,297.24,27.4,D
-28.02098,-62.29673,333.29,0.56,0.52,2026-06-05,1836,N,nominal,2.0NRT,297.64,5.52,D
-16.1288,-63.28784,367,0.43,0.62,2026-06-05,1841,N,high,2.0NRT,295.37,14.6,D
-28.02225,-62.30241,327.12,0.56,0.52,2026-06-05,1836,N,nominal,2.0NRT,297.2,5.52,D
-15.64093,-61.23637,335.09,0.59,0.7,2026-06-05,1841,N,nominal,2.0NRT,294.26,9.54,D
-28.01499,-62.29234,327.68,0.56,0.52,2026-06-05,1836,N,nominal,2.0NRT,294.03,9.29,D
-16.11005,-63.42525,341.38,0.42,0.61,2026-06-05,1841,N,nominal,2.0NRT,296.07,4.29,D
-28.01626,-62.29805,335.25,0.56,0.52,2026-06-05,1836,N,nominal,2.0NRT,295.52,5.52,D
-16.10525,-63.43041,337.43,0.42,0.61,2026-06-05,1841,N,nominal,2.0NRT,296.97,4.29,D
-28.01754,-62.30374,339.48,0.56,0.52,2026-06-05,1836,N,nominal,2.0NRT,295.47,5.52,D
-16.07497,-63.48196,330.55,0.41,0.61,2026-06-05,1841,N,nominal,2.0NRT,296.15,2.49,D
-28.01833,-62.2817,327.87,0.56,0.52,2026-06-05,1836,N,nominal,2.0NRT,295.58,9.35,D
-16.0722,-63.48288,327.26,0.42,0.61,2026-06-05,1841,N,nominal,2.0NRT,295.33,2.06,D
-28.01958,-62.28747,344.06,0.56,0.52,2026-06-05,1836,N,nominal,2.0NRT,299.02,9.35,D
-16.76982,-67.18285,340.15,0.47,0.48,2026-06-05,1841,N,nominal,2.0NRT,293.52,7.2,D
-28.02082,-62.29321,346.01,0.56,0.52,2026-06-05,1836,N,nominal,2.0NRT,298.55,7.49,D
-16.14526,-64.06573,332.33,0.38,0.59,2026-06-05,1841,N,nominal,2.0NRT,294.52,3.44,D
-28.02206,-62.29893,327.53,0.56,0.52,2026-06-05,1836,N,nominal,2.0NRT,297.6,7.49,D
-15.96717,-63.28908,352.71,0.43,0.62,2026-06-05,1841,N,nominal,2.0NRT,296.37,5.52,D
-28.0161,-62.29455,335.61,0.56,0.52,2026-06-05,1836,N,nominal,2.0NRT,295.86,7.49,D
-16.72911,-67.34908,339.56,0.46,0.47,2026-06-05,1841,N,nominal,2.0NRT,293.35,7.48,D
-28.01734,-62.30027,347.51,0.56,0.52,2026-06-05,1836,N,nominal,2.0NRT,297.62,7.49,D
-16.72856,-67.34892,338.26,0.46,0.47,2026-06-05,1841,N,nominal,2.0NRT,292.47,8.19,D
-26.55398,-56.50524,332.48,0.65,0.73,2026-06-05,1836,N,nominal,2.0NRT,293.7,5.79,D
-16.66132,-67.22883,352.68,0.47,0.48,2026-06-05,1841,N,nominal,2.0NRT,295.2,10.44,D
-16.22289,-67.69244,328.66,0.44,0.46,2026-06-05,1841,N,nominal,2.0NRT,293.08,2.11,D
-26.54243,-56.51612,339.26,0.65,0.73,2026-06-05,1836,N,nominal,2.0NRT,293.29,12.38,D
-16.0705,-67.16498,334.97,0.48,0.48,2026-06-05,1841,N,nominal,2.0NRT,290.93,4.06,D
-26.66288,-56.96753,326.23,0.61,0.71,2026-06-05,1836,N,nominal,2.0NRT,293.03,4.53,D
-15.19419,-63.89588,337.38,0.41,0.6,2026-06-05,1841,N,nominal,2.0NRT,298.27,2.72,D
-26.53578,-56.51828,329.63,0.65,0.73,2026-06-05,1836,N,nominal,2.0NRT,293.55,3.62,D
-15.19787,-63.8974,327.25,0.41,0.6,2026-06-05,1841,N,nominal,2.0NRT,297.13,2.55,D
-27.7644,-61.53287,327.01,0.63,0.54,2026-06-05,1836,N,nominal,2.0NRT,293.43,5.75,D
-15.17621,-63.93377,335.14,0.4,0.6,2026-06-05,1841,N,nominal,2.0NRT,299.48,3.89,D
-26.6965,-57.38271,367,0.58,0.7,2026-06-05,1836,N,high,2.0NRT,296.05,28.48,D
-15.18076,-64.85809,329.9,0.35,0.57,2026-06-05,1841,N,nominal,2.0NRT,295.25,2.01,D
-26.69013,-57.38468,367,0.58,0.7,2026-06-05,1836,N,high,2.0NRT,297.04,28.48,D
-15.18142,-64.86141,333.36,0.35,0.57,2026-06-05,1841,N,nominal,2.0NRT,294.53,2.01,D
-15.18164,-64.85681,326.91,0.35,0.57,2026-06-05,1841,N,nominal,2.0NRT,295.34,4.32,D
-15.18228,-64.86012,346.72,0.35,0.57,2026-06-05,1841,N,nominal,2.0NRT,296.38,3.7,D
-16.49667,-72.59108,339.05,0.39,0.36,2026-06-05,1841,N,nominal,2.0NRT,300.12,12.16,D
-14.51393,-64.32388,337.83,0.39,0.59,2026-06-05,1841,N,nominal,2.0NRT,297.54,3.69,D
-14.51394,-64.32447,341.26,0.39,0.59,2026-06-05,1841,N,nominal,2.0NRT,298.37,3.94,D
-14.04602,-63.86224,331.68,0.43,0.62,2026-06-05,1841,N,nominal,2.0NRT,296.73,2.48,D
-14.08148,-64.29557,357.15,0.4,0.6,2026-06-05,1841,N,nominal,2.0NRT,298.63,5.79,D
-14.08223,-64.29245,329.04,0.4,0.6,2026-06-05,1841,N,nominal,2.0NRT,297.08,5.53,D
-14.08297,-64.29621,345.46,0.4,0.6,2026-06-05,1841,N,nominal,2.0NRT,299.01,5.21,D
-14.13925,-64.61253,349.47,0.38,0.59,2026-06-05,1841,N,nominal,2.0NRT,299.35,9.24,D
-14.13382,-64.61362,367,0.38,0.59,2026-06-05,1841,N,high,2.0NRT,300.74,9.24,D
-14.13312,-64.61008,351.98,0.38,0.59,2026-06-05,1841,N,nominal,2.0NRT,299.3,13.84,D
-14.15766,-64.84945,334.1,0.37,0.58,2026-06-05,1841,N,nominal,2.0NRT,297.35,4.29,D
-14.15029,-64.84019,341.3,0.37,0.58,2026-06-05,1841,N,nominal,2.0NRT,298.01,5.05,D
-14.15097,-64.84364,342.09,0.37,0.58,2026-06-05,1841,N,nominal,2.0NRT,298.15,5.3,D
-14.13345,-64.81123,367,0.37,0.58,2026-06-05,1841,N,high,2.0NRT,299.31,6.03,D
-13.73385,-62.83439,353.61,0.51,0.66,2026-06-05,1841,N,nominal,2.0NRT,292.91,9.28,D
-14.12809,-64.8123,330.4,0.37,0.58,2026-06-05,1841,N,nominal,2.0NRT,297.16,6.03,D
-13.88204,-63.70515,334.22,0.44,0.62,2026-06-05,1841,N,nominal,2.0NRT,295.42,4.42,D
-14.0683,-64.65285,343.19,0.38,0.59,2026-06-05,1841,N,nominal,2.0NRT,299.6,3.94,D
-13.79692,-64.57217,367,0.39,0.59,2026-06-05,1841,N,high,2.0NRT,299.25,5.07,D
-13.79144,-64.57328,345.07,0.39,0.59,2026-06-05,1841,N,nominal,2.0NRT,296.93,5.07,D
-13.60666,-63.76152,367,0.44,0.63,2026-06-05,1841,N,high,2.0NRT,296.33,24.9,D
-14.46695,-68.5732,330.33,0.42,0.45,2026-06-05,1841,N,nominal,2.0NRT,291.92,3.89,D
-14.46601,-68.57359,329.83,0.42,0.45,2026-06-05,1841,N,nominal,2.0NRT,290.86,3.57,D
-13.89444,-65.80046,329.74,0.32,0.55,2026-06-05,1841,N,nominal,2.0NRT,295.97,4.86,D
-15.25541,-73.62891,333.37,0.39,0.36,2026-06-05,1841,N,nominal,2.0NRT,303.87,1.66,D
-13.43639,-63.51324,336.24,0.46,0.64,2026-06-05,1841,N,nominal,2.0NRT,293.52,2.5,D
-13.43051,-63.51445,332.82,0.46,0.64,2026-06-05,1841,N,nominal,2.0NRT,293.88,3.82,D
-13.33218,-63.62027,328.1,0.46,0.63,2026-06-05,1841,N,nominal,2.0NRT,294.6,9.3,D
-13.32719,-63.62573,329.71,0.46,0.63,2026-06-05,1841,N,nominal,2.0NRT,294.83,9.62,D
-13.3184,-63.6027,336.56,0.46,0.64,2026-06-05,1841,N,nominal,2.0NRT,294.54,5.53,D
-13.67056,-65.78818,337.51,0.33,0.55,2026-06-05,1841,N,nominal,2.0NRT,297.58,2.37,D
-13.74798,-66.21893,329.2,0.61,0.53,2026-06-05,1841,N,nominal,2.0NRT,295.94,2.18,D
-13.28168,-63.87384,328.57,0.44,0.63,2026-06-05,1841,N,nominal,2.0NRT,293.9,3.91,D
-13.40524,-64.57629,329.03,0.4,0.6,2026-06-05,1841,N,nominal,2.0NRT,298.2,6.58,D
-13.39973,-64.57737,367,0.4,0.6,2026-06-05,1841,N,high,2.0NRT,299.06,6.58,D
-13.40047,-64.58106,339.54,0.4,0.6,2026-06-05,1841,N,nominal,2.0NRT,297.21,6.58,D
-13.39199,-64.56738,333.36,0.4,0.6,2026-06-05,1841,N,nominal,2.0NRT,296.87,3.58,D
-13.38648,-64.56847,333.56,0.4,0.6,2026-06-05,1841,N,nominal,2.0NRT,297.64,3.58,D
-13.40132,-64.57874,367,0.4,0.6,2026-06-05,1841,N,high,2.0NRT,299.53,8.56,D
-13.39919,-64.56763,331.63,0.4,0.6,2026-06-05,1841,N,nominal,2.0NRT,296.56,6.59,D
-13.40061,-64.57504,338.08,0.4,0.6,2026-06-05,1841,N,nominal,2.0NRT,296.04,15.56,D
-13.39581,-64.57983,348.45,0.4,0.6,2026-06-05,1841,N,nominal,2.0NRT,296.52,8.56,D
-13.14199,-64.07341,328.22,0.43,0.62,2026-06-05,1841,N,nominal,2.0NRT,294,2.25,D
-13.47841,-65.83072,331.7,0.33,0.55,2026-06-05,1841,N,nominal,2.0NRT,297.45,2.25,D
-13.15762,-64.41732,331.92,0.41,0.61,2026-06-05,1841,N,nominal,2.0NRT,294.84,4.85,D
-13.15531,-64.41951,331.99,0.41,0.61,2026-06-05,1841,N,nominal,2.0NRT,295.48,3.28,D
-13.35223,-65.64987,343.55,0.34,0.56,2026-06-05,1841,N,nominal,2.0NRT,298.44,6.05,D
-13.35283,-65.65302,349.62,0.34,0.56,2026-06-05,1841,N,nominal,2.0NRT,299.02,5.76,D
-13.34768,-65.65402,328.57,0.34,0.56,2026-06-05,1841,N,nominal,2.0NRT,298.44,2.84,D
-12.97129,-64.02474,344.02,0.44,0.62,2026-06-05,1841,N,nominal,2.0NRT,291.23,6.61,D
-12.97124,-64.02667,334.48,0.44,0.62,2026-06-05,1841,N,nominal,2.0NRT,290.76,4.36,D
-13.17439,-65.34293,333.75,0.36,0.57,2026-06-05,1841,N,nominal,2.0NRT,297.32,2.2,D
-13.31826,-66.69827,337.39,0.58,0.52,2026-06-05,1841,N,nominal,2.0NRT,294.72,4.52,D
-13.31544,-66.70986,336.03,0.58,0.52,2026-06-05,1841,N,nominal,2.0NRT,293.79,3.93,D
-13.31364,-66.7268,329.13,0.57,0.52,2026-06-05,1841,N,nominal,2.0NRT,295.19,4.81,D
-13.1152,-66.35667,344.34,0.61,0.54,2026-06-05,1841,N,nominal,2.0NRT,296.72,14.55,D
-12.97542,-65.85675,342.37,0.33,0.55,2026-06-05,1841,N,nominal,2.0NRT,297.03,5.24,D
-13.16778,-66.97288,352.77,0.56,0.51,2026-06-05,1841,N,nominal,2.0NRT,294.69,15,D
-13.16305,-66.97379,339.08,0.56,0.51,2026-06-05,1841,N,nominal,2.0NRT,292.76,19.1,D
-13.164,-66.97896,356.31,0.56,0.51,2026-06-05,1841,N,nominal,2.0NRT,295.95,19.1,D
-12.9777,-66.36256,333.67,0.62,0.54,2026-06-05,1841,N,nominal,2.0NRT,298.5,4.2,D
-12.97722,-66.36354,336.99,0.62,0.54,2026-06-05,1841,N,nominal,2.0NRT,298.35,5.07,D
-12.5971,-64.76646,339.9,0.4,0.6,2026-06-05,1841,N,nominal,2.0NRT,291.35,3.83,D
-12.59783,-64.77018,347.73,0.4,0.6,2026-06-05,1841,N,nominal,2.0NRT,293.51,3.83,D
-12.59231,-64.77128,346.14,0.4,0.6,2026-06-05,1841,N,nominal,2.0NRT,293.24,6.85,D
-12.69699,-65.30614,344.24,0.37,0.58,2026-06-05,1841,N,nominal,2.0NRT,295.83,4.48,D
-12.68966,-65.32528,339.55,0.36,0.58,2026-06-05,1841,N,nominal,2.0NRT,296.87,5.07,D
-12.68435,-65.32634,337.99,0.36,0.58,2026-06-05,1841,N,nominal,2.0NRT,297.02,5.07,D
-12.68502,-65.32975,345.53,0.36,0.58,2026-06-05,1841,N,nominal,2.0NRT,296.85,7.57,D
-12.87001,-66.36626,334.5,0.62,0.54,2026-06-05,1841,N,nominal,2.0NRT,298.23,4.37,D
-12.68157,-65.32565,330.41,0.36,0.58,2026-06-05,1841,N,nominal,2.0NRT,295.72,3.33,D
-12.68222,-65.32906,334.87,0.36,0.58,2026-06-05,1841,N,nominal,2.0NRT,294.95,3.33,D
-12.68286,-65.3325,338.37,0.36,0.58,2026-06-05,1841,N,nominal,2.0NRT,293.58,3.02,D
-12.87063,-66.36929,332.85,0.62,0.54,2026-06-05,1841,N,nominal,2.0NRT,298.34,7.95,D
-14.1403,-73.89277,331.88,0.39,0.36,2026-06-05,1841,N,nominal,2.0NRT,305.95,4.25,D
-12.77728,-66.11867,367,0.32,0.55,2026-06-05,1841,N,high,2.0NRT,301.79,5.37,D
-12.77223,-66.11965,351.37,0.32,0.55,2026-06-05,1841,N,nominal,2.0NRT,298.97,5.37,D
-12.73325,-65.94179,332.09,0.33,0.55,2026-06-05,1841,N,nominal,2.0NRT,298.77,2.44,D
-12.7627,-66.12456,328.46,0.32,0.55,2026-06-05,1841,N,low,2.0NRT,300.19,1.86,D
-12.75766,-66.12556,338.82,0.32,0.55,2026-06-05,1841,N,nominal,2.0NRT,301.72,2.82,D
-12.77662,-67.11704,351,0.55,0.51,2026-06-05,1841,N,nominal,2.0NRT,293.35,10.43,D
-12.60113,-66.60204,340.96,0.6,0.53,2026-06-05,1841,N,nominal,2.0NRT,299.7,8.62,D
-12.46959,-65.94259,367,0.33,0.56,2026-06-05,1841,N,high,2.0NRT,300.63,7.63,D
-12.47019,-65.9457,367,0.33,0.56,2026-06-05,1841,N,high,2.0NRT,300.8,7.63,D
-12.61932,-66.72447,331.35,0.59,0.53,2026-06-05,1841,N,nominal,2.0NRT,296.72,3.89,D
-12.62035,-66.72991,331.93,0.59,0.53,2026-06-05,1841,N,nominal,2.0NRT,297.59,3.89,D
-12.46385,-65.94045,367,0.34,0.56,2026-06-05,1841,N,high,2.0NRT,300.43,13.52,D
-12.46445,-65.94356,367,0.33,0.56,2026-06-05,1841,N,high,2.0NRT,302.38,12.16,D
-12.60368,-66.72169,354.41,0.59,0.53,2026-06-05,1841,N,nominal,2.0NRT,302.78,38.14,D
-12.59882,-66.72262,333.65,0.59,0.53,2026-06-05,1841,N,nominal,2.0NRT,297.05,38.14,D
-12.59905,-66.5992,341.03,0.6,0.53,2026-06-05,1841,N,nominal,2.0NRT,299.22,16.13,D
-12.61736,-66.72748,341.85,0.59,0.53,2026-06-05,1841,N,nominal,2.0NRT,298.77,10.08,D
-12.46772,-65.94167,367,0.34,0.56,2026-06-05,1841,N,high,2.0NRT,301.59,18.55,D
-12.4683,-65.94479,367,0.34,0.56,2026-06-05,1841,N,high,2.0NRT,304,17.63,D
-12.46259,-65.94265,367,0.34,0.56,2026-06-05,1841,N,high,2.0NRT,300.5,4.45,D
-12.46201,-65.93954,328.69,0.34,0.56,2026-06-05,1841,N,nominal,2.0NRT,298.23,4.45,D
-12.60564,-66.71836,342.48,0.59,0.53,2026-06-05,1841,N,nominal,2.0NRT,299.54,29.02,D
-12.60664,-66.72384,341.19,0.59,0.53,2026-06-05,1841,N,nominal,2.0NRT,299.28,13.48,D
-12.60077,-66.71927,341.49,0.59,0.53,2026-06-05,1841,N,nominal,2.0NRT,296.1,29.02,D
-12.60177,-66.72475,342.2,0.59,0.53,2026-06-05,1841,N,nominal,2.0NRT,299.01,13.48,D
-12.47022,-66.06892,331.68,0.33,0.55,2026-06-05,1841,N,nominal,2.0NRT,299.13,2.31,D
-12.56858,-66.59921,330.61,0.6,0.53,2026-06-05,1841,N,nominal,2.0NRT,298.84,7.06,D
-12.6229,-67.51286,348.97,0.53,0.5,2026-06-05,1841,N,nominal,2.0NRT,295.04,13.08,D
-12.62378,-67.51771,348.89,0.52,0.5,2026-06-05,1841,N,nominal,2.0NRT,296.29,7.55,D
-12.62465,-67.52257,337.9,0.52,0.5,2026-06-05,1841,N,nominal,2.0NRT,294.72,7.55,D
-12.61631,-67.52914,345.73,0.52,0.5,2026-06-05,1841,N,nominal,2.0NRT,294.46,6.13,D
-12.49357,-67.47483,342.24,0.53,0.5,2026-06-05,1841,N,nominal,2.0NRT,296.41,9.42,D
-12.11449,-65.58247,367,0.36,0.57,2026-06-05,1841,N,high,2.0NRT,295.8,8.26,D
-12.24703,-66.60927,348.38,0.61,0.54,2026-06-05,1841,N,nominal,2.0NRT,299,10.35,D
-12.22952,-66.54198,346.16,0.62,0.54,2026-06-05,1841,N,nominal,2.0NRT,301.11,7.63,D
-12.23058,-66.54771,336.83,0.62,0.54,2026-06-05,1841,N,nominal,2.0NRT,300.11,7.63,D
-12.22067,-66.54958,336.37,0.62,0.54,2026-06-05,1841,N,nominal,2.0NRT,299.62,5.81,D
-12.21465,-66.54478,327.89,0.62,0.54,2026-06-05,1841,N,low,2.0NRT,298.85,5.81,D
-12.21677,-66.55623,338.88,0.62,0.54,2026-06-05,1841,N,nominal,2.0NRT,299.83,5.32,D
-12.21783,-66.56194,328.62,0.62,0.54,2026-06-05,1841,N,nominal,2.0NRT,299.1,5.32,D
-12.20969,-66.54572,328.53,0.62,0.54,2026-06-05,1841,N,nominal,2.0NRT,299.43,4.17,D
-12.20473,-66.54665,332.56,0.62,0.54,2026-06-05,1841,N,nominal,2.0NRT,299.88,4.17,D
-12.19978,-66.54757,334.07,0.62,0.54,2026-06-05,1841,N,nominal,2.0NRT,299.01,6.86,D
-12.19589,-66.55422,340.86,0.62,0.54,2026-06-05,1841,N,nominal,2.0NRT,299.12,6.86,D
-13.46414,-74.00243,326.27,0.39,0.36,2026-06-05,1841,N,nominal,2.0NRT,296.37,3.3,D
-13.78587,-76.16797,338.2,0.41,0.37,2026-06-05,1841,N,nominal,2.0NRT,304.61,5.86,D
-13.70007,-76.03527,331.87,0.4,0.37,2026-06-05,1841,N,nominal,2.0NRT,298.02,3.58,D
-11.48492,-65.34711,335.89,0.38,0.59,2026-06-05,1841,N,nominal,2.0NRT,293.16,2.26,D
-11.70042,-66.62979,327.58,0.62,0.54,2026-06-05,1841,N,nominal,2.0NRT,295.79,5.3,D
-10.87982,-65.47635,348.06,0.38,0.59,2026-06-05,1841,N,nominal,2.0NRT,293.5,5.65,D
-10.8805,-65.4799,347.49,0.38,0.59,2026-06-05,1841,N,nominal,2.0NRT,291.86,5.65,D
-10.87437,-65.47735,367,0.38,0.59,2026-06-05,1841,N,high,2.0NRT,293.6,19.96,D
-10.87505,-65.48089,341.22,0.38,0.59,2026-06-05,1841,N,nominal,2.0NRT,295.07,19.96,D
-10.87573,-65.48443,329.56,0.38,0.59,2026-06-05,1841,N,nominal,2.0NRT,292.54,5.14,D
-10.8696,-65.48188,336.34,0.38,0.59,2026-06-05,1841,N,nominal,2.0NRT,290.23,19.96,D
-10.87029,-65.48541,335.4,0.38,0.59,2026-06-05,1841,N,nominal,2.0NRT,291.79,5.14,D
-10.86008,-65.49098,354.96,0.38,0.59,2026-06-05,1841,N,nominal,2.0NRT,292.18,8.66,D
-10.86077,-65.49451,333.32,0.38,0.59,2026-06-05,1841,N,nominal,2.0NRT,291.38,4.93,D
-10.87946,-65.47915,367,0.38,0.59,2026-06-05,1841,N,high,2.0NRT,294.83,21.99,D
-10.8788,-65.47559,343.54,0.38,0.59,2026-06-05,1841,N,nominal,2.0NRT,293.67,21.99,D
-10.87335,-65.47659,331.77,0.38,0.59,2026-06-05,1841,N,nominal,2.0NRT,290.98,21.99,D
-10.87401,-65.48015,355.97,0.38,0.59,2026-06-05,1841,N,nominal,2.0NRT,295.97,21.99,D
-10.87466,-65.4837,349.25,0.38,0.59,2026-06-05,1841,N,nominal,2.0NRT,292.73,20.41,D
-10.86922,-65.48472,333.48,0.38,0.59,2026-06-05,1841,N,nominal,2.0NRT,291.06,3.44,D
-10.85899,-65.49033,330.7,0.38,0.59,2026-06-05,1841,N,nominal,2.0NRT,290.98,5.44,D
-10.85965,-65.49387,355.87,0.38,0.59,2026-06-05,1841,N,nominal,2.0NRT,292.21,6.32,D
-10.78718,-69.2649,329.09,0.43,0.46,2026-06-05,1841,N,nominal,2.0NRT,295.9,3.33,D
-10.73448,-69.0864,330.03,0.45,0.47,2026-06-05,1841,N,nominal,2.0NRT,297.93,4.03,D
-9.00536,-70.65491,327.84,0.57,0.43,2026-06-05,1843,N,nominal,2.0NRT,295.32,2.71,D
-8.66155,-69.62672,329.15,0.45,0.47,2026-06-05,1843,N,nominal,2.0NRT,293.56,5.49,D
-8.6321,-69.47952,327.97,0.46,0.47,2026-06-05,1843,N,nominal,2.0NRT,294.68,2.78,D
-8.56274,-70.5726,343.28,0.39,0.44,2026-06-05,1843,N,nominal,2.0NRT,295.47,8.33,D
-8.56335,-70.57619,327.42,0.39,0.44,2026-06-05,1843,N,nominal,2.0NRT,293.33,8.33,D
-8.15735,-70.14902,350.01,0.42,0.45,2026-06-05,1843,N,nominal,2.0NRT,295.63,11.63,D
-8.0754,-71.00127,328.62,0.56,0.43,2026-06-05,1843,N,nominal,2.0NRT,294.97,4.83,D
-7.89167,-70.11111,327.24,0.43,0.46,2026-06-05,1843,N,nominal,2.0NRT,292.46,2.42,D
-7.93639,-71.47303,332.19,0.53,0.42,2026-06-05,1843,N,nominal,2.0NRT,290.68,9.39,D
-7.93591,-71.47652,336.42,0.53,0.42,2026-06-05,1843,N,nominal,2.0NRT,294.16,6.24,D
-7.91139,-71.56887,342.13,0.52,0.42,2026-06-05,1843,N,nominal,2.0NRT,295.77,12.83,D
-7.88889,-71.47935,342.4,0.53,0.42,2026-06-05,1843,N,nominal,2.0NRT,294.28,10.41,D
-8.94623,-78.48554,337.23,0.45,0.39,2026-06-05,1843,N,nominal,2.0NRT,294.1,4.13,D
