latitude,longitude,bright_ti4,scan,track,acq_date,acq_time,satellite,confidence,version,bright_ti5,frp,daynight
10.39826,-61.48145,305.08,0.5,0.65,2026-06-04,0455,N20,nominal,2.0NRT,285.26,1.99,N
10.3968,-61.48342,314.7,0.5,0.65,2026-06-04,0455,N20,nominal,2.0NRT,285.87,1.83,N
9.62447,-64.63553,306.38,0.79,0.78,2026-06-04,0457,N20,nominal,2.0NRT,276.24,3.86,N
9.6223,-64.63689,305.57,0.79,0.78,2026-06-04,0457,N20,nominal,2.0NRT,275.85,2.52,N
0.68961,-51.46043,307.27,0.39,0.37,2026-06-04,0457,N20,nominal,2.0NRT,290.14,0.73,N
-0.08954,-51.27949,314.41,0.4,0.37,2026-06-04,0459,N20,nominal,2.0NRT,290.76,1.24,N
-2.16689,-52.75549,307.61,0.39,0.36,2026-06-04,0459,N20,nominal,2.0NRT,289.2,0.83,N
-3.98448,-47.93273,305.54,0.44,0.46,2026-06-04,0459,N20,nominal,2.0NRT,283.41,1.19,N
-3.58051,-38.85673,310.31,0.47,0.64,2026-06-04,0319,N20,nominal,2.0NRT,289.61,2.28,N
-3.98506,-47.92883,307.72,0.44,0.46,2026-06-04,0459,N20,nominal,2.0NRT,279.42,1.19,N
-3.5857,-38.862,303.2,0.47,0.64,2026-06-04,0319,N20,nominal,2.0NRT,289.08,2.68,N
-3.98869,-47.93344,319.98,0.44,0.46,2026-06-04,0459,N20,nominal,2.0NRT,282.22,2.27,N
-3.58479,-38.85524,304.65,0.47,0.64,2026-06-04,0319,N20,nominal,2.0NRT,289.4,1.62,N
-3.98927,-47.92958,315.42,0.44,0.46,2026-06-04,0459,N20,nominal,2.0NRT,277,2.27,N
-3.58994,-38.86051,317.47,0.47,0.64,2026-06-04,0319,N20,nominal,2.0NRT,289.83,1.82,N
-5.72408,-45.03693,334.25,0.37,0.58,2026-06-04,0459,N20,nominal,2.0NRT,272.92,4.23,N
-3.59583,-38.86152,306.82,0.47,0.64,2026-06-04,0319,N20,nominal,2.0NRT,288.41,1.82,N
-6.9835,-42.88715,318.08,0.54,0.68,2026-06-04,0459,N20,nominal,2.0NRT,286.24,3.48,N
-4.36166,-37.90058,332.32,0.39,0.6,2026-06-04,0319,N20,nominal,2.0NRT,289.58,2.99,N
-6.98971,-42.88795,327.46,0.54,0.68,2026-06-04,0459,N20,nominal,2.0NRT,285.93,3.48,N
-5.51964,-37.48609,336.99,0.35,0.57,2026-06-04,0319,N20,nominal,2.0NRT,289.54,2.65,N
-6.99038,-42.88305,303.5,0.54,0.68,2026-06-04,0459,N20,nominal,2.0NRT,285.94,3.17,N
-5.51983,-37.48651,328.17,0.35,0.57,2026-06-04,0319,N20,nominal,2.0NRT,289.15,2.4,N
-6.99104,-42.87813,299.09,0.54,0.68,2026-06-04,0459,N20,nominal,2.0NRT,285.79,3.17,N
-5.52039,-37.48336,309.68,0.35,0.57,2026-06-04,0319,N20,nominal,2.0NRT,289.68,2.01,N
-6.99172,-42.87318,297.7,0.54,0.68,2026-06-04,0459,N20,nominal,2.0NRT,285.94,1.65,N
-5.51735,-37.62221,313.03,0.36,0.57,2026-06-04,0319,N20,nominal,2.0NRT,289.48,1.21,N
-7.34625,-49.82755,303.7,0.55,0.43,2026-06-04,0501,N20,nominal,2.0NRT,290.18,1.09,N
-5.60877,-37.53177,322.63,0.35,0.57,2026-06-04,0319,N20,nominal,2.0NRT,289.34,1.97,N
-7.34701,-49.82255,301.03,0.55,0.43,2026-06-04,0501,N20,nominal,2.0NRT,289.58,1.09,N
-6.98483,-42.88533,318.56,0.77,0.77,2026-06-04,0319,N20,nominal,2.0NRT,284.46,2.64,N
-7.34941,-49.83315,308.75,0.55,0.43,2026-06-04,0501,N20,nominal,2.0NRT,290.88,1.32,N
-6.98614,-42.87844,302.93,0.77,0.77,2026-06-04,0319,N20,nominal,2.0NRT,284.12,2.64,N
-7.35017,-49.82814,307.62,0.55,0.43,2026-06-04,0501,N20,nominal,2.0NRT,291.09,1.09,N
-6.98094,-42.88629,298.49,0.77,0.77,2026-06-04,0319,N20,nominal,2.0NRT,284.67,2.81,N
-7.34674,-49.82366,303.27,0.55,0.43,2026-06-04,0501,N20,nominal,2.0NRT,289.63,0.81,N
-6.98803,-42.88767,323.2,0.77,0.77,2026-06-04,0319,N20,nominal,2.0NRT,284.56,2.81,N
-7.34921,-49.83429,304.68,0.55,0.43,2026-06-04,0501,N20,nominal,2.0NRT,290.64,1.22,N
-6.99071,-42.874,299.63,0.77,0.77,2026-06-04,0319,N20,nominal,2.0NRT,284.15,4.05,N
-7.34994,-49.82927,308.88,0.55,0.43,2026-06-04,0501,N20,nominal,2.0NRT,291.23,1.22,N
-15.32743,-42.3411,322.98,0.49,0.65,2026-06-04,0321,N20,nominal,2.0NRT,261.14,9.2,N
-8.07356,-46.18433,302.79,0.33,0.55,2026-06-04,0501,N20,nominal,2.0NRT,289.53,1.11,N
-15.32848,-42.33621,354.77,0.49,0.65,2026-06-04,0321,N20,nominal,2.0NRT,263.65,5.78,N
-8.07157,-46.18808,306.39,0.33,0.55,2026-06-04,0501,N20,nominal,2.0NRT,289.81,0.9,N
-15.3295,-42.3314,300.87,0.49,0.65,2026-06-04,0321,N20,nominal,2.0NRT,267.57,5.78,N
-8.07235,-46.18221,302.57,0.33,0.55,2026-06-04,0501,N20,nominal,2.0NRT,289.36,1.03,N
-8.04936,-46.79552,329.16,0.6,0.53,2026-06-04,0501,N20,nominal,2.0NRT,290.67,5.2,N
-8.57195,-45.99926,328.22,0.34,0.56,2026-06-04,0501,N20,nominal,2.0NRT,289.41,1.94,N
-8.57151,-46.00251,309.62,0.34,0.56,2026-06-04,0501,N20,nominal,2.0NRT,289.08,1.94,N
-8.57239,-45.99602,306.01,0.34,0.56,2026-06-04,0501,N20,nominal,2.0NRT,288.94,2.2,N
-8.57758,-45.99662,335.41,0.34,0.56,2026-06-04,0501,N20,nominal,2.0NRT,290.37,3.33,N
-8.57714,-45.99985,301.51,0.34,0.56,2026-06-04,0501,N20,nominal,2.0NRT,288.08,1.66,N
-8.27813,-48.22563,304.6,0.48,0.48,2026-06-04,0501,N20,nominal,2.0NRT,290.09,0.92,N
-8.28255,-48.22627,301.92,0.48,0.48,2026-06-04,0501,N20,nominal,2.0NRT,290.44,0.92,N
-8.28634,-48.23124,304.24,0.48,0.48,2026-06-04,0501,N20,nominal,2.0NRT,290.07,1.28,N
-8.29015,-48.23611,305.93,0.48,0.48,2026-06-04,0501,N20,nominal,2.0NRT,290.08,1.28,N
-8.29456,-48.23679,304.52,0.48,0.48,2026-06-04,0501,N20,nominal,2.0NRT,290.49,1.05,N
-8.35254,-48.14126,313.97,0.49,0.48,2026-06-04,0501,N20,nominal,2.0NRT,291.7,2.27,N
-9.03812,-46.32038,300.05,0.33,0.55,2026-06-04,0501,N20,nominal,2.0NRT,289.09,0.49,N
-9.03852,-46.31741,300.38,0.33,0.55,2026-06-04,0501,N20,nominal,2.0NRT,288.76,0.49,N
-9.46754,-46.05855,320.98,0.35,0.57,2026-06-04,0501,N20,nominal,2.0NRT,289.73,2.38,N
-9.4671,-46.06181,319.99,0.35,0.57,2026-06-04,0501,N20,nominal,2.0NRT,289.28,2.89,N
-9.3648,-47.08601,301.61,0.59,0.53,2026-06-04,0501,N20,nominal,2.0NRT,289.42,1.51,N
-9.38923,-48.62096,308.65,0.47,0.48,2026-06-04,0501,N20,nominal,2.0NRT,289.71,1.67,N
-9.52746,-47.75512,307.19,0.54,0.51,2026-06-04,0501,N20,nominal,2.0NRT,291.02,1.78,N
-9.53211,-47.75574,313.01,0.54,0.51,2026-06-04,0501,N20,nominal,2.0NRT,289.95,1.78,N
-9.37182,-50.54008,324.81,0.53,0.42,2026-06-04,0501,N20,nominal,2.0NRT,290.21,1.73,N
-9.37567,-50.54065,313.27,0.53,0.42,2026-06-04,0501,N20,nominal,2.0NRT,289.75,1.73,N
-9.62578,-48.87896,306.12,0.45,0.47,2026-06-04,0501,N20,nominal,2.0NRT,289.86,1.71,N
-10.00465,-46.56755,309.23,0.33,0.55,2026-06-04,0501,N20,nominal,2.0NRT,288.57,0.88,N
-9.51691,-50.26031,303.31,0.56,0.43,2026-06-04,0501,N20,nominal,2.0NRT,288.98,1.17,N
-9.80526,-48.2446,304.1,0.5,0.49,2026-06-04,0501,N20,nominal,2.0NRT,290.61,1.03,N
-9.80592,-48.23991,304.57,0.5,0.49,2026-06-04,0501,N20,nominal,2.0NRT,290.74,1.03,N
-9.89263,-47.85537,303.19,0.54,0.5,2026-06-04,0501,N20,nominal,2.0NRT,289.99,1.21,N
-9.89656,-47.86102,304.18,0.54,0.5,2026-06-04,0501,N20,nominal,2.0NRT,289.51,1.21,N
-9.89109,-47.85782,302.85,0.54,0.51,2026-06-04,0501,N20,nominal,2.0NRT,289.72,0.89,N
-9.89573,-47.85851,302.97,0.54,0.51,2026-06-04,0501,N20,nominal,2.0NRT,289.76,1.08,N
-7.89901,-61.52274,303.9,0.52,0.5,2026-06-04,0501,N20,nominal,2.0NRT,290.88,0.71,N
-10.45179,-46.58004,316.01,0.33,0.56,2026-06-04,0501,N20,nominal,2.0NRT,289.3,0.87,N
-10.45222,-46.57676,303.61,0.33,0.56,2026-06-04,0501,N20,nominal,2.0NRT,289.06,0.87,N
-10.13752,-49.15422,301.01,0.44,0.46,2026-06-04,0501,N20,nominal,2.0NRT,286.97,0.93,N
-10.53295,-46.61956,305.61,0.33,0.55,2026-06-04,0501,N20,nominal,2.0NRT,285.95,1.47,N
-10.53329,-46.61695,314.12,0.33,0.55,2026-06-04,0501,N20,nominal,2.0NRT,287.91,1.76,N
-10.54872,-46.61805,299.63,0.33,0.55,2026-06-04,0501,N20,nominal,2.0NRT,273.77,0.81,N
-10.55419,-46.61589,300,0.33,0.55,2026-06-04,0501,N20,nominal,2.0NRT,261.36,0.81,N
-10.60979,-46.69034,331.36,0.33,0.55,2026-06-04,0501,N20,nominal,2.0NRT,287.28,2.86,N
-10.61017,-46.68738,315.92,0.33,0.55,2026-06-04,0501,N20,nominal,2.0NRT,287.37,2.49,N
-10.61177,-46.71487,303.95,0.33,0.55,2026-06-04,0501,N20,nominal,2.0NRT,287.47,0.89,N
-10.61216,-46.71186,304.77,0.33,0.55,2026-06-04,0501,N20,nominal,2.0NRT,287.6,0.74,N
-9.88667,-52.43733,301.99,0.43,0.38,2026-06-04,0501,N20,nominal,2.0NRT,289.97,0.46,N
-9.89017,-52.43788,302.66,0.43,0.38,2026-06-04,0501,N20,nominal,2.0NRT,290.31,0.61,N
-10.3821,-49.44147,321.56,0.43,0.46,2026-06-04,0501,N20,nominal,2.0NRT,290.17,1.45,N
-10.38155,-49.44534,312.74,0.43,0.46,2026-06-04,0501,N20,nominal,2.0NRT,289.95,1.45,N
-10.38519,-49.44985,338,0.43,0.46,2026-06-04,0501,N20,nominal,2.0NRT,291.56,6.32,N
-10.38574,-49.446,354.7,0.43,0.46,2026-06-04,0501,N20,nominal,2.0NRT,292.61,20.43,N
-10.38628,-49.44213,355.89,0.43,0.46,2026-06-04,0501,N20,nominal,2.0NRT,293.24,20.43,N
-10.38938,-49.45047,330.22,0.43,0.46,2026-06-04,0501,N20,nominal,2.0NRT,290.46,6.32,N
-10.38993,-49.44662,355.6,0.43,0.46,2026-06-04,0501,N20,nominal,2.0NRT,297.2,20.43,N
-10.39048,-49.44275,354.62,0.43,0.46,2026-06-04,0501,N20,nominal,2.0NRT,295.67,20.43,N
-10.39412,-49.44722,305.63,0.43,0.46,2026-06-04,0501,N20,nominal,2.0NRT,290.1,1.51,N
-9.16825,-58.07086,312.89,0.47,0.39,2026-06-04,0501,N20,nominal,2.0NRT,291.5,1.89,N
-9.17826,-58.05526,302.6,0.46,0.39,2026-06-04,0501,N20,nominal,2.0NRT,290.61,2.73,N
-9.18188,-58.05587,335.38,0.46,0.39,2026-06-04,0501,N20,nominal,2.0NRT,291.67,2.73,N
-10.1388,-52.12954,304.15,0.45,0.39,2026-06-04,0501,N20,nominal,2.0NRT,290.07,1.03,N
-10.138,-52.12854,303.05,0.45,0.39,2026-06-04,0501,N20,nominal,2.0NRT,289.96,1.1,N
-10.25855,-52.07959,305.1,0.45,0.39,2026-06-04,0501,N20,nominal,2.0NRT,290.2,1.01,N
-10.9879,-47.07514,317.09,0.63,0.54,2026-06-04,0501,N20,nominal,2.0NRT,289.12,3.13,N
-9.79772,-56.61019,308.08,0.4,0.37,2026-06-04,0501,N20,nominal,2.0NRT,291.06,0.81,N
-11.258,-48.35486,310.84,0.52,0.5,2026-06-04,0501,N20,nominal,2.0NRT,290.61,1.61,N
-11.16392,-49.24411,312.21,0.45,0.47,2026-06-04,0501,N20,nominal,2.0NRT,291.68,1.83,N
-11.57239,-48.14087,303.62,0.54,0.51,2026-06-04,0501,N20,nominal,2.0NRT,290.35,1.01,N
-11.75742,-47.07505,333.95,0.32,0.55,2026-06-04,0501,N20,nominal,2.0NRT,290.9,1.92,N
-11.75704,-47.078,306.75,0.32,0.55,2026-06-04,0501,N20,nominal,2.0NRT,288.89,1.56,N
-11.7578,-47.07208,310.17,0.32,0.55,2026-06-04,0501,N20,nominal,2.0NRT,289.54,1.92,N
-10.84313,-53.74837,303.08,0.4,0.37,2026-06-04,0501,N20,nominal,2.0NRT,289.64,0.43,N
-10.84538,-53.75621,306.8,0.4,0.37,2026-06-04,0501,N20,nominal,2.0NRT,290.12,0.69,N
-10.84932,-53.75309,307.87,0.4,0.37,2026-06-04,0501,N20,nominal,2.0NRT,290.12,0.69,N
-10.85663,-53.7505,303.45,0.4,0.37,2026-06-04,0501,N20,nominal,2.0NRT,290.24,0.86,N
-10.86057,-53.74737,302.14,0.4,0.37,2026-06-04,0501,N20,nominal,2.0NRT,290.4,0.62,N
-10.86114,-53.74371,304.09,0.4,0.37,2026-06-04,0501,N20,nominal,2.0NRT,290.46,1.36,N
-10.86227,-53.73639,300.3,0.4,0.37,2026-06-04,0501,N20,nominal,2.0NRT,289.86,0.57,N
-10.86284,-53.73273,305.78,0.4,0.37,2026-06-04,0501,N20,nominal,2.0NRT,289.8,0.57,N
-10.60155,-55.42136,319.5,0.38,0.36,2026-06-04,0501,N20,nominal,2.0NRT,291.29,1.31,N
-10.86395,-53.7479,304.6,0.4,0.37,2026-06-04,0501,N20,nominal,2.0NRT,290.05,0.62,N
-10.86565,-53.73692,304.45,0.4,0.37,2026-06-04,0501,N20,nominal,2.0NRT,290.06,0.57,N
-10.86621,-53.73325,302.07,0.4,0.37,2026-06-04,0501,N20,nominal,2.0NRT,290.14,0.57,N
-10.03112,-59.33776,313.38,0.53,0.42,2026-06-04,0501,N20,nominal,2.0NRT,292.55,1.64,N
-10.8988,-54.13422,304.58,0.39,0.36,2026-06-04,0501,N20,nominal,2.0NRT,290.58,0.74,N
-10.90215,-54.13476,301.14,0.39,0.36,2026-06-04,0501,N20,nominal,2.0NRT,290.31,0.65,N
-10.90326,-54.1276,304.09,0.39,0.36,2026-06-04,0501,N20,nominal,2.0NRT,289.99,0.93,N
-10.56823,-57.32359,321.71,0.42,0.38,2026-06-04,0501,N20,nominal,2.0NRT,292.39,2.33,N
-10.57167,-57.32418,330.94,0.42,0.38,2026-06-04,0501,N20,nominal,2.0NRT,293.06,2.33,N
-10.57104,-57.328,302.89,0.42,0.38,2026-06-04,0501,N20,nominal,2.0NRT,291.79,0.93,N
-10.57231,-57.32035,317.73,0.42,0.38,2026-06-04,0501,N20,nominal,2.0NRT,291.74,2.33,N
-10.57294,-57.31651,312.86,0.42,0.38,2026-06-04,0501,N20,nominal,2.0NRT,291.59,1.38,N
-10.57575,-57.32095,323.07,0.42,0.38,2026-06-04,0501,N20,nominal,2.0NRT,291.41,2.99,N
-10.57638,-57.31711,302.91,0.42,0.38,2026-06-04,0501,N20,nominal,2.0NRT,291.21,0.45,N
-10.80697,-56.59532,302.74,0.4,0.37,2026-06-04,0501,N20,nominal,2.0NRT,291.37,0.61,N
-10.80756,-56.5917,310,0.4,0.37,2026-06-04,0501,N20,nominal,2.0NRT,291.47,1.07,N
-10.81034,-56.59587,301.52,0.4,0.37,2026-06-04,0501,N20,nominal,2.0NRT,291.34,0.4,N
-10.8137,-56.59642,301.07,0.4,0.37,2026-06-04,0501,N20,nominal,2.0NRT,290.95,0.4,N
-10.81766,-56.59336,316.48,0.4,0.37,2026-06-04,0501,N20,nominal,2.0NRT,291.2,1.8,N
-10.82102,-56.59392,322.41,0.4,0.37,2026-06-04,0501,N20,nominal,2.0NRT,291,1.8,N
-11.2606,-53.96904,311.67,0.4,0.37,2026-06-04,0501,N20,nominal,2.0NRT,290.18,1.22,N
-11.26116,-53.96542,315.52,0.4,0.37,2026-06-04,0501,N20,nominal,2.0NRT,290.9,1.22,N
-11.2634,-53.9732,308,0.4,0.37,2026-06-04,0501,N20,nominal,2.0NRT,290.13,1.02,N
-11.26396,-53.96958,308.22,0.4,0.37,2026-06-04,0501,N20,nominal,2.0NRT,290.68,1.22,N
-11.27069,-53.97065,307.44,0.4,0.37,2026-06-04,0501,N20,nominal,2.0NRT,289.96,1.25,N
-11.27233,-53.97057,309.7,0.4,0.37,2026-06-04,0501,N20,nominal,2.0NRT,289.99,0.91,N
-11.48419,-52.91395,308.41,0.43,0.38,2026-06-04,0501,N20,nominal,2.0NRT,289.56,0.53,N
-11.33569,-53.96197,300.5,0.4,0.37,2026-06-04,0501,N20,nominal,2.0NRT,290.14,0.4,N
-11.33906,-53.96249,300.31,0.4,0.37,2026-06-04,0501,N20,nominal,2.0NRT,289.8,0.4,N
-11.54227,-52.78952,342.25,0.44,0.38,2026-06-04,0501,N20,nominal,2.0NRT,294.07,6.71,N
-11.54287,-52.78556,328.98,0.44,0.38,2026-06-04,0501,N20,nominal,2.0NRT,292.22,6.71,N
-11.54578,-52.79008,339.19,0.44,0.38,2026-06-04,0501,N20,nominal,2.0NRT,293.48,6.71,N
-11.54638,-52.78612,344.4,0.44,0.38,2026-06-04,0501,N20,nominal,2.0NRT,294.73,6.71,N
-11.54989,-52.78666,353.03,0.44,0.38,2026-06-04,0501,N20,nominal,2.0NRT,296.26,10.2,N
-11.54929,-52.79062,316.16,0.44,0.38,2026-06-04,0501,N20,nominal,2.0NRT,291.71,10.2,N
-11.5534,-52.78719,352.85,0.44,0.38,2026-06-04,0501,N20,nominal,2.0NRT,295.96,10.2,N
-11.554,-52.78322,317.35,0.44,0.38,2026-06-04,0501,N20,nominal,2.0NRT,291.85,4.74,N
-11.61374,-52.55276,309.02,0.45,0.39,2026-06-04,0501,N20,nominal,2.0NRT,290.36,1.07,N
-12.30192,-47.90763,339.13,0.57,0.52,2026-06-04,0501,N20,nominal,2.0NRT,291.39,6.14,N
-12.3026,-47.90247,302.56,0.57,0.52,2026-06-04,0501,N20,nominal,2.0NRT,289.79,2.91,N
-12.3074,-47.90299,318.01,0.57,0.52,2026-06-04,0501,N20,nominal,2.0NRT,290.36,2.07,N
-12.31221,-47.90351,309.12,0.57,0.52,2026-06-04,0501,N20,nominal,2.0NRT,289.49,2.07,N
-12.3129,-47.8983,309.52,0.58,0.52,2026-06-04,0501,N20,nominal,2.0NRT,289.89,2.07,N
-11.78633,-52.51087,324.3,0.45,0.39,2026-06-04,0501,N20,nominal,2.0NRT,285.64,2.7,N
-12.55592,-48.3507,313.19,0.54,0.51,2026-06-04,0501,N20,nominal,2.0NRT,290.6,1.73,N
-12.56059,-48.35128,333.39,0.54,0.51,2026-06-04,0501,N20,nominal,2.0NRT,291.33,6.23,N
-12.09478,-51.99075,302.64,0.48,0.4,2026-06-04,0501,N20,nominal,2.0NRT,291.22,0.97,N
-12.09543,-51.9864,301.45,0.48,0.4,2026-06-04,0501,N20,nominal,2.0NRT,291.2,0.97,N
-11.79239,-54.01774,305.25,0.4,0.37,2026-06-04,0501,N20,nominal,2.0NRT,288,0.45,N
-11.79519,-54.02192,300.36,0.4,0.37,2026-06-04,0501,N20,nominal,2.0NRT,289.15,0.4,N
-11.61734,-55.18357,302.12,0.38,0.36,2026-06-04,0501,N20,nominal,2.0NRT,291.91,1.07,N
-11.59741,-55.33143,319.31,0.38,0.36,2026-06-04,0501,N20,nominal,2.0NRT,292.27,1.75,N
-11.62009,-55.18762,310.94,0.38,0.36,2026-06-04,0501,N20,nominal,2.0NRT,292.38,1.34,N
-11.62064,-55.18411,308.35,0.38,0.36,2026-06-04,0501,N20,nominal,2.0NRT,292.31,1.46,N
-11.6234,-55.18815,321.11,0.38,0.36,2026-06-04,0501,N20,nominal,2.0NRT,292.89,1.34,N
-11.60412,-55.33278,327.99,0.38,0.36,2026-06-04,0501,N20,nominal,2.0NRT,294.09,2.4,N
-11.62737,-55.18544,322.73,0.38,0.36,2026-06-04,0501,N20,nominal,2.0NRT,294.28,3.64,N
-11.62681,-55.18895,319.89,0.38,0.36,2026-06-04,0501,N20,nominal,2.0NRT,294.06,2.25,N
-11.62792,-55.18193,312.45,0.38,0.36,2026-06-04,0501,N20,nominal,2.0NRT,293.03,3.64,N
-11.60688,-55.33682,324.85,0.38,0.36,2026-06-04,0501,N20,nominal,2.0NRT,293.31,2.43,N
-11.60743,-55.33332,323.2,0.38,0.36,2026-06-04,0501,N20,nominal,2.0NRT,293.09,2.4,N
-11.63012,-55.18949,340.96,0.38,0.36,2026-06-04,0501,N20,nominal,2.0NRT,294.84,2.25,N
-11.63068,-55.18597,351.49,0.38,0.36,2026-06-04,0501,N20,nominal,2.0NRT,296.74,3.64,N
-11.63123,-55.18247,336.83,0.38,0.36,2026-06-04,0501,N20,nominal,2.0NRT,293.59,3.64,N
-11.62957,-55.193,303.73,0.38,0.36,2026-06-04,0501,N20,nominal,2.0NRT,292.06,2.25,N
-11.63398,-55.18652,331.29,0.38,0.36,2026-06-04,0501,N20,nominal,2.0NRT,293.15,3.15,N
-11.61019,-55.33736,305.77,0.38,0.36,2026-06-04,0501,N20,nominal,2.0NRT,292.14,0.81,N
-11.73497,-54.80206,306.37,0.39,0.36,2026-06-04,0501,N20,nominal,2.0NRT,291.31,0.73,N
-11.95276,-54.09493,304.1,0.4,0.37,2026-06-04,0501,N20,nominal,2.0NRT,290.62,0.54,N
-11.47738,-57.10943,318.18,0.41,0.37,2026-06-04,0501,N20,nominal,2.0NRT,293.33,1.95,N
-11.53032,-56.97757,303.69,0.4,0.37,2026-06-04,0501,N20,nominal,2.0NRT,292.43,0.74,N
-12.17252,-54.53967,305.33,0.39,0.36,2026-06-04,0501,N20,nominal,2.0NRT,291.04,0.62,N
-12.17586,-54.5402,323.85,0.39,0.36,2026-06-04,0501,N20,nominal,2.0NRT,291.9,1.61,N
-12.1792,-54.54073,324.34,0.39,0.36,2026-06-04,0501,N20,nominal,2.0NRT,291.27,1.61,N
-11.78752,-56.99722,306.42,0.4,0.37,2026-06-04,0501,N20,nominal,2.0NRT,292.09,0.76,N
-12.17975,-54.53714,300.7,0.39,0.36,2026-06-04,0501,N20,nominal,2.0NRT,290.6,1.61,N
-11.7909,-56.99778,303.5,0.4,0.37,2026-06-04,0501,N20,nominal,2.0NRT,291.91,0.49,N
-11.58945,-58.50706,309.99,0.46,0.39,2026-06-04,0501,N20,nominal,2.0NRT,291.5,1.12,N
-11.63663,-58.24745,302.26,0.45,0.39,2026-06-04,0501,N20,nominal,2.0NRT,291.08,1.21,N
-11.78835,-57.35311,315.9,0.41,0.37,2026-06-04,0501,N20,nominal,2.0NRT,291.06,1.44,N
-11.74248,-57.82653,311.73,0.43,0.38,2026-06-04,0501,N20,nominal,2.0NRT,291.31,1.07,N
-11.744,-57.82584,305.99,0.43,0.38,2026-06-04,0501,N20,nominal,2.0NRT,290.3,0.88,N
-11.88323,-57.83721,304.3,0.43,0.38,2026-06-04,0501,N20,nominal,2.0NRT,291.26,1.36,N
-11.88388,-57.83331,316.41,0.43,0.38,2026-06-04,0501,N20,nominal,2.0NRT,292.37,1.39,N
-11.88453,-57.82941,304.96,0.43,0.38,2026-06-04,0501,N20,nominal,2.0NRT,290.51,1.39,N
-11.888,-57.83003,321.46,0.43,0.38,2026-06-04,0501,N20,nominal,2.0NRT,291.91,1.39,N
-11.88735,-57.83393,309.48,0.43,0.38,2026-06-04,0501,N20,nominal,2.0NRT,291.06,1.39,N
-22.49133,-62.16768,302.85,0.5,0.41,2026-06-04,0506,N20,nominal,2.0NRT,289.24,1.18,N
-11.89147,-57.83064,314.98,0.43,0.38,2026-06-04,0501,N20,nominal,2.0NRT,291.29,1.57,N
-12.20915,-57.29155,330.52,0.41,0.37,2026-06-04,0501,N20,nominal,2.0NRT,295.21,16.16,N
-22.972,-59.79826,302.88,0.4,0.37,2026-06-04,0506,N20,nominal,2.0NRT,288.36,0.55,N
-12.20976,-57.28782,346.52,0.41,0.37,2026-06-04,0501,N20,nominal,2.0NRT,305.48,16.16,N
-24.24373,-50.74044,298.52,0.53,0.5,2026-06-04,0506,N20,nominal,2.0NRT,287.87,1.6,N
-12.21161,-57.27662,316.45,0.41,0.37,2026-06-04,0501,N20,nominal,2.0NRT,292.81,1.42,N
-23.28826,-58.77625,302.69,0.39,0.36,2026-06-04,0506,N20,nominal,2.0NRT,287.86,0.92,N
-12.21316,-57.2884,354.43,0.41,0.37,2026-06-04,0501,N20,nominal,2.0NRT,302.71,6.29,N
-23.29097,-58.78064,297.99,0.39,0.36,2026-06-04,0506,N20,nominal,2.0NRT,287.76,0.51,N
-12.21378,-57.28466,346.17,0.41,0.37,2026-06-04,0501,N20,nominal,2.0NRT,299.96,9.09,N
-23.26326,-60.1315,301.96,0.41,0.37,2026-06-04,0506,N20,nominal,2.0NRT,289.16,0.54,N
-12.21439,-57.28093,326.7,0.41,0.37,2026-06-04,0501,N20,nominal,2.0NRT,295.35,9.09,N
-23.26666,-60.13218,303.66,0.41,0.37,2026-06-04,0506,N20,nominal,2.0NRT,288.28,0.54,N
-12.215,-57.2772,348.06,0.41,0.37,2026-06-04,0501,N20,nominal,2.0NRT,298.4,4.49,N
-23.15459,-61.29149,307.42,0.45,0.39,2026-06-04,0506,N20,nominal,2.0NRT,289.84,0.9,N
-12.21255,-57.29214,305.23,0.41,0.37,2026-06-04,0501,N20,nominal,2.0NRT,293.9,6.29,N
-23.15538,-61.28712,306.71,0.45,0.39,2026-06-04,0506,N20,nominal,2.0NRT,290.14,0.9,N
-23.15814,-61.29223,307.47,0.45,0.39,2026-06-04,0506,N20,nominal,2.0NRT,289.78,0.9,N
-12.21562,-57.27348,312.78,0.41,0.37,2026-06-04,0501,N20,nominal,2.0NRT,292.84,4.49,N
-23.15893,-61.28787,302.99,0.45,0.39,2026-06-04,0506,N20,nominal,2.0NRT,289.4,0.9,N
-12.21656,-57.28898,323.33,0.41,0.37,2026-06-04,0501,N20,nominal,2.0NRT,293.9,6.29,N
-23.58315,-60.90583,304.17,0.43,0.38,2026-06-04,0506,N20,nominal,2.0NRT,287.47,0.71,N
-12.21717,-57.28524,367,0.41,0.37,2026-06-04,0501,N20,high,2.0NRT,303.36,9.09,N
-23.58663,-60.90656,306.1,0.43,0.38,2026-06-04,0506,N20,nominal,2.0NRT,287,0.8,N
-12.21779,-57.28151,355.92,0.41,0.37,2026-06-04,0501,N20,nominal,2.0NRT,303.84,9.09,N
-25.18862,-49.32693,295.46,0.34,0.56,2026-06-04,0506,N20,nominal,2.0NRT,283.59,0.69,N
-12.2184,-57.27778,348.92,0.41,0.37,2026-06-04,0501,N20,nominal,2.0NRT,300.17,4.49,N
-25.19376,-49.32786,295.41,0.34,0.56,2026-06-04,0506,N20,nominal,2.0NRT,282.64,0.69,N
-12.21901,-57.27406,332.08,0.41,0.37,2026-06-04,0501,N20,nominal,2.0NRT,295.76,4.49,N
-25.26989,-50.65448,301.76,0.56,0.51,2026-06-04,0506,N20,nominal,2.0NRT,282.15,1.55,N
-12.22057,-57.28583,334.01,0.41,0.37,2026-06-04,0501,N20,nominal,2.0NRT,294.29,40.37,N
-12.22119,-57.28209,367,0.41,0.37,2026-06-04,0501,N20,high,2.0NRT,325.03,40.37,N
-24.09966,-59.50743,300.4,0.39,0.36,2026-06-04,0506,N20,nominal,2.0NRT,288.36,0.88,N
-12.2218,-57.27836,351.18,0.41,0.37,2026-06-04,0501,N20,nominal,2.0NRT,308.26,18.3,N
-25.27051,-50.65426,300.19,0.56,0.51,2026-06-04,0506,N20,nominal,2.0NRT,281.96,1.67,N
-12.22241,-57.27464,344.39,0.41,0.37,2026-06-04,0501,N20,nominal,2.0NRT,299.36,18.3,N
-22.31493,-68.88342,308.76,0.42,0.61,2026-06-04,0506,N20,nominal,2.0NRT,279.15,2.01,N
-12.22302,-57.27092,338.34,0.41,0.37,2026-06-04,0501,N20,nominal,2.0NRT,296.58,4.33,N
-24.23056,-61.11055,299.31,0.43,0.38,2026-06-04,0506,N20,nominal,2.0NRT,288.02,0.51,N
-12.22458,-57.28268,353.63,0.41,0.37,2026-06-04,0501,N20,nominal,2.0NRT,295.75,40.37,N
-12.2252,-57.27894,355.41,0.41,0.37,2026-06-04,0501,N20,nominal,2.0NRT,298.14,18.3,N
-24.51734,-60.63088,319.81,0.41,0.37,2026-06-04,0506,N20,nominal,2.0NRT,288.4,1.49,N
-12.22581,-57.27522,354.65,0.41,0.37,2026-06-04,0501,N20,nominal,2.0NRT,304.63,18.3,N
-24.52007,-60.63565,327.83,0.41,0.37,2026-06-04,0506,N20,nominal,2.0NRT,289.58,2.77,N
-12.22642,-57.2715,341.78,0.41,0.37,2026-06-04,0501,N20,nominal,2.0NRT,297.81,4.33,N
-24.52076,-60.63158,335.83,0.41,0.37,2026-06-04,0506,N20,nominal,2.0NRT,289.63,2.77,N
-12.22703,-57.26778,326.93,0.41,0.37,2026-06-04,0501,N20,nominal,2.0NRT,294.4,4.33,N
-24.52418,-60.63229,307.37,0.41,0.37,2026-06-04,0506,N20,nominal,2.0NRT,287.56,2.77,N
-12.2286,-57.27952,329.65,0.41,0.37,2026-06-04,0501,N20,nominal,2.0NRT,292.89,2.66,N
-12.22921,-57.27579,335.57,0.41,0.37,2026-06-04,0501,N20,nominal,2.0NRT,293.45,2.66,N
-24.68816,-60.74005,307.37,0.41,0.37,2026-06-04,0506,N20,nominal,2.0NRT,287.45,1.35,N
-12.22982,-57.27207,352.76,0.41,0.37,2026-06-04,0501,N20,nominal,2.0NRT,300.96,6.54,N
-24.68887,-60.73596,317.08,0.41,0.37,2026-06-04,0506,N20,nominal,2.0NRT,287.52,1.56,N
-12.23043,-57.26835,341.81,0.41,0.37,2026-06-04,0501,N20,nominal,2.0NRT,296.19,6.54,N
-25.79226,-53.29627,312.83,0.39,0.44,2026-06-04,0506,N20,nominal,2.0NRT,284.41,1.08,N
-12.22798,-57.28326,303.66,0.41,0.37,2026-06-04,0501,N20,nominal,2.0NRT,291.48,1.42,N
-25.60935,-55.40564,309.99,0.46,0.39,2026-06-04,0506,N20,nominal,2.0NRT,282.14,0.95,N
-12.23322,-57.27264,324.5,0.41,0.37,2026-06-04,0501,N20,nominal,2.0NRT,293.09,6.54,N
-25.65333,-60.50417,302.24,0.4,0.37,2026-06-04,0506,N20,nominal,2.0NRT,287.92,0.64,N
-12.23199,-57.2801,305.28,0.41,0.37,2026-06-04,0501,N20,nominal,2.0NRT,291.76,2.66,N
-26.562,-54.41362,297.54,0.52,0.42,2026-06-04,0506,N20,nominal,2.0NRT,280,0.57,N
-12.236,-57.27695,302.13,0.41,0.37,2026-06-04,0501,N20,nominal,2.0NRT,291.35,0.53,N
-26.56515,-54.41956,295.3,0.52,0.42,2026-06-04,0506,N20,nominal,2.0NRT,279.23,0.77,N
-12.73385,-54.20465,304.06,0.4,0.37,2026-06-04,0501,N20,nominal,2.0NRT,290.52,0.85,N
-12.73442,-54.20099,309.42,0.4,0.37,2026-06-04,0501,N20,nominal,2.0NRT,291.37,0.85,N
-28.98054,-57.58118,300.71,0.41,0.37,2026-06-04,0508,N20,nominal,2.0NRT,283.81,0.53,N
-12.73498,-54.19733,306.78,0.4,0.37,2026-06-04,0501,N20,nominal,2.0NRT,291.56,1.04,N
-28.80586,-58.86524,297.28,0.39,0.36,2026-06-04,0508,N20,nominal,2.0NRT,286.83,0.39,N
-12.73554,-54.19366,312.64,0.4,0.37,2026-06-04,0501,N20,nominal,2.0NRT,292.4,1.04,N
-29.8636,-57.75681,298.56,0.41,0.37,2026-06-04,0508,N20,nominal,2.0NRT,280.17,0.5,N
-12.73723,-54.20519,304.13,0.4,0.37,2026-06-04,0501,N20,nominal,2.0NRT,291.57,0.96,N
-30.67294,-58.07986,300.4,0.41,0.37,2026-06-04,0508,N20,nominal,2.0NRT,280.64,0.87,N
-12.73779,-54.20153,311.37,0.4,0.37,2026-06-04,0501,N20,nominal,2.0NRT,291.9,0.96,N
-32.01439,-59.24068,299.18,0.39,0.36,2026-06-04,0508,N20,nominal,2.0NRT,280.47,0.77,N
-12.73835,-54.19786,308.67,0.4,0.37,2026-06-04,0501,N20,nominal,2.0NRT,291.84,1.44,N
-32.86297,-56.53765,299.37,0.48,0.4,2026-06-04,0508,N20,nominal,2.0NRT,285.82,0.88,N
-12.73892,-54.19419,314.94,0.4,0.37,2026-06-04,0501,N20,nominal,2.0NRT,292.35,1.44,N
-32.86038,-56.53921,296.77,0.49,0.4,2026-06-04,0508,N20,nominal,2.0NRT,284.28,0.87,N
-13.95579,-46.18295,296.25,0.4,0.6,2026-06-04,0501,N20,nominal,2.0NRT,286.17,1.05,N
-33.11394,-58.26123,297.39,0.42,0.38,2026-06-04,0508,N20,nominal,2.0NRT,286.18,0.78,N
-12.26741,-58.18466,300.42,0.44,0.38,2026-06-04,0501,N20,nominal,2.0NRT,289.57,0.64,N
-34.85654,-57.89412,306.18,0.45,0.39,2026-06-04,0510,N20,nominal,2.0NRT,277.88,1.28,N
-13.53695,-49.90255,305.7,0.44,0.46,2026-06-04,0501,N20,nominal,2.0NRT,292.5,0.79,N
-37.42538,-69.09626,295.31,0.41,0.45,2026-06-04,0510,N20,nominal,2.0NRT,270.74,0.77,N
-13.5412,-49.9032,303.76,0.44,0.46,2026-06-04,0501,N20,nominal,2.0NRT,292.63,0.79,N
-37.71112,-69.14085,295.83,0.41,0.45,2026-06-04,0510,N20,nominal,2.0NRT,272.73,0.89,N
-10.81897,-66.45238,324.64,0.5,0.66,2026-06-04,0501,N20,nominal,2.0NRT,290.32,1.96,N
-37.71446,-69.13496,324.16,0.41,0.45,2026-06-04,0510,N20,nominal,2.0NRT,273.93,1.39,N
-14.04832,-46.34341,299.79,0.39,0.59,2026-06-04,0501,N20,nominal,2.0NRT,288.76,1.06,N
-37.71343,-69.1396,298.03,0.41,0.45,2026-06-04,0510,N20,nominal,2.0NRT,273.09,1.39,N
-14.04876,-46.33982,307.28,0.39,0.59,2026-06-04,0501,N20,nominal,2.0NRT,288.94,1.06,N
-37.71548,-69.13033,300.84,0.41,0.45,2026-06-04,0510,N20,nominal,2.0NRT,273.81,1.62,N
-10.82013,-66.45464,303.74,0.5,0.66,2026-06-04,0501,N20,nominal,2.0NRT,290.22,1.55,N
-10.82104,-66.45011,310.46,0.5,0.66,2026-06-04,0501,N20,nominal,2.0NRT,290.68,1.62,N
-14.04408,-46.34249,302.25,0.39,0.59,2026-06-04,0501,N20,nominal,2.0NRT,288.67,0.56,N
-14.04451,-46.33881,303.23,0.39,0.59,2026-06-04,0501,N20,nominal,2.0NRT,288.64,0.56,N
-14.04994,-46.33965,303.02,0.39,0.59,2026-06-04,0501,N20,nominal,2.0NRT,288.85,0.94,N
-12.5468,-57.18025,314.57,0.4,0.37,2026-06-04,0501,N20,nominal,2.0NRT,292.11,2.06,N
-12.54897,-57.18821,308.2,0.4,0.37,2026-06-04,0501,N20,nominal,2.0NRT,291.15,0.97,N
-12.55235,-57.18879,306.37,0.4,0.37,2026-06-04,0501,N20,nominal,2.0NRT,290.95,0.97,N
-12.43721,-58.40349,336.24,0.44,0.39,2026-06-04,0501,N20,nominal,2.0NRT,291.3,4.08,N
-12.4379,-58.39941,330.91,0.44,0.39,2026-06-04,0501,N20,nominal,2.0NRT,287.18,2.89,N
-12.43513,-58.41571,298.82,0.44,0.39,2026-06-04,0501,N20,nominal,2.0NRT,287.96,0.75,N
-12.43651,-58.40756,313.53,0.44,0.39,2026-06-04,0501,N20,nominal,2.0NRT,287.71,4.08,N
-12.43867,-58.41635,317.18,0.44,0.39,2026-06-04,0501,N20,nominal,2.0NRT,289.44,2.48,N
-12.45163,-58.46914,308.45,0.45,0.39,2026-06-04,0501,N20,nominal,2.0NRT,288.3,5.92,N
-12.45518,-58.46976,353.19,0.45,0.39,2026-06-04,0501,N20,nominal,2.0NRT,296.04,5.92,N
-12.4545,-58.47381,296.21,0.45,0.39,2026-06-04,0501,N20,nominal,2.0NRT,284.89,1.67,N
-12.45805,-58.47442,327.21,0.45,0.39,2026-06-04,0501,N20,nominal,2.0NRT,290.45,2.55,N
-12.45873,-58.47037,352.17,0.45,0.39,2026-06-04,0501,N20,nominal,2.0NRT,297.21,8.22,N
-12.45736,-58.47849,298.72,0.45,0.39,2026-06-04,0501,N20,nominal,2.0NRT,286.89,2.55,N
-12.4616,-58.47504,342.8,0.45,0.39,2026-06-04,0501,N20,nominal,2.0NRT,292.88,2.55,N
-12.46228,-58.47098,354.27,0.45,0.39,2026-06-04,0501,N20,nominal,2.0NRT,297.74,8.22,N
-12.46091,-58.47912,299.84,0.45,0.39,2026-06-04,0501,N20,nominal,2.0NRT,288.09,2.55,N
-12.46296,-58.46694,317.22,0.45,0.39,2026-06-04,0501,N20,nominal,2.0NRT,291.88,8.22,N
-12.46514,-58.47568,328.11,0.45,0.39,2026-06-04,0501,N20,nominal,2.0NRT,291.29,4.07,N
-12.46583,-58.47162,348.3,0.45,0.39,2026-06-04,0501,N20,nominal,2.0NRT,294.69,5.06,N
-12.46651,-58.46756,324.7,0.45,0.39,2026-06-04,0501,N20,nominal,2.0NRT,291.48,5.06,N
-13.50924,-54.31358,309.36,0.4,0.37,2026-06-04,0504,N20,nominal,2.0NRT,292.16,1.21,N
-13.51262,-54.31413,333.52,0.4,0.37,2026-06-04,0504,N20,nominal,2.0NRT,293.45,2.53,N
-13.516,-54.31467,302.55,0.4,0.37,2026-06-04,0504,N20,nominal,2.0NRT,291.16,2.53,N
-14.29538,-49.14474,337.82,0.5,0.49,2026-06-04,0504,N20,nominal,2.0NRT,289.88,5.57,N
-14.44298,-48.9048,302.77,0.53,0.5,2026-06-04,0504,N20,nominal,2.0NRT,284.07,0.72,N
-14.44761,-48.90531,313.62,0.53,0.5,2026-06-04,0504,N20,nominal,2.0NRT,285.25,2.31,N
-13.49231,-56.57127,306.82,0.39,0.36,2026-06-04,0504,N20,nominal,2.0NRT,291.3,0.92,N
-13.96682,-53.85151,314.3,0.42,0.37,2026-06-04,0504,N20,nominal,2.0NRT,291.65,0.91,N
-13.9783,-53.84546,303.72,0.42,0.37,2026-06-04,0504,N20,nominal,2.0NRT,291.81,0.57,N
-13.98174,-53.84599,301.2,0.42,0.37,2026-06-04,0504,N20,nominal,2.0NRT,291.1,0.57,N
-14.05629,-53.3962,304.11,0.43,0.38,2026-06-04,0504,N20,nominal,2.0NRT,290.03,0.55,N
-14.0598,-53.39675,340.59,0.43,0.38,2026-06-04,0504,N20,nominal,2.0NRT,290.96,4.29,N
-14.0633,-53.39729,332.85,0.43,0.38,2026-06-04,0504,N20,nominal,2.0NRT,290.84,4.29,N
-14.07708,-53.38239,325.09,0.43,0.38,2026-06-04,0504,N20,nominal,2.0NRT,291.25,3.33,N
-14.0765,-53.38639,304.32,0.43,0.38,2026-06-04,0504,N20,nominal,2.0NRT,289.64,4.77,N
-14.08001,-53.38693,352.45,0.43,0.38,2026-06-04,0504,N20,nominal,2.0NRT,293.92,4.77,N
-14.08059,-53.38293,328.49,0.43,0.38,2026-06-04,0504,N20,nominal,2.0NRT,291.2,3.33,N
-14.07943,-53.39093,309.87,0.43,0.38,2026-06-04,0504,N20,nominal,2.0NRT,290.23,4.77,N
-14.08352,-53.38748,329.97,0.43,0.38,2026-06-04,0504,N20,nominal,2.0NRT,290.88,3.78,N
-14.08294,-53.39148,302.19,0.43,0.38,2026-06-04,0504,N20,nominal,2.0NRT,290.33,3.78,N
-14.08703,-53.38802,338.93,0.43,0.38,2026-06-04,0504,N20,nominal,2.0NRT,291.66,3.78,N
-14.08644,-53.39202,309.52,0.43,0.38,2026-06-04,0504,N20,nominal,2.0NRT,289.57,3.78,N
-15.23665,-48.56478,321.73,0.57,0.52,2026-06-04,0504,N20,nominal,2.0NRT,289.29,2.89,N
-13.70402,-59.24789,298.48,0.47,0.4,2026-06-04,0504,N20,nominal,2.0NRT,287.14,0.5,N
-13.70839,-59.24425,297.58,0.47,0.4,2026-06-04,0504,N20,nominal,2.0NRT,287.46,0.97,N
-14.76665,-52.68028,300.64,0.47,0.4,2026-06-04,0504,N20,nominal,2.0NRT,289.45,1.06,N
-14.76727,-52.67591,299.65,0.47,0.4,2026-06-04,0504,N20,nominal,2.0NRT,289.3,0.76,N
-14.7679,-52.67152,305.56,0.47,0.4,2026-06-04,0504,N20,nominal,2.0NRT,289.81,0.76,N
-14.77156,-52.67204,322.85,0.47,0.4,2026-06-04,0504,N20,nominal,2.0NRT,290.1,1.73,N
-14.77522,-52.67255,310.62,0.47,0.4,2026-06-04,0504,N20,nominal,2.0NRT,288.73,1.73,N
-15.56881,-47.85593,308.49,0.32,0.55,2026-06-04,0504,N20,nominal,2.0NRT,290.44,1.27,N
-15.56833,-47.85508,310,0.32,0.55,2026-06-04,0504,N20,nominal,2.0NRT,291.37,1.02,N
-14.09024,-58.88217,335.3,0.45,0.39,2026-06-04,0504,N20,nominal,2.0NRT,289.51,3.41,N
-14.09379,-58.88281,330.95,0.45,0.39,2026-06-04,0504,N20,nominal,2.0NRT,288.82,3.75,N
-14.65428,-55.62973,303.97,0.39,0.36,2026-06-04,0504,N20,nominal,2.0NRT,289.9,0.51,N
-14.08532,-59.38763,299.15,0.47,0.4,2026-06-04,0504,N20,nominal,2.0NRT,286.76,0.55,N
-14.08678,-59.37903,306.29,0.47,0.4,2026-06-04,0504,N20,nominal,2.0NRT,287.31,1.7,N
-14.09042,-59.37968,325.82,0.47,0.4,2026-06-04,0504,N20,nominal,2.0NRT,289.59,3.04,N
-14.08822,-59.3926,302.69,0.47,0.4,2026-06-04,0504,N20,nominal,2.0NRT,288.55,1.79,N
-14.08896,-59.3883,317.94,0.47,0.4,2026-06-04,0504,N20,nominal,2.0NRT,289.92,3.08,N
-14.08969,-59.38399,317.03,0.47,0.4,2026-06-04,0504,N20,nominal,2.0NRT,289.75,3.08,N
-14.09186,-59.39328,320.83,0.47,0.4,2026-06-04,0504,N20,nominal,2.0NRT,289.35,1.79,N
-14.09259,-59.38895,331.05,0.47,0.4,2026-06-04,0504,N20,nominal,2.0NRT,290.27,3.08,N
-14.09332,-59.38465,332.48,0.47,0.4,2026-06-04,0504,N20,nominal,2.0NRT,290.43,3.08,N
-14.09405,-59.38034,323.2,0.47,0.4,2026-06-04,0504,N20,nominal,2.0NRT,290.81,3.04,N
-14.16776,-58.94293,299.65,0.45,0.39,2026-06-04,0504,N20,nominal,2.0NRT,285.87,0.38,N
-14.08569,-59.38588,298.86,0.47,0.4,2026-06-04,0504,N20,nominal,2.0NRT,287.64,1.85,N
-14.0872,-59.37729,310.12,0.47,0.4,2026-06-04,0504,N20,nominal,2.0NRT,288.42,2.07,N
-14.08857,-59.39085,318.2,0.47,0.4,2026-06-04,0504,N20,nominal,2.0NRT,289.75,2.63,N
-14.08932,-59.38654,315.19,0.47,0.4,2026-06-04,0504,N20,nominal,2.0NRT,289.62,1.85,N
-14.09008,-59.38224,319.99,0.47,0.4,2026-06-04,0504,N20,nominal,2.0NRT,289.8,1.85,N
-14.09083,-59.37796,319.78,0.47,0.4,2026-06-04,0504,N20,nominal,2.0NRT,289.42,2.07,N
-14.16689,-58.94136,299.05,0.45,0.39,2026-06-04,0504,N20,nominal,2.0NRT,285.75,0.65,N
-14.0922,-59.39151,326.65,0.47,0.4,2026-06-04,0504,N20,nominal,2.0NRT,289.92,4.09,N
-14.09296,-59.38719,332.59,0.47,0.4,2026-06-04,0504,N20,nominal,2.0NRT,290.07,3.47,N
-14.09371,-59.38289,337.02,0.47,0.4,2026-06-04,0504,N20,nominal,2.0NRT,290.84,3.47,N
-14.09446,-59.3786,299.81,0.47,0.4,2026-06-04,0504,N20,nominal,2.0NRT,289.45,1.04,N
-14.16323,-58.98368,311.43,0.45,0.39,2026-06-04,0504,N20,nominal,2.0NRT,289.89,1.05,N
-14.09734,-59.38356,303.35,0.47,0.4,2026-06-04,0504,N20,nominal,2.0NRT,286.81,3.47,N
-14.09809,-59.37927,299.46,0.47,0.4,2026-06-04,0504,N20,nominal,2.0NRT,287.63,1.04,N
-14.16679,-58.98434,303.35,0.45,0.39,2026-06-04,0504,N20,nominal,2.0NRT,289.3,1.05,N
-15.31683,-55.73463,315.62,0.39,0.36,2026-06-04,0504,N20,nominal,2.0NRT,289.41,0.99,N
-15.32014,-55.73519,317.83,0.39,0.36,2026-06-04,0504,N20,nominal,2.0NRT,289.32,0.99,N
-15.49772,-55.72755,314.9,0.39,0.36,2026-06-04,0504,N20,nominal,2.0NRT,292.52,1.74,N
-15.501,-56.03289,311.64,0.38,0.36,2026-06-04,0504,N20,nominal,2.0NRT,289.18,1.2,N
-15.50157,-56.02932,315.38,0.38,0.36,2026-06-04,0504,N20,nominal,2.0NRT,291.94,1.59,N
-15.68366,-56.03693,306.62,0.38,0.36,2026-06-04,0504,N20,nominal,2.0NRT,291.99,0.81,N
-16.74678,-49.93617,302.52,0.48,0.48,2026-06-04,0504,N20,nominal,2.0NRT,288.41,0.95,N
-14.87107,-63.92825,306.62,0.57,0.52,2026-06-04,0504,N20,nominal,2.0NRT,292.09,2.48,N
-15.81127,-59.09177,312.39,0.44,0.38,2026-06-04,0504,N20,nominal,2.0NRT,289.23,0.74,N
-15.63982,-60.25189,304.88,0.5,0.41,2026-06-04,0504,N20,nominal,2.0NRT,291.07,1.2,N
-15.64063,-60.24731,302.06,0.5,0.41,2026-06-04,0504,N20,nominal,2.0NRT,291.03,0.61,N
-15.64275,-60.25719,302.91,0.5,0.41,2026-06-04,0504,N20,nominal,2.0NRT,291.64,1.05,N
-15.65592,-60.33645,337.37,0.5,0.41,2026-06-04,0504,N20,nominal,2.0NRT,292.61,3.02,N
-15.65511,-60.34112,315.29,0.5,0.41,2026-06-04,0504,N20,nominal,2.0NRT,290.27,3.07,N
-15.65674,-60.33175,301.1,0.5,0.41,2026-06-04,0504,N20,nominal,2.0NRT,290.19,3.02,N
-16.11891,-58.50102,343.91,0.41,0.37,2026-06-04,0504,N20,nominal,2.0NRT,292.43,4.53,N
-16.7995,-54.16832,315.25,0.43,0.38,2026-06-04,0504,N20,nominal,2.0NRT,291.9,0.92,N
-16.12234,-58.50164,340.12,0.41,0.37,2026-06-04,0504,N20,nominal,2.0NRT,293.19,4.53,N
-16.8024,-54.17293,303.01,0.43,0.38,2026-06-04,0504,N20,nominal,2.0NRT,291.96,0.92,N
-16.80299,-54.16887,305.14,0.43,0.38,2026-06-04,0504,N20,nominal,2.0NRT,291.78,0.92,N
-16.12511,-58.50611,308.82,0.41,0.37,2026-06-04,0504,N20,nominal,2.0NRT,291.15,1.54,N
-16.12577,-58.50224,311.58,0.41,0.37,2026-06-04,0504,N20,nominal,2.0NRT,292.16,1.54,N
-16.12724,-58.51446,305.69,0.42,0.37,2026-06-04,0504,N20,nominal,2.0NRT,289.22,0.55,N
-16.12789,-58.51059,316.12,0.41,0.37,2026-06-04,0504,N20,nominal,2.0NRT,291.61,1.54,N
-16.13132,-58.5112,319.55,0.41,0.37,2026-06-04,0504,N20,nominal,2.0NRT,290.99,1.58,N
-16.14142,-58.49314,332.29,0.41,0.37,2026-06-04,0504,N20,nominal,2.0NRT,292.46,3.37,N
-15.67002,-61.26217,316.61,0.56,0.43,2026-06-04,0504,N20,nominal,2.0NRT,291.05,2.03,N
-16.18298,-58.4768,311.45,0.41,0.37,2026-06-04,0504,N20,nominal,2.0NRT,291.6,1.39,N
-16.18769,-58.46971,349.7,0.41,0.37,2026-06-04,0504,N20,nominal,2.0NRT,299.38,5.58,N
-16.1864,-58.47742,309.67,0.41,0.37,2026-06-04,0504,N20,nominal,2.0NRT,290.03,0.86,N
-16.18704,-58.47356,309.02,0.41,0.37,2026-06-04,0504,N20,nominal,2.0NRT,291.28,5.58,N
-16.18833,-58.46587,301.23,0.41,0.37,2026-06-04,0504,N20,nominal,2.0NRT,290.51,5.74,N
-16.19111,-58.47034,321.27,0.41,0.37,2026-06-04,0504,N20,nominal,2.0NRT,291.89,5.58,N
-16.19046,-58.47419,303.13,0.41,0.37,2026-06-04,0504,N20,nominal,2.0NRT,290.29,5.58,N
-16.43898,-57.26543,327.54,0.39,0.36,2026-06-04,0504,N20,nominal,2.0NRT,290.13,1.04,N
-16.43839,-57.26907,302.61,0.39,0.36,2026-06-04,0504,N20,nominal,2.0NRT,288.66,1.04,N
-16.44172,-57.26964,299.26,0.39,0.36,2026-06-04,0504,N20,nominal,2.0NRT,288.66,1.04,N
-15.76547,-61.33623,302.52,0.57,0.43,2026-06-04,0504,N20,nominal,2.0NRT,291.26,0.96,N
-15.76942,-61.337,321.15,0.57,0.43,2026-06-04,0504,N20,nominal,2.0NRT,292.24,2.94,N
-16.16053,-59.32139,307.95,0.44,0.39,2026-06-04,0504,N20,nominal,2.0NRT,291.13,1.83,N
-15.95691,-60.6576,318.37,0.52,0.41,2026-06-04,0504,N20,nominal,2.0NRT,290.66,2.57,N
-15.74369,-62.0064,307.49,0.42,0.45,2026-06-04,0504,N20,nominal,2.0NRT,290.89,0.93,N
-15.7444,-62.00254,303.64,0.42,0.45,2026-06-04,0504,N20,nominal,2.0NRT,291.18,0.93,N
-16.05294,-60.40215,305.18,0.5,0.41,2026-06-04,0504,N20,nominal,2.0NRT,290.94,1.08,N
-16.07161,-60.40573,305.06,0.5,0.41,2026-06-04,0504,N20,nominal,2.0NRT,291.18,1.29,N
-16.07454,-60.41109,321.86,0.5,0.41,2026-06-04,0504,N20,nominal,2.0NRT,291.16,2.53,N
-16.0919,-60.39999,323.53,0.5,0.41,2026-06-04,0504,N20,nominal,2.0NRT,290.84,2.05,N
-16.09271,-60.39531,312.77,0.5,0.41,2026-06-04,0504,N20,nominal,2.0NRT,290.95,2.05,N
-20.22905,-40.24749,302.69,0.58,0.52,2026-06-04,0323,N20,nominal,2.0NRT,271.73,1.16,N
-16.08941,-60.39702,302.42,0.5,0.41,2026-06-04,0504,N20,nominal,2.0NRT,290.54,0.71,N
-16.09024,-60.39238,303.3,0.5,0.41,2026-06-04,0504,N20,nominal,2.0NRT,290.57,0.71,N
-20.23019,-40.24197,298.25,0.58,0.52,2026-06-04,0323,N20,nominal,2.0NRT,271,0.94,N
-16.09314,-60.39771,323.37,0.5,0.41,2026-06-04,0504,N20,nominal,2.0NRT,290.9,2.75,N
-20.23133,-40.23646,295.14,0.58,0.52,2026-06-04,0323,N20,nominal,2.0NRT,268.89,0.94,N
-16.26853,-59.72557,304.18,0.46,0.39,2026-06-04,0504,N20,nominal,2.0NRT,291.52,1.42,N
-20.23247,-40.23096,302.36,0.58,0.52,2026-06-04,0323,N20,nominal,2.0NRT,268.43,1.76,N
-15.94283,-61.83649,313.45,0.4,0.44,2026-06-04,0504,N20,nominal,2.0NRT,290.07,1.27,N
-20.23972,-40.24428,325.45,0.58,0.52,2026-06-04,0323,N20,nominal,2.0NRT,272.36,3.08,N
-15.94706,-61.83333,322.66,0.4,0.44,2026-06-04,0504,N20,nominal,2.0NRT,290.75,2.16,N
-20.24086,-40.23873,300.89,0.58,0.52,2026-06-04,0323,N20,nominal,2.0NRT,270.45,3.08,N
-16.3559,-59.57384,328.06,0.45,0.39,2026-06-04,0504,N20,nominal,2.0NRT,290.86,2.72,N
-20.24449,-40.24541,308.86,0.58,0.52,2026-06-04,0323,N20,nominal,2.0NRT,271.19,1.53,N
-15.94566,-61.84082,310.1,0.4,0.44,2026-06-04,0504,N20,nominal,2.0NRT,289.98,1.61,N
-20.24563,-40.23986,308.73,0.58,0.52,2026-06-04,0323,N20,nominal,2.0NRT,270.73,1.53,N
-15.94637,-61.83705,313.74,0.4,0.44,2026-06-04,0504,N20,nominal,2.0NRT,289.93,2.16,N
-20.24926,-40.24655,299.46,0.58,0.52,2026-06-04,0323,N20,nominal,2.0NRT,270.41,1.53,N
-15.95183,-61.83037,303.2,0.4,0.44,2026-06-04,0504,N20,nominal,2.0NRT,290.18,0.9,N
-16.59176,-58.23715,324.31,0.4,0.37,2026-06-04,0504,N20,nominal,2.0NRT,292.11,2.09,N
-20.25039,-40.24103,295.13,0.58,0.52,2026-06-04,0323,N20,nominal,2.0NRT,270.63,1.53,N
-16.59113,-58.24094,311.66,0.4,0.37,2026-06-04,0504,N20,nominal,2.0NRT,291.87,1.19,N
-19.60634,-44.06014,305.22,0.52,0.67,2026-06-04,0323,N20,nominal,2.0NRT,285.92,1.41,N
-16.59516,-58.23774,320.79,0.4,0.37,2026-06-04,0504,N20,nominal,2.0NRT,291.82,2.09,N
-21.20033,-43.81611,309.15,0.47,0.64,2026-06-04,0323,N20,nominal,2.0NRT,283.45,1.16,N
-16.59727,-58.24595,303.06,0.4,0.37,2026-06-04,0504,N20,nominal,2.0NRT,290.41,1.61,N
-22.90458,-43.73524,343.68,0.42,0.61,2026-06-04,0325,N20,nominal,2.0NRT,288.96,4.68,N
-16.60067,-58.24655,327.05,0.4,0.37,2026-06-04,0504,N20,nominal,2.0NRT,292.42,1.61,N
-22.90552,-43.73113,300.24,0.42,0.61,2026-06-04,0325,N20,nominal,2.0NRT,286.63,3.9,N
-16.38024,-59.561,342.5,0.45,0.39,2026-06-04,0504,N20,nominal,2.0NRT,292.72,3.69,N
-22.9111,-43.73267,342.6,0.42,0.61,2026-06-04,0325,N20,nominal,2.0NRT,286.87,3.9,N
-16.60406,-58.24715,329.03,0.4,0.37,2026-06-04,0504,N20,nominal,2.0NRT,291.71,1.57,N
-22.90922,-43.74089,309.86,0.42,0.61,2026-06-04,0325,N20,nominal,2.0NRT,287.97,4.68,N
-16.37951,-59.5652,309.31,0.45,0.39,2026-06-04,0504,N20,nominal,2.0NRT,290.74,3.69,N
-22.91756,-43.75634,303.61,0.42,0.61,2026-06-04,0325,N20,nominal,2.0NRT,288.19,1.21,N
-16.60342,-58.25093,302.21,0.4,0.37,2026-06-04,0504,N20,nominal,2.0NRT,290.34,0.55,N
-22.92314,-43.75787,318.88,0.42,0.61,2026-06-04,0325,N20,nominal,2.0NRT,288.18,2.14,N
-16.60469,-58.24336,302.17,0.4,0.37,2026-06-04,0504,N20,nominal,2.0NRT,290.64,1.57,N
-22.90737,-43.73414,321.85,0.42,0.61,2026-06-04,0325,N20,nominal,2.0NRT,286.87,3.2,N
-16.37941,-59.58697,313.65,0.45,0.39,2026-06-04,0504,N20,nominal,2.0NRT,290.84,1.41,N
-22.9064,-43.73823,317.45,0.42,0.61,2026-06-04,0325,N20,nominal,2.0NRT,288.66,3.2,N
-22.90833,-43.73004,308.59,0.42,0.61,2026-06-04,0325,N20,nominal,2.0NRT,286.44,2.55,N
-16.41238,-59.5453,342.31,0.45,0.39,2026-06-04,0504,N20,nominal,2.0NRT,292.18,3.38,N
-22.9139,-43.73156,333.36,0.42,0.61,2026-06-04,0325,N20,nominal,2.0NRT,286.5,2.55,N
-16.41311,-59.5411,306.7,0.45,0.39,2026-06-04,0504,N20,nominal,2.0NRT,290.6,3.38,N
-22.91928,-43.75922,298.04,0.42,0.61,2026-06-04,0325,N20,nominal,2.0NRT,286.58,1.2,N
-22.92024,-43.75512,317.05,0.42,0.61,2026-06-04,0325,N20,nominal,2.0NRT,289.93,1.2,N
-16.41594,-59.54598,336.35,0.45,0.39,2026-06-04,0504,N20,nominal,2.0NRT,291.3,3.38,N
-22.92582,-43.75664,308.32,0.42,0.61,2026-06-04,0325,N20,nominal,2.0NRT,286.84,0.84,N
-25.60113,-42.82113,324.65,0.33,0.55,2026-06-04,0325,N20,nominal,2.0NRT,287.92,3.52,N
-16.4692,-59.27769,304.03,0.44,0.38,2026-06-04,0504,N20,nominal,2.0NRT,290.06,0.66,N
-25.79775,-43.26278,310.76,0.34,0.56,2026-06-04,0325,N20,nominal,2.0NRT,287.36,1.83,N
-16.46989,-59.27361,312.68,0.44,0.38,2026-06-04,0504,N20,nominal,2.0NRT,290.51,1.17,N
-16.42444,-59.56071,321.91,0.45,0.39,2026-06-04,0504,N20,nominal,2.0NRT,290.35,1.88,N
-16.47836,-59.28781,307.92,0.44,0.38,2026-06-04,0504,N20,nominal,2.0NRT,289.7,1.27,N
-16.47906,-59.28371,302.89,0.44,0.38,2026-06-04,0504,N20,nominal,2.0NRT,289.53,0.59,N
-16.4714,-59.35014,301.68,0.44,0.38,2026-06-04,0504,N20,nominal,2.0NRT,290.03,0.74,N
-16.47281,-59.34187,301.68,0.44,0.38,2026-06-04,0504,N20,nominal,2.0NRT,290.38,0.57,N
-16.47351,-59.33773,302.18,0.44,0.38,2026-06-04,0504,N20,nominal,2.0NRT,290.37,0.57,N
-16.48188,-59.28848,310.57,0.44,0.38,2026-06-04,0504,N20,nominal,2.0NRT,289.93,1.27,N
-16.48328,-59.28028,300.65,0.44,0.38,2026-06-04,0504,N20,nominal,2.0NRT,289.75,0.59,N
-16.47563,-59.34665,325.29,0.44,0.38,2026-06-04,0504,N20,nominal,2.0NRT,291.03,2.7,N
-16.47634,-59.34251,301.65,0.44,0.38,2026-06-04,0504,N20,nominal,2.0NRT,290.79,0.79,N
-16.17147,-61.14288,321.55,0.55,0.42,2026-06-04,0504,N20,nominal,2.0NRT,292.05,3.1,N
-16.17237,-61.13779,312.28,0.55,0.42,2026-06-04,0504,N20,nominal,2.0NRT,291,3.1,N
-16.17626,-61.13855,336.63,0.55,0.42,2026-06-04,0504,N20,nominal,2.0NRT,291.9,3.1,N
-16.17715,-61.13352,333.59,0.55,0.42,2026-06-04,0504,N20,nominal,2.0NRT,292.64,6.58,N
-16.17536,-61.14363,318.81,0.55,0.42,2026-06-04,0504,N20,nominal,2.0NRT,291.24,3.1,N
-16.18103,-61.13427,318.99,0.55,0.42,2026-06-04,0504,N20,nominal,2.0NRT,290.99,2.79,N
-16.17231,-61.13961,327.35,0.55,0.42,2026-06-04,0504,N20,nominal,2.0NRT,292.13,4.4,N
-16.17138,-61.14468,313.25,0.55,0.42,2026-06-04,0504,N20,nominal,2.0NRT,291.5,2.93,N
-16.17712,-61.13531,340.3,0.55,0.42,2026-06-04,0504,N20,nominal,2.0NRT,292.64,3.46,N
-16.17805,-61.13029,322.44,0.54,0.42,2026-06-04,0504,N20,nominal,2.0NRT,290.85,2.26,N
-16.17527,-61.14542,311.5,0.55,0.42,2026-06-04,0504,N20,nominal,2.0NRT,290.66,1.62,N
-16.1762,-61.14036,314.45,0.55,0.42,2026-06-04,0504,N20,nominal,2.0NRT,291.01,3.46,N
-16.18101,-61.13606,304.71,0.55,0.42,2026-06-04,0504,N20,nominal,2.0NRT,290.26,3.46,N
-16.18193,-61.13105,311.67,0.54,0.42,2026-06-04,0504,N20,nominal,2.0NRT,290.07,2.26,N
-16.5108,-59.33058,303.09,0.44,0.38,2026-06-04,0504,N20,nominal,2.0NRT,290.06,0.9,N
-16.51787,-59.31074,307.14,0.44,0.38,2026-06-04,0504,N20,nominal,2.0NRT,290.35,0.9,N
-16.51499,-59.34838,301.37,0.44,0.38,2026-06-04,0504,N20,nominal,2.0NRT,289.74,0.89,N
-16.52492,-59.31204,304.18,0.44,0.38,2026-06-04,0504,N20,nominal,2.0NRT,290.53,1.19,N
-16.52844,-59.29164,307.52,0.44,0.38,2026-06-04,0504,N20,nominal,2.0NRT,289.39,0.72,N
-16.52915,-59.28753,302.69,0.44,0.38,2026-06-04,0504,N20,nominal,2.0NRT,289.68,0.72,N
-16.53336,-59.30519,316.04,0.44,0.38,2026-06-04,0504,N20,nominal,2.0NRT,289.5,1.76,N
-16.53407,-59.3011,309.56,0.44,0.38,2026-06-04,0504,N20,nominal,2.0NRT,289.79,1.1,N
-16.54322,-59.29011,346.59,0.44,0.38,2026-06-04,0504,N20,nominal,2.0NRT,292.39,6.6,N
-16.54393,-59.28602,336.73,0.44,0.38,2026-06-04,0504,N20,nominal,2.0NRT,292.26,2.04,N
-16.54533,-59.27787,338.18,0.44,0.38,2026-06-04,0504,N20,nominal,2.0NRT,291.68,4.31,N
-16.09026,-61.82993,309.99,0.4,0.44,2026-06-04,0504,N20,nominal,2.0NRT,289.27,0.88,N
-16.54463,-59.28195,303.91,0.44,0.38,2026-06-04,0504,N20,nominal,2.0NRT,290.15,2.04,N
-16.54745,-59.28666,307.74,0.44,0.38,2026-06-04,0504,N20,nominal,2.0NRT,289.97,2.04,N
-16.54956,-59.29548,304.84,0.44,0.38,2026-06-04,0504,N20,nominal,2.0NRT,290.49,1.19,N
-16.55237,-59.30023,348.61,0.44,0.38,2026-06-04,0504,N20,nominal,2.0NRT,292.41,3.72,N
-16.55027,-59.3125,300,0.44,0.38,2026-06-04,0504,N20,nominal,2.0NRT,289.77,0.72,N
-16.55167,-59.30434,312.55,0.44,0.38,2026-06-04,0504,N20,nominal,2.0NRT,290.29,3.72,N
-16.55308,-59.29612,314.86,0.44,0.38,2026-06-04,0504,N20,nominal,2.0NRT,290.76,1.19,N
-16.55378,-59.29203,302.02,0.44,0.38,2026-06-04,0504,N20,nominal,2.0NRT,290.24,1.19,N
-16.56081,-59.29336,300.92,0.44,0.38,2026-06-04,0504,N20,nominal,2.0NRT,290.03,1.23,N
-16.56503,-59.28993,303.62,0.44,0.38,2026-06-04,0504,N20,nominal,2.0NRT,289.97,0.72,N
-16.56435,-59.33642,319.89,0.44,0.38,2026-06-04,0504,N20,nominal,2.0NRT,290.11,1.88,N
-16.56505,-59.33228,319.92,0.44,0.38,2026-06-04,0504,N20,nominal,2.0NRT,290.29,2.66,N
-16.56787,-59.33709,321.11,0.44,0.38,2026-06-04,0504,N20,nominal,2.0NRT,289.48,1.88,N
-16.57069,-59.32054,303.88,0.44,0.38,2026-06-04,0504,N20,nominal,2.0NRT,290.32,1.22,N
-16.58542,-59.298,320.87,0.44,0.38,2026-06-04,0504,N20,nominal,2.0NRT,290.12,1.48,N
-15.88843,-63.19831,307.85,0.49,0.49,2026-06-04,0504,N20,nominal,2.0NRT,292.19,2.26,N
-16.49699,-59.8146,307.38,0.46,0.39,2026-06-04,0504,N20,nominal,2.0NRT,291.33,0.92,N
-16.49773,-59.81029,302.75,0.46,0.39,2026-06-04,0504,N20,nominal,2.0NRT,290.9,0.92,N
-16.58612,-59.29391,303.51,0.44,0.38,2026-06-04,0504,N20,nominal,2.0NRT,290.18,1.11,N
-16.50134,-59.81094,307.34,0.46,0.39,2026-06-04,0504,N20,nominal,2.0NRT,290.94,0.92,N
-16.11639,-62.01035,345.5,0.41,0.45,2026-06-04,0504,N20,nominal,2.0NRT,291.66,9,N
-16.52075,-59.82785,309.44,0.46,0.39,2026-06-04,0504,N20,nominal,2.0NRT,291.18,0.96,N
-16.52149,-59.82355,300.95,0.46,0.39,2026-06-04,0504,N20,nominal,2.0NRT,290.86,0.96,N
-16.51778,-59.82962,301.08,0.46,0.39,2026-06-04,0504,N20,nominal,2.0NRT,290.86,0.98,N
-16.52215,-59.82598,308.77,0.46,0.39,2026-06-04,0504,N20,nominal,2.0NRT,290.99,1.27,N
-16.52367,-59.81738,302.57,0.46,0.39,2026-06-04,0504,N20,nominal,2.0NRT,290.99,0.63,N
-16.52651,-59.8224,311.85,0.46,0.39,2026-06-04,0504,N20,nominal,2.0NRT,290.97,1.27,N
-16.52727,-59.81807,300.44,0.46,0.39,2026-06-04,0504,N20,nominal,2.0NRT,290.24,0.63,N
-15.74047,-64.13721,306.8,0.57,0.52,2026-06-04,0504,N20,nominal,2.0NRT,290.6,1.21,N
-15.74888,-64.14458,311.43,0.57,0.52,2026-06-04,0504,N20,nominal,2.0NRT,290.02,1.09,N
-15.75361,-64.14558,300.65,0.57,0.52,2026-06-04,0504,N20,nominal,2.0NRT,289.87,1.09,N
-16.63029,-59.60886,303.37,0.45,0.39,2026-06-04,0504,N20,nominal,2.0NRT,289.14,0.68,N
-16.45016,-60.77504,328.53,0.52,0.41,2026-06-04,0504,N20,nominal,2.0NRT,291.23,2.89,N
-16.65667,-59.60505,305.15,0.45,0.39,2026-06-04,0504,N20,nominal,2.0NRT,290.01,0.88,N
-16.6559,-59.65272,301.71,0.45,0.39,2026-06-04,0504,N20,nominal,2.0NRT,290.15,0.69,N
-16.65662,-59.64849,304.32,0.45,0.39,2026-06-04,0504,N20,nominal,2.0NRT,290.16,1.32,N
-16.66309,-59.61056,300.15,0.45,0.39,2026-06-04,0504,N20,nominal,2.0NRT,289.91,0.49,N
-16.65947,-59.65339,306.4,0.45,0.39,2026-06-04,0504,N20,nominal,2.0NRT,290.12,0.69,N
-16.65808,-59.65153,304.68,0.45,0.39,2026-06-04,0504,N20,nominal,2.0NRT,290.33,1.63,N
-16.65882,-59.64731,301.3,0.45,0.39,2026-06-04,0504,N20,nominal,2.0NRT,289.81,1.26,N
-16.67123,-59.59755,319.31,0.45,0.39,2026-06-04,0504,N20,nominal,2.0NRT,290.47,1.86,N
-16.63656,-59.83696,302.16,0.46,0.39,2026-06-04,0504,N20,nominal,2.0NRT,290.21,0.56,N
-16.63732,-59.83263,301.66,0.46,0.39,2026-06-04,0504,N20,nominal,2.0NRT,290.56,0.56,N
-16.69142,-59.82076,309.56,0.46,0.39,2026-06-04,0504,N20,nominal,2.0NRT,289.95,1.01,N
-16.71728,-59.67136,306.58,0.45,0.39,2026-06-04,0504,N20,nominal,2.0NRT,290.23,1.1,N
-16.70828,-59.7662,304.69,0.46,0.39,2026-06-04,0504,N20,nominal,2.0NRT,290.7,1.23,N
-17.46141,-55.19988,329.02,0.4,0.37,2026-06-04,0504,N20,nominal,2.0NRT,294.17,3.54,N
-17.46198,-55.19611,329.47,0.4,0.37,2026-06-04,0504,N20,nominal,2.0NRT,293.09,3.54,N
-17.46536,-55.19667,328.43,0.4,0.37,2026-06-04,0504,N20,nominal,2.0NRT,292.06,3.54,N
-16.48408,-61.55592,301.07,0.57,0.43,2026-06-04,0504,N20,nominal,2.0NRT,288.34,0.89,N
-16.70419,-60.83109,304.12,0.52,0.41,2026-06-04,0504,N20,nominal,2.0NRT,289.42,1.53,N
-16.48352,-62.22066,305.28,0.42,0.45,2026-06-04,0504,N20,nominal,2.0NRT,290.25,1.09,N
-16.82255,-60.93246,304.75,0.52,0.42,2026-06-04,0504,N20,nominal,2.0NRT,290.33,0.98,N
-16.82548,-60.93811,327.75,0.52,0.42,2026-06-04,0504,N20,nominal,2.0NRT,291.2,4.02,N
-16.82635,-60.93324,299.99,0.52,0.42,2026-06-04,0504,N20,nominal,2.0NRT,289.41,0.98,N
-16.62704,-62.26577,317.6,0.42,0.45,2026-06-04,0504,N20,nominal,2.0NRT,290.4,1.91,N
-16.62498,-62.26331,302.58,0.42,0.45,2026-06-04,0504,N20,nominal,2.0NRT,289.41,0.89,N
-16.62911,-62.26418,302.06,0.42,0.45,2026-06-04,0504,N20,nominal,2.0NRT,290.28,1.25,N
-18.39701,-51.45547,303.64,0.41,0.45,2026-06-04,0504,N20,nominal,2.0NRT,284.89,0.58,N
-18.3975,-51.4517,295.59,0.41,0.45,2026-06-04,0504,N20,nominal,2.0NRT,285,0.58,N
-18.23545,-54.59644,316.99,0.42,0.38,2026-06-04,0504,N20,nominal,2.0NRT,284.19,1.36,N
-17.47334,-59.49836,301.8,0.44,0.38,2026-06-04,0504,N20,nominal,2.0NRT,288.41,0.8,N
-17.47396,-59.53667,300.2,0.44,0.38,2026-06-04,0504,N20,nominal,2.0NRT,287.48,0.86,N
-17.47539,-59.52844,303.27,0.44,0.38,2026-06-04,0504,N20,nominal,2.0NRT,289.23,1.13,N
-17.47891,-59.52906,305.08,0.44,0.38,2026-06-04,0504,N20,nominal,2.0NRT,289.46,1.13,N
-17.48455,-59.5174,335.26,0.44,0.38,2026-06-04,0504,N20,nominal,2.0NRT,289.46,12.21,N
-17.48243,-59.52971,315.64,0.44,0.38,2026-06-04,0504,N20,nominal,2.0NRT,290.06,3.44,N
-17.48314,-59.52562,304.46,0.44,0.38,2026-06-04,0504,N20,nominal,2.0NRT,289.26,4.82,N
-17.48526,-59.51329,299.86,0.44,0.38,2026-06-04,0504,N20,nominal,2.0NRT,288.78,12.21,N
-17.4881,-59.49683,305.86,0.44,0.38,2026-06-04,0504,N20,nominal,2.0NRT,288.77,0.64,N
-17.48524,-59.53448,324.47,0.44,0.38,2026-06-04,0504,N20,nominal,2.0NRT,290.71,3.44,N
-17.48594,-59.53037,346.89,0.44,0.38,2026-06-04,0504,N20,nominal,2.0NRT,292.73,3.44,N
-17.48736,-59.52215,353.32,0.44,0.38,2026-06-04,0504,N20,nominal,2.0NRT,295.36,4.82,N
-17.48807,-59.51804,350.73,0.44,0.38,2026-06-04,0504,N20,nominal,2.0NRT,304.29,12.21,N
-17.48949,-59.50982,322.69,0.44,0.38,2026-06-04,0504,N20,nominal,2.0NRT,290.15,2.85,N
-17.48665,-59.52627,319.21,0.44,0.38,2026-06-04,0504,N20,nominal,2.0NRT,290.8,4.82,N
-17.48878,-59.51393,319.1,0.44,0.38,2026-06-04,0504,N20,nominal,2.0NRT,291.2,12.21,N
-17.49091,-59.50159,305.4,0.44,0.38,2026-06-04,0504,N20,nominal,2.0NRT,288.88,0.64,N
-17.49161,-59.49751,301.37,0.44,0.38,2026-06-04,0504,N20,nominal,2.0NRT,288.38,0.64,N
-17.4852,-59.55574,346.49,0.44,0.38,2026-06-04,0504,N20,nominal,2.0NRT,291.42,4.26,N
-17.48876,-59.53513,345.97,0.44,0.38,2026-06-04,0504,N20,nominal,2.0NRT,292.73,6.05,N
-17.48946,-59.53101,338.8,0.44,0.38,2026-06-04,0504,N20,nominal,2.0NRT,291.99,6.05,N
-17.49018,-59.52689,342.42,0.44,0.38,2026-06-04,0504,N20,nominal,2.0NRT,292.88,9.31,N
-17.49088,-59.52279,355.11,0.44,0.38,2026-06-04,0504,N20,nominal,2.0NRT,297.05,9.31,N
-17.49159,-59.51869,354.31,0.44,0.38,2026-06-04,0504,N20,nominal,2.0NRT,304.02,17.2,N
-17.4923,-59.5146,328.21,0.44,0.38,2026-06-04,0504,N20,nominal,2.0NRT,294.85,17.2,N
-17.493,-59.51048,341.07,0.44,0.38,2026-06-04,0504,N20,nominal,2.0NRT,290.78,2.67,N
-17.48591,-59.55163,309.98,0.44,0.38,2026-06-04,0504,N20,nominal,2.0NRT,289.63,2.32,N
-17.48804,-59.53926,304.27,0.44,0.38,2026-06-04,0504,N20,nominal,2.0NRT,288.08,1.13,N
-17.49372,-59.50635,313.16,0.44,0.38,2026-06-04,0504,N20,nominal,2.0NRT,289.64,2.67,N
-17.49442,-59.50224,303.23,0.44,0.38,2026-06-04,0504,N20,nominal,2.0NRT,289.09,1.06,N
-17.48872,-59.5564,326.83,0.44,0.38,2026-06-04,0504,N20,nominal,2.0NRT,288.98,4.26,N
-17.48943,-59.55228,324.03,0.44,0.38,2026-06-04,0504,N20,nominal,2.0NRT,290.15,2.32,N
-17.49227,-59.53578,337.17,0.44,0.38,2026-06-04,0504,N20,nominal,2.0NRT,290.94,6.05,N
-17.49298,-59.53165,342.62,0.44,0.38,2026-06-04,0504,N20,nominal,2.0NRT,293.8,6.05,N
-17.4937,-59.52753,348.85,0.44,0.38,2026-06-04,0504,N20,nominal,2.0NRT,294.24,9.31,N
-17.4944,-59.52343,350.2,0.44,0.38,2026-06-04,0504,N20,nominal,2.0NRT,295.38,9.31,N
-17.49511,-59.51934,353.11,0.44,0.38,2026-06-04,0504,N20,nominal,2.0NRT,299.26,17.2,N
-17.49581,-59.51524,329.81,0.44,0.38,2026-06-04,0504,N20,nominal,2.0NRT,295.83,17.2,N
-17.49652,-59.51114,318.44,0.44,0.38,2026-06-04,0504,N20,nominal,2.0NRT,289.77,2.67,N
-17.49225,-59.55705,331.77,0.44,0.38,2026-06-04,0504,N20,nominal,2.0NRT,289.81,2.47,N
-17.49579,-59.53644,328.06,0.44,0.38,2026-06-04,0504,N20,nominal,2.0NRT,289.98,4.26,N
-17.4965,-59.5323,350.5,0.44,0.38,2026-06-04,0504,N20,nominal,2.0NRT,294.32,4.26,N
-17.49722,-59.52816,344.12,0.44,0.38,2026-06-04,0504,N20,nominal,2.0NRT,291.9,4.18,N
-17.49792,-59.52408,344.4,0.44,0.38,2026-06-04,0504,N20,nominal,2.0NRT,294.69,4.18,N
-17.49862,-59.51998,350.64,0.44,0.38,2026-06-04,0504,N20,nominal,2.0NRT,296.75,9.82,N
-17.49933,-59.51588,336.35,0.44,0.38,2026-06-04,0504,N20,nominal,2.0NRT,293.1,9.82,N
-17.48371,-59.60657,315.84,0.44,0.38,2026-06-04,0504,N20,nominal,2.0NRT,288.84,5.76,N
-17.49295,-59.55294,304.82,0.44,0.38,2026-06-04,0504,N20,nominal,2.0NRT,287.88,2.15,N
-17.48653,-59.61137,342.61,0.44,0.38,2026-06-04,0504,N20,nominal,2.0NRT,292.08,5.76,N
-17.48724,-59.60723,348.49,0.44,0.38,2026-06-04,0504,N20,nominal,2.0NRT,295.18,5.76,N
-17.49648,-59.55358,329.54,0.44,0.38,2026-06-04,0504,N20,nominal,2.0NRT,289.67,2.15,N
-17.50003,-59.53294,325.13,0.44,0.38,2026-06-04,0504,N20,nominal,2.0NRT,290.65,4.26,N
-17.49577,-59.55769,319.46,0.44,0.38,2026-06-04,0504,N20,nominal,2.0NRT,288.71,2.47,N
-17.49718,-59.54945,314.3,0.44,0.38,2026-06-04,0504,N20,nominal,2.0NRT,288.98,2.15,N
-17.49932,-59.53707,305.81,0.44,0.38,2026-06-04,0504,N20,nominal,2.0NRT,288.29,4.26,N
-17.50073,-59.52881,306.78,0.44,0.38,2026-06-04,0504,N20,nominal,2.0NRT,288.65,4.18,N
-17.49929,-59.55833,327.9,0.44,0.38,2026-06-04,0504,N20,nominal,2.0NRT,289.17,2.81,N
-17.5,-59.5542,327.97,0.44,0.38,2026-06-04,0504,N20,nominal,2.0NRT,290.16,3.51,N
-17.50213,-59.54182,303.6,0.44,0.38,2026-06-04,0504,N20,nominal,2.0NRT,288.48,1.04,N
-17.50916,-59.54316,305.06,0.44,0.38,2026-06-04,0504,N20,nominal,2.0NRT,288.42,1.03,N
-17.53487,-59.64504,306.29,0.44,0.39,2026-06-04,0504,N20,nominal,2.0NRT,287.07,0.56,N
-19.60635,-44.06075,306.31,0.64,0.72,2026-06-04,0504,N20,nominal,2.0NRT,284.28,1.92,N
-18.46423,-54.70813,298.64,0.42,0.38,2026-06-04,0504,N20,nominal,2.0NRT,285.71,0.66,N
-18.46481,-54.70412,310.13,0.42,0.38,2026-06-04,0504,N20,nominal,2.0NRT,286.67,1.08,N
-17.71434,-59.92743,329,0.45,0.39,2026-06-04,0504,N20,nominal,2.0NRT,288.16,2.39,N
-17.71509,-59.92318,301.08,0.45,0.39,2026-06-04,0504,N20,nominal,2.0NRT,288.05,2.39,N
-17.71791,-59.92813,316.9,0.45,0.39,2026-06-04,0504,N20,nominal,2.0NRT,287.61,2.17,N
-17.74226,-60.53424,299.43,0.48,0.4,2026-06-04,0504,N20,nominal,2.0NRT,287.73,0.38,N
-17.774,-60.41926,315.89,0.48,0.4,2026-06-04,0504,N20,nominal,2.0NRT,287.99,1.71,N
-18.02019,-59.59074,300.7,0.44,0.38,2026-06-04,0504,N20,nominal,2.0NRT,288.31,0.47,N
-18.03212,-59.58454,321.35,0.44,0.38,2026-06-04,0504,N20,nominal,2.0NRT,289.27,1.46,N
-18.03141,-59.58865,299.51,0.44,0.38,2026-06-04,0504,N20,nominal,2.0NRT,288.05,1.46,N
-18.03283,-59.58043,302.05,0.44,0.38,2026-06-04,0504,N20,nominal,2.0NRT,288.24,0.87,N
-18.06154,-59.58173,313.39,0.43,0.38,2026-06-04,0504,N20,nominal,2.0NRT,287.72,1.09,N
-18.06085,-59.60697,310.09,0.44,0.38,2026-06-04,0504,N20,nominal,2.0NRT,288.66,1.25,N
-18.06505,-59.58239,309.47,0.43,0.38,2026-06-04,0504,N20,nominal,2.0NRT,287.24,1.09,N
-18.05944,-59.63647,310.62,0.44,0.38,2026-06-04,0504,N20,nominal,2.0NRT,288.06,1.26,N
-17.52026,-62.73745,314.22,0.43,0.46,2026-06-04,0504,N20,nominal,2.0NRT,289.68,1.94,N
-17.52175,-62.7294,300.65,0.43,0.46,2026-06-04,0504,N20,nominal,2.0NRT,289.63,0.9,N
-18.07417,-59.6138,299.9,0.44,0.38,2026-06-04,0504,N20,nominal,2.0NRT,288.59,0.49,N
-18.07628,-59.6227,312.02,0.44,0.38,2026-06-04,0504,N20,nominal,2.0NRT,288.7,1.96,N
-18.08118,-59.61515,310.3,0.44,0.38,2026-06-04,0504,N20,nominal,2.0NRT,288.05,0.86,N
-18.07677,-59.62184,310.37,0.44,0.38,2026-06-04,0504,N20,nominal,2.0NRT,288.44,1.18,N
-18.08099,-59.6184,311.06,0.44,0.38,2026-06-04,0504,N20,nominal,2.0NRT,288.37,1.18,N
-17.51991,-62.74088,303,0.43,0.46,2026-06-04,0504,N20,nominal,2.0NRT,289.12,1.36,N
-17.52068,-62.73686,310.31,0.43,0.46,2026-06-04,0504,N20,nominal,2.0NRT,290,1.36,N
-17.52222,-62.72882,300.7,0.43,0.46,2026-06-04,0504,N20,nominal,2.0NRT,289.69,2.07,N
-18.13097,-59.41367,339.66,0.43,0.38,2026-06-04,0504,N20,nominal,2.0NRT,291.51,15.33,N
-18.13445,-59.41433,328.86,0.43,0.38,2026-06-04,0504,N20,nominal,2.0NRT,288.32,4.32,N
-18.13514,-59.41031,309.03,0.43,0.38,2026-06-04,0504,N20,nominal,2.0NRT,287.68,4.32,N
-17.61417,-62.93164,304.85,0.44,0.46,2026-06-04,0504,N20,nominal,2.0NRT,288.46,0.98,N
-18.53216,-58.5816,326.19,0.4,0.37,2026-06-04,0504,N20,nominal,2.0NRT,290.27,2.69,N
-18.53279,-58.57781,322.71,0.4,0.37,2026-06-04,0504,N20,nominal,2.0NRT,289.86,2.28,N
-18.53491,-58.58601,302.43,0.4,0.37,2026-06-04,0504,N20,nominal,2.0NRT,289.27,2.01,N
-18.53703,-58.59421,322.88,0.4,0.37,2026-06-04,0504,N20,nominal,2.0NRT,290.14,4.49,N
-18.53766,-58.59042,350.08,0.4,0.37,2026-06-04,0504,N20,nominal,2.0NRT,293.8,4.49,N
-18.53829,-58.58664,326.93,0.4,0.37,2026-06-04,0504,N20,nominal,2.0NRT,291.67,2.01,N
-18.54041,-58.59484,305.09,0.4,0.37,2026-06-04,0504,N20,nominal,2.0NRT,290.34,0.75,N
-18.54103,-58.59105,302.43,0.4,0.37,2026-06-04,0504,N20,nominal,2.0NRT,290.34,0.75,N
-18.54653,-58.59988,354.15,0.4,0.37,2026-06-04,0504,N20,nominal,2.0NRT,294.45,5.97,N
-18.54716,-58.59609,331.61,0.4,0.37,2026-06-04,0504,N20,nominal,2.0NRT,290.99,2.27,N
-18.54991,-58.60051,312,0.4,0.37,2026-06-04,0504,N20,nominal,2.0NRT,288.59,5.97,N
-18.55054,-58.59671,300.59,0.4,0.37,2026-06-04,0504,N20,nominal,2.0NRT,289.2,2.27,N
-18.55077,-58.61631,317.76,0.4,0.37,2026-06-04,0504,N20,nominal,2.0NRT,288.75,1.72,N
-18.5598,-58.58279,304.54,0.4,0.37,2026-06-04,0504,N20,nominal,2.0NRT,288.33,0.62,N
-18.56129,-58.59479,299.58,0.4,0.37,2026-06-04,0504,N20,nominal,2.0NRT,288.46,0.52,N
-18.56192,-58.591,309.96,0.4,0.37,2026-06-04,0504,N20,nominal,2.0NRT,289.34,0.91,N
-18.56255,-58.58721,309.22,0.4,0.37,2026-06-04,0504,N20,nominal,2.0NRT,289.43,0.91,N
-18.56467,-58.59541,300.53,0.4,0.37,2026-06-04,0504,N20,nominal,2.0NRT,288.03,0.52,N
-18.5808,-58.62898,302.88,0.4,0.37,2026-06-04,0504,N20,nominal,2.0NRT,287.2,0.65,N
-18.58207,-58.6214,308.17,0.4,0.37,2026-06-04,0504,N20,nominal,2.0NRT,286.94,0.48,N
-18.58099,-58.64857,305.11,0.4,0.37,2026-06-04,0504,N20,nominal,2.0NRT,288.96,1.12,N
-18.58227,-58.64098,300.14,0.4,0.37,2026-06-04,0504,N20,nominal,2.0NRT,287.71,0.4,N
-18.5829,-58.63719,297.68,0.4,0.37,2026-06-04,0504,N20,nominal,2.0NRT,287.08,0.4,N
-18.58373,-58.65298,324.96,0.4,0.37,2026-06-04,0504,N20,nominal,2.0NRT,288.78,2.11,N
-19.16656,-55.18624,301.56,0.41,0.37,2026-06-04,0504,N20,nominal,2.0NRT,286.56,0.54,N
-19.16713,-55.18233,311.22,0.41,0.37,2026-06-04,0504,N20,nominal,2.0NRT,286.89,1.07,N
-19.16998,-55.1868,316.59,0.41,0.37,2026-06-04,0504,N20,nominal,2.0NRT,287.14,1.6,N
-19.78778,-50.96266,303.46,0.45,0.47,2026-06-04,0504,N20,nominal,2.0NRT,287.89,0.77,N
-17.4199,-66.36686,297.43,0.37,0.58,2026-06-04,0504,N20,nominal,2.0NRT,279.69,1.22,N
-18.98683,-58.07408,333.35,0.39,0.36,2026-06-04,0504,N20,nominal,2.0NRT,288.94,3.09,N
-18.98623,-58.07777,300.25,0.39,0.36,2026-06-04,0504,N20,nominal,2.0NRT,285.92,0.78,N
-18.18874,-62.80194,307.04,0.42,0.45,2026-06-04,0504,N20,nominal,2.0NRT,287.81,2.15,N
-18.1895,-62.79795,306.32,0.42,0.45,2026-06-04,0504,N20,nominal,2.0NRT,288.9,2.15,N
-20.55646,-46.36241,299.06,0.46,0.64,2026-06-04,0504,N20,nominal,2.0NRT,285.05,1.02,N
-20.55679,-46.35886,303.83,0.46,0.64,2026-06-04,0504,N20,nominal,2.0NRT,285.5,1.02,N
-19.73455,-53.55082,296.7,0.48,0.4,2026-06-04,0504,N20,nominal,2.0NRT,286.42,5.22,N
-19.73825,-53.55137,343.87,0.48,0.4,2026-06-04,0504,N20,nominal,2.0NRT,288.14,5.22,N
-19.72397,-54.65119,296.57,0.43,0.38,2026-06-04,0504,N20,nominal,2.0NRT,285.45,0.47,N
-19.72749,-54.65173,296.9,0.43,0.38,2026-06-04,0504,N20,nominal,2.0NRT,285.61,0.47,N
-20.99437,-51.79325,302.71,0.42,0.45,2026-06-04,0504,N20,nominal,2.0NRT,292.67,1.39,N
-21.26143,-50.29951,323.86,0.52,0.5,2026-06-04,0504,N20,nominal,2.0NRT,288.89,2.52,N
-21.26088,-50.29605,317.33,0.52,0.5,2026-06-04,0504,N20,nominal,2.0NRT,289.94,3.74,N
-20.64664,-55.41057,300.43,0.42,0.37,2026-06-04,0504,N20,nominal,2.0NRT,285.53,0.76,N
-21.54851,-48.59616,304.63,0.34,0.56,2026-06-04,0504,N20,nominal,2.0NRT,286.64,0.82,N
-21.55366,-48.59704,335.2,0.34,0.56,2026-06-04,0504,N20,nominal,2.0NRT,288.56,2.33,N
-21.55331,-48.60032,310.55,0.34,0.56,2026-06-04,0504,N20,nominal,2.0NRT,286.52,2.33,N
-21.55401,-48.5937,304.15,0.34,0.56,2026-06-04,0504,N20,nominal,2.0NRT,287.12,2.16,N
-21.55002,-48.59732,332.29,0.34,0.56,2026-06-04,0504,N20,nominal,2.0NRT,288.01,3.49,N
-21.55035,-48.59399,318.49,0.34,0.56,2026-06-04,0504,N20,nominal,2.0NRT,287.76,2.35,N
-21.55551,-48.59482,310.55,0.34,0.56,2026-06-04,0504,N20,nominal,2.0NRT,287,0.88,N
-21.54951,-49.86901,336.86,0.56,0.52,2026-06-04,0504,N20,nominal,2.0NRT,288.58,6.24,N
-20.53984,-60.41519,306.55,0.44,0.39,2026-06-04,0506,N20,nominal,2.0NRT,288.42,0.98,N
-21.55079,-58.60908,301.07,0.39,0.36,2026-06-04,0506,N20,nominal,2.0NRT,287.92,1.6,N
-21.5529,-58.6172,331.27,0.39,0.36,2026-06-04,0506,N20,nominal,2.0NRT,291.64,4.16,N
-21.55351,-58.61345,346.05,0.39,0.36,2026-06-04,0506,N20,nominal,2.0NRT,292.35,4.16,N
-21.55412,-58.6097,324.93,0.39,0.36,2026-06-04,0506,N20,nominal,2.0NRT,290.23,1.6,N
-21.62757,-58.22008,304.87,0.39,0.36,2026-06-04,0506,N20,nominal,2.0NRT,287.7,0.6,N
-21.3275,-61.03184,308.03,0.46,0.39,2026-06-04,0506,N20,nominal,2.0NRT,289.81,1.32,N
-21.3295,-61.04139,302,0.46,0.39,2026-06-04,0506,N20,nominal,2.0NRT,289.04,1.25,N
-21.3303,-61.03698,306.19,0.46,0.39,2026-06-04,0506,N20,nominal,2.0NRT,289.86,1.25,N
-21.3323,-61.04653,307.81,0.46,0.39,2026-06-04,0506,N20,nominal,2.0NRT,289.47,1.25,N
-21.33309,-61.04213,317.37,0.46,0.39,2026-06-04,0506,N20,nominal,2.0NRT,290.51,1.25,N
-21.33389,-61.03771,303.68,0.46,0.39,2026-06-04,0506,N20,nominal,2.0NRT,289.67,1.25,N
-21.33669,-61.04285,303.24,0.46,0.39,2026-06-04,0506,N20,nominal,2.0NRT,290.18,1.28,N
-21.95095,-57.59483,303.68,0.38,0.36,2026-06-04,0506,N20,nominal,2.0NRT,290.72,1.02,N
-21.95369,-57.59914,308.96,0.38,0.36,2026-06-04,0506,N20,nominal,2.0NRT,290.41,0.64,N
-21.95427,-57.59541,315.47,0.38,0.36,2026-06-04,0506,N20,nominal,2.0NRT,291.35,1.02,N
-21.55427,-61.17103,298.97,0.46,0.39,2026-06-04,0506,N20,nominal,2.0NRT,287.32,0.76,N
-22.97008,-52.69445,302.88,0.39,0.44,2026-06-04,0506,N20,nominal,2.0NRT,286.19,1.03,N
-22.5161,-56.15096,298.18,0.41,0.37,2026-06-04,0506,N20,nominal,2.0NRT,286.04,0.51,N
-22.26502,-57.88684,303.44,0.38,0.36,2026-06-04,0506,N20,nominal,2.0NRT,290.53,0.65,N
-22.29591,-57.86163,300.3,0.38,0.36,2026-06-04,0506,N20,nominal,2.0NRT,288.68,0.5,N
-21.88237,-61.87434,301.8,0.49,0.41,2026-06-04,0506,N20,nominal,2.0NRT,288.34,0.37,N
-21.88522,-61.87989,319.09,0.49,0.41,2026-06-04,0506,N20,nominal,2.0NRT,289.56,1.81,N
-21.88608,-61.87512,314.51,0.49,0.41,2026-06-04,0506,N20,nominal,2.0NRT,289.06,1.81,N
-23.074,-55.17919,296.98,0.44,0.39,2026-06-04,0506,N20,nominal,2.0NRT,283.85,0.49,N
-22.65173,-58.95058,298.85,0.39,0.36,2026-06-04,0506,N20,nominal,2.0NRT,288.63,0.48,N
-22.54159,-59.74558,332.58,0.4,0.37,2026-06-04,0506,N20,nominal,2.0NRT,291.3,3.6,N
-4.57845,-81.28565,315.44,0.42,0.38,2026-06-04,0642,N20,nominal,2.0NRT,278.24,1.56,N
-7.94197,-71.46002,323.62,0.33,0.55,2026-06-04,0642,N20,nominal,2.0NRT,286.86,1.72,N
11.74895,-70.17368,311.15,0.4,0.44,2026-06-04,0637,N20,nominal,2.0NRT,286.45,0.94,N
-8.02484,-79.04642,320.29,0.39,0.36,2026-06-04,0644,N20,nominal,2.0NRT,290.96,1.74,N
11.74406,-70.19342,305.03,0.4,0.44,2026-06-04,0637,N20,nominal,2.0NRT,286.88,0.88,N
-8.02429,-79.04994,308.13,0.39,0.36,2026-06-04,0644,N20,nominal,2.0NRT,290.59,1.14,N
11.74001,-70.19415,344.51,0.4,0.44,2026-06-04,0637,N20,nominal,2.0NRT,288.6,6.82,N
-8.03982,-79.03796,304.02,0.39,0.36,2026-06-04,0644,N20,nominal,2.0NRT,291.29,0.82,N
11.73937,-70.19051,303.74,0.4,0.44,2026-06-04,0637,N20,nominal,2.0NRT,286.72,6.82,N
-9.05018,-78.60304,313.45,0.4,0.37,2026-06-04,0644,N20,nominal,2.0NRT,290.66,1.68,N
11.73596,-70.19485,340.96,0.4,0.44,2026-06-04,0637,N20,nominal,2.0NRT,287.25,6.82,N
-9.05695,-78.60413,303.68,0.4,0.37,2026-06-04,0644,N20,nominal,2.0NRT,289.89,1.2,N
11.63377,-70.2319,321.37,0.4,0.44,2026-06-04,0637,N20,nominal,2.0NRT,288.03,1.14,N
-9.05752,-78.60043,319.03,0.4,0.37,2026-06-04,0644,N20,nominal,2.0NRT,291.11,1.2,N
11.6344,-70.23547,304.63,0.4,0.44,2026-06-04,0637,N20,nominal,2.0NRT,287.08,1.14,N
11.62973,-70.23261,338.67,0.4,0.44,2026-06-04,0637,N20,nominal,2.0NRT,288.02,3.61,N
11.63036,-70.2362,307.75,0.4,0.44,2026-06-04,0637,N20,nominal,2.0NRT,286.9,3.61,N
11.62375,-70.22243,308.89,0.4,0.44,2026-06-04,0637,N20,nominal,2.0NRT,287.77,1.37,N
10.37987,-66.02554,300.96,0.4,0.6,2026-06-04,0637,N20,nominal,2.0NRT,285.74,0.57,N
10.08129,-64.85899,313.85,0.49,0.65,2026-06-04,0637,N20,nominal,2.0NRT,284.05,1.28,N
10.08044,-64.8546,301.61,0.49,0.65,2026-06-04,0637,N20,nominal,2.0NRT,283.48,1.83,N
10.0754,-64.86028,304.18,0.49,0.65,2026-06-04,0637,N20,nominal,2.0NRT,284.59,1.28,N
10.07546,-64.89207,303.96,0.49,0.65,2026-06-04,0637,N20,nominal,2.0NRT,285.2,1.06,N
10.05606,-64.85553,332.38,0.49,0.65,2026-06-04,0637,N20,nominal,2.0NRT,284.21,3.35,N
10.05864,-64.86872,310.63,0.49,0.65,2026-06-04,0637,N20,nominal,2.0NRT,284.51,2.79,N
10.05694,-64.85999,319.06,0.49,0.65,2026-06-04,0637,N20,nominal,2.0NRT,284.41,3.35,N
10.05612,-64.88714,317.45,0.49,0.65,2026-06-04,0637,N20,nominal,2.0NRT,285.07,2.07,N
10.05527,-64.88279,309.53,0.49,0.65,2026-06-04,0637,N20,nominal,2.0NRT,284.9,2.07,N
10.08178,-69.09697,303.61,0.5,0.49,2026-06-04,0637,N20,nominal,2.0NRT,282,0.55,N
4.50107,-74.14091,311.47,0.46,0.39,2026-06-04,0640,N20,nominal,2.0NRT,278.34,1.92,N
1.08682,-78.96542,301.85,0.39,0.36,2026-06-04,0640,N20,nominal,2.0NRT,282.82,0.63,N
-0.08146,-77.65879,308.26,0.39,0.36,2026-06-04,0640,N20,nominal,2.0NRT,276.82,1.67,N
-0.08201,-77.65531,305.82,0.39,0.36,2026-06-04,0640,N20,nominal,2.0NRT,277.06,1.58,N
-0.5496,-78.39107,323.49,0.38,0.36,2026-06-04,0640,N20,nominal,2.0NRT,276.08,2.02,N
-0.55289,-78.39159,323.76,0.38,0.36,2026-06-04,0640,N20,nominal,2.0NRT,275.61,2.72,N
-19.89041,-46.68745,328,0.68,0.74,2026-06-04,1554,N20,nominal,2.0NRT,292.25,3.7,D
-19.48085,-42.54091,327.19,0.36,0.57,2026-06-04,1554,N20,nominal,2.0NRT,295.82,3.5,D
-19.08813,-41.99981,367,0.32,0.55,2026-06-04,1554,N20,high,2.0NRT,299.25,10.74,D
-19.08846,-42.00277,353.01,0.32,0.55,2026-06-04,1554,N20,nominal,2.0NRT,298,10.61,D
-19.08306,-42.00034,367,0.32,0.55,2026-06-04,1554,N20,high,2.0NRT,297.65,10.74,D
-25.33308,-42.69675,331.07,0.42,0.61,2026-06-04,1552,N20,nominal,2.0NRT,289.68,8.96,D
-19.08339,-42.00335,367,0.32,0.55,2026-06-04,1554,N20,high,2.0NRT,297.24,10.61,D
-19.35507,-45.00502,338.42,0.52,0.67,2026-06-04,1554,N20,nominal,2.0NRT,293.52,4.82,D
-25.33275,-42.6925,356.39,0.42,0.61,2026-06-04,1552,N20,low,2.0NRT,289.84,12.68,D
-18.66372,-40.51127,336.9,0.51,0.49,2026-06-04,1554,N20,nominal,2.0NRT,292.96,8,D
-25.33086,-42.69146,328.76,0.42,0.61,2026-06-04,1552,N20,nominal,2.0NRT,288.12,9.85,D
-18.19841,-43.40319,345.33,0.39,0.6,2026-06-04,1554,N20,nominal,2.0NRT,296.08,5.65,D
-25.33122,-42.69571,354.04,0.42,0.61,2026-06-04,1552,N20,nominal,2.0NRT,291.35,13.38,D
-18.19799,-43.40305,345.15,0.39,0.6,2026-06-04,1554,N20,nominal,2.0NRT,295.42,4.01,D
-24.54474,-42.47474,351.76,0.4,0.6,2026-06-04,1552,N20,nominal,2.0NRT,291.14,12.26,D
-17.90404,-42.50335,339.36,0.34,0.56,2026-06-04,1554,N20,nominal,2.0NRT,291.79,3.02,D
-24.5444,-42.47073,356.16,0.4,0.6,2026-06-04,1552,N20,low,2.0NRT,289.98,13.78,D
-17.36283,-42.18461,350.01,0.64,0.54,2026-06-04,1554,N20,nominal,2.0NRT,296.96,16.24,D
-22.76536,-46.79538,332.58,0.73,0.76,2026-06-04,1552,N20,nominal,2.0NRT,289.95,6.19,D
-17.55657,-46.54344,334.1,0.62,0.72,2026-06-04,1554,N20,nominal,2.0NRT,299.6,7.16,D
-22.76756,-46.79676,332.7,0.73,0.76,2026-06-04,1552,N20,nominal,2.0NRT,290.81,5.42,D
-17.55829,-46.5431,329.42,0.62,0.72,2026-06-04,1554,N20,low,2.0NRT,299.65,7.7,D
-17.49936,-47.25568,327.69,0.7,0.75,2026-06-04,1554,N20,nominal,2.0NRT,295.38,7.73,D
-17.49928,-47.25621,328.04,0.7,0.75,2026-06-04,1554,N20,nominal,2.0NRT,295.69,4.97,D
-15.95044,-42.62258,333.35,0.33,0.55,2026-06-04,1556,N20,nominal,2.0NRT,292.79,2.64,D
-15.9466,-43.8207,349.56,0.39,0.6,2026-06-04,1556,N20,nominal,2.0NRT,299.66,5.12,D
-15.6327,-44.01652,335.4,0.4,0.6,2026-06-04,1556,N20,nominal,2.0NRT,298.03,3.18,D
-15.42109,-46.51836,367,0.59,0.7,2026-06-04,1556,N20,high,2.0NRT,297.89,21.79,D
-15.42162,-46.52356,327.87,0.59,0.7,2026-06-04,1556,N20,nominal,2.0NRT,295.5,14.23,D
-15.45823,-47.97283,333.11,0.74,0.76,2026-06-04,1556,N20,nominal,2.0NRT,296.52,1.64,D
-13.65187,-45.55233,328.96,0.48,0.65,2026-06-04,1556,N20,nominal,2.0NRT,293.31,2.61,D
-13.41283,-48.30643,337.25,0.73,0.76,2026-06-04,1556,N20,nominal,2.0NRT,294.67,11.89,D
-13.40765,-48.30718,329.22,0.73,0.76,2026-06-04,1556,N20,nominal,2.0NRT,295.06,10.69,D
-13.40833,-48.31365,328.35,0.73,0.76,2026-06-04,1556,N20,nominal,2.0NRT,294.93,10.37,D
-12.02752,-45.87659,367,0.48,0.65,2026-06-04,1556,N20,high,2.0NRT,293.05,39,D
-12.02802,-45.88098,353.77,0.48,0.65,2026-06-04,1556,N20,nominal,2.0NRT,292.26,27.1,D
-11.90542,-46.91687,330.14,0.57,0.69,2026-06-04,1556,N20,nominal,2.0NRT,290.41,3.3,D
-11.15777,-46.03162,329.62,0.48,0.65,2026-06-04,1556,N20,nominal,2.0NRT,293.46,3.36,D
-10.99993,-45.60722,341.93,0.45,0.63,2026-06-04,1556,N20,nominal,2.0NRT,293.44,4.94,D
-10.99933,-45.60646,367,0.45,0.63,2026-06-04,1556,N20,high,2.0NRT,293.62,6.28,D
-10.99979,-45.61019,326.22,0.45,0.63,2026-06-04,1556,N20,nominal,2.0NRT,295.33,6.28,D
-10.99355,-45.60715,367,0.45,0.63,2026-06-04,1556,N20,high,2.0NRT,296.33,12.84,D
-10.9931,-45.60352,352.58,0.45,0.63,2026-06-04,1556,N20,nominal,2.0NRT,292.69,12.63,D
-10.99401,-45.61084,334.73,0.45,0.63,2026-06-04,1556,N20,nominal,2.0NRT,294.73,12.84,D
-10.98824,-45.61161,367,0.45,0.63,2026-06-04,1556,N20,high,2.0NRT,294.63,12.84,D
-10.98871,-45.61544,351.19,0.45,0.63,2026-06-04,1556,N20,nominal,2.0NRT,296.15,16.56,D
-10.98346,-45.62049,367,0.45,0.63,2026-06-04,1556,N20,high,2.0NRT,296.31,9.77,D
-10.983,-45.61672,334.96,0.45,0.63,2026-06-04,1556,N20,nominal,2.0NRT,293.29,9.77,D
-10.98394,-45.6244,353.22,0.45,0.63,2026-06-04,1556,N20,nominal,2.0NRT,294.61,7.95,D
-10.97821,-45.62552,330.82,0.45,0.63,2026-06-04,1556,N20,nominal,2.0NRT,292.69,7.95,D
-10.98873,-47.07638,327.42,0.57,0.69,2026-06-04,1556,N20,nominal,2.0NRT,294.85,4.54,D
-10.97947,-47.05161,335.42,0.56,0.69,2026-06-04,1556,N20,nominal,2.0NRT,292.21,5.28,D
-10.92075,-46.9589,351.18,0.55,0.68,2026-06-04,1556,N20,nominal,2.0NRT,277.46,9.98,D
-10.91262,-46.94405,330.65,0.55,0.68,2026-06-04,1556,N20,nominal,2.0NRT,270.49,5.45,D
-10.91505,-46.9646,353.26,0.55,0.68,2026-06-04,1556,N20,nominal,2.0NRT,279.19,9.98,D
-10.90811,-46.95987,330.3,0.55,0.68,2026-06-04,1556,N20,nominal,2.0NRT,279.29,11.65,D
-10.89938,-46.93983,339.84,0.55,0.68,2026-06-04,1556,N20,nominal,2.0NRT,265.18,9.23,D
-10.9,-46.94508,355.76,0.55,0.68,2026-06-04,1556,N20,nominal,2.0NRT,272.17,9.23,D
-10.90243,-46.9658,328.56,0.55,0.68,2026-06-04,1556,N20,nominal,2.0NRT,278.23,11.65,D
-10.9018,-46.96041,355.96,0.55,0.68,2026-06-04,1556,N20,low,2.0NRT,281.38,11.65,D
-10.81523,-47.01621,335.39,0.56,0.69,2026-06-04,1556,N20,nominal,2.0NRT,269.92,6.44,D
-10.81587,-47.02157,355.64,0.56,0.69,2026-06-04,1556,N20,nominal,2.0NRT,276.91,13.78,D
-10.81954,-47.05263,331.32,0.56,0.69,2026-06-04,1556,N20,nominal,2.0NRT,289.06,5.41,D
-10.81013,-47.0271,348.87,0.56,0.69,2026-06-04,1556,N20,nominal,2.0NRT,277.06,33.97,D
-10.80954,-47.02216,356.41,0.56,0.69,2026-06-04,1556,N20,low,2.0NRT,269.66,33.97,D
-10.28133,-46.30256,343.63,0.49,0.65,2026-06-04,1556,N20,nominal,2.0NRT,290.07,11.76,D
-10.28186,-46.30694,356.09,0.49,0.65,2026-06-04,1556,N20,low,2.0NRT,288.4,11.76,D
-9.81798,-47.00915,352.45,0.54,0.68,2026-06-04,1556,N20,nominal,2.0NRT,291.2,8.44,D
-9.01268,-40.99234,336.11,0.41,0.45,2026-06-04,1556,N20,nominal,2.0NRT,292.84,6.1,D
-9.0132,-40.99602,337.64,0.41,0.45,2026-06-04,1556,N20,nominal,2.0NRT,293.48,6.1,D
-9.81943,-47.01037,367,0.54,0.68,2026-06-04,1556,N20,high,2.0NRT,292.22,9.57,D
-9.75182,-46.77185,329.9,0.52,0.67,2026-06-04,1556,N20,nominal,2.0NRT,293.91,6.16,D
-9.75242,-46.77667,353.39,0.52,0.67,2026-06-04,1556,N20,nominal,2.0NRT,294.32,9.83,D
-9.51218,-46.13726,335.29,0.47,0.64,2026-06-04,1556,N20,nominal,2.0NRT,293.72,5.5,D
-9.37425,-48.32102,367,0.65,0.73,2026-06-04,1556,N20,high,2.0NRT,292.37,25.68,D
-9.36755,-48.32191,367,0.65,0.73,2026-06-04,1556,N20,high,2.0NRT,291.49,21.45,D
-9.0165,-45.75933,345.99,0.43,0.62,2026-06-04,1556,N20,nominal,2.0NRT,297.18,9.86,D
-9.0103,-45.75589,342.11,0.43,0.62,2026-06-04,1556,N20,nominal,2.0NRT,296.47,9.66,D
-9.0041,-45.75251,345.33,0.43,0.62,2026-06-04,1556,N20,nominal,2.0NRT,297.22,5.76,D
-9.0046,-45.75654,347.5,0.43,0.62,2026-06-04,1556,N20,nominal,2.0NRT,298.25,5.76,D
-8.99842,-45.75322,367,0.43,0.62,2026-06-04,1556,N20,high,2.0NRT,298.58,5.76,D
-8.99892,-45.75727,330.96,0.43,0.62,2026-06-04,1556,N20,nominal,2.0NRT,298,5.76,D
-9.01993,-45.76166,341.98,0.43,0.62,2026-06-04,1556,N20,nominal,2.0NRT,296.49,5.74,D
-9.0137,-45.75829,331.22,0.43,0.62,2026-06-04,1556,N20,nominal,2.0NRT,296.62,4.45,D
-9.00801,-45.75892,343.61,0.43,0.62,2026-06-04,1556,N20,nominal,2.0NRT,297.46,4.45,D
-9.00178,-45.75548,367,0.43,0.62,2026-06-04,1556,N20,high,2.0NRT,299.64,6.4,D
-9.00126,-45.7515,339.62,0.43,0.62,2026-06-04,1556,N20,nominal,2.0NRT,296.98,6.4,D
-8.99558,-45.75222,348.09,0.43,0.62,2026-06-04,1556,N20,nominal,2.0NRT,297.15,6.4,D
-8.9961,-45.75621,334.17,0.43,0.62,2026-06-04,1556,N20,nominal,2.0NRT,297.95,6.4,D
-8.55769,-43.9569,354.63,0.32,0.54,2026-06-04,1558,N20,nominal,2.0NRT,296.51,4.61,D
-8.55749,-43.95792,351.98,0.32,0.54,2026-06-04,1558,N20,nominal,2.0NRT,296.35,4.91,D
-8.63671,-45.4547,330.65,0.41,0.6,2026-06-04,1558,N20,nominal,2.0NRT,294.52,2.4,D
-8.65506,-45.76722,367,0.43,0.62,2026-06-04,1558,N20,high,2.0NRT,295.79,11.58,D
-8.57314,-46.00165,328.6,0.44,0.62,2026-06-04,1558,N20,nominal,2.0NRT,296.67,3.97,D
-8.65459,-47.46435,330.92,0.56,0.69,2026-06-04,1558,N20,nominal,2.0NRT,290.25,8.33,D
-8.64703,-47.45517,335.68,0.56,0.69,2026-06-04,1558,N20,nominal,2.0NRT,290.15,8.45,D
-8.64766,-47.4602,335.11,0.56,0.69,2026-06-04,1558,N20,nominal,2.0NRT,290.33,8.45,D
-8.64829,-47.4652,328.09,0.56,0.69,2026-06-04,1558,N20,nominal,2.0NRT,288.67,8.33,D
-8.36912,-46.79374,343.29,0.5,0.66,2026-06-04,1558,N20,nominal,2.0NRT,290.71,9.26,D
-8.23683,-46.09453,331.16,0.44,0.63,2026-06-04,1558,N20,nominal,2.0NRT,291.77,3.67,D
-8.23734,-46.09848,336.6,0.44,0.63,2026-06-04,1558,N20,nominal,2.0NRT,292.83,3.67,D
-8.4047,-47.54472,342.2,0.56,0.69,2026-06-04,1558,N20,nominal,2.0NRT,291.54,6.88,D
-8.2589,-47.63285,367,0.57,0.69,2026-06-04,1558,N20,high,2.0NRT,291.74,23.86,D
-7.98211,-46.04081,332.94,0.44,0.62,2026-06-04,1558,N20,nominal,2.0NRT,293.13,4.01,D
-7.97978,-46.03981,331.55,0.44,0.62,2026-06-04,1558,N20,nominal,2.0NRT,293.03,4.89,D
-7.93968,-47.09192,329.67,0.52,0.66,2026-06-04,1558,N20,nominal,2.0NRT,292.15,2.72,D
-7.72497,-45.48122,341.13,0.4,0.6,2026-06-04,1558,N20,nominal,2.0NRT,293.63,3.27,D
-7.64609,-45.2366,367,0.38,0.59,2026-06-04,1558,N20,high,2.0NRT,299.26,6.45,D
-7.64562,-45.23313,341.13,0.38,0.59,2026-06-04,1558,N20,nominal,2.0NRT,297.26,6.45,D
-7.40663,-43.75248,330.24,0.59,0.53,2026-06-04,1558,N20,nominal,2.0NRT,294.68,5.71,D
-7.26996,-43.60897,333.26,0.58,0.52,2026-06-04,1558,N20,nominal,2.0NRT,297.4,4.25,D
-7.26517,-43.60961,340.26,0.58,0.52,2026-06-04,1558,N20,nominal,2.0NRT,297.68,4.25,D
-7.18267,-43.14613,338.64,0.54,0.5,2026-06-04,1558,N20,nominal,2.0NRT,297.99,4.45,D
-6.03929,-35.31145,335.42,0.39,0.36,2026-06-04,1558,N20,nominal,2.0NRT,296.79,3.66,D
-7.81738,-48.16127,332.77,0.61,0.71,2026-06-04,1558,N20,nominal,2.0NRT,286.34,13.93,D
-7.81807,-48.16685,330.58,0.61,0.71,2026-06-04,1558,N20,nominal,2.0NRT,288.25,8.07,D
-7.81744,-48.16172,330.79,0.61,0.71,2026-06-04,1558,N20,nominal,2.0NRT,284.37,14.51,D
-7.44694,-45.97583,330.9,0.42,0.61,2026-06-04,1558,N20,nominal,2.0NRT,293.15,4.42,D
-7.44948,-45.9753,330.5,0.42,0.61,2026-06-04,1558,N20,nominal,2.0NRT,293.39,5.22,D
-6.99199,-42.88484,341.04,0.51,0.49,2026-06-04,1558,N20,nominal,2.0NRT,300.23,8.86,D
-6.98745,-42.88541,348.2,0.51,0.49,2026-06-04,1558,N20,nominal,2.0NRT,300.97,8.86,D
-6.89579,-43.33667,341.07,0.55,0.51,2026-06-04,1558,N20,nominal,2.0NRT,296.57,13.61,D
-6.82699,-43.51172,330.87,0.56,0.52,2026-06-04,1558,N20,nominal,2.0NRT,295.77,4.01,D
-5.75378,-37.08475,335.15,0.39,0.36,2026-06-04,1558,N20,nominal,2.0NRT,301.7,3.62,D
-6.96939,-45.71506,333.1,0.4,0.6,2026-06-04,1558,N20,nominal,2.0NRT,292.71,2.87,D
-7.1153,-47.23565,354.9,0.51,0.66,2026-06-04,1558,N20,nominal,2.0NRT,293.19,10.94,D
-6.76465,-45.01353,334.23,0.36,0.57,2026-06-04,1558,N20,nominal,2.0NRT,297.42,7.29,D
-6.76508,-45.01659,333.46,0.36,0.57,2026-06-04,1558,N20,nominal,2.0NRT,296.78,4.8,D
-7.10856,-48.09877,330.84,0.59,0.7,2026-06-04,1558,N20,nominal,2.0NRT,290.35,4.16,D
-6.97841,-47.14421,339.24,0.5,0.66,2026-06-04,1558,N20,nominal,2.0NRT,293.86,4.71,D
-6.9825,-47.27069,336.32,0.51,0.66,2026-06-04,1558,N20,nominal,2.0NRT,294.06,4.41,D
-6.97667,-47.14274,328.43,0.5,0.66,2026-06-04,1558,N20,nominal,2.0NRT,293.56,6.64,D
-6.97731,-47.14734,335.62,0.5,0.66,2026-06-04,1558,N20,nominal,2.0NRT,293.91,6.09,D
-7.10706,-48.09586,331.73,0.59,0.7,2026-06-04,1558,N20,nominal,2.0NRT,289.91,5.31,D
-6.98164,-47.26892,331.08,0.51,0.66,2026-06-04,1558,N20,nominal,2.0NRT,293.96,4.27,D
-6.9486,-47.25382,367,0.51,0.66,2026-06-04,1558,N20,high,2.0NRT,293.03,10.08,D
-6.94924,-47.25854,348.28,0.51,0.66,2026-06-04,1558,N20,nominal,2.0NRT,293.19,10.08,D
-6.90099,-47.26834,367,0.51,0.66,2026-06-04,1558,N20,high,2.0NRT,296.36,37.37,D
-6.89981,-47.25938,332.14,0.51,0.66,2026-06-04,1558,N20,nominal,2.0NRT,293.2,10.27,D
-6.9004,-47.26384,346.59,0.51,0.66,2026-06-04,1558,N20,nominal,2.0NRT,294.16,10.27,D
-6.90159,-47.27291,344,0.51,0.66,2026-06-04,1558,N20,nominal,2.0NRT,295.7,37.37,D
-6.8955,-47.27365,367,0.51,0.66,2026-06-04,1558,N20,high,2.0NRT,294.78,8.29,D
-6.8949,-47.26912,339.09,0.51,0.66,2026-06-04,1558,N20,nominal,2.0NRT,294.59,8.29,D
-6.15105,-45.06109,367,0.35,0.57,2026-06-04,1558,N20,high,2.0NRT,292.22,10.38,D
-5.92889,-43.47548,341.47,0.54,0.51,2026-06-04,1558,N20,nominal,2.0NRT,297.08,6.22,D
-5.92956,-43.48038,329.9,0.54,0.51,2026-06-04,1558,N20,nominal,2.0NRT,296.96,6.22,D
-6.21143,-45.5897,367,0.38,0.59,2026-06-04,1558,N20,high,2.0NRT,295.16,10.01,D
-6.21096,-45.58624,329.29,0.38,0.59,2026-06-04,1558,N20,nominal,2.0NRT,293.26,5.67,D
-5.93053,-43.47734,347.72,0.54,0.51,2026-06-04,1558,N20,nominal,2.0NRT,297.14,11.09,D
-6.14998,-45.06169,367,0.35,0.57,2026-06-04,1558,N20,high,2.0NRT,292.21,12.51,D
-6.2143,-45.58904,367,0.38,0.59,2026-06-04,1558,N20,high,2.0NRT,294.44,9.74,D
-6.2035,-45.59054,328.39,0.38,0.59,2026-06-04,1558,N20,nominal,2.0NRT,295,4.84,D
-6.19808,-45.59109,354.2,0.38,0.59,2026-06-04,1558,N20,nominal,2.0NRT,292.72,4.84,D
-5.01062,-37.59856,332.93,0.39,0.36,2026-06-04,1558,N20,nominal,2.0NRT,297.93,4.43,D
-5.01115,-37.60209,332.96,0.39,0.36,2026-06-04,1558,N20,nominal,2.0NRT,296.4,4.43,D
-6.05319,-45.24851,340.53,0.36,0.57,2026-06-04,1558,N20,nominal,2.0NRT,293.62,4.31,D
-6.05361,-45.25166,332.94,0.36,0.57,2026-06-04,1558,N20,nominal,2.0NRT,292.42,2.83,D
-6.05372,-45.24933,342.17,0.36,0.57,2026-06-04,1558,N20,nominal,2.0NRT,293.62,4.38,D
-5.99915,-45.20408,328.39,0.36,0.57,2026-06-04,1558,N20,nominal,2.0NRT,292.6,4.35,D
-5.99391,-45.20483,332.93,0.36,0.57,2026-06-04,1558,N20,nominal,2.0NRT,294.32,4.35,D
-5.99435,-45.20798,351.81,0.36,0.57,2026-06-04,1558,N20,nominal,2.0NRT,294.17,7.22,D
-5.98779,-45.19924,367,0.36,0.57,2026-06-04,1558,N20,high,2.0NRT,297.52,21.25,D
-5.98736,-45.19613,330.68,0.36,0.57,2026-06-04,1558,N20,nominal,2.0NRT,293.15,21.25,D
-5.98822,-45.20234,350.65,0.36,0.57,2026-06-04,1558,N20,nominal,2.0NRT,294.46,28.03,D
-6.30422,-47.57285,367,0.53,0.67,2026-06-04,1558,N20,high,2.0NRT,290.66,9.6,D
-5.91513,-45.29371,329.46,0.36,0.57,2026-06-04,1558,N20,nominal,2.0NRT,292.2,2.38,D
-5.64842,-44.30216,330.42,0.61,0.53,2026-06-04,1558,N20,nominal,2.0NRT,293.92,4.71,D
-5.55744,-43.96765,339.49,0.58,0.52,2026-06-04,1558,N20,nominal,2.0NRT,296.39,6.38,D
-5.55745,-43.96939,337.3,0.58,0.52,2026-06-04,1558,N20,nominal,2.0NRT,296.26,8.88,D
-5.85809,-46.2551,367,0.42,0.61,2026-06-04,1558,N20,high,2.0NRT,292.3,8.29,D
-4.36388,-37.90091,354.22,0.4,0.37,2026-06-04,1558,N20,nominal,2.0NRT,302.01,8.89,D
-5.2981,-44.64646,335.19,0.32,0.54,2026-06-04,1558,N20,nominal,2.0NRT,293.25,2.71,D
-4.7307,-45.36303,349.04,0.35,0.57,2026-06-04,1558,N20,nominal,2.0NRT,291.06,4.97,D
-4.39743,-43.31306,329.07,0.5,0.49,2026-06-04,1558,N20,nominal,2.0NRT,293.55,5.19,D
-3.59407,-38.85993,336.13,0.42,0.37,2026-06-04,1558,N20,nominal,2.0NRT,298.34,5.52,D
-3.63283,-43.16161,340.68,0.48,0.48,2026-06-04,1558,N20,nominal,2.0NRT,291.34,14.4,D
-3.3486,-42.45667,339.22,0.42,0.45,2026-06-04,1558,N20,nominal,2.0NRT,291.56,8.59,D
-3.34916,-42.46047,329.59,0.42,0.45,2026-06-04,1558,N20,nominal,2.0NRT,291.92,7.03,D
-2.9074,-42.03798,337.96,0.39,0.44,2026-06-04,1558,N20,nominal,2.0NRT,293.07,4.6,D
-2.85995,-42.02337,337.16,0.39,0.44,2026-06-04,1558,N20,nominal,2.0NRT,293.72,3.78,D
3.66263,-74.89736,326.59,0.51,0.66,2026-06-04,1741,N20,nominal,2.0NRT,284.45,7.22,D
-52.60798,-68.12988,328.49,0.62,0.71,2026-06-04,1726,N20,nominal,2.0NRT,276.53,3.23,D
3.66193,-74.90157,331.86,0.51,0.66,2026-06-04,1741,N20,nominal,2.0NRT,284.33,7.59,D
3.90775,-75.01763,326.83,0.51,0.66,2026-06-04,1741,N20,nominal,2.0NRT,284.54,3.64,D
10.33889,-66.03824,348.51,0.39,0.36,2026-06-04,1743,N20,nominal,2.0NRT,297.59,6.92,D
10.37903,-66.02064,334.81,0.39,0.36,2026-06-04,1743,N20,nominal,2.0NRT,295.87,3.83,D
-27.3971,-57.95688,340.08,0.4,0.37,2026-06-04,1732,N20,nominal,2.0NRT,297.05,5.83,D
10.37848,-66.02414,339.46,0.39,0.36,2026-06-04,1743,N20,nominal,2.0NRT,297.06,13.95,D
10.37794,-66.02765,350.94,0.39,0.36,2026-06-04,1743,N20,nominal,2.0NRT,301.36,13.95,D
-32.83264,-53.6522,328.35,0.39,0.37,2026-06-04,1732,N20,nominal,2.0NRT,291.24,2.54,D
10.38125,-66.02817,339.44,0.39,0.36,2026-06-04,1743,N20,nominal,2.0NRT,296.45,13.95,D
-33.02097,-58.24919,338.65,0.44,0.39,2026-06-04,1732,N20,nominal,2.0NRT,267.99,13.71,D
-10.80516,-47.02704,348.32,0.71,0.75,2026-06-04,1739,N20,nominal,2.0NRT,297.58,59.87,D
10.39746,-66.12066,330.1,0.39,0.36,2026-06-04,1743,N20,nominal,2.0NRT,293.72,1.97,D
-33.02158,-58.25394,334.97,0.44,0.39,2026-06-04,1732,N20,nominal,2.0NRT,266.63,13.71,D
-14.37608,-45.56026,343.07,0.75,0.77,2026-06-04,1737,N20,nominal,2.0NRT,295.12,11.89,D
-33.02219,-58.25871,325.35,0.44,0.39,2026-06-04,1732,N20,nominal,2.0NRT,270.23,7.18,D
10.43052,-66.10429,332.2,0.39,0.36,2026-06-04,1743,N20,nominal,2.0NRT,295.75,2.41,D
-14.3738,-45.58284,367,0.75,0.77,2026-06-04,1737,N20,high,2.0NRT,294.6,17.78,D
-33.0168,-58.24508,330.33,0.44,0.39,2026-06-04,1732,N20,nominal,2.0NRT,267.81,5.06,D
10.44781,-66.16827,334.22,0.39,0.36,2026-06-04,1743,N20,nominal,2.0NRT,294.78,3.13,D
-14.37813,-45.55646,332.98,0.76,0.77,2026-06-04,1737,N20,nominal,2.0NRT,294.11,8.67,D
-33.01741,-58.24983,350.89,0.44,0.39,2026-06-04,1732,N20,nominal,2.0NRT,270.63,13.71,D
10.50757,-66.17793,329.93,0.39,0.36,2026-06-04,1743,N20,nominal,2.0NRT,296.46,1.84,D
-14.37967,-45.5635,342.36,0.75,0.77,2026-06-04,1737,N20,nominal,2.0NRT,293.84,8.67,D
-33.01802,-58.25459,337.28,0.44,0.39,2026-06-04,1732,N20,nominal,2.0NRT,289.82,13.71,D
10.59019,-66.47715,336.95,0.39,0.36,2026-06-04,1743,N20,nominal,2.0NRT,294.75,12.3,D
-14.37571,-45.57904,338.6,0.75,0.77,2026-06-04,1737,N20,nominal,2.0NRT,292.22,15.94,D
-33.01324,-58.24572,331.62,0.44,0.39,2026-06-04,1732,N20,nominal,2.0NRT,266.03,6.58,D
-14.37725,-45.58607,351.89,0.75,0.77,2026-06-04,1737,N20,nominal,2.0NRT,295.46,15.55,D
10.59351,-66.4777,340.36,0.39,0.36,2026-06-04,1743,N20,nominal,2.0NRT,294.58,8.13,D
-33.01385,-58.25047,349.3,0.44,0.39,2026-06-04,1732,N20,nominal,2.0NRT,283.9,9.16,D
-14.36249,-45.55235,330.23,0.76,0.77,2026-06-04,1737,N20,nominal,2.0NRT,294.65,3.67,D
10.60065,-66.45376,330.26,0.39,0.36,2026-06-04,1743,N20,nominal,2.0NRT,292.17,3.33,D
-33.01446,-58.25523,347.31,0.44,0.39,2026-06-04,1732,N20,nominal,2.0NRT,272.92,9.16,D
-16.59924,-58.23475,341.57,0.39,0.36,2026-06-04,1737,N20,low,2.0NRT,313.15,36.35,D
10.60397,-66.45437,333.95,0.39,0.36,2026-06-04,1743,N20,nominal,2.0NRT,294.54,4.56,D
-33.01507,-58.26,327.38,0.44,0.39,2026-06-04,1732,N20,nominal,2.0NRT,272.91,4.79,D
-16.59589,-58.23532,345.77,0.39,0.36,2026-06-04,1737,N20,nominal,2.0NRT,311.28,36.35,D
10.83807,-68.37254,339.26,0.45,0.39,2026-06-04,1743,N20,nominal,2.0NRT,291.93,4.26,D
-33.01029,-58.25112,334.37,0.44,0.39,2026-06-04,1732,N20,nominal,2.0NRT,269.29,9.16,D
-16.9061,-60.36334,326.63,0.39,0.36,2026-06-04,1737,N20,low,2.0NRT,299.41,1.02,D
11.3895,-69.15776,342.61,0.48,0.4,2026-06-04,1743,N20,nominal,2.0NRT,290.19,4.01,D
-33.0109,-58.25587,336.62,0.44,0.39,2026-06-04,1732,N20,nominal,2.0NRT,270.88,9.16,D
-16.90047,-60.37178,334.29,0.39,0.36,2026-06-04,1737,N20,nominal,2.0NRT,306.22,4.99,D
11.42711,-69.31573,332.92,0.49,0.4,2026-06-04,1743,N20,nominal,2.0NRT,289.28,7.64,D
-32.67078,-58.23862,326.94,0.44,0.38,2026-06-04,1732,N20,nominal,2.0NRT,282.3,3.61,D
-17.37956,-63.9068,335.34,0.56,0.43,2026-06-04,1737,N20,nominal,2.0NRT,296.02,4.28,D
11.4682,-69.1345,341.45,0.48,0.4,2026-06-04,1743,N20,nominal,2.0NRT,291.47,4.28,D
-31.58122,-53.78124,327.89,0.4,0.37,2026-06-04,1732,N20,nominal,2.0NRT,294.25,1.93,D
-16.73831,-59.77764,333.86,0.39,0.36,2026-06-04,1737,N20,nominal,2.0NRT,303.57,2.62,D
11.63199,-70.2352,336.7,0.55,0.42,2026-06-04,1743,N20,nominal,2.0NRT,283.43,4.55,D
-32.37493,-61.13302,349.48,0.39,0.44,2026-06-04,1732,N20,nominal,2.0NRT,266.01,40.24,D
-16.72935,-59.80873,333.65,0.39,0.36,2026-06-04,1737,N20,nominal,2.0NRT,306.02,3.48,D
11.73538,-70.19507,347.44,0.54,0.42,2026-06-04,1743,N20,nominal,2.0NRT,285.88,25.57,D
-31.07884,-53.17857,329.68,0.42,0.37,2026-06-04,1732,N20,nominal,2.0NRT,294.65,2.97,D
-16.71791,-59.75502,332.14,0.39,0.36,2026-06-04,1737,N20,nominal,2.0NRT,302.14,2.14,D
-30.88194,-53.18754,330.22,0.42,0.37,2026-06-04,1732,N20,nominal,2.0NRT,294.26,2.17,D
-16.70957,-59.76748,328.51,0.39,0.36,2026-06-04,1737,N20,low,2.0NRT,302.44,2.86,D
-30.85668,-53.4881,330.23,0.41,0.37,2026-06-04,1732,N20,nominal,2.0NRT,294.93,3,D
-16.68616,-59.81238,330.98,0.39,0.36,2026-06-04,1737,N20,nominal,2.0NRT,300.1,1.24,D
-30.9377,-54.46426,326.45,0.39,0.36,2026-06-04,1732,N20,nominal,2.0NRT,289.37,1.1,D
-16.82806,-60.93798,338.73,0.41,0.37,2026-06-04,1737,N20,nominal,2.0NRT,303.85,3.19,D
-30.64321,-52.76254,338.93,0.43,0.38,2026-06-04,1732,N20,nominal,2.0NRT,291.46,5.53,D
-16.55416,-59.29911,347.43,0.38,0.36,2026-06-04,1737,N20,nominal,2.0NRT,304.97,6.53,D
-30.64399,-52.76694,343.93,0.43,0.38,2026-06-04,1732,N20,nominal,2.0NRT,289.89,7.91,D
-16.54756,-59.27812,329.67,0.38,0.36,2026-06-04,1737,N20,low,2.0NRT,302.21,2.42,D
-30.62101,-52.73977,330.95,0.43,0.38,2026-06-04,1732,N20,nominal,2.0NRT,293.01,2.82,D
-17.16894,-63.69776,332.77,0.54,0.42,2026-06-04,1737,N20,nominal,2.0NRT,294.93,8.09,D
-31.56076,-58.97904,341.93,0.46,0.39,2026-06-04,1732,N20,nominal,2.0NRT,275.59,4.65,D
-16.54535,-59.28584,327.59,0.38,0.36,2026-06-04,1737,N20,low,2.0NRT,302.57,3.36,D
-31.62841,-59.53107,326.65,0.48,0.4,2026-06-04,1732,N20,nominal,2.0NRT,281.55,3.65,D
-16.54589,-59.28943,337.32,0.38,0.36,2026-06-04,1737,N20,nominal,2.0NRT,303.63,3.86,D
-30.61752,-52.74057,331.57,0.43,0.38,2026-06-04,1732,N20,nominal,2.0NRT,294.99,2.82,D
-16.62789,-59.85509,334.3,0.39,0.36,2026-06-04,1737,N20,nominal,2.0NRT,304.36,2,D
-31.42925,-58.28676,330.53,0.43,0.38,2026-06-04,1732,N20,nominal,2.0NRT,270.04,2.64,D
-16.62951,-59.86593,337.16,0.39,0.36,2026-06-04,1737,N20,nominal,2.0NRT,306.51,3.86,D
-31.76184,-61.21267,341.29,0.39,0.44,2026-06-04,1732,N20,nominal,2.0NRT,282.79,4.12,D
-17.42427,-66.00006,341.48,0.5,0.49,2026-06-04,1737,N20,nominal,2.0NRT,303.72,13.78,D
-30.51206,-52.61727,326.97,0.44,0.38,2026-06-04,1732,N20,nominal,2.0NRT,293.23,4.04,D
-16.52875,-59.31064,330.56,0.38,0.36,2026-06-04,1737,N20,nominal,2.0NRT,298.72,1.85,D
-30.03944,-50.43484,333.54,0.55,0.43,2026-06-04,1732,N20,nominal,2.0NRT,293.22,12.89,D
-16.5293,-59.31423,336.78,0.38,0.36,2026-06-04,1737,N20,nominal,2.0NRT,301.49,2.8,D
-30.03553,-50.43583,354.67,0.55,0.43,2026-06-04,1732,N20,nominal,2.0NRT,298.33,12.89,D
-16.52162,-59.30827,331.89,0.38,0.36,2026-06-04,1737,N20,nominal,2.0NRT,302.4,3.05,D
-30.03577,-50.4316,335.56,0.56,0.43,2026-06-04,1732,N20,nominal,2.0NRT,294.59,14.55,D
-16.10103,-56.75662,335.36,0.43,0.38,2026-06-04,1737,N20,low,2.0NRT,306.54,4.41,D
-30.03688,-50.43733,345,0.56,0.43,2026-06-04,1732,N20,nominal,2.0NRT,298.07,14.55,D
-17.42659,-65.9969,339.61,0.5,0.49,2026-06-04,1737,N20,nominal,2.0NRT,300.18,15.16,D
-30.28095,-51.81764,340.35,0.47,0.4,2026-06-04,1732,N20,nominal,2.0NRT,303.37,21.51,D
-17.4221,-65.9976,341.3,0.5,0.49,2026-06-04,1737,N20,nominal,2.0NRT,299.84,5.45,D
-30.27729,-51.81839,344.66,0.47,0.4,2026-06-04,1732,N20,nominal,2.0NRT,298.7,21.51,D
-16.5039,-59.34797,332.57,0.38,0.36,2026-06-04,1737,N20,low,2.0NRT,303.79,2.16,D
-30.25903,-51.76047,326.63,0.48,0.4,2026-06-04,1732,N20,nominal,2.0NRT,294.67,1.99,D
-15.59122,-53.91642,348.1,0.41,0.45,2026-06-04,1737,N20,nominal,2.0NRT,304.03,8.16,D
-16.47906,-59.34099,352.74,0.38,0.36,2026-06-04,1737,N20,nominal,2.0NRT,302.96,7.75,D
-31.0876,-58.64661,334.81,0.44,0.38,2026-06-04,1732,N20,nominal,2.0NRT,289.15,3.78,D
-16.47961,-59.34459,345.25,0.38,0.36,2026-06-04,1737,N20,nominal,2.0NRT,303.09,8.02,D
-30.16927,-52.92272,338.28,0.43,0.38,2026-06-04,1732,N20,nominal,2.0NRT,296.04,6.69,D
-14.28516,-47.41389,328.63,0.58,0.69,2026-06-04,1737,N20,nominal,2.0NRT,297.83,5.78,D
-30.16975,-52.92609,344.83,0.43,0.38,2026-06-04,1732,N20,nominal,2.0NRT,296.5,5.78,D
-16.52204,-59.82779,334.2,0.39,0.36,2026-06-04,1737,N20,low,2.0NRT,304.45,3.9,D
-30.16627,-52.9269,342.32,0.43,0.38,2026-06-04,1732,N20,nominal,2.0NRT,295.61,4.4,D
-16.51208,-59.82941,333.75,0.39,0.36,2026-06-04,1737,N20,nominal,2.0NRT,303.33,1.36,D
-29.63238,-50.61063,327.19,0.55,0.43,2026-06-04,1732,N20,nominal,2.0NRT,292.4,2.73,D
-31.02818,-59.59244,343.37,0.48,0.4,2026-06-04,1732,N20,nominal,2.0NRT,281.65,7.29,D
-16.64833,-60.78019,334.81,0.4,0.37,2026-06-04,1737,N20,nominal,2.0NRT,300.43,2.8,D
-16.6444,-60.77692,334.74,0.4,0.37,2026-06-04,1737,N20,nominal,2.0NRT,302.17,4.72,D
-29.77846,-51.56956,330.52,0.49,0.41,2026-06-04,1732,N20,nominal,2.0NRT,292.05,2.13,D
-16.49833,-59.80576,333.03,0.39,0.36,2026-06-04,1737,N20,nominal,2.0NRT,302.26,3.21,D
-30.89406,-59.37853,331.44,0.47,0.4,2026-06-04,1732,N20,nominal,2.0NRT,296.81,4.56,D
-16.49941,-59.81298,330.62,0.39,0.36,2026-06-04,1737,N20,low,2.0NRT,302.34,3.84,D
-31.00456,-60.38536,327.14,0.52,0.42,2026-06-04,1732,N20,nominal,2.0NRT,282.95,6.3,D
-17.3591,-66.2062,331.21,0.52,0.5,2026-06-04,1737,N20,nominal,2.0NRT,296.13,2.27,D
-29.69706,-51.74011,331.88,0.49,0.4,2026-06-04,1732,N20,nominal,2.0NRT,289.64,3.9,D
-16.42769,-59.56016,341.78,0.38,0.36,2026-06-04,1737,N20,nominal,2.0NRT,300.24,3.21,D
-29.71367,-51.85046,337.87,0.48,0.4,2026-06-04,1732,N20,nominal,2.0NRT,294.17,5.15,D
-16.41888,-59.54687,341.45,0.38,0.36,2026-06-04,1737,N20,nominal,2.0NRT,299.01,4.56,D
-30.93995,-60.0667,331.01,0.5,0.41,2026-06-04,1732,N20,nominal,2.0NRT,292.23,3.44,D
-16.41502,-59.54381,367,0.38,0.36,2026-06-04,1737,N20,high,2.0NRT,300.52,14.11,D
-29.64951,-51.85564,333.41,0.48,0.4,2026-06-04,1732,N20,nominal,2.0NRT,295.48,6.98,D
-16.41556,-59.54741,333.32,0.38,0.36,2026-06-04,1737,N20,nominal,2.0NRT,297.16,6.15,D
-30.82928,-59.52046,328.97,0.47,0.4,2026-06-04,1732,N20,nominal,2.0NRT,293.73,2.83,D
-16.40344,-59.53465,337.26,0.38,0.36,2026-06-04,1737,N20,nominal,2.0NRT,299.36,4.76,D
-29.65079,-51.8536,329.4,0.48,0.4,2026-06-04,1732,N20,nominal,2.0NRT,294.58,4.71,D
-16.38074,-59.5641,349.38,0.38,0.36,2026-06-04,1737,N20,nominal,2.0NRT,299.05,6.81,D
-30.83058,-59.5232,328.9,0.47,0.4,2026-06-04,1732,N20,nominal,2.0NRT,294.94,2.83,D
-16.38128,-59.56769,329.18,0.38,0.36,2026-06-04,1737,N20,nominal,2.0NRT,300.01,1.5,D
-30.63442,-58.13097,344.31,0.42,0.38,2026-06-04,1732,N20,nominal,2.0NRT,274.46,6.22,D
-16.1914,-58.46983,335.7,0.39,0.36,2026-06-04,1737,N20,low,2.0NRT,309.89,25.27,D
-29.66266,-52.127,326.67,0.47,0.4,2026-06-04,1732,N20,nominal,2.0NRT,294.75,1.33,D
-16.18692,-58.46312,339.81,0.39,0.36,2026-06-04,1737,N20,nominal,2.0NRT,303.35,10.11,D
-31.11065,-62.50462,337.05,0.45,0.47,2026-06-04,1732,N20,nominal,2.0NRT,285.08,4.58,D
-16.18749,-58.46676,355.7,0.39,0.36,2026-06-04,1737,N20,nominal,2.0NRT,306.81,10.11,D
-29.53411,-51.61975,330.36,0.5,0.41,2026-06-04,1732,N20,nominal,2.0NRT,293.16,2.86,D
-16.18807,-58.4704,341.41,0.39,0.36,2026-06-04,1737,N20,nominal,2.0NRT,300.99,6.21,D
-30.80545,-60.1989,329.51,0.51,0.41,2026-06-04,1732,N20,nominal,2.0NRT,290.12,3.57,D
-30.80165,-60.1995,341.12,0.51,0.41,2026-06-04,1732,N20,nominal,2.0NRT,293.76,11.24,D
-16.35645,-59.56069,342.7,0.38,0.36,2026-06-04,1737,N20,nominal,2.0NRT,305.71,8.5,D
-30.79786,-60.20012,334.22,0.51,0.41,2026-06-04,1732,N20,nominal,2.0NRT,290.63,11.24,D
-16.82966,-62.89858,334.73,0.48,0.4,2026-06-04,1737,N20,low,2.0NRT,307.38,6.4,D
-16.16719,-58.48518,334.23,0.39,0.36,2026-06-04,1737,N20,low,2.0NRT,306.39,2.68,D
-30.80661,-60.20087,337.26,0.51,0.41,2026-06-04,1732,N20,nominal,2.0NRT,292.02,5.74,D
-30.80281,-60.20147,332.05,0.51,0.41,2026-06-04,1732,N20,nominal,2.0NRT,293.53,16.17,D
-16.31358,-59.50161,332.67,0.38,0.36,2026-06-04,1737,N20,nominal,2.0NRT,301.97,1.61,D
-30.79837,-60.19674,330.43,0.51,0.41,2026-06-04,1732,N20,nominal,2.0NRT,291.17,8.78,D
-16.78813,-62.88876,332.45,0.48,0.4,2026-06-04,1737,N20,low,2.0NRT,306.61,1.49,D
-29.47012,-51.592,332.56,0.5,0.41,2026-06-04,1732,N20,nominal,2.0NRT,293.49,3.86,D
-16.12947,-58.50644,348.35,0.39,0.36,2026-06-04,1737,N20,nominal,2.0NRT,309.79,10.37,D
-16.12556,-58.50335,339.03,0.39,0.36,2026-06-04,1737,N20,low,2.0NRT,309.84,13.11,D
-30.74968,-60.20986,346.4,0.51,0.41,2026-06-04,1732,N20,nominal,2.0NRT,295.64,12.69,D
-16.12613,-58.50698,352.52,0.39,0.36,2026-06-04,1737,N20,nominal,2.0NRT,310.14,13.11,D
-29.17576,-50.27431,352.29,0.39,0.44,2026-06-04,1732,N20,nominal,2.0NRT,295.06,13.03,D
-16.62927,-62.26535,337.29,0.45,0.39,2026-06-04,1737,N20,nominal,2.0NRT,301.14,4.59,D
-29.17177,-50.27535,337.5,0.39,0.44,2026-06-04,1732,N20,nominal,2.0NRT,289.79,3.73,D
-16.6257,-62.26589,342.33,0.45,0.39,2026-06-04,1737,N20,nominal,2.0NRT,299.51,4.59,D
-30.72261,-60.14387,340.74,0.5,0.41,2026-06-04,1732,N20,nominal,2.0NRT,294.41,26.37,D
-30.72324,-60.14915,334.28,0.5,0.41,2026-06-04,1732,N20,nominal,2.0NRT,292.18,9.08,D
-16.62696,-62.26476,332.4,0.45,0.39,2026-06-04,1737,N20,nominal,2.0NRT,298.45,4.71,D
-16.62756,-62.26903,329.6,0.45,0.39,2026-06-04,1737,N20,low,2.0NRT,299.78,5.31,D
-29.23365,-50.67073,330.63,0.56,0.43,2026-06-04,1732,N20,nominal,2.0NRT,296.29,6.47,D
-30.71946,-60.14975,325.59,0.5,0.41,2026-06-04,1732,N20,nominal,2.0NRT,289.67,2.22,D
-16.62338,-62.26528,332.96,0.45,0.39,2026-06-04,1737,N20,nominal,2.0NRT,297.81,1.99,D
-30.6986,-60.16925,329.71,0.5,0.41,2026-06-04,1732,N20,nominal,2.0NRT,294.26,4.67,D
-16.16564,-59.33151,352.24,0.38,0.36,2026-06-04,1737,N20,nominal,2.0NRT,301.69,7.12,D
-30.67004,-60.05765,331.59,0.5,0.41,2026-06-04,1732,N20,nominal,2.0NRT,293.86,4.66,D
-16.16124,-59.32489,342.65,0.38,0.36,2026-06-04,1737,N20,nominal,2.0NRT,304.34,8.88,D
-30.66628,-60.05825,342.43,0.5,0.41,2026-06-04,1732,N20,nominal,2.0NRT,292.68,4.66,D
-16.16178,-59.32847,355.63,0.38,0.36,2026-06-04,1737,N20,nominal,2.0NRT,305.02,8.88,D
-29.59975,-53.22304,330.22,0.43,0.38,2026-06-04,1732,N20,nominal,2.0NRT,291.92,3.53,D
-16.15792,-59.32543,337.31,0.38,0.36,2026-06-04,1737,N20,nominal,2.0NRT,299.19,2.9,D
-16.48694,-61.55486,346.56,0.42,0.38,2026-06-04,1737,N20,nominal,2.0NRT,303.22,6.4,D
-30.49751,-59.47744,343.9,0.47,0.4,2026-06-04,1732,N20,nominal,2.0NRT,296.12,9.47,D
-16.34914,-60.95826,343.56,0.4,0.37,2026-06-04,1737,N20,nominal,2.0NRT,303.77,3.53,D
-30.49773,-59.47504,338.22,0.47,0.4,2026-06-04,1732,N20,nominal,2.0NRT,295.06,11.95,D
-16.2409,-60.39457,337.46,0.39,0.36,2026-06-04,1737,N20,nominal,2.0NRT,301.85,2.8,D
-29.37529,-52.28706,330.34,0.47,0.39,2026-06-04,1732,N20,nominal,2.0NRT,291.79,6.07,D
-16.24144,-60.39823,327.56,0.39,0.36,2026-06-04,1737,N20,nominal,2.0NRT,300.67,1.86,D
-30.40615,-59.13211,339.3,0.45,0.39,2026-06-04,1732,N20,nominal,2.0NRT,294.55,3.63,D
-30.42961,-59.4664,326.18,0.47,0.39,2026-06-04,1732,N20,nominal,2.0NRT,290.94,1.92,D
-15.50348,-55.77848,335.25,0.49,0.4,2026-06-04,1737,N20,nominal,2.0NRT,299.6,5.26,D
-29.23982,-52.37116,329.24,0.46,0.39,2026-06-04,1732,N20,nominal,2.0NRT,292.37,3.19,D
-16.35871,-61.48957,340.01,0.42,0.38,2026-06-04,1737,N20,nominal,2.0NRT,303.27,3.19,D
-28.83888,-50.29819,332.38,0.39,0.44,2026-06-04,1732,N20,nominal,2.0NRT,292.7,2.18,D
-16.68959,-64.03301,330.58,0.56,0.43,2026-06-04,1737,N20,nominal,2.0NRT,294.4,2.17,D
-30.3282,-60.18322,334.14,0.5,0.41,2026-06-04,1732,N20,nominal,2.0NRT,292.95,6.32,D
-29.21763,-52.77031,327.77,0.45,0.39,2026-06-04,1732,N20,nominal,2.0NRT,294.65,2.07,D
-16.10598,-60.44628,330.43,0.39,0.36,2026-06-04,1737,N20,nominal,2.0NRT,304.74,2.18,D
-30.11754,-59.20383,336.63,0.45,0.39,2026-06-04,1732,N20,nominal,2.0NRT,293.37,4.45,D
-29.02033,-52.46932,325.16,0.46,0.39,2026-06-04,1732,N20,nominal,2.0NRT,292.85,2.07,D
-13.88538,-48.17048,331.22,0.52,0.67,2026-06-04,1737,N20,nominal,2.0NRT,297.11,0.51,D
-29.04505,-52.62531,336.47,0.46,0.39,2026-06-04,1732,N20,nominal,2.0NRT,294.87,7.25,D
-16.07662,-60.40977,332.51,0.39,0.36,2026-06-04,1737,N20,nominal,2.0NRT,304.34,2.05,D
-29.91727,-58.77026,329.69,0.43,0.38,2026-06-04,1732,N20,nominal,2.0NRT,296.7,5.14,D
-16.1817,-61.13103,343.28,0.41,0.37,2026-06-04,1737,N20,nominal,2.0NRT,306.16,4.86,D
-29.9474,-59.05919,328.54,0.44,0.39,2026-06-04,1732,N20,nominal,2.0NRT,293.74,2.82,D
-14.77397,-52.66874,340.24,0.51,0.49,2026-06-04,1737,N20,nominal,2.0NRT,301.51,10.71,D
-29.94859,-59.06844,333.77,0.45,0.39,2026-06-04,1732,N20,nominal,2.0NRT,293.7,3.07,D
-14.77485,-52.67342,353.4,0.51,0.49,2026-06-04,1737,N20,nominal,2.0NRT,307.12,26.03,D
-29.94384,-59.05979,333.09,0.44,0.39,2026-06-04,1732,N20,nominal,2.0NRT,294.07,2.82,D
-16.17829,-61.13156,343.32,0.41,0.37,2026-06-04,1737,N20,nominal,2.0NRT,306.78,4.86,D
-28.87144,-52.21284,329.86,0.48,0.4,2026-06-04,1732,N20,nominal,2.0NRT,293.45,7.29,D
-16.17884,-61.13534,337.74,0.41,0.37,2026-06-04,1737,N20,low,2.0NRT,309.48,4.86,D
-29.92663,-59.03912,343.45,0.44,0.39,2026-06-04,1732,N20,nominal,2.0NRT,296.2,8.39,D
-14.76947,-52.66969,340.68,0.51,0.49,2026-06-04,1737,N20,nominal,2.0NRT,302.8,16.03,D
-29.92307,-59.03973,328.6,0.44,0.39,2026-06-04,1732,N20,nominal,2.0NRT,294.68,3.76,D
-14.77035,-52.67439,346.43,0.51,0.49,2026-06-04,1737,N20,nominal,2.0NRT,309.65,57.51,D
-29.92366,-59.04434,330.21,0.44,0.39,2026-06-04,1732,N20,nominal,2.0NRT,294.74,3.76,D
-16.17598,-61.13966,342.45,0.41,0.37,2026-06-04,1737,N20,nominal,2.0NRT,309.68,5.69,D
-29.91595,-59.04094,340.97,0.44,0.39,2026-06-04,1732,N20,nominal,2.0NRT,295.41,4.8,D
-16.17094,-61.12883,338.27,0.41,0.37,2026-06-04,1737,N20,nominal,2.0NRT,302.96,3.06,D
-29.91653,-59.04556,329.26,0.44,0.39,2026-06-04,1732,N20,nominal,2.0NRT,294.76,4.8,D
-16.17257,-61.14019,333.83,0.41,0.37,2026-06-04,1737,N20,low,2.0NRT,307.95,5.69,D
-29.64139,-57.17057,335.54,0.39,0.36,2026-06-04,1732,N20,nominal,2.0NRT,272.7,5.49,D
-16.5787,-64.19526,332.63,0.57,0.43,2026-06-04,1737,N20,nominal,2.0NRT,295.64,4.93,D
-29.92845,-59.52774,333.54,0.46,0.39,2026-06-04,1732,N20,nominal,2.0NRT,290.65,2.39,D
-16.08165,-60.71404,329.78,0.4,0.37,2026-06-04,1737,N20,low,2.0NRT,300.1,6.75,D
-29.47293,-56.96926,331.53,0.39,0.36,2026-06-04,1732,N20,nominal,2.0NRT,285.76,12,D
-13.66305,-47.75212,342.34,0.56,0.69,2026-06-04,1737,N20,nominal,2.0NRT,298.68,7.89,D
-29.47352,-56.97328,339.9,0.39,0.36,2026-06-04,1732,N20,nominal,2.0NRT,289.73,12,D
-16.15707,-62.00289,329.66,0.44,0.38,2026-06-04,1737,N20,nominal,2.0NRT,299.14,1.31,D
-29.73937,-58.89448,326.71,0.44,0.38,2026-06-04,1732,N20,nominal,2.0NRT,293.04,2.19,D
-15.95711,-60.65084,331.7,0.4,0.37,2026-06-04,1737,N20,nominal,2.0NRT,304.2,1.74,D
-15.91763,-60.47692,333.09,0.39,0.36,2026-06-04,1737,N20,low,2.0NRT,304.86,2.79,D
-29.73584,-58.89509,326.25,0.44,0.38,2026-06-04,1732,N20,nominal,2.0NRT,292.25,2.19,D
-13.66128,-47.75632,343.42,0.56,0.69,2026-06-04,1737,N20,nominal,2.0NRT,298.3,5.23,D
-29.56571,-57.94302,332.65,0.41,0.37,2026-06-04,1732,N20,nominal,2.0NRT,284.75,2.85,D
-16.09286,-61.82796,346.05,0.43,0.38,2026-06-04,1737,N20,nominal,2.0NRT,303.3,7.89,D
-29.92207,-61.34327,333.49,0.57,0.43,2026-06-04,1732,N20,nominal,2.0NRT,280.48,8.07,D
-13.89661,-49.12501,367,0.45,0.63,2026-06-04,1737,N20,high,2.0NRT,298.44,6.27,D
-29.31264,-56.89648,332.98,0.39,0.36,2026-06-04,1732,N20,nominal,2.0NRT,273.97,6.94,D
-13.89748,-49.1293,333.42,0.45,0.63,2026-06-04,1737,N20,nominal,2.0NRT,299.26,6.27,D
-29.22272,-56.33677,349.21,0.38,0.36,2026-06-04,1732,N20,nominal,2.0NRT,295.46,4.21,D
-15.89088,-61.41783,337.29,0.41,0.37,2026-06-04,1737,N20,low,2.0NRT,308.36,4.64,D
-28.09587,-50.02745,367,0.42,0.45,2026-06-04,1732,N20,high,2.0NRT,294.32,12.65,D
-15.94963,-61.83263,334.99,0.43,0.38,2026-06-04,1737,N20,nominal,2.0NRT,304.53,4.57,D
-28.09674,-50.03169,344.87,0.42,0.45,2026-06-04,1732,N20,nominal,2.0NRT,295.73,12.65,D
-15.95019,-61.8366,332.57,0.43,0.38,2026-06-04,1737,N20,low,2.0NRT,304.47,4.57,D
-29.21941,-56.33743,332.1,0.38,0.36,2026-06-04,1732,N20,nominal,2.0NRT,293.92,4.21,D
-15.94727,-61.84113,337.93,0.43,0.38,2026-06-04,1737,N20,nominal,2.0NRT,303.72,4.4,D
-28.09265,-50.03295,356.11,0.42,0.45,2026-06-04,1732,N20,nominal,2.0NRT,291.89,9.69,D
-15.63459,-60.2618,333.37,0.39,0.36,2026-06-04,1737,N20,low,2.0NRT,304.32,2.78,D
-28.09501,-50.02724,356,0.42,0.45,2026-06-04,1732,N20,nominal,2.0NRT,292.89,15.6,D
-15.63072,-60.25872,331.24,0.39,0.36,2026-06-04,1737,N20,nominal,2.0NRT,303.01,2.78,D
-28.09585,-50.03149,351.37,0.42,0.45,2026-06-04,1732,N20,nominal,2.0NRT,295.68,15.6,D
-13.41209,-48.30823,330.65,0.52,0.67,2026-06-04,1737,N20,nominal,2.0NRT,297.64,4.32,D
-16.03368,-63.83948,334.32,0.53,0.42,2026-06-04,1737,N20,nominal,2.0NRT,299.67,4.35,D
-28.09669,-50.03573,328.29,0.42,0.45,2026-06-04,1732,N20,nominal,2.0NRT,293.54,15.24,D
-16.03434,-63.84446,332.75,0.53,0.42,2026-06-04,1737,N20,nominal,2.0NRT,300.8,4.35,D
-29.4631,-58.20756,334.16,0.41,0.37,2026-06-04,1732,N20,nominal,2.0NRT,289.79,2.97,D
-14.36191,-53.42619,340.38,0.46,0.47,2026-06-04,1737,N20,nominal,2.0NRT,305.49,4.41,D
-29.07262,-55.73114,342.56,0.38,0.36,2026-06-04,1732,N20,nominal,2.0NRT,290.72,14.97,D
-15.64094,-61.23349,336.98,0.41,0.37,2026-06-04,1737,N20,nominal,2.0NRT,305.87,4.44,D
-29.07324,-55.73509,331.95,0.38,0.36,2026-06-04,1732,N20,nominal,2.0NRT,288.88,14.97,D
-12.83958,-45.88424,330.47,0.77,0.77,2026-06-04,1737,N20,nominal,2.0NRT,294.01,10.43,D
-29.8519,-61.75048,341.45,0.4,0.44,2026-06-04,1732,N20,nominal,2.0NRT,293.67,10.13,D
-15.84654,-63.30408,333.72,0.5,0.41,2026-06-04,1737,N20,nominal,2.0NRT,303.37,4.13,D
-29.84781,-61.75108,354.02,0.4,0.44,2026-06-04,1732,N20,nominal,2.0NRT,293.85,10.13,D
-15.8428,-63.30463,331.86,0.5,0.41,2026-06-04,1737,N20,nominal,2.0NRT,300.62,4.83,D
-15.70401,-62.77996,326.38,0.47,0.39,2026-06-04,1737,N20,nominal,2.0NRT,296.93,0.09,D
-29.21523,-56.94754,329.56,0.39,0.36,2026-06-04,1732,N20,nominal,2.0NRT,274.31,2.53,D
-16.39993,-68.70158,367,0.37,0.58,2026-06-04,1737,N20,high,2.0NRT,292.79,18.2,D
-29.21189,-56.94818,347.41,0.39,0.36,2026-06-04,1732,N20,nominal,2.0NRT,284.48,25.65,D
-14.32241,-54.5214,333.54,0.4,0.44,2026-06-04,1737,N20,nominal,2.0NRT,302.16,2.52,D
-29.20856,-56.94881,340.84,0.39,0.36,2026-06-04,1732,N20,nominal,2.0NRT,277.51,25.65,D
-14.32246,-54.52209,331.14,0.4,0.44,2026-06-04,1737,N20,low,2.0NRT,301.44,2.71,D
-28.87504,-55.14797,329.66,0.39,0.36,2026-06-04,1732,N20,nominal,2.0NRT,293.67,2.46,D
-14.30606,-54.47571,341.99,0.4,0.44,2026-06-04,1737,N20,nominal,2.0NRT,304.38,6.26,D
-28.5451,-53.45407,334,0.43,0.38,2026-06-04,1732,N20,nominal,2.0NRT,295.11,2.26,D
-14.08725,-53.38708,352.15,0.47,0.48,2026-06-04,1737,N20,nominal,2.0NRT,305.43,14.55,D
-29.46508,-59.71333,340.79,0.47,0.4,2026-06-04,1732,N20,nominal,2.0NRT,292.34,3.71,D
-14.08209,-53.38353,336.44,0.47,0.48,2026-06-04,1737,N20,nominal,2.0NRT,304.95,11.02,D
-29.46568,-59.71817,327.03,0.47,0.4,2026-06-04,1732,N20,nominal,2.0NRT,289.34,3.71,D
-14.08287,-53.38789,346.34,0.47,0.48,2026-06-04,1737,N20,nominal,2.0NRT,309.14,14.55,D
-29.46202,-59.71878,333.23,0.47,0.4,2026-06-04,1732,N20,nominal,2.0NRT,289.48,4.16,D
-15.7586,-64.14299,356.1,0.55,0.43,2026-06-04,1737,N20,nominal,2.0NRT,300.42,18.44,D
-29.45719,-59.70969,330.26,0.47,0.4,2026-06-04,1732,N20,nominal,2.0NRT,291.38,6.22,D
-15.754,-64.13845,367,0.55,0.43,2026-06-04,1737,N20,high,2.0NRT,301.45,21.94,D
-15.61207,-63.08435,347.36,0.48,0.4,2026-06-04,1737,N20,nominal,2.0NRT,305,8.81,D
-29.45727,-59.70746,336.04,0.47,0.39,2026-06-04,1732,N20,nominal,2.0NRT,291.18,4.1,D
-15.74941,-64.13387,331.16,0.55,0.43,2026-06-04,1737,N20,nominal,2.0NRT,298.07,8.24,D
-28.79072,-55.12797,334.28,0.39,0.36,2026-06-04,1732,N20,nominal,2.0NRT,293.3,2.84,D
-15.75009,-64.139,341.99,0.55,0.43,2026-06-04,1737,N20,nominal,2.0NRT,303.01,21.94,D
-29.63023,-61.46232,343.16,0.57,0.43,2026-06-04,1732,N20,nominal,2.0NRT,281.9,17.14,D
-14.0618,-53.39629,343.84,0.47,0.48,2026-06-04,1737,N20,nominal,2.0NRT,307.76,8.4,D
-29.13053,-57.57666,330.38,0.4,0.37,2026-06-04,1732,N20,nominal,2.0NRT,278.33,5.35,D
-15.95292,-65.75386,331.74,0.46,0.47,2026-06-04,1737,N20,nominal,2.0NRT,294.41,3.58,D
-29.17499,-58.37903,351.09,0.42,0.37,2026-06-04,1732,N20,nominal,2.0NRT,298.22,10.78,D
-14.05186,-53.36659,341.44,0.47,0.48,2026-06-04,1737,N20,nominal,2.0NRT,301.58,6.18,D
-29.33947,-59.68737,336.2,0.46,0.39,2026-06-04,1732,N20,nominal,2.0NRT,291.52,2.92,D
-13.51848,-50.9389,337.26,0.35,0.57,2026-06-04,1737,N20,nominal,2.0NRT,298.2,4.18,D
-29.33968,-59.68964,331.3,0.46,0.39,2026-06-04,1732,N20,nominal,2.0NRT,291.69,2.85,D
-13.5191,-50.94213,348.9,0.35,0.57,2026-06-04,1737,N20,nominal,2.0NRT,299.94,4.18,D
-28.88608,-56.4617,333.9,0.38,0.36,2026-06-04,1732,N20,nominal,2.0NRT,285.08,2.89,D
-13.97012,-53.84797,330.01,0.44,0.46,2026-06-04,1737,N20,low,2.0NRT,303.7,2.7,D
-28.88906,-56.48144,343.51,0.38,0.36,2026-06-04,1732,N20,nominal,2.0NRT,284.89,10.27,D
-13.96586,-53.84869,334.01,0.44,0.46,2026-06-04,1737,N20,nominal,2.0NRT,302.59,2.7,D
-29.17802,-58.65177,330.4,0.42,0.38,2026-06-04,1732,N20,nominal,2.0NRT,298.35,3.13,D
-29.46285,-61.00997,343.36,0.54,0.42,2026-06-04,1732,N20,nominal,2.0NRT,301.86,34.96,D
-13.96159,-53.8494,333.23,0.44,0.46,2026-06-04,1737,N20,nominal,2.0NRT,300.64,3.71,D
-29.45831,-61.00499,345.53,0.54,0.42,2026-06-04,1732,N20,nominal,2.0NRT,286.03,34.96,D
-15.16185,-61.40032,341.94,0.41,0.37,2026-06-04,1737,N20,nominal,2.0NRT,304.44,19.93,D
-29.45895,-61.01056,347.34,0.54,0.42,2026-06-04,1732,N20,nominal,2.0NRT,286.35,34.96,D
-15.28134,-63.74207,338.94,0.51,0.41,2026-06-04,1737,N20,nominal,2.0NRT,300.55,7.93,D
-29.13732,-58.56081,344.2,0.42,0.38,2026-06-04,1732,N20,nominal,2.0NRT,312.3,28.77,D
-13.03481,-50.43342,350.24,0.38,0.59,2026-06-04,1737,N20,nominal,2.0NRT,292.58,0.51,D
-29.13791,-58.56514,347.39,0.42,0.38,2026-06-04,1732,N20,nominal,2.0NRT,300.36,28.77,D
-13.66053,-53.8659,333.33,0.45,0.47,2026-06-04,1737,N20,nominal,2.0NRT,299.63,4.99,D
-29.13385,-58.56141,341.75,0.42,0.38,2026-06-04,1732,N20,nominal,2.0NRT,299.32,4.7,D
-14.46047,-58.86135,332.88,0.39,0.36,2026-06-04,1737,N20,nominal,2.0NRT,302.73,2.44,D
-29.13443,-58.56575,334.96,0.42,0.38,2026-06-04,1732,N20,nominal,2.0NRT,300.25,4.7,D
-14.20961,-57.42208,339.78,0.43,0.38,2026-06-04,1737,N20,nominal,2.0NRT,305.08,6.09,D
-29.1356,-58.57444,325.13,0.42,0.38,2026-06-04,1732,N20,low,2.0NRT,298.49,4.81,D
-14.58351,-59.87971,347.87,0.38,0.36,2026-06-04,1737,N20,nominal,2.0NRT,309.68,9.01,D
-29.13618,-58.57878,329.16,0.42,0.38,2026-06-04,1732,N20,nominal,2.0NRT,298.05,4.48,D
-14.58405,-59.88327,339.15,0.38,0.36,2026-06-04,1737,N20,nominal,2.0NRT,305.44,9.01,D
-28.88491,-56.82013,333.93,0.39,0.36,2026-06-04,1732,N20,nominal,2.0NRT,278.37,4.62,D
-14.5802,-59.88026,338.84,0.38,0.36,2026-06-04,1737,N20,nominal,2.0NRT,312.65,4.22,D
-29.13271,-58.57938,347.01,0.42,0.38,2026-06-04,1732,N20,nominal,2.0NRT,299.77,4.48,D
-14.58074,-59.88381,335.04,0.38,0.36,2026-06-04,1737,N20,nominal,2.0NRT,309.76,4.22,D
-29.11936,-58.50633,330.71,0.42,0.38,2026-06-04,1732,N20,nominal,2.0NRT,296.55,2.34,D
-14.33839,-58.62175,332.96,0.39,0.37,2026-06-04,1737,N20,low,2.0NRT,306.83,38.78,D
-28.83982,-56.60887,345.46,0.39,0.36,2026-06-04,1732,N20,nominal,2.0NRT,276.92,6.44,D
-14.33896,-58.62541,338.3,0.39,0.36,2026-06-04,1737,N20,nominal,2.0NRT,307.55,38.78,D
-28.84041,-56.61282,350.15,0.39,0.36,2026-06-04,1732,N20,nominal,2.0NRT,279.23,7.91,D
-14.33447,-58.61866,336.95,0.39,0.37,2026-06-04,1737,N20,nominal,2.0NRT,308.16,4.52,D
-28.841,-56.61677,332.43,0.39,0.36,2026-06-04,1732,N20,nominal,2.0NRT,275.37,7.91,D
-14.33504,-58.62232,367,0.39,0.37,2026-06-04,1737,N20,low,2.0NRT,328.13,38.78,D
-28.8359,-56.60556,336.37,0.39,0.36,2026-06-04,1732,N20,nominal,2.0NRT,275.83,8.41,D
-14.33112,-58.61922,347.32,0.39,0.37,2026-06-04,1737,N20,nominal,2.0NRT,309.16,10.52,D
-28.83649,-56.60951,351.01,0.39,0.36,2026-06-04,1732,N20,nominal,2.0NRT,276.73,8.41,D
-14.33169,-58.62287,352.26,0.39,0.37,2026-06-04,1737,N20,nominal,2.0NRT,313.15,20.6,D
-28.83708,-56.61346,337.78,0.39,0.36,2026-06-04,1732,N20,nominal,2.0NRT,274.82,5.14,D
-14.32002,-58.63604,342.98,0.39,0.36,2026-06-04,1737,N20,nominal,2.0NRT,311.88,9.04,D
-28.83317,-56.61015,348.18,0.39,0.36,2026-06-04,1732,N20,nominal,2.0NRT,278.03,8.41,D
-14.32059,-58.63968,342.46,0.39,0.36,2026-06-04,1737,N20,nominal,2.0NRT,309.31,4.63,D
-29.10204,-58.53592,341.48,0.42,0.38,2026-06-04,1732,N20,nominal,2.0NRT,298.81,5.35,D
-14.31226,-58.65222,343.97,0.39,0.36,2026-06-04,1737,N20,nominal,2.0NRT,302.81,6.17,D
-29.43486,-61.29053,331.89,0.56,0.43,2026-06-04,1732,N20,nominal,2.0NRT,288.08,7.6,D
-15.18953,-64.8231,335.95,0.4,0.44,2026-06-04,1737,N20,nominal,2.0NRT,301.21,5.56,D
-29.43551,-61.29629,333.28,0.56,0.43,2026-06-04,1732,N20,nominal,2.0NRT,287.88,6.15,D
-15.19,-64.82678,337.78,0.4,0.44,2026-06-04,1737,N20,nominal,2.0NRT,299.77,5.47,D
-28.81907,-56.58443,336.47,0.39,0.36,2026-06-04,1732,N20,nominal,2.0NRT,278.11,3.55,D
-12.31174,-47.89968,337.09,0.58,0.7,2026-06-04,1737,N20,nominal,2.0NRT,293.92,8.12,D
-29.43266,-61.29352,340.62,0.56,0.43,2026-06-04,1732,N20,nominal,2.0NRT,289.7,17.68,D
-12.31094,-47.90178,343,0.58,0.7,2026-06-04,1737,N20,nominal,2.0NRT,294.94,8.31,D
-13.69907,-55.67316,332.74,0.52,0.42,2026-06-04,1737,N20,nominal,2.0NRT,301.86,5.08,D
-28.7573,-56.46278,331.37,0.38,0.36,2026-06-04,1732,N20,nominal,2.0NRT,283.34,2.09,D
-13.69526,-55.67382,333.21,0.52,0.42,2026-06-04,1737,N20,nominal,2.0NRT,300.43,7.76,D
-28.75398,-56.46343,335.5,0.38,0.36,2026-06-04,1732,N20,nominal,2.0NRT,281.68,4.47,D
-14.39863,-60.22713,344.41,0.39,0.36,2026-06-04,1737,N20,nominal,2.0NRT,313.3,5.91,D
-28.75457,-56.46737,333.11,0.38,0.36,2026-06-04,1732,N20,nominal,2.0NRT,283.79,5.93,D
-14.07055,-58.14341,332.89,0.41,0.37,2026-06-04,1737,N20,nominal,2.0NRT,301.49,5.14,D
-28.59136,-55.43583,330.74,0.39,0.36,2026-06-04,1732,N20,nominal,2.0NRT,295.43,2.48,D
-14.19208,-58.98838,335.31,0.39,0.36,2026-06-04,1737,N20,nominal,2.0NRT,294.22,80.18,D
-28.75277,-56.8213,333.67,0.39,0.36,2026-06-04,1732,N20,nominal,2.0NRT,277.73,5.38,D
-14.18875,-58.98893,367,0.39,0.36,2026-06-04,1737,N20,high,2.0NRT,343.9,80.18,D
-28.75335,-56.82526,325.87,0.39,0.36,2026-06-04,1732,N20,nominal,2.0NRT,273.61,3.85,D
-14.18819,-58.98534,339.11,0.39,0.36,2026-06-04,1737,N20,nominal,2.0NRT,312.96,66.28,D
-28.75002,-56.8259,349.58,0.39,0.36,2026-06-04,1732,N20,nominal,2.0NRT,275.77,3.85,D
-14.18375,-58.97873,340.2,0.39,0.36,2026-06-04,1737,N20,nominal,2.0NRT,298.88,18.04,D
-28.74669,-56.82654,343.97,0.39,0.36,2026-06-04,1732,N20,nominal,2.0NRT,275.74,5.13,D
-14.1843,-58.9823,348.07,0.39,0.36,2026-06-04,1737,N20,nominal,2.0NRT,316.54,27.29,D
-28.74728,-56.8305,343.39,0.39,0.36,2026-06-04,1732,N20,nominal,2.0NRT,275.58,5.13,D
-14.18486,-58.98589,355.75,0.39,0.36,2026-06-04,1737,N20,nominal,2.0NRT,318.59,27.29,D
-28.87479,-57.81924,327.17,0.4,0.37,2026-06-04,1732,N20,nominal,2.0NRT,284.47,2.07,D
-14.18542,-58.98948,339.42,0.39,0.36,2026-06-04,1737,N20,nominal,2.0NRT,313.41,5.89,D
-28.61492,-56.08501,329,0.38,0.36,2026-06-04,1732,N20,nominal,2.0NRT,294.83,1.46,D
-14.18598,-58.99306,341.5,0.39,0.36,2026-06-04,1737,N20,nominal,2.0NRT,311.46,5.89,D
-27.87101,-52.02253,329.54,0.5,0.41,2026-06-04,1732,N20,nominal,2.0NRT,293.37,3.71,D
-14.17986,-58.97569,355.88,0.39,0.36,2026-06-04,1737,N20,nominal,2.0NRT,311.19,18.04,D
-28.60473,-56.55661,327.16,0.38,0.36,2026-06-04,1732,N20,nominal,2.0NRT,276.99,3.39,D
-14.18042,-58.97927,345.57,0.39,0.36,2026-06-04,1737,N20,nominal,2.0NRT,316.85,18.04,D
-28.60532,-56.56055,330.46,0.38,0.36,2026-06-04,1732,N20,nominal,2.0NRT,278.32,2.89,D
-14.18265,-58.99361,341.6,0.39,0.36,2026-06-04,1737,N20,nominal,2.0NRT,312.53,5.89,D
-28.75794,-57.63067,327.94,0.4,0.37,2026-06-04,1732,N20,nominal,2.0NRT,282.16,1.53,D
-14.18321,-58.99719,341.64,0.39,0.36,2026-06-04,1737,N20,nominal,2.0NRT,310.65,17.1,D
-28.56809,-56.46629,332.69,0.38,0.36,2026-06-04,1732,N20,nominal,2.0NRT,281.74,3.99,D
-14.17597,-58.97265,338.46,0.39,0.36,2026-06-04,1737,N20,nominal,2.0NRT,298.79,2.71,D
-28.56596,-56.4748,344.23,0.38,0.36,2026-06-04,1732,N20,nominal,2.0NRT,280.09,3.83,D
-14.8777,-63.94799,332.53,0.52,0.42,2026-06-04,1737,N20,nominal,2.0NRT,299.39,3.39,D
-28.56205,-56.47151,328.94,0.38,0.36,2026-06-04,1732,N20,nominal,2.0NRT,279.48,3.83,D
-14.146,-58.97754,343.64,0.39,0.36,2026-06-04,1737,N20,nominal,2.0NRT,304.81,4.82,D
-14.88222,-64.30634,330.57,0.55,0.43,2026-06-04,1737,N20,nominal,2.0NRT,299.38,2.97,D
-28.55933,-56.47609,336.58,0.38,0.36,2026-06-04,1732,N20,nominal,2.0NRT,280.11,3.4,D
-14.10108,-59.38826,342.02,0.39,0.36,2026-06-04,1737,N20,nominal,2.0NRT,307.53,4.99,D
-28.55243,-56.45314,334.68,0.38,0.36,2026-06-04,1732,N20,nominal,2.0NRT,281.47,2.57,D
-14.09777,-59.38881,354.76,0.39,0.36,2026-06-04,1737,N20,nominal,2.0NRT,310.37,23.59,D
-28.55601,-56.47673,341.47,0.38,0.36,2026-06-04,1732,N20,nominal,2.0NRT,281.42,3.4,D
-14.09832,-59.39237,355.38,0.39,0.36,2026-06-04,1737,N20,nominal,2.0NRT,310.93,9.12,D
-28.7278,-57.644,342.86,0.4,0.37,2026-06-04,1732,N20,nominal,2.0NRT,286.4,5.37,D
-14.09887,-59.39593,345.03,0.39,0.36,2026-06-04,1737,N20,nominal,2.0NRT,307.64,9.12,D
-28.54912,-56.45379,329.92,0.38,0.36,2026-06-04,1732,N20,nominal,2.0NRT,282.22,2,D
-14.09941,-59.39948,335.77,0.39,0.36,2026-06-04,1737,N20,low,2.0NRT,307.04,4,D
-28.54971,-56.45772,330.43,0.38,0.36,2026-06-04,1732,N20,nominal,2.0NRT,282.72,3.4,D
-14.09555,-59.39647,347.42,0.39,0.36,2026-06-04,1737,N20,nominal,2.0NRT,307.44,9.12,D
-28.56184,-56.56061,326.21,0.38,0.36,2026-06-04,1732,N20,nominal,2.0NRT,281.86,1.8,D
-14.0961,-59.40002,344,0.39,0.36,2026-06-04,1737,N20,nominal,2.0NRT,307.82,4,D
-28.56955,-56.61178,327.41,0.38,0.36,2026-06-04,1732,N20,nominal,2.0NRT,275.12,4.86,D
-14.09114,-59.38988,341.22,0.39,0.36,2026-06-04,1737,N20,nominal,2.0NRT,308.47,4.56,D
-28.57014,-56.61572,342.11,0.38,0.36,2026-06-04,1732,N20,nominal,2.0NRT,281.45,22.09,D
-14.09169,-59.39344,334.13,0.39,0.36,2026-06-04,1737,N20,low,2.0NRT,307.41,4.23,D
-28.58079,-56.68664,328.61,0.39,0.36,2026-06-04,1732,N20,nominal,2.0NRT,282.63,2.48,D
-12.76666,-52.97883,347.45,0.53,0.5,2026-06-04,1737,N20,nominal,2.0NRT,304.18,56.48,D
-28.52637,-56.34901,336.72,0.38,0.36,2026-06-04,1732,N20,nominal,2.0NRT,289.17,3.35,D
-14.48015,-63.68887,339.54,0.5,0.41,2026-06-04,1737,N20,nominal,2.0NRT,303.64,20.04,D
-28.51282,-56.32739,325.89,0.38,0.36,2026-06-04,1732,N20,nominal,2.0NRT,289.7,2.38,D
-12.90703,-53.90231,330.38,0.46,0.47,2026-06-04,1737,N20,nominal,2.0NRT,299.89,5.12,D
-28.51342,-56.33131,330.23,0.38,0.36,2026-06-04,1732,N20,nominal,2.0NRT,289.82,2.38,D
-11.57297,-47.24946,331.92,0.66,0.73,2026-06-04,1737,N20,nominal,2.0NRT,289.71,8.95,D
-28.5781,-56.7602,346.28,0.39,0.36,2026-06-04,1732,N20,nominal,2.0NRT,287.74,5.47,D
-11.96176,-49.29798,367,0.48,0.65,2026-06-04,1737,N20,high,2.0NRT,297.19,7.51,D
-28.51011,-56.33197,325.3,0.38,0.36,2026-06-04,1732,N20,nominal,2.0NRT,289.24,3.45,D
-11.955,-49.29489,367,0.48,0.65,2026-06-04,1737,N20,high,2.0NRT,297.56,23.89,D
-28.49896,-56.32605,341.2,0.38,0.36,2026-06-04,1732,N20,nominal,2.0NRT,289.21,3.94,D
-11.95585,-49.29915,352.63,0.48,0.65,2026-06-04,1737,N20,nominal,2.0NRT,301.02,23.89,D
-28.44443,-56.0821,331.52,0.38,0.36,2026-06-04,1732,N20,nominal,2.0NRT,298.55,3.26,D
-14.63426,-65.79195,339.36,0.45,0.47,2026-06-04,1737,N20,nominal,2.0NRT,297.85,13.75,D
-28.44504,-56.08603,326.15,0.38,0.36,2026-06-04,1732,N20,nominal,2.0NRT,296.68,3.26,D
-12.74266,-54.71902,335.48,0.41,0.45,2026-06-04,1737,N20,nominal,2.0NRT,299.38,20.47,D
-28.44836,-56.26321,339.16,0.38,0.36,2026-06-04,1732,N20,nominal,2.0NRT,292.12,6.05,D
-12.73855,-54.71972,341.79,0.41,0.45,2026-06-04,1737,N20,nominal,2.0NRT,301.46,20.47,D
-29.12228,-61.40673,341.24,0.56,0.43,2026-06-04,1732,N20,nominal,2.0NRT,290.47,6.23,D
-12.73922,-54.72349,346.65,0.41,0.45,2026-06-04,1737,N20,nominal,2.0NRT,308.09,32.02,D
-28.41066,-56.08473,345.76,0.38,0.36,2026-06-04,1732,N20,nominal,2.0NRT,298.36,13.21,D
-12.73989,-54.72726,353.97,0.41,0.45,2026-06-04,1737,N20,nominal,2.0NRT,303.33,32.02,D
-28.41126,-56.08865,354.23,0.38,0.36,2026-06-04,1732,N20,nominal,2.0NRT,298.8,5.95,D
-12.73579,-54.72795,367,0.41,0.45,2026-06-04,1737,N20,high,2.0NRT,298.11,12.76,D
-28.41187,-56.09258,325.01,0.38,0.36,2026-06-04,1732,N20,low,2.0NRT,297.39,5.95,D
-12.73444,-54.72043,343.18,0.41,0.45,2026-06-04,1737,N20,nominal,2.0NRT,293.08,6.43,D
-28.78448,-58.68998,331.01,0.42,0.38,2026-06-04,1732,N20,nominal,2.0NRT,295.09,3.25,D
-12.73511,-54.72419,345.2,0.41,0.45,2026-06-04,1737,N20,nominal,2.0NRT,293,12.76,D
-28.40673,-56.08146,331,0.38,0.36,2026-06-04,1732,N20,nominal,2.0NRT,297.05,13.21,D
-12.73646,-54.73172,356.16,0.41,0.45,2026-06-04,1737,N20,nominal,2.0NRT,301.73,17.37,D
-28.40734,-56.08538,354.11,0.38,0.36,2026-06-04,1732,N20,nominal,2.0NRT,304.24,13.21,D
-12.73713,-54.73548,356.25,0.41,0.45,2026-06-04,1737,N20,nominal,2.0NRT,304.47,17.37,D
-28.40399,-56.08141,326.41,0.38,0.36,2026-06-04,1732,N20,nominal,2.0NRT,295.63,6.72,D
-12.73779,-54.73923,337.67,0.41,0.45,2026-06-04,1737,N20,nominal,2.0NRT,301.22,12.47,D
-28.40459,-56.08533,355.56,0.38,0.36,2026-06-04,1732,N20,nominal,2.0NRT,302.36,6.72,D
-12.73302,-54.73616,344.47,0.41,0.45,2026-06-04,1737,N20,nominal,2.0NRT,302.41,17.37,D
-28.4052,-56.08925,338.45,0.38,0.36,2026-06-04,1732,N20,nominal,2.0NRT,297.6,4.19,D
-12.73369,-54.7399,354.51,0.41,0.45,2026-06-04,1737,N20,nominal,2.0NRT,306.91,12.47,D
-28.78291,-58.68865,326.25,0.42,0.38,2026-06-04,1732,N20,nominal,2.0NRT,294.02,2.87,D
-12.73435,-54.74361,342.86,0.41,0.45,2026-06-04,1737,N20,nominal,2.0NRT,299.28,12.47,D
-28.40128,-56.08599,330.47,0.38,0.36,2026-06-04,1732,N20,nominal,2.0NRT,297.67,6.72,D
-12.72958,-54.74056,333.72,0.41,0.45,2026-06-04,1737,N20,nominal,2.0NRT,299.71,3.31,D
-29.12392,-61.40767,339.07,0.56,0.43,2026-06-04,1732,N20,nominal,2.0NRT,291.67,6.9,D
-14.24871,-64.65012,356.56,0.56,0.43,2026-06-04,1737,N20,nominal,2.0NRT,303.49,19.35,D
-27.47421,-50.87647,325.92,0.39,0.44,2026-06-04,1732,N20,nominal,2.0NRT,288.74,2.92,D
-14.24475,-64.65067,348.98,0.56,0.43,2026-06-04,1737,N20,nominal,2.0NRT,302.62,19.35,D
-14.2461,-64.66112,335.98,0.56,0.43,2026-06-04,1737,N20,nominal,2.0NRT,304.29,19.03,D
-28.40571,-56.51736,330.87,0.38,0.36,2026-06-04,1732,N20,nominal,2.0NRT,285.99,4.13,D
-12.73064,-54.74039,349.8,0.41,0.45,2026-06-04,1737,N20,nominal,2.0NRT,301.87,7.31,D
-28.4063,-56.52128,341.45,0.38,0.36,2026-06-04,1732,N20,nominal,2.0NRT,289.52,4.13,D
-14.24928,-64.6466,337.82,0.56,0.43,2026-06-04,1737,N20,nominal,2.0NRT,300.49,8.55,D
-28.40358,-56.52585,335.44,0.38,0.36,2026-06-04,1732,N20,nominal,2.0NRT,290.1,20.77,D
-14.24999,-64.6518,345.68,0.56,0.43,2026-06-04,1737,N20,nominal,2.0NRT,301.06,10.37,D
-28.40417,-56.52978,332.92,0.38,0.36,2026-06-04,1732,N20,nominal,2.0NRT,290.66,20.77,D
-14.24532,-64.64716,333.67,0.56,0.43,2026-06-04,1737,N20,nominal,2.0NRT,299.34,9.82,D
-28.39966,-56.52257,331.89,0.38,0.36,2026-06-04,1732,N20,nominal,2.0NRT,288.92,4.31,D
-14.24603,-64.65235,331.2,0.56,0.43,2026-06-04,1737,N20,nominal,2.0NRT,301.55,12.08,D
-28.40026,-56.5265,341.2,0.38,0.36,2026-06-04,1732,N20,nominal,2.0NRT,305.73,20.77,D
-14.24674,-64.65756,334.84,0.56,0.43,2026-06-04,1737,N20,nominal,2.0NRT,300.91,12.08,D
-14.24207,-64.6529,347.03,0.56,0.43,2026-06-04,1737,N20,nominal,2.0NRT,302.5,12.08,D
-28.40085,-56.53042,337.37,0.38,0.36,2026-06-04,1732,N20,nominal,2.0NRT,299.48,20.77,D
-12.67784,-54.58192,338.83,0.42,0.45,2026-06-04,1737,N20,nominal,2.0NRT,303.9,4.91,D
-28.39634,-56.52321,367,0.38,0.36,2026-06-04,1732,N20,high,2.0NRT,293.76,12.37,D
-14.14029,-64.61433,328.23,0.56,0.43,2026-06-04,1737,N20,low,2.0NRT,299.89,6.87,D
-28.39694,-56.52714,367,0.38,0.36,2026-06-04,1732,N20,high,2.0NRT,336.18,54.28,D
-14.13701,-64.62006,336.71,0.56,0.43,2026-06-04,1737,N20,nominal,2.0NRT,300.16,8.49,D
-28.39753,-56.53106,353.36,0.38,0.36,2026-06-04,1732,N20,nominal,2.0NRT,294.7,54.28,D
-14.14144,-64.61647,329.52,0.56,0.43,2026-06-04,1737,N20,low,2.0NRT,301.55,4.62,D
-28.79158,-59.35146,332.64,0.45,0.39,2026-06-04,1732,N20,nominal,2.0NRT,292.39,2.65,D
-14.1375,-64.61702,335.03,0.56,0.43,2026-06-04,1737,N20,nominal,2.0NRT,300.32,4.62,D
-12.09567,-51.98728,356.29,0.63,0.54,2026-06-04,1737,N20,nominal,2.0NRT,300.56,22.71,D
-28.39302,-56.52385,333.47,0.38,0.36,2026-06-04,1732,N20,nominal,2.0NRT,291.76,12.37,D
-12.09673,-51.993,337.7,0.63,0.54,2026-06-04,1737,N20,nominal,2.0NRT,299.9,32.38,D
-28.39362,-56.52777,354.44,0.38,0.36,2026-06-04,1732,N20,nominal,2.0NRT,298.35,54.28,D
-12.09068,-51.98809,347.74,0.63,0.54,2026-06-04,1737,N20,nominal,2.0NRT,299.35,22.71,D
-28.76162,-59.1756,335.21,0.44,0.38,2026-06-04,1732,N20,nominal,2.0NRT,295.3,3.15,D
-12.09174,-51.99384,353.93,0.63,0.54,2026-06-04,1737,N20,nominal,2.0NRT,304.62,32.38,D
-27.36259,-50.73681,349.38,0.4,0.44,2026-06-04,1732,N20,nominal,2.0NRT,290.36,6.27,D
-12.0928,-51.99956,346.98,0.63,0.54,2026-06-04,1737,N20,nominal,2.0NRT,298.91,32.38,D
-28.69878,-58.85926,334.59,0.43,0.38,2026-06-04,1732,N20,nominal,2.0NRT,297.62,4.76,D
-10.93689,-46.93962,340.94,0.72,0.75,2026-06-04,1737,N20,nominal,2.0NRT,291.16,18.94,D
-28.69936,-58.86365,325.83,0.43,0.38,2026-06-04,1732,N20,nominal,2.0NRT,298.34,6.98,D
-11.44703,-49.48601,334.54,0.48,0.64,2026-06-04,1737,N20,nominal,2.0NRT,297.06,8.21,D
-28.38892,-56.67828,343.36,0.38,0.36,2026-06-04,1732,N20,nominal,2.0NRT,291.38,5.04,D
-11.44788,-49.49033,349.36,0.48,0.64,2026-06-04,1737,N20,nominal,2.0NRT,296.35,8.56,D
-28.69528,-58.85987,335.25,0.43,0.38,2026-06-04,1732,N20,nominal,2.0NRT,297.02,4.76,D
-11.44396,-49.4887,367,0.48,0.64,2026-06-04,1739,N20,high,2.0NRT,298.79,10.92,D
-28.38649,-56.67853,339.78,0.38,0.36,2026-06-04,1732,N20,nominal,2.0NRT,291.44,3.77,D
-10.93762,-46.93867,339.49,0.72,0.75,2026-06-04,1739,N20,nominal,2.0NRT,289.85,7.81,D
-28.69858,-58.86256,341.8,0.43,0.38,2026-06-04,1732,N20,nominal,2.0NRT,301.78,13.41,D
-12.91849,-58.02241,344.77,0.42,0.37,2026-06-04,1739,N20,nominal,2.0NRT,307.16,25.12,D
-27.35901,-50.73774,326.19,0.4,0.44,2026-06-04,1732,N20,nominal,2.0NRT,287,1.7,D
-12.91506,-58.02301,354.03,0.42,0.37,2026-06-04,1739,N20,nominal,2.0NRT,304.27,25.12,D
-28.65015,-59.14706,331.52,0.44,0.38,2026-06-04,1732,N20,nominal,2.0NRT,294.83,3.18,D
-10.86985,-46.92404,337.79,0.72,0.76,2026-06-04,1739,N20,nominal,2.0NRT,292.21,7.62,D
-28.22327,-56.18952,337.42,0.38,0.36,2026-06-04,1732,N20,nominal,2.0NRT,299.6,32.38,D
-10.806,-47.03257,350.1,0.71,0.75,2026-06-04,1739,N20,nominal,2.0NRT,293.36,46.55,D
-28.21996,-56.19017,343.42,0.38,0.36,2026-06-04,1732,N20,nominal,2.0NRT,308.1,32.38,D
-10.79789,-47.02811,367,0.71,0.75,2026-06-04,1739,N20,high,2.0NRT,291.24,176.38,D
-28.23409,-56.30436,325.51,0.38,0.36,2026-06-04,1732,N20,low,2.0NRT,296.39,1.53,D
-10.79918,-47.03424,354.75,0.71,0.75,2026-06-04,1739,N20,nominal,2.0NRT,291,46.55,D
-11.68835,-51.45009,347.26,0.35,0.57,2026-06-04,1739,N20,nominal,2.0NRT,296.68,3.3,D
-28.58062,-58.92216,332.08,0.43,0.38,2026-06-04,1732,N20,nominal,2.0NRT,295.24,2.27,D
-13.74988,-64.21134,331.47,0.52,0.42,2026-06-04,1739,N20,nominal,2.0NRT,299.51,1.94,D
-28.57553,-59.15396,339.61,0.44,0.38,2026-06-04,1732,N20,nominal,2.0NRT,296.46,3.78,D
-11.68761,-51.45138,332.7,0.35,0.57,2026-06-04,1739,N20,nominal,2.0NRT,295.57,2.24,D
-28.22742,-56.72927,340.07,0.38,0.36,2026-06-04,1732,N20,nominal,2.0NRT,293.77,4.87,D
-13.6627,-63.66741,333.83,0.49,0.4,2026-06-04,1739,N20,nominal,2.0NRT,303.07,5.19,D
-28.00571,-55.47561,336.34,0.39,0.36,2026-06-04,1732,N20,nominal,2.0NRT,296.08,4.22,D
-10.80384,-47.02055,343.62,0.71,0.75,2026-06-04,1739,N20,nominal,2.0NRT,291.73,54.57,D
-28.33113,-57.72307,337.56,0.4,0.37,2026-06-04,1732,N20,nominal,2.0NRT,271.54,6.92,D
-10.80645,-47.03342,333.34,0.71,0.75,2026-06-04,1739,N20,nominal,2.0NRT,292.8,59.87,D
-28.44554,-58.55215,345.78,0.42,0.37,2026-06-04,1732,N20,nominal,2.0NRT,296.63,5.42,D
-14.57119,-71.05616,344,0.51,0.66,2026-06-04,1739,N20,nominal,2.0NRT,293.99,6.12,D
-28.44611,-58.55641,331.7,0.42,0.37,2026-06-04,1732,N20,nominal,2.0NRT,295.77,5.42,D
-10.79837,-47.02895,367,0.71,0.75,2026-06-04,1739,N20,high,2.0NRT,292.08,30.89,D
-28.07574,-56.04925,330.67,0.38,0.36,2026-06-04,1732,N20,nominal,2.0NRT,297.25,3.46,D
-10.79962,-47.03509,353.72,0.71,0.75,2026-06-04,1739,N20,nominal,2.0NRT,290.84,30.89,D
-13.92414,-65.75011,344.01,0.43,0.46,2026-06-04,1739,N20,nominal,2.0NRT,296.76,6.04,D
-28.0621,-56.04372,339.02,0.38,0.36,2026-06-04,1732,N20,nominal,2.0NRT,297.31,8.3,D
-11.35426,-50.05162,337.04,0.44,0.62,2026-06-04,1739,N20,nominal,2.0NRT,295.34,6.16,D
-28.0627,-56.04763,340.5,0.38,0.36,2026-06-04,1732,N20,nominal,2.0NRT,300.12,8.3,D
-11.34933,-50.05673,332.53,0.44,0.62,2026-06-04,1739,N20,nominal,2.0NRT,294.86,4.45,D
-28.05878,-56.04437,325.17,0.38,0.36,2026-06-04,1732,N20,low,2.0NRT,295.31,3.02,D
-11.6574,-51.68873,367,0.34,0.56,2026-06-04,1739,N20,high,2.0NRT,297.44,6.02,D
-28.45626,-58.87962,329.7,0.43,0.38,2026-06-04,1732,N20,nominal,2.0NRT,294.58,1.94,D
-12.17997,-54.53975,330.09,0.43,0.46,2026-06-04,1739,N20,low,2.0NRT,303.19,4.21,D
-28.01022,-56.06202,343.71,0.38,0.36,2026-06-04,1732,N20,nominal,2.0NRT,297.96,4.08,D
-13.8064,-65.44701,335.22,0.41,0.45,2026-06-04,1739,N20,nominal,2.0NRT,299.04,2.73,D
-28.0069,-56.06268,348.51,0.38,0.36,2026-06-04,1732,N20,nominal,2.0NRT,299.6,8.42,D
-12.15089,-54.64942,348.34,0.42,0.45,2026-06-04,1739,N20,nominal,2.0NRT,299.16,7.2,D
-28.29371,-58.45509,332.78,0.41,0.37,2026-06-04,1732,N20,nominal,2.0NRT,287.88,24.46,D
-12.55105,-57.18679,337.69,0.45,0.39,2026-06-04,1739,N20,nominal,2.0NRT,307.12,4.84,D
-12.77531,-59.00292,333.85,0.39,0.36,2026-06-04,1739,N20,low,2.0NRT,306.5,2.89,D
-28.29086,-58.4599,333.21,0.41,0.37,2026-06-04,1732,N20,nominal,2.0NRT,287.53,3.8,D
-28.28742,-58.4605,332.15,0.41,0.37,2026-06-04,1732,N20,nominal,2.0NRT,286.93,3.8,D
-12.77588,-59.00654,341.28,0.39,0.36,2026-06-04,1739,N20,nominal,2.0NRT,308.92,2.89,D
-27.235,-52.12943,329.63,0.51,0.41,2026-06-04,1732,N20,nominal,2.0NRT,294.77,9.41,D
-27.70958,-54.95034,327.32,0.4,0.37,2026-06-04,1732,N20,nominal,2.0NRT,294.26,2.1,D
-12.76691,-58.99312,344.03,0.39,0.37,2026-06-04,1739,N20,nominal,2.0NRT,305.46,12.54,D
-27.13371,-51.91835,329.88,0.52,0.42,2026-06-04,1732,N20,nominal,2.0NRT,295.41,3.42,D
-12.76356,-58.99368,345.29,0.39,0.37,2026-06-04,1739,N20,nominal,2.0NRT,306.12,12.54,D
-27.68831,-55.35915,331.38,0.39,0.36,2026-06-04,1732,N20,nominal,2.0NRT,298.08,8.36,D
-11.35675,-51.1304,330.85,0.37,0.58,2026-06-04,1739,N20,nominal,2.0NRT,296.97,4.31,D
-28.37468,-60.38251,333.46,0.49,0.4,2026-06-04,1732,N20,nominal,2.0NRT,293.7,4.1,D
-11.35739,-51.13379,348.76,0.37,0.58,2026-06-04,1739,N20,nominal,2.0NRT,297.49,4.06,D
-28.21764,-59.27792,331.34,0.44,0.38,2026-06-04,1732,N20,nominal,2.0NRT,294.78,6.05,D
-11.35804,-51.1372,329.95,0.37,0.58,2026-06-04,1739,N20,nominal,2.0NRT,295.86,4.06,D
-28.21411,-59.27851,343.76,0.44,0.38,2026-06-04,1732,N20,nominal,2.0NRT,296.82,6.39,D
-13.73364,-66.14221,338.06,0.46,0.47,2026-06-04,1739,N20,nominal,2.0NRT,294.79,2.85,D
-28.21423,-59.27658,330.66,0.44,0.38,2026-06-04,1732,N20,nominal,2.0NRT,294.18,3.63,D
-13.7065,-66.17171,334.88,0.46,0.47,2026-06-04,1739,N20,nominal,2.0NRT,295.06,7.79,D
-28.21482,-59.28104,338.34,0.44,0.38,2026-06-04,1732,N20,nominal,2.0NRT,295.6,5.56,D
-13.69835,-66.17713,337.41,0.46,0.47,2026-06-04,1739,N20,nominal,2.0NRT,295.06,5.11,D
-27.91085,-57.47627,334.44,0.39,0.36,2026-06-04,1732,N20,nominal,2.0NRT,289.08,4.76,D
-12.57285,-58.38304,335.82,0.41,0.37,2026-06-04,1739,N20,nominal,2.0NRT,300.55,3.55,D
-27.91143,-57.48025,333.73,0.39,0.36,2026-06-04,1732,N20,nominal,2.0NRT,291.77,4.76,D
-13.70502,-66.17087,328.66,0.46,0.47,2026-06-04,1739,N20,nominal,2.0NRT,296.39,4.11,D
-27.99517,-58.1903,330.97,0.4,0.37,2026-06-04,1732,N20,nominal,2.0NRT,297.23,3.18,D
-11.33593,-51.39152,367,0.36,0.57,2026-06-04,1739,N20,high,2.0NRT,298.18,7.1,D
-27.67769,-56.08602,351.88,0.38,0.36,2026-06-04,1732,N20,nominal,2.0NRT,304.18,13.37,D
-11.33069,-51.39249,367,0.36,0.57,2026-06-04,1739,N20,high,2.0NRT,298.51,7.1,D
-27.6783,-56.08992,335.24,0.38,0.36,2026-06-04,1732,N20,nominal,2.0NRT,303.7,13.37,D
-11.33008,-51.38922,342.97,0.36,0.57,2026-06-04,1739,N20,nominal,2.0NRT,297.88,7.1,D
-27.67437,-56.08667,332.84,0.38,0.36,2026-06-04,1732,N20,nominal,2.0NRT,297.1,13.37,D
-27.67498,-56.09058,344.33,0.38,0.36,2026-06-04,1732,N20,nominal,2.0NRT,298.12,13.37,D
-11.79731,-54.01924,330.34,0.47,0.48,2026-06-04,1739,N20,nominal,2.0NRT,298.55,3.5,D
-28.02563,-58.48695,329.06,0.41,0.37,2026-06-04,1732,N20,nominal,2.0NRT,295.3,0.81,D
-11.55654,-52.78475,353.24,0.57,0.52,2026-06-04,1739,N20,nominal,2.0NRT,301.76,29.44,D
-27.64847,-56.11239,347.82,0.38,0.36,2026-06-04,1732,N20,nominal,2.0NRT,298.17,4.32,D
-10.46443,-47.48824,342.56,0.67,0.74,2026-06-04,1739,N20,nominal,2.0NRT,289.01,9.72,D
-27.64907,-56.11629,330.38,0.38,0.36,2026-06-04,1732,N20,nominal,2.0NRT,296.56,7.13,D
-12.46737,-58.47004,340.29,0.41,0.37,2026-06-04,1739,N20,nominal,2.0NRT,309.22,5.22,D
-27.61774,-55.93741,340.21,0.39,0.36,2026-06-04,1732,N20,nominal,2.0NRT,303.82,20.47,D
-12.46398,-58.47061,344.8,0.41,0.37,2026-06-04,1739,N20,nominal,2.0NRT,310.37,5.22,D
-27.64454,-56.10914,335.28,0.38,0.36,2026-06-04,1732,N20,nominal,2.0NRT,297.05,4.32,D
-12.46457,-58.47436,337.31,0.41,0.37,2026-06-04,1739,N20,low,2.0NRT,309.02,7.9,D
-27.64515,-56.11304,329.1,0.38,0.36,2026-06-04,1732,N20,nominal,2.0NRT,297.49,4.32,D
-12.45048,-58.40747,343.64,0.41,0.37,2026-06-04,1739,N20,nominal,2.0NRT,304.09,8.55,D
-27.64576,-56.11694,354.54,0.38,0.36,2026-06-04,1732,N20,nominal,2.0NRT,300.06,7.13,D
-12.45108,-58.41122,339.77,0.41,0.37,2026-06-04,1739,N20,nominal,2.0NRT,302.49,8.55,D
-27.64697,-56.12474,330.35,0.38,0.36,2026-06-04,1732,N20,nominal,2.0NRT,296.29,2.04,D
-12.45998,-58.46741,336.97,0.41,0.37,2026-06-04,1739,N20,nominal,2.0NRT,302.63,4.28,D
-27.61381,-55.93415,330.88,0.39,0.36,2026-06-04,1732,N20,nominal,2.0NRT,299.9,2.3,D
-12.46058,-58.47118,343.08,0.41,0.37,2026-06-04,1739,N20,nominal,2.0NRT,309.94,4.28,D
-27.64123,-56.10979,327.96,0.38,0.36,2026-06-04,1732,N20,nominal,2.0NRT,297.05,2.28,D
-12.46117,-58.47494,335.65,0.41,0.37,2026-06-04,1739,N20,low,2.0NRT,308.17,6.36,D
-27.64183,-56.11369,329.4,0.38,0.36,2026-06-04,1732,N20,nominal,2.0NRT,297.8,2.28,D
-12.44589,-58.40055,332.44,0.41,0.37,2026-06-04,1739,N20,nominal,2.0NRT,299.48,8.2,D
-27.64244,-56.11759,339.49,0.38,0.36,2026-06-04,1732,N20,nominal,2.0NRT,296.76,3.57,D
-12.44648,-58.4043,341.99,0.41,0.37,2026-06-04,1739,N20,nominal,2.0NRT,305.79,8.2,D
-27.64426,-56.12928,343.26,0.38,0.36,2026-06-04,1732,N20,nominal,2.0NRT,299.84,85.72,D
-12.44767,-58.4118,347.71,0.41,0.37,2026-06-04,1739,N20,nominal,2.0NRT,304.75,8.55,D
-27.63701,-56.12669,367,0.38,0.36,2026-06-04,1732,N20,high,2.0NRT,299.33,5.85,D
-12.45658,-58.46798,346.32,0.41,0.37,2026-06-04,1739,N20,nominal,2.0NRT,304.96,4.28,D
-27.63641,-56.1228,337.95,0.38,0.36,2026-06-04,1732,N20,nominal,2.0NRT,297.86,3.09,D
-12.45717,-58.47174,347.15,0.41,0.37,2026-06-04,1739,N20,nominal,2.0NRT,310.03,4.28,D
-27.63762,-56.13059,333.22,0.38,0.36,2026-06-04,1732,N20,nominal,2.0NRT,296.67,5.85,D
-12.45318,-58.46854,367,0.41,0.37,2026-06-04,1739,N20,high,2.0NRT,349.73,216.56,D
-27.62827,-56.13644,330.64,0.38,0.36,2026-06-04,1732,N20,nominal,2.0NRT,296.31,3.33,D
-12.45377,-58.4723,367,0.41,0.37,2026-06-04,1739,N20,high,2.0NRT,326.82,216.56,D
-27.62888,-56.14034,335.47,0.38,0.36,2026-06-04,1732,N20,nominal,2.0NRT,297.5,3.33,D
-12.44248,-58.40113,353.94,0.41,0.37,2026-06-04,1739,N20,nominal,2.0NRT,311.45,35.41,D
-28.1633,-60.29013,330.13,0.48,0.4,2026-06-04,1732,N20,nominal,2.0NRT,293.51,2.7,D
-12.44367,-58.40863,348.38,0.41,0.37,2026-06-04,1739,N20,nominal,2.0NRT,310.16,31.07,D
-27.33509,-54.78838,334.57,0.4,0.37,2026-06-04,1732,N20,nominal,2.0NRT,294.34,3.28,D
-12.44426,-58.41238,349.2,0.41,0.37,2026-06-04,1739,N20,nominal,2.0NRT,308.87,31.07,D
-27.33783,-54.87124,328.74,0.4,0.37,2026-06-04,1732,N20,nominal,2.0NRT,295.6,11.73,D
-12.45437,-58.47606,338.86,0.41,0.37,2026-06-04,1739,N20,nominal,2.0NRT,309.29,38.7,D
-27.99446,-59.30186,330.65,0.44,0.38,2026-06-04,1732,N20,nominal,2.0NRT,296.49,3.3,D
-12.44026,-58.4092,367,0.41,0.37,2026-06-04,1739,N20,high,2.0NRT,307.2,31.07,D
-12.44977,-58.4691,367,0.41,0.37,2026-06-04,1739,N20,high,2.0NRT,354.67,216.56,D
-27.53597,-56.19814,340.14,0.38,0.36,2026-06-04,1732,N20,nominal,2.0NRT,300.54,13.94,D
-12.45037,-58.47285,367,0.41,0.37,2026-06-04,1739,N20,high,2.0NRT,326.62,216.56,D
-27.53205,-56.19489,333.73,0.38,0.36,2026-06-04,1732,N20,nominal,2.0NRT,299.48,12.94,D
-12.43907,-58.40171,332.46,0.41,0.37,2026-06-04,1739,N20,low,2.0NRT,305.71,35.41,D
-27.53266,-56.19878,351.26,0.38,0.36,2026-06-04,1732,N20,nominal,2.0NRT,303.28,12.94,D
-12.43967,-58.40545,354.56,0.41,0.37,2026-06-04,1739,N20,nominal,2.0NRT,308.75,35.41,D
-27.53326,-56.20267,337.43,0.38,0.36,2026-06-04,1732,N20,nominal,2.0NRT,297.46,4.95,D
-12.44086,-58.41295,350.51,0.41,0.37,2026-06-04,1739,N20,nominal,2.0NRT,312.5,31.07,D
-27.52934,-56.19943,331.11,0.38,0.36,2026-06-04,1732,N20,nominal,2.0NRT,297.27,12.94,D
-12.44918,-58.46533,336.38,0.41,0.37,2026-06-04,1739,N20,nominal,2.0NRT,298.91,36.68,D
-27.52994,-56.20332,339.68,0.38,0.36,2026-06-04,1732,N20,nominal,2.0NRT,299.91,4.95,D
-12.44637,-58.46965,367,0.41,0.37,2026-06-04,1739,N20,high,2.0NRT,336.52,108.73,D
-27.52602,-56.20008,344.22,0.38,0.36,2026-06-04,1732,N20,nominal,2.0NRT,297.83,5.21,D
-12.43566,-58.40228,344.24,0.41,0.37,2026-06-04,1739,N20,nominal,2.0NRT,299.21,95.92,D
-27.52662,-56.20398,331.04,0.38,0.36,2026-06-04,1732,N20,nominal,2.0NRT,298.15,2.75,D
-12.44578,-58.46589,330.98,0.41,0.37,2026-06-04,1739,N20,nominal,2.0NRT,298.93,11.18,D
-27.66636,-57.21678,334.91,0.39,0.36,2026-06-04,1732,N20,nominal,2.0NRT,297.69,4.75,D
-12.44757,-58.47717,334.66,0.41,0.37,2026-06-04,1739,N20,nominal,2.0NRT,306.43,18.38,D
-27.83828,-58.46709,328.36,0.41,0.37,2026-06-04,1732,N20,nominal,2.0NRT,294.7,2.27,D
-11.15087,-51.00891,329.66,0.38,0.59,2026-06-04,1739,N20,nominal,2.0NRT,295.76,2.43,D
-27.29679,-55.25724,327.13,0.39,0.37,2026-06-04,1732,N20,nominal,2.0NRT,295.83,1.43,D
-11.15152,-51.0124,328.96,0.38,0.59,2026-06-04,1739,N20,nominal,2.0NRT,297.05,4.22,D
-27.29547,-55.25724,330.25,0.39,0.37,2026-06-04,1732,N20,nominal,2.0NRT,296.56,2.71,D
-12.44297,-58.47021,342.79,0.41,0.37,2026-06-04,1739,N20,nominal,2.0NRT,313.68,108.73,D
-28.11095,-61.18339,334.34,0.53,0.42,2026-06-04,1732,N20,nominal,2.0NRT,295.72,3.99,D
-12.44357,-58.47397,352.2,0.41,0.37,2026-06-04,1739,N20,nominal,2.0NRT,313.55,108.73,D
-27.25665,-55.35954,335.77,0.39,0.36,2026-06-04,1732,N20,nominal,2.0NRT,297.69,7.06,D
-12.44476,-58.48148,338.51,0.41,0.37,2026-06-04,1739,N20,nominal,2.0NRT,306.07,18.38,D
-27.06407,-54.3701,327.04,0.42,0.37,2026-06-04,1732,N20,nominal,2.0NRT,294.19,1.84,D
-13.3384,-64.52998,333.07,0.54,0.42,2026-06-04,1739,N20,nominal,2.0NRT,300.22,4.21,D
-27.81277,-59.39901,355.13,0.44,0.38,2026-06-04,1732,N20,nominal,2.0NRT,302.19,15.69,D
-10.46212,-47.48685,340.2,0.67,0.74,2026-06-04,1739,N20,nominal,2.0NRT,290.28,10.51,D
-27.80924,-59.39959,351.88,0.44,0.38,2026-06-04,1732,N20,nominal,2.0NRT,297.3,15.69,D
-12.44136,-58.48204,338.78,0.41,0.37,2026-06-04,1739,N20,nominal,2.0NRT,307.25,8.05,D
-27.80982,-59.40406,329.47,0.44,0.38,2026-06-04,1732,N20,nominal,2.0NRT,295.59,15.69,D
-13.33452,-64.53053,332.48,0.54,0.42,2026-06-04,1739,N20,nominal,2.0NRT,299.02,3.53,D
-27.58907,-58.05935,332.11,0.4,0.37,2026-06-04,1732,N20,nominal,2.0NRT,294.08,2.64,D
-13.32793,-64.51123,337.2,0.54,0.42,2026-06-04,1739,N20,nominal,2.0NRT,300.23,7.48,D
-27.58569,-58.05996,343.57,0.4,0.37,2026-06-04,1732,N20,nominal,2.0NRT,294.52,3.71,D
-13.32861,-64.51619,340.35,0.54,0.42,2026-06-04,1739,N20,nominal,2.0NRT,300.44,7.48,D
-27.91576,-60.74898,334.64,0.5,0.41,2026-06-04,1732,N20,nominal,2.0NRT,292.5,3.07,D
-13.32928,-64.52116,336.17,0.54,0.42,2026-06-04,1739,N20,nominal,2.0NRT,301.92,19.65,D
-27.11061,-55.32276,333.3,0.39,0.37,2026-06-04,1732,N20,nominal,2.0NRT,299.44,3.98,D
-10.81236,-49.32841,332.12,0.5,0.66,2026-06-04,1739,N20,nominal,2.0NRT,296.72,6.69,D
-26.97553,-54.6157,328.34,0.41,0.37,2026-06-04,1732,N20,nominal,2.0NRT,295.03,2.15,D
-10.81324,-49.33294,333.34,0.5,0.66,2026-06-04,1739,N20,nominal,2.0NRT,297.04,7.1,D
-26.7638,-53.42471,335.44,0.45,0.39,2026-06-04,1732,N20,nominal,2.0NRT,296.97,6.32,D
-13.47305,-65.65675,348.61,0.42,0.45,2026-06-04,1739,N20,nominal,2.0NRT,299.03,4.91,D
-27.22927,-56.2332,345.35,0.38,0.36,2026-06-04,1732,N20,nominal,2.0NRT,296.49,10.88,D
-12.23237,-57.27754,341.96,0.45,0.39,2026-06-04,1739,N20,nominal,2.0NRT,295.98,17.83,D
-26.76194,-53.42397,333.01,0.45,0.39,2026-06-04,1732,N20,nominal,2.0NRT,295.09,4.05,D
-13.46938,-65.66122,341.31,0.42,0.45,2026-06-04,1739,N20,nominal,2.0NRT,297.72,6.56,D
-27.3462,-57.15868,329.57,0.39,0.36,2026-06-04,1732,N20,nominal,2.0NRT,297.09,2.62,D
-10.91468,-49.9506,346.86,0.45,0.63,2026-06-04,1739,N20,nominal,2.0NRT,296.8,6.67,D
-27.32957,-57.16179,329.88,0.39,0.36,2026-06-04,1732,N20,nominal,2.0NRT,296.85,2.68,D
-12.22591,-57.28287,347.39,0.45,0.39,2026-06-04,1739,N20,nominal,2.0NRT,295.26,17.21,D
-27.23041,-56.57261,335.76,0.38,0.36,2026-06-04,1732,N20,nominal,2.0NRT,296.68,2.97,D
-13.41452,-65.33949,329.12,0.4,0.44,2026-06-04,1739,N20,nominal,2.0NRT,297.8,2.32,D
-27.31061,-57.14927,330.52,0.39,0.36,2026-06-04,1732,N20,nominal,2.0NRT,296.86,3.75,D
-10.85028,-49.74399,367,0.47,0.64,2026-06-04,1739,N20,high,2.0NRT,295.63,22.25,D
-27.31119,-57.15317,346.25,0.39,0.36,2026-06-04,1732,N20,nominal,2.0NRT,297.66,3.75,D
-10.8444,-49.74509,328.62,0.47,0.64,2026-06-04,1739,N20,nominal,2.0NRT,295.26,19.27,D
-27.19655,-56.46333,328.96,0.38,0.36,2026-06-04,1732,N20,nominal,2.0NRT,296.12,1.91,D
-12.21231,-57.2894,331.4,0.45,0.39,2026-06-04,1739,N20,nominal,2.0NRT,299.32,2.03,D
-26.81409,-54.30862,329.99,0.42,0.38,2026-06-04,1732,N20,nominal,2.0NRT,294.98,2.85,D
-10.83853,-49.74619,367,0.47,0.64,2026-06-04,1739,N20,high,2.0NRT,299.76,19.27,D
-27.18002,-56.86579,326.04,0.38,0.36,2026-06-04,1732,N20,nominal,2.0NRT,295.59,3.03,D
-10.84626,-49.74498,367,0.47,0.64,2026-06-04,1739,N20,high,2.0NRT,295.35,23.66,D
-27.11158,-56.43996,328.29,0.38,0.36,2026-06-04,1732,N20,nominal,2.0NRT,295.46,1.69,D
-10.84707,-49.74928,330.06,0.47,0.64,2026-06-04,1739,N20,nominal,2.0NRT,295.6,25.26,D
-27.08485,-56.28944,342.54,0.38,0.36,2026-06-04,1732,N20,nominal,2.0NRT,298.83,5.44,D
-10.84039,-49.7461,367,0.47,0.64,2026-06-04,1739,N20,high,2.0NRT,298.7,23.66,D
-27.08154,-56.29008,327.95,0.38,0.36,2026-06-04,1732,N20,nominal,2.0NRT,295.83,5.44,D
-10.83452,-49.74724,351.96,0.47,0.64,2026-06-04,1739,N20,nominal,2.0NRT,294.52,5.09,D
-27.76755,-61.50829,325.86,0.55,0.42,2026-06-04,1732,N20,nominal,2.0NRT,290.16,4.23,D
-11.63584,-54.15728,338.69,0.46,0.47,2026-06-04,1739,N20,nominal,2.0NRT,303.06,7.86,D
-27.71908,-61.1938,333.86,0.52,0.42,2026-06-04,1732,N20,nominal,2.0NRT,291,7.77,D
-13.44921,-65.9966,333.88,0.44,0.46,2026-06-04,1739,N20,nominal,2.0NRT,299.18,4.08,D
-27.23785,-57.75591,329.77,0.39,0.36,2026-06-04,1732,N20,nominal,2.0NRT,290.93,5.05,D
-13.44975,-66.00068,341.45,0.44,0.46,2026-06-04,1739,N20,nominal,2.0NRT,298.16,4.08,D
-26.76327,-54.75148,326.65,0.41,0.37,2026-06-04,1732,N20,nominal,2.0NRT,295.93,1.79,D
-13.21798,-64.40917,340.95,0.53,0.42,2026-06-04,1739,N20,nominal,2.0NRT,299.26,3.81,D
-26.59767,-53.79636,331.47,0.44,0.38,2026-06-04,1732,N20,nominal,2.0NRT,299.32,5.77,D
-10.44024,-47.94893,353.18,0.63,0.72,2026-06-04,1739,N20,nominal,2.0NRT,291,16.33,D
-26.59844,-53.80081,329.03,0.44,0.38,2026-06-04,1732,N20,nominal,2.0NRT,298.36,5.77,D
-11.00993,-50.98239,338.9,0.39,0.59,2026-06-04,1739,N20,nominal,2.0NRT,297.33,3.72,D
-26.65848,-54.21336,342.21,0.42,0.38,2026-06-04,1732,N20,nominal,2.0NRT,299.49,8.79,D
-11.00044,-50.99145,343.2,0.38,0.59,2026-06-04,1739,N20,nominal,2.0NRT,296.82,3.47,D
-25.77114,-49.76685,338.29,0.48,0.48,2026-06-04,1732,N20,nominal,2.0NRT,289.54,1.07,D
-13.28102,-65.39592,330.55,0.4,0.45,2026-06-04,1739,N20,nominal,2.0NRT,298,2.82,D
-26.88391,-55.98431,327.15,0.39,0.36,2026-06-04,1732,N20,nominal,2.0NRT,296.1,1.94,D
-13.28151,-65.39965,336.84,0.41,0.45,2026-06-04,1739,N20,nominal,2.0NRT,300.54,6.84,D
-26.56553,-54.15361,340.67,0.43,0.38,2026-06-04,1732,N20,nominal,2.0NRT,296.16,5.05,D
-11.5711,-54.58691,340.38,0.44,0.46,2026-06-04,1739,N20,nominal,2.0NRT,296.04,8.81,D
-26.56422,-54.15263,342.69,0.43,0.38,2026-06-04,1732,N20,nominal,2.0NRT,297.3,6.24,D
-11.62277,-55.00667,339.19,0.41,0.45,2026-06-04,1739,N20,nominal,2.0NRT,301.38,3.1,D
-26.55304,-54.15032,327.59,0.43,0.38,2026-06-04,1732,N20,nominal,2.0NRT,295.96,5.03,D
-11.63672,-55.18317,367,0.4,0.44,2026-06-04,1739,N20,high,2.0NRT,300.66,13.84,D
-26.82637,-56.13529,325.9,0.39,0.36,2026-06-04,1732,N20,nominal,2.0NRT,295.24,1.29,D
-11.63609,-55.17952,333.27,0.4,0.44,2026-06-04,1739,N20,nominal,2.0NRT,298.37,7.99,D
-26.54321,-54.57458,328.64,0.41,0.37,2026-06-04,1732,N20,nominal,2.0NRT,295.44,1.9,D
-12.27853,-59.32199,330.77,0.39,0.36,2026-06-04,1739,N20,nominal,2.0NRT,298.41,3.03,D
-26.75494,-55.90064,337.62,0.39,0.36,2026-06-04,1732,N20,nominal,2.0NRT,298.05,3.76,D
-12.27909,-59.32557,328.42,0.39,0.36,2026-06-04,1739,N20,nominal,2.0NRT,299.94,3.03,D
-26.77609,-56.07705,328.89,0.39,0.36,2026-06-04,1732,N20,nominal,2.0NRT,296.36,4.7,D
-12.26185,-59.32469,340.93,0.39,0.36,2026-06-04,1739,N20,nominal,2.0NRT,302.46,15.37,D
-26.51188,-54.55035,337.5,0.42,0.37,2026-06-04,1732,N20,nominal,2.0NRT,310.9,56.4,D
-11.60818,-55.33381,352.83,0.39,0.44,2026-06-04,1739,N20,nominal,2.0NRT,301.04,42.37,D
-26.50774,-54.54688,332.09,0.42,0.37,2026-06-04,1732,N20,nominal,2.0NRT,297.1,56.4,D
-11.60879,-55.33737,333.49,0.39,0.44,2026-06-04,1739,N20,low,2.0NRT,307,61.43,D
-12.25796,-59.32166,337.4,0.39,0.36,2026-06-04,1739,N20,nominal,2.0NRT,301.64,4.81,D
-26.50984,-54.55941,330.04,0.42,0.37,2026-06-04,1732,N20,nominal,2.0NRT,295.32,5.06,D
-12.25851,-59.32523,334.33,0.39,0.36,2026-06-04,1739,N20,nominal,2.0NRT,304.98,15.37,D
-26.50845,-54.55108,293.08,0.42,0.37,2026-06-04,1732,N20,low,2.0NRT,318.61,56.4,D
-11.60356,-55.33094,328.91,0.39,0.44,2026-06-04,1739,N20,nominal,2.0NRT,292.71,11.2,D
-26.49885,-54.55739,346.17,0.42,0.37,2026-06-04,1734,N20,nominal,2.0NRT,302.44,20.01,D
-11.60417,-55.33451,349.27,0.39,0.44,2026-06-04,1739,N20,nominal,2.0NRT,299.78,11.2,D
-26.49955,-54.56154,345.38,0.42,0.37,2026-06-04,1734,N20,nominal,2.0NRT,297.3,20.01,D
-12.25519,-59.34779,337.63,0.39,0.36,2026-06-04,1739,N20,nominal,2.0NRT,302.94,22.17,D
-26.49542,-54.5581,348.6,0.42,0.37,2026-06-04,1734,N20,nominal,2.0NRT,310.92,20.01,D
-12.9391,-64.01046,339.51,0.5,0.41,2026-06-04,1739,N20,nominal,2.0NRT,302.33,9.5,D
-26.49612,-54.56226,342.21,0.42,0.37,2026-06-04,1734,N20,nominal,2.0NRT,303.59,20.01,D
-12.93974,-64.01506,338.51,0.5,0.41,2026-06-04,1739,N20,nominal,2.0NRT,309.53,18.97,D
-26.49199,-54.55877,367,0.42,0.37,2026-06-04,1734,N20,high,2.0NRT,298.23,5.58,D
-12.93599,-64.01559,343.28,0.5,0.41,2026-06-04,1739,N20,nominal,2.0NRT,303.03,18.97,D
-26.49269,-54.56295,329.91,0.42,0.37,2026-06-04,1734,N20,nominal,2.0NRT,295.56,5.58,D
-12.93663,-64.02018,333.02,0.5,0.41,2026-06-04,1739,N20,nominal,2.0NRT,302.71,18.97,D
-26.93324,-57.81392,328.42,0.39,0.36,2026-06-04,1734,N20,nominal,2.0NRT,297,2.4,D
-10.62758,-50.07771,340.07,0.45,0.63,2026-06-04,1739,N20,nominal,2.0NRT,295.26,4.32,D
-26.6553,-56.00036,335.48,0.39,0.36,2026-06-04,1734,N20,nominal,2.0NRT,297.09,4.36,D
-10.62837,-50.08182,339.6,0.45,0.63,2026-06-04,1739,N20,nominal,2.0NRT,295.34,4.32,D
-26.65286,-56.00038,328.42,0.39,0.36,2026-06-04,1734,N20,nominal,2.0NRT,295.47,1.84,D
-11.99503,-57.79857,343.18,0.43,0.38,2026-06-04,1739,N20,nominal,2.0NRT,301.59,5.21,D
-26.23047,-53.48215,325.18,0.46,0.39,2026-06-04,1734,N20,nominal,2.0NRT,294.19,0.87,D
-10.62181,-50.07879,347.05,0.45,0.63,2026-06-04,1739,N20,nominal,2.0NRT,294.51,15.81,D
-26.13553,-53.15754,325.18,0.47,0.4,2026-06-04,1734,N20,nominal,2.0NRT,298.55,3.42,D
-10.62339,-50.08703,355.89,0.45,0.63,2026-06-04,1739,N20,nominal,2.0NRT,295.87,8.86,D
-11.33969,-53.96377,334.1,0.48,0.48,2026-06-04,1739,N20,nominal,2.0NRT,299.23,4.63,D
-26.11882,-53.10662,326.26,0.47,0.4,2026-06-04,1734,N20,nominal,2.0NRT,297.79,2.63,D
-11.99153,-57.79915,348.41,0.43,0.38,2026-06-04,1739,N20,nominal,2.0NRT,304.15,9.32,D
-26.71151,-56.66275,335.31,0.38,0.36,2026-06-04,1734,N20,nominal,2.0NRT,296.6,3.83,D
-11.99217,-57.80312,333.93,0.43,0.38,2026-06-04,1739,N20,nominal,2.0NRT,302.56,4.14,D
-25.9795,-52.45084,326.38,0.51,0.41,2026-06-04,1734,N20,nominal,2.0NRT,292.59,1.45,D
-26.63506,-56.41105,332.25,0.38,0.36,2026-06-04,1734,N20,nominal,2.0NRT,297.05,2.71,D
-10.61762,-50.08811,353.93,0.45,0.63,2026-06-04,1739,N20,nominal,2.0NRT,294.74,8.86,D
-27.23285,-60.78588,346.57,0.5,0.41,2026-06-04,1734,N20,nominal,2.0NRT,297.63,10.41,D
-11.98868,-57.80372,339.96,0.43,0.38,2026-06-04,1739,N20,nominal,2.0NRT,303.88,4.14,D
-26.89608,-58.29061,332.35,0.4,0.37,2026-06-04,1734,N20,nominal,2.0NRT,297.1,3.03,D
-13.07219,-65.13144,338.39,0.39,0.44,2026-06-04,1739,N20,nominal,2.0NRT,298.15,3.31,D
-26.76764,-57.44461,326.29,0.39,0.36,2026-06-04,1734,N20,nominal,2.0NRT,295.25,1.42,D
-10.61105,-50.08508,334.29,0.45,0.63,2026-06-04,1739,N20,nominal,2.0NRT,295.66,4.83,D
-27.22735,-60.99152,345.22,0.51,0.41,2026-06-04,1734,N20,nominal,2.0NRT,299.8,6.98,D
-10.61185,-50.0892,351.12,0.45,0.63,2026-06-04,1739,N20,nominal,2.0NRT,295.85,11.65,D
-26.46505,-55.74018,336.71,0.39,0.36,2026-06-04,1734,N20,nominal,2.0NRT,294.51,3.2,D
-13.06817,-65.132,330.47,0.39,0.44,2026-06-04,1739,N20,nominal,2.0NRT,298.72,8.02,D
-26.91171,-59.00943,330.29,0.42,0.38,2026-06-04,1734,N20,nominal,2.0NRT,295.33,2.42,D
-13.06865,-65.13557,348.82,0.39,0.44,2026-06-04,1739,N20,nominal,2.0NRT,300.34,8.02,D
-26.52226,-56.40554,334.59,0.38,0.36,2026-06-04,1734,N20,nominal,2.0NRT,297.26,4.18,D
-10.60528,-50.08617,328.62,0.45,0.63,2026-06-04,1739,N20,nominal,2.0NRT,294.14,4.83,D
-26.23909,-54.68748,331.11,0.41,0.37,2026-06-04,1734,N20,nominal,2.0NRT,296.88,2.87,D
-13.06416,-65.13256,353.55,0.39,0.44,2026-06-04,1739,N20,nominal,2.0NRT,301.87,8.02,D
-26.21714,-54.67831,328.1,0.41,0.37,2026-06-04,1734,N20,nominal,2.0NRT,295.57,1.02,D
-13.06463,-65.13612,338.9,0.39,0.44,2026-06-04,1739,N20,nominal,2.0NRT,298.93,8.02,D
-26.47218,-56.29933,338.29,0.39,0.36,2026-06-04,1734,N20,nominal,2.0NRT,297.16,2.98,D
-13.06014,-65.13312,336.18,0.39,0.44,2026-06-04,1739,N20,nominal,2.0NRT,298.6,3.19,D
-26.1985,-54.63052,331.26,0.42,0.37,2026-06-04,1734,N20,nominal,2.0NRT,296.52,2.6,D
-10.26282,-48.44102,338.17,0.59,0.7,2026-06-04,1739,N20,nominal,2.0NRT,292.71,6.19,D
-26.46886,-56.29997,344.04,0.39,0.36,2026-06-04,1734,N20,nominal,2.0NRT,297.74,8.05,D
-11.26425,-53.9711,327.08,0.48,0.48,2026-06-04,1739,N20,low,2.0NRT,298.92,3.71,D
-26.46946,-56.30384,329.72,0.39,0.36,2026-06-04,1734,N20,nominal,2.0NRT,296.22,3.1,D
-11.45763,-55.1131,336.18,0.41,0.45,2026-06-04,1739,N20,nominal,2.0NRT,302.25,5.87,D
-26.11995,-54.25115,326.08,0.43,0.38,2026-06-04,1734,N20,nominal,2.0NRT,299.17,7.32,D
-11.73649,-56.83979,329.92,0.48,0.4,2026-06-04,1739,N20,nominal,2.0NRT,296.47,3,D
-26.45739,-56.31413,329.69,0.39,0.36,2026-06-04,1734,N20,nominal,2.0NRT,296.85,2.24,D
-11.73282,-56.8404,334.57,0.48,0.4,2026-06-04,1739,N20,nominal,2.0NRT,296.44,3.81,D
-27.12319,-61.08262,331.14,0.51,0.41,2026-06-04,1734,N20,nominal,2.0NRT,295.95,2.03,D
-11.73354,-56.84475,342.15,0.48,0.4,2026-06-04,1739,N20,nominal,2.0NRT,299.24,4.16,D
-26.11647,-54.25187,367,0.43,0.38,2026-06-04,1734,N20,high,2.0NRT,304.35,7.32,D
-11.89031,-57.82367,331.67,0.43,0.38,2026-06-04,1739,N20,nominal,2.0NRT,297.67,5.82,D
-26.113,-54.25259,336.35,0.43,0.38,2026-06-04,1734,N20,nominal,2.0NRT,299.9,5.95,D
-11.89095,-57.82765,350.86,0.43,0.38,2026-06-04,1739,N20,nominal,2.0NRT,306.95,33.32,D
-26.10952,-54.25331,329.59,0.43,0.38,2026-06-04,1734,N20,nominal,2.0NRT,297.99,5.95,D
-10.39105,-49.442,354.17,0.5,0.66,2026-06-04,1739,N20,nominal,2.0NRT,292.39,11.74,D
-26.47917,-56.56422,330.84,0.38,0.36,2026-06-04,1734,N20,nominal,2.0NRT,297.22,2.51,D
-10.39193,-49.44655,350.34,0.5,0.66,2026-06-04,1739,N20,nominal,2.0NRT,297.03,8.34,D
-11.88552,-57.81631,331.8,0.43,0.38,2026-06-04,1739,N20,nominal,2.0NRT,296.11,7.47,D
-27.07123,-61.10099,327.27,0.51,0.41,2026-06-04,1734,N20,nominal,2.0NRT,295.73,2.32,D
-11.88616,-57.82029,352.11,0.43,0.38,2026-06-04,1739,N20,nominal,2.0NRT,305.38,62,D
-26.38754,-56.19617,328.43,0.39,0.36,2026-06-04,1734,N20,nominal,2.0NRT,295.95,1.48,D
-11.88681,-57.82426,346.51,0.43,0.38,2026-06-04,1739,N20,nominal,2.0NRT,313.77,62,D
-26.31412,-56.1585,330.76,0.39,0.36,2026-06-04,1734,N20,nominal,2.0NRT,295.86,4.23,D
-11.88809,-57.8322,335.85,0.43,0.38,2026-06-04,1739,N20,nominal,2.0NRT,300.04,44.84,D
-25.92874,-53.859,327.76,0.44,0.39,2026-06-04,1734,N20,nominal,2.0NRT,299.74,2.87,D
-11.88331,-57.82486,367,0.43,0.38,2026-06-04,1739,N20,high,2.0NRT,328.15,62,D
-26.40927,-56.81528,336.47,0.38,0.36,2026-06-04,1734,N20,nominal,2.0NRT,296.24,3.07,D
-10.385,-49.44305,344.32,0.5,0.66,2026-06-04,1739,N20,nominal,2.0NRT,294.51,11.74,D
-26.29959,-56.15334,336.92,0.39,0.36,2026-06-04,1734,N20,nominal,2.0NRT,296.13,4.94,D
-10.38589,-49.44763,334.08,0.5,0.66,2026-06-04,1739,N20,nominal,2.0NRT,294.82,8.34,D
-26.64662,-58.72886,330.7,0.41,0.37,2026-06-04,1734,N20,nominal,2.0NRT,294.98,4,D
-26.35082,-56.85359,341.82,0.38,0.36,2026-06-04,1734,N20,nominal,2.0NRT,298.34,8.13,D
-11.88267,-57.82088,352.05,0.43,0.38,2026-06-04,1739,N20,nominal,2.0NRT,306.58,62,D
-11.88396,-57.82884,353.87,0.43,0.38,2026-06-04,1739,N20,nominal,2.0NRT,309.82,44.84,D
-26.28462,-56.44626,354.95,0.39,0.36,2026-06-04,1734,N20,nominal,2.0NRT,298.95,14.04,D
-11.8846,-57.8328,339.71,0.43,0.38,2026-06-04,1739,N20,nominal,2.0NRT,303.17,44.84,D
-26.52053,-58.01569,330.44,0.39,0.36,2026-06-04,1734,N20,nominal,2.0NRT,295.87,2.52,D
-13.1588,-66.61644,333.48,0.48,0.48,2026-06-04,1739,N20,nominal,2.0NRT,297.09,5.01,D
-26.24666,-56.29065,338.86,0.39,0.36,2026-06-04,1734,N20,nominal,2.0NRT,307.52,70.27,D
-26.24334,-56.29129,345.46,0.39,0.36,2026-06-04,1734,N20,nominal,2.0NRT,299.17,14.4,D
-11.87917,-57.82148,345.59,0.43,0.38,2026-06-04,1739,N20,nominal,2.0NRT,301.09,28.33,D
-11.87982,-57.82546,352.44,0.43,0.38,2026-06-04,1739,N20,nominal,2.0NRT,313.97,28.33,D
-26.24123,-56.29965,327.05,0.39,0.36,2026-06-04,1734,N20,nominal,2.0NRT,296.07,1.87,D
-11.88046,-57.82944,341.28,0.43,0.38,2026-06-04,1739,N20,nominal,2.0NRT,310.8,19.66,D
-26.35199,-57.22169,325.45,0.38,0.36,2026-06-04,1734,N20,nominal,2.0NRT,296.41,2.64,D
-26.35257,-57.22554,340.05,0.39,0.36,2026-06-04,1734,N20,nominal,2.0NRT,297.92,2.64,D
-11.88111,-57.8334,335.57,0.43,0.38,2026-06-04,1739,N20,nominal,2.0NRT,300.5,19.66,D
-26.60242,-58.96421,329.8,0.41,0.37,2026-06-04,1734,N20,nominal,2.0NRT,294.2,3.79,D
-11.79149,-57.35273,331.84,0.45,0.39,2026-06-04,1739,N20,nominal,2.0NRT,300.58,4.35,D
-26.31656,-57.34389,328.71,0.39,0.36,2026-06-04,1734,N20,nominal,2.0NRT,291.5,5.32,D
-12.17225,-59.755,333.19,0.39,0.36,2026-06-04,1739,N20,nominal,2.0NRT,303.15,8.29,D
-26.31265,-57.34063,350.48,0.39,0.36,2026-06-04,1734,N20,nominal,2.0NRT,294.8,5.32,D
-11.51469,-56.11415,330.52,0.53,0.42,2026-06-04,1739,N20,nominal,2.0NRT,296.92,7.45,D
-26.31323,-57.3445,352.04,0.39,0.36,2026-06-04,1734,N20,nominal,2.0NRT,296.53,5.32,D
-11.51551,-56.11904,330.52,0.53,0.42,2026-06-04,1739,N20,low,2.0NRT,301.25,7.45,D
-26.31381,-57.34837,354.2,0.39,0.36,2026-06-04,1734,N20,nominal,2.0NRT,296.18,14.68,D
-11.83102,-58.15115,346.05,0.42,0.38,2026-06-04,1739,N20,nominal,2.0NRT,302.2,7.68,D
-26.31049,-57.34897,331.8,0.39,0.36,2026-06-04,1734,N20,nominal,2.0NRT,293.3,4.26,D
-9.74791,-46.77692,337.35,0.77,0.78,2026-06-04,1739,N20,nominal,2.0NRT,288.36,16.06,D
-26.31164,-57.3567,326.36,0.39,0.36,2026-06-04,1734,N20,nominal,2.0NRT,293.35,3.53,D
-10.68078,-51.56263,347,0.36,0.57,2026-06-04,1739,N20,nominal,2.0NRT,296.44,3.65,D
-26.30268,-57.34247,347.59,0.39,0.36,2026-06-04,1734,N20,nominal,2.0NRT,294.65,5.04,D
-10.68139,-51.5659,333.04,0.36,0.57,2026-06-04,1739,N20,nominal,2.0NRT,296.01,3.65,D
-26.30326,-57.34634,331.59,0.39,0.36,2026-06-04,1734,N20,nominal,2.0NRT,291.54,5.04,D
-11.82694,-58.14785,336.23,0.42,0.38,2026-06-04,1739,N20,nominal,2.0NRT,299,7.28,D
-26.10451,-56.29482,330.53,0.39,0.36,2026-06-04,1734,N20,nominal,2.0NRT,296.87,2.92,D
-11.82756,-58.15173,352.23,0.42,0.38,2026-06-04,1739,N20,nominal,2.0NRT,302.25,7.68,D
-26.24935,-57.23727,346.36,0.38,0.36,2026-06-04,1734,N20,nominal,2.0NRT,297.14,4.16,D
-12.89557,-65.42281,330.05,0.4,0.44,2026-06-04,1739,N20,nominal,2.0NRT,298.31,1.37,D
-26.14508,-56.57657,332.92,0.38,0.36,2026-06-04,1734,N20,nominal,2.0NRT,297.44,2.65,D
-11.82348,-58.14842,353.79,0.42,0.38,2026-06-04,1739,N20,nominal,2.0NRT,303.2,7.04,D
-26.34864,-58.14804,350.97,0.39,0.37,2026-06-04,1734,N20,nominal,2.0NRT,296.16,5.01,D
-11.82411,-58.15231,346.59,0.42,0.38,2026-06-04,1739,N20,nominal,2.0NRT,301.84,7.46,D
-26.34471,-58.14467,330.78,0.39,0.37,2026-06-04,1734,N20,nominal,2.0NRT,295.93,10.07,D
-11.82002,-58.14899,341.74,0.42,0.38,2026-06-04,1739,N20,nominal,2.0NRT,300.23,7.04,D
-26.34528,-58.14863,351.18,0.39,0.37,2026-06-04,1734,N20,nominal,2.0NRT,299.72,10.07,D
-11.74637,-57.82772,341.43,0.43,0.38,2026-06-04,1739,N20,nominal,2.0NRT,302.52,5.8,D
-25.84208,-56.11824,330.34,0.39,0.36,2026-06-04,1734,N20,nominal,2.0NRT,295.76,2.53,D
-12.90642,-65.82788,331.42,0.43,0.46,2026-06-04,1739,N20,nominal,2.0NRT,299.05,7.52,D
-26.6844,-62.42732,330.34,0.4,0.44,2026-06-04,1734,N20,nominal,2.0NRT,296.29,2,D
-12.90743,-65.83574,348.22,0.43,0.46,2026-06-04,1739,N20,nominal,2.0NRT,297.06,8.08,D
-25.91134,-56.77853,338.31,0.38,0.36,2026-06-04,1734,N20,nominal,2.0NRT,295.67,3.25,D
-12.90531,-65.82716,335.42,0.43,0.46,2026-06-04,1739,N20,nominal,2.0NRT,300.4,3.01,D
-26.00266,-57.44409,326.17,0.39,0.36,2026-06-04,1734,N20,nominal,2.0NRT,296.52,1.64,D
-12.90638,-65.83501,347.19,0.43,0.46,2026-06-04,1739,N20,nominal,2.0NRT,297.39,5.69,D
-25.56649,-55.05394,338.92,0.41,0.37,2026-06-04,1734,N20,nominal,2.0NRT,296.66,2.93,D
-10.1388,-49.15311,335.03,0.53,0.67,2026-06-04,1739,N20,nominal,2.0NRT,295.47,6.17,D
-25.61439,-55.40579,334.95,0.4,0.37,2026-06-04,1734,N20,nominal,2.0NRT,297.55,2.85,D
-12.78022,-65.30463,333.68,0.39,0.44,2026-06-04,1739,N20,nominal,2.0NRT,301.13,4.49,D
-25.61504,-55.40977,336.69,0.4,0.37,2026-06-04,1734,N20,nominal,2.0NRT,297.18,2.85,D
-12.77763,-65.31605,331.73,0.39,0.44,2026-06-04,1739,N20,nominal,2.0NRT,298.49,4.61,D
-25.88114,-57.58497,331,0.39,0.36,2026-06-04,1734,N20,nominal,2.0NRT,297.9,3.94,D
-12.89411,-66.19705,336.8,0.45,0.47,2026-06-04,1739,N20,nominal,2.0NRT,297.37,9.61,D
-25.87781,-57.58558,335.67,0.39,0.36,2026-06-04,1734,N20,nominal,2.0NRT,296.86,2.82,D
-12.77358,-65.3166,346.13,0.39,0.44,2026-06-04,1739,N20,nominal,2.0NRT,300.16,4.61,D
-25.78222,-57.08596,333.01,0.38,0.36,2026-06-04,1734,N20,nominal,2.0NRT,297.88,8.4,D
-9.68643,-47.03805,367,0.74,0.76,2026-06-04,1739,N20,high,2.0NRT,291.06,41.69,D
-25.78281,-57.08979,344.06,0.38,0.36,2026-06-04,1734,N20,nominal,2.0NRT,299.17,12.48,D
-9.68784,-47.04502,354.43,0.74,0.76,2026-06-04,1739,N20,nominal,2.0NRT,292.37,37.74,D
-25.52169,-55.46099,333.92,0.4,0.37,2026-06-04,1734,N20,nominal,2.0NRT,296.77,2.52,D
-12.72137,-65.17061,330.21,0.39,0.44,2026-06-04,1739,N20,nominal,2.0NRT,298.79,3.12,D
-25.51832,-55.46167,333.4,0.4,0.37,2026-06-04,1734,N20,nominal,2.0NRT,295.64,3.41,D
-9.68239,-47.04136,331.27,0.75,0.77,2026-06-04,1739,N20,nominal,2.0NRT,290.09,5.68,D
-25.76994,-57.07249,340.09,0.38,0.36,2026-06-04,1734,N20,nominal,2.0NRT,298.79,4.13,D
-12.69027,-65.31364,355.38,0.39,0.44,2026-06-04,1739,N20,nominal,2.0NRT,295.52,6.65,D
-25.77052,-57.07632,329.04,0.38,0.36,2026-06-04,1734,N20,nominal,2.0NRT,297.56,2.42,D
-12.68671,-65.31779,347.69,0.39,0.44,2026-06-04,1739,N20,nominal,2.0NRT,296.6,6.45,D
-25.76663,-57.07311,339.72,0.38,0.36,2026-06-04,1734,N20,nominal,2.0NRT,299.42,17.81,D
-11.63946,-58.24576,347.72,0.42,0.38,2026-06-04,1739,N20,nominal,2.0NRT,306.36,13.96,D
-25.62736,-56.28639,325.05,0.39,0.36,2026-06-04,1734,N20,nominal,2.0NRT,295.92,0.72,D
-11.6354,-58.24248,330.38,0.42,0.38,2026-06-04,1739,N20,low,2.0NRT,302.44,4.57,D
-26.12875,-59.77586,331.31,0.44,0.38,2026-06-04,1734,N20,nominal,2.0NRT,297.76,3.21,D
-11.63601,-58.24633,350.01,0.42,0.38,2026-06-04,1739,N20,nominal,2.0NRT,304.94,9.67,D
-26.12932,-59.78024,333.39,0.44,0.38,2026-06-04,1734,N20,nominal,2.0NRT,298,3.67,D
-10.86989,-53.73661,336.83,0.51,0.49,2026-06-04,1739,N20,nominal,2.0NRT,299.92,8.12,D
-25.49897,-55.55559,325.5,0.4,0.37,2026-06-04,1734,N20,low,2.0NRT,296.08,2.42,D
-10.86454,-53.73275,349.29,0.51,0.49,2026-06-04,1739,N20,nominal,2.0NRT,298.91,9.07,D
-25.49495,-55.55231,329.13,0.4,0.37,2026-06-04,1734,N20,nominal,2.0NRT,295.95,2.42,D
-10.86538,-53.73744,352.29,0.51,0.49,2026-06-04,1739,N20,nominal,2.0NRT,301.56,9.07,D
-24.82841,-52.03239,325.9,0.56,0.43,2026-06-04,1734,N20,nominal,2.0NRT,295.35,5.11,D
-9.75457,-47.87576,351.7,0.65,0.73,2026-06-04,1739,N20,nominal,2.0NRT,290.15,10.6,D
-24.82449,-52.03332,330.6,0.56,0.43,2026-06-04,1734,N20,nominal,2.0NRT,295.66,11.47,D
-10.86003,-53.73359,330.77,0.51,0.49,2026-06-04,1739,N20,nominal,2.0NRT,296.9,9.07,D
-25.33525,-54.97388,328.18,0.41,0.37,2026-06-04,1734,N20,nominal,2.0NRT,299.59,2.74,D
-10.8617,-53.74297,343.95,0.51,0.49,2026-06-04,1739,N20,nominal,2.0NRT,301.72,8.67,D
-25.35929,-55.52188,326.8,0.4,0.37,2026-06-04,1734,N20,low,2.0NRT,297.49,3.42,D
-10.86253,-53.74766,334.51,0.51,0.49,2026-06-04,1739,N20,nominal,2.0NRT,301.07,8.67,D
-25.31602,-55.42792,326.76,0.4,0.37,2026-06-04,1734,N20,low,2.0NRT,297.27,2.92,D
-10.85551,-53.73442,331.21,0.51,0.49,2026-06-04,1739,N20,nominal,2.0NRT,296.37,5.58,D
-26.34168,-62.85751,340.13,0.42,0.45,2026-06-04,1734,N20,nominal,2.0NRT,293.11,5.87,D
-10.85802,-53.74849,339.12,0.51,0.49,2026-06-04,1739,N20,nominal,2.0NRT,301.26,5.64,D
-25.47892,-56.61559,335.45,0.39,0.36,2026-06-04,1734,N20,nominal,2.0NRT,296.72,3.69,D
-10.84983,-53.75478,332.67,0.51,0.49,2026-06-04,1739,N20,nominal,2.0NRT,295.01,3.85,D
-25.4756,-56.61621,330.31,0.39,0.36,2026-06-04,1734,N20,nominal,2.0NRT,295.95,3.69,D
-10.51367,-51.94246,331.02,0.34,0.56,2026-06-04,1739,N20,nominal,2.0NRT,300.01,2.67,D
-25.47619,-56.62004,331.93,0.39,0.36,2026-06-04,1734,N20,nominal,2.0NRT,297.55,6.82,D
-26.05023,-60.94561,326.28,0.49,0.4,2026-06-04,1734,N20,nominal,2.0NRT,297.49,3.14,D
-10.84447,-53.75088,327.84,0.51,0.49,2026-06-04,1739,N20,low,2.0NRT,301.22,5.43,D
-26.05083,-60.95052,331.75,0.49,0.4,2026-06-04,1734,N20,nominal,2.0NRT,296.35,2.38,D
-9.52064,-46.89221,335.09,0.77,0.77,2026-06-04,1739,N20,nominal,2.0NRT,290.52,13.08,D
-26.04908,-60.94791,339.97,0.49,0.4,2026-06-04,1734,N20,nominal,2.0NRT,297.53,5.27,D
-12.74882,-66.1739,329.21,0.45,0.47,2026-06-04,1739,N20,low,2.0NRT,299.83,5.75,D
-25.87239,-59.84953,337.65,0.44,0.38,2026-06-04,1734,N20,nominal,2.0NRT,300.2,7.76,D
-12.63463,-65.48457,350.71,0.4,0.44,2026-06-04,1739,N20,nominal,2.0NRT,294.87,6.6,D
-25.06137,-54.55956,330.81,0.43,0.38,2026-06-04,1734,N20,nominal,2.0NRT,299,5.64,D
-9.51694,-46.8927,343.33,0.77,0.77,2026-06-04,1739,N20,nominal,2.0NRT,290.23,10.99,D
-25.0579,-54.5603,331.19,0.43,0.38,2026-06-04,1734,N20,nominal,2.0NRT,298.24,5.64,D
-11.59003,-58.50728,336.32,0.41,0.37,2026-06-04,1739,N20,nominal,2.0NRT,302.56,3.49,D
-25.05862,-54.5645,333.27,0.43,0.38,2026-06-04,1734,N20,nominal,2.0NRT,301.02,5.64,D
-10.46498,-51.92036,336.76,0.34,0.56,2026-06-04,1739,N20,nominal,2.0NRT,297.57,5.79,D
-25.19114,-55.37364,327.75,0.4,0.37,2026-06-04,1734,N20,nominal,2.0NRT,298.1,12.86,D
-10.81316,-54.18382,354.14,0.48,0.48,2026-06-04,1739,N20,nominal,2.0NRT,297.82,9.91,D
-25.18776,-55.37432,335.81,0.4,0.37,2026-06-04,1734,N20,nominal,2.0NRT,298.52,12.86,D
-12.05927,-61.86449,339.01,0.4,0.37,2026-06-04,1739,N20,nominal,2.0NRT,303.63,5.3,D
-25.18842,-55.37831,295.49,0.4,0.37,2026-06-04,1734,N20,low,2.0NRT,302.24,12.86,D
-10.77476,-54.09607,352.27,0.48,0.48,2026-06-04,1739,N20,nominal,2.0NRT,298.86,10,D
-25.02951,-54.58359,328.38,0.43,0.38,2026-06-04,1734,N20,low,2.0NRT,299.78,1.79,D
-10.77557,-54.10055,327.85,0.48,0.48,2026-06-04,1739,N20,low,2.0NRT,298.9,13.84,D
-25.38305,-56.83001,330.35,0.38,0.36,2026-06-04,1734,N20,nominal,2.0NRT,296.18,3.13,D
-10.77034,-54.09686,340.11,0.48,0.48,2026-06-04,1739,N20,nominal,2.0NRT,295.66,10,D
-25.55077,-58.0292,325.03,0.39,0.36,2026-06-04,1734,N20,nominal,2.0NRT,293.79,1.44,D
-10.77574,-54.09634,346.53,0.48,0.48,2026-06-04,1739,N20,nominal,2.0NRT,298.71,10.84,D
-25.31806,-56.53922,329.66,0.39,0.36,2026-06-04,1734,N20,nominal,2.0NRT,296.22,1.59,D
-10.77132,-54.09714,346.95,0.48,0.48,2026-06-04,1739,N20,nominal,2.0NRT,296.42,10.84,D
-25.13457,-55.60633,337.51,0.4,0.37,2026-06-04,1734,N20,nominal,2.0NRT,299.34,4.49,D
-10.59681,-53.47453,367,0.53,0.5,2026-06-04,1739,N20,high,2.0NRT,299.91,17.42,D
-25.98511,-61.57472,346.78,0.52,0.42,2026-06-04,1734,N20,nominal,2.0NRT,300.77,11.56,D
-10.59768,-53.4794,337.98,0.53,0.5,2026-06-04,1739,N20,nominal,2.0NRT,294.92,17.42,D
-25.98575,-61.57998,331.37,0.52,0.42,2026-06-04,1734,N20,nominal,2.0NRT,297.93,11.56,D
-12.63954,-67.37128,339.44,0.53,0.5,2026-06-04,1739,N20,nominal,2.0NRT,294.93,5.5,D
-24.45462,-52.34643,331.63,0.55,0.42,2026-06-04,1734,N20,nominal,2.0NRT,298.61,4.64,D
-12.64017,-67.37617,328.2,0.53,0.5,2026-06-04,1739,N20,nominal,2.0NRT,294.8,5.5,D
-25.07392,-56.32504,336.97,0.39,0.36,2026-06-04,1734,N20,nominal,2.0NRT,298.99,3.75,D
-12.47425,-66.20903,330.91,0.44,0.46,2026-06-04,1739,N20,nominal,2.0NRT,298.2,11.14,D
-25.07059,-56.32568,336.73,0.39,0.36,2026-06-04,1734,N20,nominal,2.0NRT,297.79,3.75,D
-12.47478,-66.2131,338.52,0.44,0.46,2026-06-04,1739,N20,nominal,2.0NRT,299.13,10.61,D
-25.15616,-57.07265,344.22,0.38,0.36,2026-06-04,1734,N20,nominal,2.0NRT,299.4,3.33,D
-25.15284,-57.07326,331.06,0.38,0.36,2026-06-04,1734,N20,nominal,2.0NRT,298.39,3.33,D
-12.47051,-66.21369,343.98,0.44,0.46,2026-06-04,1739,N20,nominal,2.0NRT,300.79,10.61,D
-24.90277,-55.75348,328.11,0.4,0.37,2026-06-04,1734,N20,nominal,2.0NRT,297.68,1.42,D
-10.09298,-52.16771,337.46,0.33,0.56,2026-06-04,1739,N20,nominal,2.0NRT,296.05,3.76,D
-23.74034,-49.57211,339.68,0.54,0.51,2026-06-04,1734,N20,nominal,2.0NRT,294.72,6.76,D
-10.08788,-52.16859,350.44,0.33,0.56,2026-06-04,1739,N20,nominal,2.0NRT,296.23,3.76,D
-25.21505,-57.77998,331.82,0.39,0.36,2026-06-04,1734,N20,nominal,2.0NRT,296.31,3.82,D
-10.08843,-52.17163,328.61,0.33,0.56,2026-06-04,1739,N20,nominal,2.0NRT,290.36,5.61,D
-23.73746,-49.5695,339.25,0.54,0.51,2026-06-04,1734,N20,nominal,2.0NRT,296.66,10.28,D
-12.34358,-66.61267,331.66,0.47,0.48,2026-06-04,1739,N20,nominal,2.0NRT,291.57,3.5,D
-24.92648,-56.14643,327.64,0.39,0.36,2026-06-04,1734,N20,nominal,2.0NRT,298.91,1.7,D
-10.08333,-52.17252,367,0.33,0.56,2026-06-04,1739,N20,high,2.0NRT,298.48,9.27,D
-9.3649,-48.30811,329.78,0.62,0.72,2026-06-04,1739,N20,nominal,2.0NRT,290.27,4.14,D
-24.8627,-55.8781,333.68,0.4,0.37,2026-06-04,1734,N20,nominal,2.0NRT,296.38,2.98,D
-10.08278,-52.16947,351.06,0.33,0.56,2026-06-04,1739,N20,nominal,2.0NRT,296.12,9.57,D
-24.94771,-56.51863,328.82,0.39,0.36,2026-06-04,1734,N20,nominal,2.0NRT,296.1,1.47,D
-10.08388,-52.17556,330.8,0.33,0.56,2026-06-04,1739,N20,nominal,2.0NRT,294.15,9.27,D
-24.8545,-56.2557,327,0.39,0.36,2026-06-04,1734,N20,nominal,2.0NRT,297.78,2.31,D
-9.74787,-50.40036,333.76,0.44,0.63,2026-06-04,1739,N20,nominal,2.0NRT,297.97,7.05,D
-24.74413,-55.9453,335,0.39,0.37,2026-06-04,1734,N20,nominal,2.0NRT,298.05,4.22,D
-9.74862,-50.40441,338.67,0.44,0.63,2026-06-04,1739,N20,nominal,2.0NRT,297.56,5.98,D
-24.80776,-56.36364,325.68,0.39,0.36,2026-06-04,1734,N20,nominal,2.0NRT,296.5,1.49,D
-9.74937,-50.40843,330.58,0.44,0.63,2026-06-04,1739,N20,nominal,2.0NRT,294.53,5.98,D
-24.79073,-56.7288,325.16,0.39,0.36,2026-06-04,1734,N20,low,2.0NRT,296.66,2.34,D
-10.72674,-56.04651,337.86,0.55,0.43,2026-06-04,1739,N20,nominal,2.0NRT,302.7,10.89,D
-24.78741,-56.72943,334.85,0.39,0.36,2026-06-04,1734,N20,nominal,2.0NRT,297.32,2.34,D
-10.72285,-56.04721,341.35,0.55,0.43,2026-06-04,1739,N20,nominal,2.0NRT,302.83,11.04,D
-22.88694,-46.80162,326.47,0.42,0.61,2026-06-04,1734,N20,nominal,2.0NRT,291.1,0.24,D
-10.71895,-56.04788,341.79,0.55,0.43,2026-06-04,1739,N20,nominal,2.0NRT,300.19,11.04,D
-24.76238,-56.72235,332.65,0.39,0.36,2026-06-04,1734,N20,nominal,2.0NRT,296.39,2.1,D
-12.14454,-66.69921,341.68,0.47,0.48,2026-06-04,1739,N20,nominal,2.0NRT,297.17,8.8,D
-24.72333,-56.51744,331.62,0.39,0.36,2026-06-04,1734,N20,nominal,2.0NRT,297.53,3.66,D
-12.1369,-66.70907,352.42,0.47,0.48,2026-06-04,1739,N20,nominal,2.0NRT,301.15,22.93,D
-24.75514,-56.71979,332.92,0.39,0.36,2026-06-04,1734,N20,nominal,2.0NRT,297.93,4.73,D
-12.13249,-66.70965,329.91,0.47,0.48,2026-06-04,1739,N20,nominal,2.0NRT,297.11,22.93,D
-24.52507,-55.3171,341.04,0.41,0.37,2026-06-04,1734,N20,nominal,2.0NRT,297.96,7.59,D
-10.57883,-57.31892,336.24,0.47,0.4,2026-06-04,1739,N20,nominal,2.0NRT,301.14,18.82,D
-24.04329,-52.61197,330.34,0.54,0.42,2026-06-04,1734,N20,nominal,2.0NRT,296.41,2.81,D
-10.57449,-57.31529,328.9,0.47,0.4,2026-06-04,1739,N20,low,2.0NRT,300.17,18.82,D
-24.48427,-55.13678,329.91,0.41,0.37,2026-06-04,1734,N20,nominal,2.0NRT,296.38,5.44,D
-10.57519,-57.31953,350.23,0.47,0.4,2026-06-04,1739,N20,nominal,2.0NRT,308.28,18.82,D
-24.72618,-56.70952,332.37,0.39,0.36,2026-06-04,1734,N20,nominal,2.0NRT,297.95,5,D
-10.5759,-57.32381,332.92,0.47,0.4,2026-06-04,1739,N20,nominal,2.0NRT,301.1,8.36,D
-24.80961,-57.40549,336.88,0.38,0.36,2026-06-04,1734,N20,nominal,2.0NRT,297.44,3.8,D
-10.57156,-57.32016,339.75,0.47,0.4,2026-06-04,1739,N20,nominal,2.0NRT,303.02,9.52,D
-24.81018,-57.40928,327.42,0.38,0.36,2026-06-04,1734,N20,low,2.0NRT,297.57,2.8,D
-10.51023,-57.60694,340.98,0.46,0.39,2026-06-04,1739,N20,nominal,2.0NRT,294.83,6.24,D
-24.50162,-55.55719,341.25,0.4,0.37,2026-06-04,1734,N20,nominal,2.0NRT,297.57,6.22,D
-10.50665,-57.95972,330.8,0.44,0.38,2026-06-04,1739,N20,nominal,2.0NRT,296.69,2.22,D
-24.5744,-56.00559,326.74,0.39,0.37,2026-06-04,1734,N20,nominal,2.0NRT,296.54,2.22,D
-9.96828,-54.93571,345.32,0.44,0.46,2026-06-04,1739,N20,nominal,2.0NRT,294.68,4.19,D
-23.80714,-51.96296,336.1,0.39,0.44,2026-06-04,1734,N20,nominal,2.0NRT,298.29,3.81,D
-8.68701,-48.30306,331.75,0.64,0.72,2026-06-04,1739,N20,nominal,2.0NRT,289.86,7.34,D
-24.7266,-57.30359,342.25,0.38,0.36,2026-06-04,1734,N20,nominal,2.0NRT,296.79,5.59,D
-9.91951,-57.18534,340.67,0.49,0.4,2026-06-04,1739,N20,nominal,2.0NRT,296.48,5.87,D
-24.4766,-56.05271,330.83,0.39,0.37,2026-06-04,1734,N20,nominal,2.0NRT,297.54,2.06,D
-8.15163,-47.56402,329.79,0.73,0.76,2026-06-04,1739,N20,nominal,2.0NRT,286.81,2.97,D
-24.40402,-55.94627,334.44,0.4,0.37,2026-06-04,1734,N20,nominal,2.0NRT,298.87,3.97,D
-8.1463,-47.56537,330.95,0.73,0.76,2026-06-04,1739,N20,nominal,2.0NRT,288.69,10.04,D
-24.47716,-56.69784,331.98,0.39,0.36,2026-06-04,1734,N20,nominal,2.0NRT,296.94,2.57,D
-10.17721,-59.524,331.13,0.4,0.37,2026-06-04,1739,N20,nominal,2.0NRT,296,3.34,D
-24.71385,-58.46957,329.86,0.39,0.36,2026-06-04,1734,N20,nominal,2.0NRT,297.53,2.62,D
-10.17778,-59.52761,330.95,0.4,0.37,2026-06-04,1739,N20,nominal,2.0NRT,296.43,3.73,D
-24.18785,-55.25335,331.71,0.41,0.37,2026-06-04,1734,N20,nominal,2.0NRT,297.83,2.44,D
-11.02543,-65.38389,332.95,0.57,0.43,2026-06-04,1739,N20,nominal,2.0NRT,303.79,6.32,D
-22.69378,-47.65626,325.11,0.37,0.58,2026-06-04,1734,N20,low,2.0NRT,296.7,2.09,D
-11.0219,-65.44794,326.73,0.57,0.43,2026-06-04,1739,N20,nominal,2.0NRT,301.24,4.76,D
-24.2863,-56.69803,331.57,0.39,0.36,2026-06-04,1734,N20,nominal,2.0NRT,298.93,2.5,D
-11.02408,-65.45,326.54,0.57,0.43,2026-06-04,1739,N20,low,2.0NRT,301.39,5.24,D
-24.07916,-55.46588,331.84,0.41,0.37,2026-06-04,1734,N20,nominal,2.0NRT,295.78,2.11,D
-10.96095,-65.31686,327.33,0.56,0.43,2026-06-04,1739,N20,nominal,2.0NRT,299.48,3.76,D
-24.36114,-57.22254,350.01,0.38,0.36,2026-06-04,1734,N20,nominal,2.0NRT,299.32,6.39,D
-10.03607,-59.33914,336.37,0.4,0.37,2026-06-04,1739,N20,nominal,2.0NRT,301.81,15.26,D
-24.16777,-56.0233,330.33,0.4,0.37,2026-06-04,1734,N20,nominal,2.0NRT,296.45,2.03,D
-10.0327,-59.33967,346.98,0.4,0.37,2026-06-04,1739,N20,nominal,2.0NRT,304.75,15.26,D
-24.16169,-56.02852,332,0.4,0.37,2026-06-04,1734,N20,nominal,2.0NRT,299.23,11.18,D
-10.03384,-59.34694,343.1,0.4,0.37,2026-06-04,1739,N20,nominal,2.0NRT,306.02,23.29,D
-24.62962,-59.12671,355.55,0.41,0.37,2026-06-04,1734,N20,nominal,2.0NRT,300.15,8.53,D
-10.0299,-59.34385,337.38,0.4,0.37,2026-06-04,1739,N20,nominal,2.0NRT,301.55,6.27,D
-23.99154,-55.08452,329.54,0.42,0.38,2026-06-04,1734,N20,nominal,2.0NRT,298.71,3.63,D
-10.02652,-59.34438,335.01,0.4,0.37,2026-06-04,1739,N20,nominal,2.0NRT,302.37,6.27,D
-24.10829,-55.9421,342.66,0.4,0.37,2026-06-04,1734,N20,nominal,2.0NRT,300.29,11.29,D
-10.90939,-66.03154,339.76,0.41,0.45,2026-06-04,1739,N20,nominal,2.0NRT,297.47,4.84,D
-24.10429,-55.93885,331.92,0.4,0.37,2026-06-04,1734,N20,nominal,2.0NRT,296.57,2.12,D
-10.38153,-62.79874,337.96,0.42,0.37,2026-06-04,1739,N20,nominal,2.0NRT,303.59,2.83,D
-24.11885,-56.02868,330.64,0.4,0.37,2026-06-04,1734,N20,nominal,2.0NRT,300.16,3.37,D
-7.81953,-48.15979,330.39,0.68,0.74,2026-06-04,1739,N20,nominal,2.0NRT,290.07,7.75,D
-24.27463,-57.05563,339.12,0.38,0.36,2026-06-04,1734,N20,nominal,2.0NRT,303.52,29.74,D
-7.81277,-48.16117,340.87,0.68,0.74,2026-06-04,1739,N20,nominal,2.0NRT,289.52,7.75,D
-24.18122,-56.4821,333.51,0.39,0.36,2026-06-04,1734,N20,nominal,2.0NRT,301.12,2.72,D
-7.81811,-48.16105,330.33,0.68,0.74,2026-06-04,1739,N20,nominal,2.0NRT,290.24,7.06,D
-24.09659,-56.04094,336.53,0.4,0.37,2026-06-04,1734,N20,nominal,2.0NRT,300.74,6.37,D
-7.81135,-48.16241,341.38,0.68,0.74,2026-06-04,1739,N20,nominal,2.0NRT,289.34,10.7,D
-21.68299,-44.37232,327.11,0.63,0.72,2026-06-04,1734,N20,nominal,2.0NRT,289.75,4.03,D
-24.06252,-56.02332,325.5,0.4,0.37,2026-06-04,1734,N20,nominal,2.0NRT,298.07,1.72,D
-10.24627,-62.78379,336.22,0.42,0.37,2026-06-04,1739,N20,nominal,2.0NRT,304.4,3.97,D
-24.09028,-56.1941,341.14,0.39,0.36,2026-06-04,1734,N20,nominal,2.0NRT,298.67,4.52,D
-10.35999,-64.46705,330.23,0.49,0.41,2026-06-04,1739,N20,low,2.0NRT,303.63,6.07,D
-10.36062,-64.47153,331.92,0.49,0.41,2026-06-04,1739,N20,low,2.0NRT,302.17,6.07,D
-23.94293,-55.40496,329.42,0.41,0.37,2026-06-04,1734,N20,nominal,2.0NRT,297.15,1.95,D
-10.35255,-64.46813,343.54,0.49,0.41,2026-06-04,1739,N20,nominal,2.0NRT,303.55,4.98,D
-23.99753,-55.78066,333.79,0.4,0.37,2026-06-04,1734,N20,nominal,2.0NRT,296.14,4.58,D
-10.35318,-64.47266,330.54,0.49,0.41,2026-06-04,1739,N20,low,2.0NRT,303.66,4.98,D
-24.03605,-56.10423,344.63,0.4,0.37,2026-06-04,1734,N20,nominal,2.0NRT,300.74,5.36,D
-10.34945,-64.47321,329.55,0.49,0.41,2026-06-04,1739,N20,low,2.0NRT,300.4,6.23,D
-24.05051,-56.23716,340.04,0.39,0.36,2026-06-04,1734,N20,nominal,2.0NRT,300.42,4.04,D
-22.56609,-48.34369,351.19,0.34,0.56,2026-06-04,1734,N20,nominal,2.0NRT,295.96,4.91,D
-10.34573,-64.47375,341.29,0.49,0.41,2026-06-04,1739,N20,nominal,2.0NRT,304.38,6.23,D
-22.56678,-48.3469,352.9,0.34,0.56,2026-06-04,1734,N20,nominal,2.0NRT,295.98,4.91,D
-10.34431,-64.4766,340.75,0.49,0.41,2026-06-04,1739,N20,nominal,2.0NRT,301.96,4.86,D
-24.04716,-56.23779,341.82,0.39,0.36,2026-06-04,1734,N20,nominal,2.0NRT,302.68,11.62,D
-8.10532,-50.93716,326.89,0.44,0.62,2026-06-04,1739,N20,nominal,2.0NRT,292.25,2.41,D
-22.56166,-48.34814,336.25,0.34,0.56,2026-06-04,1734,N20,nominal,2.0NRT,294.53,4.91,D
-9.18494,-58.05405,346.76,0.45,0.39,2026-06-04,1739,N20,nominal,2.0NRT,298.67,26.59,D
-24.04443,-56.24228,343.91,0.39,0.36,2026-06-04,1734,N20,nominal,2.0NRT,301.64,6.18,D
-9.18561,-58.05816,337,0.45,0.39,2026-06-04,1739,N20,nominal,2.0NRT,302.01,25.61,D
-23.9433,-55.98139,325.02,0.4,0.37,2026-06-04,1734,N20,low,2.0NRT,299.24,2.18,D
-9.18204,-58.05873,342.29,0.45,0.39,2026-06-04,1739,N20,nominal,2.0NRT,295.97,25.61,D
-22.53036,-48.73632,334.25,0.32,0.55,2026-06-04,1734,N20,nominal,2.0NRT,298.18,2.17,D
-8.61989,-55.06839,332.04,0.45,0.47,2026-06-04,1739,N20,nominal,2.0NRT,297.57,3.39,D
-23.87659,-55.89806,332.31,0.4,0.37,2026-06-04,1734,N20,nominal,2.0NRT,298.72,2.46,D
-8.39422,-54.75082,339.9,0.48,0.48,2026-06-04,1739,N20,nominal,2.0NRT,294.27,6.86,D
-23.86628,-55.92021,330.46,0.4,0.37,2026-06-04,1734,N20,nominal,2.0NRT,297.42,1.28,D
-8.3943,-54.74965,339.22,0.48,0.48,2026-06-04,1739,N20,nominal,2.0NRT,292.26,5.21,D
-23.8536,-55.90649,331.16,0.4,0.37,2026-06-04,1734,N20,nominal,2.0NRT,299.4,3.09,D
-9.9898,-66.78046,341.94,0.45,0.47,2026-06-04,1739,N20,nominal,2.0NRT,298.54,5.27,D
-23.94862,-56.49466,332.69,0.39,0.36,2026-06-04,1734,N20,nominal,2.0NRT,300.05,3.39,D
-9.52879,-63.78809,341.69,0.45,0.39,2026-06-04,1739,N20,nominal,2.0NRT,302.18,3.92,D
-24.31462,-58.92233,341.06,0.4,0.37,2026-06-04,1734,N20,nominal,2.0NRT,301.91,13.78,D
-6.84932,-47.93324,367,0.73,0.76,2026-06-04,1739,N20,high,2.0NRT,290.82,80.75,D
-24.52532,-60.63124,341.6,0.46,0.39,2026-06-04,1734,N20,nominal,2.0NRT,302.39,8.54,D
-6.85055,-47.93964,337.83,0.73,0.76,2026-06-04,1739,N20,nominal,2.0NRT,296.37,72.08,D
-24.52171,-60.63181,343.99,0.46,0.39,2026-06-04,1734,N20,nominal,2.0NRT,303.69,8.5,D
-6.85176,-47.94599,340.2,0.73,0.76,2026-06-04,1739,N20,nominal,2.0NRT,289.79,72.08,D
-24.27345,-58.92529,339.62,0.4,0.37,2026-06-04,1734,N20,nominal,2.0NRT,298.99,5.43,D
-6.84357,-47.9409,340.06,0.73,0.76,2026-06-04,1739,N20,nominal,2.0NRT,290.93,12.77,D
-24.27245,-58.92478,333.04,0.4,0.37,2026-06-04,1734,N20,nominal,2.0NRT,298.32,5.4,D
-10.02685,-67.73394,339.17,0.52,0.5,2026-06-04,1739,N20,nominal,2.0NRT,295.87,9.13,D
-24.26907,-58.92535,333.14,0.4,0.37,2026-06-04,1734,N20,nominal,2.0NRT,298.53,5.4,D
-10.0513,-67.81078,326.51,0.53,0.5,2026-06-04,1739,N20,nominal,2.0NRT,295.89,2.92,D
-23.78412,-56.0202,346.11,0.4,0.37,2026-06-04,1734,N20,nominal,2.0NRT,301.29,6.59,D
-6.85146,-47.93518,367,0.73,0.76,2026-06-04,1739,N20,high,2.0NRT,291.45,51.95,D
-23.78075,-56.02087,338.29,0.4,0.37,2026-06-04,1734,N20,nominal,2.0NRT,300.44,3.19,D
-6.85264,-47.94159,339.72,0.73,0.76,2026-06-04,1739,N20,nominal,2.0NRT,294.01,51.95,D
-23.74773,-56.03133,325.71,0.4,0.37,2026-06-04,1734,N20,nominal,2.0NRT,298.64,1.08,D
-10.02713,-67.73665,346.06,0.52,0.5,2026-06-04,1739,N20,nominal,2.0NRT,296.29,6.69,D
-23.22357,-53.115,339.67,0.52,0.42,2026-06-04,1734,N20,nominal,2.0NRT,301.64,7.82,D
-6.8445,-47.93658,367,0.73,0.76,2026-06-04,1739,N20,high,2.0NRT,290.71,51.95,D
-23.22179,-53.11837,336.3,0.52,0.42,2026-06-04,1734,N20,nominal,2.0NRT,300.55,7.99,D
-6.84565,-47.94283,367,0.73,0.76,2026-06-04,1739,N20,high,2.0NRT,291.21,51.95,D
-23.97254,-57.67391,331.88,0.38,0.36,2026-06-04,1734,N20,nominal,2.0NRT,299.04,2.46,D
-8.01552,-55.5229,335.92,0.43,0.46,2026-06-04,1739,N20,nominal,2.0NRT,293.76,5.39,D
-23.64457,-56.02281,341.08,0.4,0.37,2026-06-04,1734,N20,nominal,2.0NRT,302.09,4.5,D
-8.01617,-55.52676,329.28,0.43,0.46,2026-06-04,1739,N20,nominal,2.0NRT,290.04,3.8,D
-23.68304,-56.25952,356.31,0.39,0.37,2026-06-04,1734,N20,nominal,2.0NRT,305.83,7.79,D
-7.99801,-55.52176,339.77,0.43,0.46,2026-06-04,1739,N20,nominal,2.0NRT,294.94,6.32,D
-23.67969,-56.26016,336.55,0.39,0.37,2026-06-04,1734,N20,nominal,2.0NRT,301.64,7.79,D
-9.42342,-64.69881,339.03,0.5,0.41,2026-06-04,1739,N20,nominal,2.0NRT,305.92,28,D
-23.67238,-56.41985,327.8,0.39,0.36,2026-06-04,1734,N20,nominal,2.0NRT,302.18,2.44,D
-9.21305,-64.07983,330.41,0.46,0.39,2026-06-04,1739,N20,low,2.0NRT,304.8,4.31,D
-23.59388,-55.99588,335.26,0.4,0.37,2026-06-04,1734,N20,nominal,2.0NRT,299.44,3.06,D
-9.25803,-64.39796,330.05,0.48,0.4,2026-06-04,1739,N20,low,2.0NRT,302.81,4.24,D
-23.78375,-57.23897,326.66,0.38,0.36,2026-06-04,1734,N20,nominal,2.0NRT,298.76,1.82,D
-9.25864,-64.40228,335.18,0.48,0.4,2026-06-04,1739,N20,nominal,2.0NRT,304.67,4.24,D
-24.10046,-59.50907,337.25,0.41,0.37,2026-06-04,1734,N20,nominal,2.0NRT,301.22,5.49,D
-6.32189,-47.57126,339.45,0.79,0.78,2026-06-04,1739,N20,nominal,2.0NRT,288.6,7.62,D
-23.76146,-57.29338,328.21,0.38,0.36,2026-06-04,1734,N20,nominal,2.0NRT,297.77,1.63,D
-9.10917,-65.51424,345.67,0.55,0.42,2026-06-04,1739,N20,nominal,2.0NRT,304.23,7.51,D
-24.23426,-61.11008,333.04,0.48,0.4,2026-06-04,1734,N20,low,2.0NRT,303.37,5.73,D
-9.13974,-66.01028,349.25,0.39,0.44,2026-06-04,1739,N20,nominal,2.0NRT,304.84,4.82,D
-23.48001,-55.98534,333.15,0.4,0.37,2026-06-04,1734,N20,nominal,2.0NRT,297.42,3.8,D
-8.45852,-61.4756,336.43,0.38,0.36,2026-06-04,1739,N20,low,2.0NRT,311.2,25.6,D
-23.42023,-55.9605,333.78,0.4,0.37,2026-06-04,1734,N20,nominal,2.0NRT,299.41,4.47,D
-8.45905,-61.47908,335.6,0.38,0.36,2026-06-04,1739,N20,nominal,2.0NRT,301.91,25.6,D
-23.49176,-56.61527,335.9,0.39,0.36,2026-06-04,1734,N20,nominal,2.0NRT,305.74,9.91,D
-8.45468,-61.47263,338.09,0.38,0.36,2026-06-04,1739,N20,nominal,2.0NRT,298.04,6.62,D
-23.49237,-56.6191,347.74,0.39,0.36,2026-06-04,1734,N20,nominal,2.0NRT,307.29,9.91,D
-8.45521,-61.47611,355,0.38,0.36,2026-06-04,1739,N20,nominal,2.0NRT,299.57,25.6,D
-23.48958,-56.616,335.92,0.39,0.36,2026-06-04,1734,N20,nominal,2.0NRT,304.79,6.79,D
-8.45573,-61.47958,346.28,0.38,0.36,2026-06-04,1739,N20,nominal,2.0NRT,297.78,25.6,D
-23.49018,-56.61983,348.6,0.39,0.36,2026-06-04,1734,N20,nominal,2.0NRT,306.25,6.79,D
-8.45031,-61.46617,353.04,0.38,0.36,2026-06-04,1739,N20,nominal,2.0NRT,301,19.44,D
-22.39693,-50.71667,334.56,0.49,0.49,2026-06-04,1734,N20,nominal,2.0NRT,301.32,3.81,D
-8.45084,-61.46965,348.63,0.38,0.36,2026-06-04,1739,N20,nominal,2.0NRT,303.85,23.93,D
-22.39788,-50.72142,333.74,0.49,0.49,2026-06-04,1734,N20,nominal,2.0NRT,301.28,3.81,D
-8.45137,-61.47313,347.47,0.38,0.36,2026-06-04,1739,N20,nominal,2.0NRT,304.83,23.93,D
-23.29454,-55.64619,338,0.41,0.37,2026-06-04,1734,N20,nominal,2.0NRT,299.3,3.19,D
-8.44594,-61.45972,330.36,0.38,0.36,2026-06-04,1739,N20,low,2.0NRT,301.9,4.09,D
-23.29,-56.19818,338.08,0.4,0.37,2026-06-04,1734,N20,nominal,2.0NRT,301.79,3.51,D
-8.44647,-61.4632,355.15,0.38,0.36,2026-06-04,1739,N20,nominal,2.0NRT,301.69,19.44,D
-23.18428,-55.78587,332.13,0.41,0.37,2026-06-04,1734,N20,nominal,2.0NRT,296.97,3.53,D
-8.447,-61.46667,344.29,0.38,0.36,2026-06-04,1739,N20,nominal,2.0NRT,299.03,19.44,D
-21.46496,-47.07572,330.54,0.43,0.62,2026-06-04,1734,N20,nominal,2.0NRT,296.1,3.22,D
-8.44753,-61.47016,352.07,0.38,0.36,2026-06-04,1739,N20,nominal,2.0NRT,297.44,23.93,D
-23.81263,-60.05678,341.1,0.43,0.38,2026-06-04,1734,N20,nominal,2.0NRT,306.89,4.7,D
-8.44052,-61.44632,338.83,0.38,0.36,2026-06-04,1739,N20,nominal,2.0NRT,297.73,4.66,D
-21.35826,-46.71535,328.2,0.46,0.63,2026-06-04,1734,N20,nominal,2.0NRT,295.86,2.86,D
-8.4421,-61.45675,339.02,0.38,0.36,2026-06-04,1739,N20,nominal,2.0NRT,299.78,6.85,D
-23.24526,-56.41359,336.52,0.39,0.36,2026-06-04,1734,N20,nominal,2.0NRT,299.83,5.37,D
-8.44263,-61.46022,345.15,0.38,0.36,2026-06-04,1739,N20,nominal,2.0NRT,302.14,6.85,D
-23.00894,-55.4512,341.42,0.42,0.37,2026-06-04,1734,N20,nominal,2.0NRT,302.68,12.69,D
-23.19348,-56.87035,327.25,0.39,0.36,2026-06-04,1734,N20,nominal,2.0NRT,298.69,1.79,D
-8.44316,-61.4637,335.38,0.38,0.36,2026-06-04,1739,N20,nominal,2.0NRT,299.6,9.5,D
-23.49894,-58.98542,344.16,0.4,0.37,2026-06-04,1734,N20,nominal,2.0NRT,302.66,6.8,D
-8.43774,-61.45034,367,0.38,0.36,2026-06-04,1739,N20,high,2.0NRT,300.8,9.69,D
-23.12131,-56.52343,344.99,0.39,0.36,2026-06-04,1734,N20,nominal,2.0NRT,302.55,8.1,D
-8.43721,-61.44683,337.48,0.38,0.36,2026-06-04,1739,N20,nominal,2.0NRT,297.85,4.66,D
-23.14019,-56.64191,334.21,0.39,0.36,2026-06-04,1734,N20,nominal,2.0NRT,306.26,3.82,D
-8.43827,-61.45382,352.08,0.38,0.36,2026-06-04,1739,N20,nominal,2.0NRT,301.12,9.69,D
-23.14079,-56.64572,335.76,0.39,0.36,2026-06-04,1734,N20,nominal,2.0NRT,305.96,3.82,D
-8.43879,-61.45726,335.54,0.38,0.36,2026-06-04,1739,N20,nominal,2.0NRT,297.66,6.85,D
-23.49556,-58.986,332.46,0.4,0.37,2026-06-04,1734,N20,nominal,2.0NRT,299.06,2.66,D
-8.43932,-61.46073,328.47,0.38,0.36,2026-06-04,1739,N20,nominal,2.0NRT,297.33,6.85,D
-23.11796,-56.52406,339.28,0.39,0.36,2026-06-04,1734,N20,nominal,2.0NRT,302.42,8.1,D
-8.72647,-63.75443,328.95,0.44,0.38,2026-06-04,1739,N20,low,2.0NRT,300.41,1.54,D
-23.14928,-57.00285,328.47,0.39,0.36,2026-06-04,1734,N20,low,2.0NRT,298.76,1.35,D
-8.72597,-63.75372,328.62,0.44,0.38,2026-06-04,1739,N20,low,2.0NRT,301.19,2.74,D
-23.14596,-57.00346,326.13,0.39,0.36,2026-06-04,1734,N20,low,2.0NRT,298.68,1.35,D
-8.75527,-64.05016,334.27,0.45,0.39,2026-06-04,1739,N20,nominal,2.0NRT,299.64,9.66,D
-22.93129,-56.08478,330.65,0.4,0.37,2026-06-04,1734,N20,low,2.0NRT,300.86,1.72,D
-6.57456,-51.10016,335.25,0.45,0.63,2026-06-04,1739,N20,nominal,2.0NRT,292.66,5.17,D
-23.00894,-56.6305,331.93,0.39,0.36,2026-06-04,1734,N20,nominal,2.0NRT,299.45,3.68,D
-6.57481,-51.10048,335.62,0.45,0.63,2026-06-04,1739,N20,nominal,2.0NRT,292.45,6.03,D
-23.0062,-56.63493,330.7,0.39,0.36,2026-06-04,1734,N20,nominal,2.0NRT,299.45,3.44,D
-8.97213,-67.98423,339,0.52,0.5,2026-06-04,1739,N20,nominal,2.0NRT,295.27,3.84,D
-23.14645,-57.57479,336.5,0.38,0.36,2026-06-04,1734,N20,nominal,2.0NRT,299.44,3.4,D
-8.72272,-67.21799,339.43,0.46,0.47,2026-06-04,1739,N20,nominal,2.0NRT,298.86,3.8,D
-23.58652,-60.90478,336.48,0.46,0.39,2026-06-04,1734,N20,nominal,2.0NRT,299.71,3.83,D
-8.66663,-69.95533,349.13,0.35,0.57,2026-06-04,1739,N20,nominal,2.0NRT,291.51,7.72,D
-22.99393,-56.90295,326.94,0.39,0.36,2026-06-04,1734,N20,nominal,2.0NRT,298.44,1.95,D
-7.31365,-64.68273,345.06,0.47,0.4,2026-06-04,1739,N20,nominal,2.0NRT,296.09,7.46,D
-22.88085,-56.46607,327.17,0.39,0.37,2026-06-04,1734,N20,nominal,2.0NRT,300.19,1.76,D
-7.90648,-71.34578,325.7,0.43,0.62,2026-06-04,1739,N20,nominal,2.0NRT,288.75,5.07,D
-23.28267,-60.13298,335.94,0.43,0.38,2026-06-04,1734,N20,nominal,2.0NRT,304.95,3.14,D
-4.50392,-50.50729,327.19,0.54,0.68,2026-06-04,1739,N20,nominal,2.0NRT,278.19,3.53,D
-23.26523,-60.13578,330.09,0.43,0.38,2026-06-04,1734,N20,low,2.0NRT,301.18,3.04,D
-3.80397,-59.18597,333.27,0.46,0.39,2026-06-04,1741,N20,nominal,2.0NRT,289.41,3.25,D
-22.74768,-56.67947,340.36,0.39,0.36,2026-06-04,1734,N20,nominal,2.0NRT,299.08,3.12,D
-3.39889,-58.39977,330.89,0.51,0.41,2026-06-04,1741,N20,nominal,2.0NRT,290.98,3.33,D
-22.74434,-56.68009,332.67,0.39,0.36,2026-06-04,1734,N20,nominal,2.0NRT,298.69,2.12,D
-3.41194,-59.24451,341.24,0.46,0.39,2026-06-04,1741,N20,nominal,2.0NRT,294.9,11.95,D
-24.17356,-69.65195,339.71,0.52,0.67,2026-06-04,1734,N20,nominal,2.0NRT,306.75,0.77,D
-22.95022,-58.64116,325.27,0.39,0.36,2026-06-04,1734,N20,low,2.0NRT,297.62,3.11,D
-4.17602,-70.28291,337.68,0.32,0.55,2026-06-04,1741,N20,nominal,2.0NRT,290.46,3.69,D
-22.66128,-57.31253,328.6,0.39,0.36,2026-06-04,1734,N20,nominal,2.0NRT,298.16,1.88,D
-4.03874,-69.62778,327.96,0.57,0.52,2026-06-04,1741,N20,nominal,2.0NRT,289.15,3.16,D
-23.15739,-61.29294,332.25,0.47,0.4,2026-06-04,1734,N20,low,2.0NRT,304.16,2.57,D
-3.91083,-71.43711,331.39,0.38,0.59,2026-06-04,1741,N20,nominal,2.0NRT,290.28,4.95,D
-22.54481,-57.34914,337.84,0.39,0.36,2026-06-04,1734,N20,nominal,2.0NRT,299.88,2.91,D
-0.8185,-52.486,329.27,0.45,0.63,2026-06-04,1741,N20,nominal,2.0NRT,289.3,2.21,D
-22.51803,-57.19984,328.58,0.39,0.36,2026-06-04,1734,N20,low,2.0NRT,299.55,2.32,D
-3.04531,-68.08526,329.17,0.44,0.46,2026-06-04,1741,N20,nominal,2.0NRT,291.47,3.47,D
-22.93108,-60.00962,328.51,0.42,0.38,2026-06-04,1734,N20,low,2.0NRT,300.09,4.7,D
1.80834,-60.55243,335.52,0.45,0.39,2026-06-04,1741,N20,nominal,2.0NRT,291.81,4.66,D
-22.5147,-57.20044,331.57,0.39,0.36,2026-06-04,1734,N20,nominal,2.0NRT,300.76,2.81,D
-22.4573,-57.15725,341.12,0.39,0.36,2026-06-04,1734,N20,nominal,2.0NRT,300.32,4.02,D
-22.25761,-55.95741,330.96,0.41,0.37,2026-06-04,1734,N20,nominal,2.0NRT,300.25,2.44,D
-22.44084,-57.11776,331.84,0.39,0.36,2026-06-04,1734,N20,nominal,2.0NRT,298.23,2.01,D
-22.7868,-59.45092,335.03,0.4,0.37,2026-06-04,1734,N20,nominal,2.0NRT,299.05,4.09,D
-20.70145,-47.8974,353.54,0.4,0.6,2026-06-04,1734,N20,nominal,2.0NRT,297.46,5.08,D
-20.70225,-47.90108,332.79,0.4,0.6,2026-06-04,1734,N20,nominal,2.0NRT,299.44,5.08,D
-22.7834,-59.45148,333.88,0.4,0.37,2026-06-04,1734,N20,nominal,2.0NRT,300.04,5.17,D
-22.4285,-57.10456,340.16,0.39,0.36,2026-06-04,1734,N20,nominal,2.0NRT,301.15,5.15,D
-22.43191,-57.23515,330.31,0.39,0.36,2026-06-04,1734,N20,nominal,2.0NRT,299.48,4.57,D
-22.23717,-56.04629,329.91,0.41,0.37,2026-06-04,1734,N20,nominal,2.0NRT,299.21,1.46,D
-22.41503,-57.14947,349.55,0.39,0.36,2026-06-04,1734,N20,nominal,2.0NRT,302.02,5.69,D
-22.41171,-57.15007,339.75,0.39,0.36,2026-06-04,1734,N20,nominal,2.0NRT,302.28,3.85,D
-22.40897,-57.15442,328.32,0.39,0.36,2026-06-04,1734,N20,low,2.0NRT,300.03,3.85,D
-23.0132,-61.41769,333.83,0.48,0.4,2026-06-04,1734,N20,nominal,2.0NRT,301.77,4.06,D
-22.22231,-56.04118,334.28,0.41,0.37,2026-06-04,1734,N20,nominal,2.0NRT,299.4,2.43,D
-22.39581,-57.11435,335.34,0.39,0.36,2026-06-04,1734,N20,nominal,2.0NRT,303.61,7.07,D
-23.00952,-61.41825,341.4,0.48,0.4,2026-06-04,1734,N20,nominal,2.0NRT,302.81,4.06,D
-22.38524,-57.1124,345.99,0.39,0.36,2026-06-04,1734,N20,nominal,2.0NRT,299.47,2.86,D
-22.37834,-57.09044,337.85,0.39,0.36,2026-06-04,1734,N20,nominal,2.0NRT,300.75,4.14,D
-22.38191,-57.11301,331.72,0.39,0.36,2026-06-04,1734,N20,nominal,2.0NRT,298.62,2.86,D
-22.37645,-57.12173,332.29,0.39,0.36,2026-06-04,1734,N20,nominal,2.0NRT,300.01,2.87,D
-22.37405,-57.12236,336.76,0.39,0.36,2026-06-04,1734,N20,nominal,2.0NRT,300.73,5.42,D
-20.26753,-46.71496,327.5,0.48,0.65,2026-06-04,1734,N20,nominal,2.0NRT,294.78,5.62,D
-20.26857,-46.71945,351.83,0.48,0.65,2026-06-04,1734,N20,nominal,2.0NRT,297.43,11.24,D
-22.35101,-57.49987,337.62,0.38,0.36,2026-06-04,1734,N20,nominal,2.0NRT,307.79,16.59,D
-22.35159,-57.50359,328.33,0.38,0.36,2026-06-04,1734,N20,nominal,2.0NRT,299.43,16.59,D
-20.27102,-46.71688,328.33,0.48,0.65,2026-06-04,1734,N20,nominal,2.0NRT,296.76,5.64,D
-20.26602,-46.72237,344.55,0.48,0.65,2026-06-04,1734,N20,nominal,2.0NRT,296.59,5.64,D
-22.55649,-59.81985,328.79,0.41,0.37,2026-06-04,1734,N20,nominal,2.0NRT,298.88,2.59,D
-22.55705,-59.82386,335.95,0.41,0.37,2026-06-04,1734,N20,nominal,2.0NRT,300.56,2.59,D
-22.17962,-58.08478,336.6,0.38,0.36,2026-06-04,1734,N20,nominal,2.0NRT,299.49,4.76,D
-22.17517,-58.07791,332.03,0.38,0.36,2026-06-04,1734,N20,nominal,2.0NRT,300.61,2.24,D
-22.18175,-58.25653,329.25,0.38,0.36,2026-06-04,1734,N20,nominal,2.0NRT,299.15,3.09,D
-22.49237,-62.16523,330.99,0.51,0.41,2026-06-04,1734,N20,low,2.0NRT,302.35,2.72,D
-22.48727,-62.18637,332.69,0.52,0.41,2026-06-04,1734,N20,low,2.0NRT,303.08,5.23,D
-22.24132,-60.47327,335.94,0.43,0.38,2026-06-04,1734,N20,nominal,2.0NRT,301.46,2.92,D
-22.24086,-61.97121,339.09,0.5,0.41,2026-06-04,1734,N20,nominal,2.0NRT,302.37,5.4,D
-22.2371,-61.97177,340.07,0.5,0.41,2026-06-04,1734,N20,nominal,2.0NRT,304.63,9.18,D
-22.12486,-61.19065,333.32,0.46,0.39,2026-06-04,1734,N20,nominal,2.0NRT,302.9,4.33,D
-21.14721,-55.71672,329.35,0.42,0.38,2026-06-04,1734,N20,nominal,2.0NRT,299.03,1.85,D
-21.91596,-60.80874,344.5,0.44,0.38,2026-06-04,1734,N20,nominal,2.0NRT,306.09,10.56,D
-21.55331,-58.61074,336.24,0.39,0.36,2026-06-04,1734,N20,nominal,2.0NRT,305.81,5.71,D
-21.55387,-58.61447,350.14,0.39,0.36,2026-06-04,1734,N20,nominal,2.0NRT,308.12,5.71,D
-21.96753,-61.5803,331.88,0.47,0.4,2026-06-04,1734,N20,nominal,2.0NRT,300.1,3.62,D
-21.62107,-59.87135,345.68,0.41,0.37,2026-06-04,1734,N20,nominal,2.0NRT,304.03,5.75,D
-21.61766,-59.8719,343.7,0.41,0.37,2026-06-04,1734,N20,nominal,2.0NRT,304.31,2.92,D
-21.61425,-59.87246,329.9,0.41,0.37,2026-06-04,1734,N20,nominal,2.0NRT,303.08,2.92,D
-20.31885,-52.15344,354.06,0.44,0.46,2026-06-04,1734,N20,nominal,2.0NRT,302.84,16.37,D
-21.60743,-59.87357,356.3,0.41,0.37,2026-06-04,1734,N20,nominal,2.0NRT,308.7,13.89,D
-21.79753,-61.72906,346.02,0.48,0.4,2026-06-04,1734,N20,nominal,2.0NRT,301.04,10.74,D
-21.79384,-61.7296,352.31,0.48,0.4,2026-06-04,1734,N20,nominal,2.0NRT,304.26,10.74,D
-21.78954,-61.72551,344.2,0.48,0.4,2026-06-04,1734,N20,nominal,2.0NRT,301.22,8.28,D
-21.79015,-61.73016,352.16,0.48,0.4,2026-06-04,1734,N20,nominal,2.0NRT,306.6,15.41,D
-21.78586,-61.72607,331.57,0.48,0.4,2026-06-04,1734,N20,nominal,2.0NRT,299.73,8.28,D
-21.78646,-61.73071,333.64,0.48,0.4,2026-06-04,1734,N20,nominal,2.0NRT,300.11,15.41,D
-21.39981,-60.30767,342.94,0.42,0.37,2026-06-04,1734,N20,nominal,2.0NRT,306.78,4.57,D
-22.31868,-68.87877,333.04,0.45,0.63,2026-06-04,1734,N20,nominal,2.0NRT,299.78,3.16,D
-22.31859,-68.87959,334.79,0.45,0.63,2026-06-04,1734,N20,nominal,2.0NRT,299.74,3.87,D
-20.93233,-58.09199,331.46,0.38,0.36,2026-06-04,1734,N20,nominal,2.0NRT,300.88,1.79,D
-21.51039,-62.30614,330.14,0.51,0.41,2026-06-04,1734,N20,low,2.0NRT,303.41,3.61,D
-21.33161,-61.04226,330.08,0.44,0.39,2026-06-04,1734,N20,low,2.0NRT,303.72,5,D
-21.32635,-61.02999,344.77,0.44,0.39,2026-06-04,1734,N20,nominal,2.0NRT,305,20.02,D
-21.32692,-61.03426,347.77,0.44,0.39,2026-06-04,1734,N20,nominal,2.0NRT,309.63,20.9,D
-21.32749,-61.03852,336.04,0.44,0.39,2026-06-04,1734,N20,nominal,2.0NRT,303.48,20.9,D
-21.32806,-61.0428,354.24,0.44,0.39,2026-06-04,1734,N20,nominal,2.0NRT,305.48,5,D
-21.32863,-61.04708,337.87,0.44,0.39,2026-06-04,1734,N20,nominal,2.0NRT,303.96,5,D
-21.3228,-61.03053,343.42,0.44,0.39,2026-06-04,1734,N20,nominal,2.0NRT,306.09,21.12,D
-21.32337,-61.0348,346.85,0.44,0.39,2026-06-04,1734,N20,nominal,2.0NRT,310.75,45.11,D
-21.32319,-61.02905,332.73,0.44,0.39,2026-06-04,1734,N20,nominal,2.0NRT,303.24,7.18,D
-21.32378,-61.0333,342.77,0.44,0.39,2026-06-04,1734,N20,low,2.0NRT,313.11,78.32,D
-21.8788,-66.97287,333.64,0.33,0.55,2026-06-04,1734,N20,nominal,2.0NRT,296.97,1.01,D
-19.57936,-52.50694,352.69,0.43,0.46,2026-06-04,1734,N20,nominal,2.0NRT,302.63,10.45,D
-19.57517,-52.5078,345.22,0.43,0.46,2026-06-04,1734,N20,nominal,2.0NRT,301.7,5.18,D
-19.74245,-53.54644,349.06,0.56,0.43,2026-06-04,1734,N20,nominal,2.0NRT,309.85,15.81,D
-20.71298,-59.4586,333.92,0.39,0.36,2026-06-04,1734,N20,nominal,2.0NRT,305.81,15.25,D
-20.71353,-59.46238,340.99,0.39,0.36,2026-06-04,1734,N20,nominal,2.0NRT,311.52,15.25,D
-20.4867,-58.4836,331.54,0.38,0.36,2026-06-04,1734,N20,low,2.0NRT,302.01,5.29,D
-20.56052,-59.02022,329.1,0.39,0.36,2026-06-04,1734,N20,nominal,2.0NRT,302.8,2.21,D
-20.56107,-59.02393,350.89,0.39,0.36,2026-06-04,1734,N20,nominal,2.0NRT,308.36,16.04,D
-20.55774,-59.02449,339.54,0.39,0.36,2026-06-04,1734,N20,nominal,2.0NRT,302.99,16.04,D
-18.67508,-49.14338,367,0.36,0.58,2026-06-04,1734,N20,high,2.0NRT,303.08,5.1,D
-20.54245,-60.41562,334.68,0.41,0.37,2026-06-04,1734,N20,nominal,2.0NRT,306.9,2.3,D
-19.80461,-56.34374,332.21,0.42,0.37,2026-06-04,1734,N20,nominal,2.0NRT,302.11,10.47,D
-19.80526,-56.3477,336.92,0.42,0.37,2026-06-04,1734,N20,nominal,2.0NRT,309.34,23.96,D
-19.80183,-56.34833,341.03,0.42,0.37,2026-06-04,1734,N20,nominal,2.0NRT,303.02,3.73,D
-19.80248,-56.35229,331.14,0.42,0.37,2026-06-04,1734,N20,nominal,2.0NRT,302.41,3.73,D
-19.79905,-56.35292,337.37,0.42,0.37,2026-06-04,1734,N20,nominal,2.0NRT,302.79,3.73,D
-19.79561,-56.35355,334.8,0.42,0.37,2026-06-04,1734,N20,nominal,2.0NRT,303.18,4.1,D
-19.79627,-56.35751,339.65,0.42,0.37,2026-06-04,1734,N20,nominal,2.0NRT,302.73,4.88,D
-18.93797,-53.23058,335.4,0.4,0.44,2026-06-04,1734,N20,nominal,2.0NRT,305.95,5.17,D
-18.92446,-53.22572,342.74,0.4,0.44,2026-06-04,1734,N20,nominal,2.0NRT,309.82,7.98,D
-18.92515,-53.22945,340.51,0.4,0.44,2026-06-04,1734,N20,nominal,2.0NRT,309.36,7.98,D
-18.50056,-51.6628,341.48,0.51,0.49,2026-06-04,1734,N20,nominal,2.0NRT,302.6,5.21,D
-18.49606,-51.66373,348.44,0.51,0.49,2026-06-04,1734,N20,nominal,2.0NRT,302.14,12.03,D
-18.40387,-51.45884,332.87,0.52,0.5,2026-06-04,1734,N20,low,2.0NRT,303.46,8.34,D
-17.49667,-47.25227,353.8,0.51,0.66,2026-06-04,1734,N20,nominal,2.0NRT,297,11.51,D
-18.96797,-55.14706,335.51,0.47,0.4,2026-06-04,1734,N20,low,2.0NRT,307.55,11.13,D
-17.39119,-49.19098,342.48,0.38,0.59,2026-06-04,1737,N20,nominal,2.0NRT,297.47,4.06,D
-18.98844,-58.07467,336.98,0.39,0.36,2026-06-04,1737,N20,nominal,2.0NRT,305.04,11.06,D
-17.83832,-51.98955,335.3,0.5,0.49,2026-06-04,1737,N20,nominal,2.0NRT,298.36,6.68,D
-18.29436,-54.60563,343.09,0.51,0.41,2026-06-04,1737,N20,nominal,2.0NRT,311.67,4.46,D
-17.53331,-50.80822,335.07,0.6,0.53,2026-06-04,1737,N20,nominal,2.0NRT,298.72,1.96,D
-19.57438,-64.44499,335.35,0.43,0.46,2026-06-04,1737,N20,nominal,2.0NRT,300.44,4.31,D
-16.99183,-48.89261,367,0.41,0.61,2026-06-04,1737,N20,high,2.0NRT,300.16,13.81,D
-18.59632,-58.65571,336.23,0.38,0.36,2026-06-04,1737,N20,nominal,2.0NRT,305.07,5.76,D
-18.56153,-58.58334,341.41,0.38,0.36,2026-06-04,1737,N20,nominal,2.0NRT,304.83,4.15,D
-18.54939,-58.59285,333.89,0.38,0.36,2026-06-04,1737,N20,low,2.0NRT,304.67,39.88,D
-18.5505,-58.60011,342.27,0.38,0.36,2026-06-04,1737,N20,nominal,2.0NRT,307.38,15.45,D
-18.54663,-58.59704,334.71,0.38,0.36,2026-06-04,1737,N20,low,2.0NRT,305.55,39.88,D
-18.53833,-58.58727,339.7,0.38,0.36,2026-06-04,1737,N20,nominal,2.0NRT,303.9,6.6,D
-18.53945,-58.59453,336.21,0.38,0.36,2026-06-04,1737,N20,nominal,2.0NRT,305.23,22.38,D
-18.54,-58.59816,349.01,0.38,0.36,2026-06-04,1737,N20,nominal,2.0NRT,310.79,22.38,D
-18.54056,-58.6018,348.23,0.38,0.36,2026-06-04,1737,N20,nominal,2.0NRT,310.78,42.29,D
-18.54112,-58.60543,343.32,0.38,0.36,2026-06-04,1737,N20,nominal,2.0NRT,315.45,42.29,D
-18.54168,-58.60906,329.72,0.38,0.36,2026-06-04,1737,N20,low,2.0NRT,304.15,6.14,D
-17.26997,-52.25121,342.68,0.49,0.49,2026-06-04,1737,N20,nominal,2.0NRT,306.22,5.75,D
-17.27212,-52.25382,330.36,0.49,0.49,2026-06-04,1737,N20,nominal,2.0NRT,302.94,3.65,D
-17.26682,-52.25008,332.94,0.49,0.49,2026-06-04,1737,N20,nominal,2.0NRT,303.32,3.9,D
-18.39163,-59.04851,367,0.38,0.36,2026-06-04,1737,N20,high,2.0NRT,304.45,10.92,D
-18.39108,-59.04488,346.65,0.38,0.36,2026-06-04,1737,N20,nominal,2.0NRT,304.45,10.92,D
-18.39218,-59.05214,347.27,0.38,0.36,2026-06-04,1737,N20,nominal,2.0NRT,302.07,5.64,D
-18.38776,-59.04543,348.95,0.38,0.36,2026-06-04,1737,N20,nominal,2.0NRT,304.1,12.59,D
-18.38831,-59.04905,355.48,0.38,0.36,2026-06-04,1737,N20,nominal,2.0NRT,306.45,12.59,D
-18.38886,-59.05269,354.91,0.38,0.36,2026-06-04,1737,N20,nominal,2.0NRT,305.09,21.44,D
-18.38942,-59.05632,355.81,0.38,0.36,2026-06-04,1737,N20,nominal,2.0NRT,304.5,21.44,D
-18.38997,-59.05996,356.13,0.38,0.36,2026-06-04,1737,N20,nominal,2.0NRT,303.37,21.48,D
-18.39051,-59.06359,352.84,0.38,0.36,2026-06-04,1737,N20,nominal,2.0NRT,300.51,21.48,D
-18.38885,-59.07503,367,0.38,0.36,2026-06-04,1737,N20,high,2.0NRT,301.88,7.13,D
-18.385,-59.04961,333.53,0.38,0.36,2026-06-04,1737,N20,nominal,2.0NRT,301.82,12.59,D
-18.38665,-59.0605,351.43,0.38,0.36,2026-06-04,1737,N20,nominal,2.0NRT,306.74,21.48,D
-18.3872,-59.06413,351.2,0.38,0.36,2026-06-04,1737,N20,nominal,2.0NRT,307.14,21.48,D
-18.38775,-59.06776,350.7,0.38,0.36,2026-06-04,1737,N20,nominal,2.0NRT,304.15,14.49,D
-18.3883,-59.0714,350.25,0.38,0.36,2026-06-04,1737,N20,nominal,2.0NRT,300.55,14.49,D
-18.3894,-59.07866,344.79,0.38,0.36,2026-06-04,1737,N20,nominal,2.0NRT,300.5,7.13,D
-18.38498,-59.07195,367,0.38,0.36,2026-06-04,1737,N20,high,2.0NRT,300.95,12.05,D
-18.38278,-59.05742,330.39,0.38,0.36,2026-06-04,1737,N20,low,2.0NRT,301.3,2.33,D
-18.38334,-59.06105,352.22,0.38,0.36,2026-06-04,1737,N20,nominal,2.0NRT,302.59,11.63,D
-18.38389,-59.06468,356.39,0.38,0.36,2026-06-04,1737,N20,nominal,2.0NRT,302.91,11.63,D
-18.38444,-59.06832,354.82,0.38,0.36,2026-06-04,1737,N20,nominal,2.0NRT,303.19,12.05,D
-18.38554,-59.07558,343.84,0.38,0.36,2026-06-04,1737,N20,nominal,2.0NRT,299.35,4.76,D
-18.38112,-59.06886,367,0.38,0.36,2026-06-04,1737,N20,high,2.0NRT,302.82,12.05,D
-18.37947,-59.05798,328.29,0.38,0.36,2026-06-04,1737,N20,nominal,2.0NRT,301.38,2.33,D
-18.38002,-59.0616,348.75,0.38,0.36,2026-06-04,1737,N20,nominal,2.0NRT,300.16,11.63,D
-18.38057,-59.06524,355.98,0.38,0.36,2026-06-04,1737,N20,nominal,2.0NRT,301.34,11.63,D
-18.38167,-59.07249,335,0.38,0.36,2026-06-04,1737,N20,nominal,2.0NRT,299.94,12.05,D
-16.29066,-48.02099,367,0.48,0.65,2026-06-04,1737,N20,high,2.0NRT,299.88,8.32,D
-16.28973,-48.01661,345.01,0.48,0.65,2026-06-04,1737,N20,nominal,2.0NRT,299.38,8.32,D
-16.57376,-49.41435,332.41,0.39,0.59,2026-06-04,1737,N20,nominal,2.0NRT,301.26,2.7,D
-18.13466,-59.4121,346.19,0.39,0.36,2026-06-04,1737,N20,nominal,2.0NRT,305.42,14.08,D
-18.03889,-59.61145,330.44,0.39,0.36,2026-06-04,1737,N20,low,2.0NRT,301.35,3.55,D
-18.03665,-59.61929,327.6,0.39,0.36,2026-06-04,1737,N20,low,2.0NRT,299.7,3.47,D
-18.32145,-62.06522,335.22,0.46,0.39,2026-06-04,1737,N20,nominal,2.0NRT,299.21,2.94,D
-15.41415,-46.51814,332.94,0.62,0.72,2026-06-04,1737,N20,nominal,2.0NRT,294.7,7.51,D
-15.41542,-46.52398,327.03,0.62,0.72,2026-06-04,1737,N20,nominal,2.0NRT,294.03,9.46,D
-16.75414,-53.56178,335.99,0.41,0.45,2026-06-04,1737,N20,nominal,2.0NRT,304.12,1.25,D
-15.5914,-47.93431,367,0.5,0.66,2026-06-04,1737,N20,high,2.0NRT,299.32,10.67,D
-15.21885,-46.27756,367,0.65,0.73,2026-06-04,1737,N20,high,2.0NRT,298.86,16.55,D
-17.71885,-59.92262,332.53,0.39,0.36,2026-06-04,1737,N20,nominal,2.0NRT,301.07,2.29,D
-17.71939,-59.9263,327.07,0.39,0.36,2026-06-04,1737,N20,nominal,2.0NRT,301.67,5.93,D
-17.97201,-61.70486,333.32,0.44,0.38,2026-06-04,1737,N20,nominal,2.0NRT,299.85,20.42,D
-17.71605,-59.92683,336.89,0.39,0.36,2026-06-04,1737,N20,nominal,2.0NRT,302.67,5.93,D
-17.96847,-61.70539,334.78,0.44,0.38,2026-06-04,1737,N20,nominal,2.0NRT,301.69,20.42,D
-17.74523,-60.35035,328.84,0.4,0.37,2026-06-04,1737,N20,nominal,2.0NRT,300.74,0.64,D
-15.77923,-49.4392,333.25,0.4,0.6,2026-06-04,1737,N20,nominal,2.0NRT,301.12,2.3,D
-17.56398,-59.65574,332.46,0.39,0.36,2026-06-04,1737,N20,nominal,2.0NRT,301.58,6.01,D
-17.56452,-59.65937,326.66,0.39,0.36,2026-06-04,1737,N20,low,2.0NRT,301.23,5.06,D
-17.50305,-59.49562,335.17,0.39,0.36,2026-06-04,1737,N20,nominal,2.0NRT,301.37,2.48,D
-17.49973,-59.49617,367,0.39,0.36,2026-06-04,1737,N20,high,2.0NRT,337.79,147.45,D
-17.50028,-59.49979,367,0.39,0.36,2026-06-04,1737,N20,high,2.0NRT,334.56,171.58,D
-17.49642,-59.4967,367,0.39,0.36,2026-06-04,1737,N20,high,2.0NRT,337.86,147.45,D
-17.4986,-59.51119,338.31,0.39,0.36,2026-06-04,1737,N20,nominal,2.0NRT,306.66,5.63,D
-17.49969,-59.51844,354.11,0.39,0.36,2026-06-04,1737,N20,nominal,2.0NRT,311.4,13.92,D
-17.50023,-59.52205,345.99,0.39,0.36,2026-06-04,1737,N20,nominal,2.0NRT,309.02,4.55,D
-17.50077,-59.52567,344.6,0.39,0.36,2026-06-04,1737,N20,nominal,2.0NRT,307.12,4.55,D
-17.50132,-59.5293,342.63,0.39,0.36,2026-06-04,1737,N20,nominal,2.0NRT,307.15,4.4,D
-17.50187,-59.53292,347.88,0.39,0.36,2026-06-04,1737,N20,nominal,2.0NRT,307.2,4.4,D
-17.49201,-59.49001,340.02,0.39,0.36,2026-06-04,1737,N20,nominal,2.0NRT,308.5,5.3,D
-17.49255,-59.49363,338.36,0.39,0.36,2026-06-04,1737,N20,nominal,2.0NRT,306.75,20.84,D
-17.49364,-59.50087,340.19,0.39,0.36,2026-06-04,1737,N20,nominal,2.0NRT,307.8,6.82,D
-17.49473,-59.50811,342.65,0.39,0.36,2026-06-04,1737,N20,nominal,2.0NRT,305.9,4.78,D
-17.49528,-59.51173,354.81,0.39,0.36,2026-06-04,1737,N20,nominal,2.0NRT,308.93,4.78,D
-17.49582,-59.51536,345.37,0.39,0.36,2026-06-04,1737,N20,nominal,2.0NRT,309.76,7.62,D
-17.49637,-59.51898,353.25,0.39,0.36,2026-06-04,1737,N20,nominal,2.0NRT,310.1,7.62,D
-17.49691,-59.5226,350.69,0.39,0.36,2026-06-04,1737,N20,nominal,2.0NRT,307.54,6.54,D
-17.49746,-59.52623,352.89,0.39,0.36,2026-06-04,1737,N20,nominal,2.0NRT,306.17,6.54,D
-17.498,-59.52984,343.05,0.39,0.36,2026-06-04,1737,N20,nominal,2.0NRT,306.48,4.43,D
-17.49855,-59.53347,354.79,0.39,0.36,2026-06-04,1737,N20,nominal,2.0NRT,309.75,4.43,D
-17.50127,-59.55159,334.31,0.39,0.36,2026-06-04,1737,N20,nominal,2.0NRT,308.19,2.46,D
-17.50181,-59.55522,334.99,0.39,0.36,2026-06-04,1737,N20,nominal,2.0NRT,305.77,2.46,D
-15.82242,-49.96641,367,0.37,0.58,2026-06-04,1737,N20,high,2.0NRT,303.31,8.24,D
-17.48923,-59.49416,335.47,0.39,0.36,2026-06-04,1737,N20,low,2.0NRT,309.66,20.84,D
-17.48978,-59.49778,337.91,0.39,0.36,2026-06-04,1737,N20,low,2.0NRT,311.83,20.84,D
-17.49142,-59.50865,336.65,0.39,0.36,2026-06-04,1737,N20,low,2.0NRT,307.48,4.78,D
-17.4925,-59.5159,348.02,0.39,0.36,2026-06-04,1737,N20,nominal,2.0NRT,310.36,7.62,D
-17.49305,-59.51952,354.61,0.39,0.36,2026-06-04,1737,N20,nominal,2.0NRT,312.57,7.62,D
-17.49359,-59.52314,354.27,0.39,0.36,2026-06-04,1737,N20,nominal,2.0NRT,310.09,6.54,D
-17.49414,-59.52676,352.86,0.39,0.36,2026-06-04,1737,N20,nominal,2.0NRT,307.7,6.54,D
-17.49468,-59.53039,345.96,0.39,0.36,2026-06-04,1737,N20,nominal,2.0NRT,305.39,4.43,D
-17.49523,-59.53402,345.96,0.39,0.36,2026-06-04,1737,N20,nominal,2.0NRT,308.53,4.43,D
-17.49795,-59.55214,331.91,0.39,0.36,2026-06-04,1737,N20,low,2.0NRT,304,2.46,D
-17.4985,-59.55577,338.9,0.39,0.36,2026-06-04,1737,N20,nominal,2.0NRT,304.71,2.46,D
-17.48918,-59.51645,367,0.39,0.36,2026-06-04,1737,N20,high,2.0NRT,311.37,10.64,D
-17.48973,-59.52007,355.66,0.39,0.36,2026-06-04,1737,N20,nominal,2.0NRT,312.92,10.64,D
-17.49027,-59.52369,346.19,0.39,0.36,2026-06-04,1737,N20,nominal,2.0NRT,310,6.9,D
-17.49082,-59.52731,347.71,0.39,0.36,2026-06-04,1737,N20,nominal,2.0NRT,307.33,6.9,D
-17.49136,-59.53093,351.49,0.39,0.36,2026-06-04,1737,N20,nominal,2.0NRT,305.11,5.21,D
-17.49191,-59.53456,349.21,0.39,0.36,2026-06-04,1737,N20,nominal,2.0NRT,309.02,5.21,D
-17.49518,-59.55631,345.76,0.39,0.36,2026-06-04,1737,N20,nominal,2.0NRT,303.57,3.95,D
-17.48804,-59.53148,346.23,0.39,0.36,2026-06-04,1737,N20,nominal,2.0NRT,308.83,5.21,D
-17.48859,-59.5351,336.87,0.39,0.36,2026-06-04,1737,N20,low,2.0NRT,308.59,5.21,D
-17.49077,-59.54961,331.65,0.39,0.36,2026-06-04,1737,N20,low,2.0NRT,303.09,3.29,D
-17.49131,-59.55323,338.63,0.39,0.36,2026-06-04,1737,N20,nominal,2.0NRT,303.85,3.95,D
-17.49186,-59.55686,332.34,0.39,0.36,2026-06-04,1737,N20,nominal,2.0NRT,301.48,3.95,D
-17.48799,-59.55377,350.67,0.39,0.36,2026-06-04,1737,N20,nominal,2.0NRT,305.04,4.16,D
-17.48853,-59.5574,333.91,0.39,0.36,2026-06-04,1737,N20,nominal,2.0NRT,304.83,4.16,D
-17.48896,-59.60563,347.29,0.39,0.36,2026-06-04,1737,N20,nominal,2.0NRT,307.02,7.31,D
-17.48951,-59.60926,337.99,0.39,0.36,2026-06-04,1737,N20,nominal,2.0NRT,307.99,7.31,D
-17.94142,-62.92006,332.32,0.5,0.41,2026-06-04,1737,N20,nominal,2.0NRT,301.45,2.44,D
-15.7526,-49.94835,333.3,0.37,0.58,2026-06-04,1737,N20,nominal,2.0NRT,299.73,2,D
-17.85499,-62.60113,331.08,0.48,0.4,2026-06-04,1737,N20,nominal,2.0NRT,299.72,3.42,D
-15.74913,-49.94971,337.16,0.37,0.58,2026-06-04,1737,N20,nominal,2.0NRT,299.56,1.38,D
-17.61495,-62.92736,345.95,0.5,0.41,2026-06-04,1737,N20,nominal,2.0NRT,302.36,8.06,D
-15.54915,-50.58074,332.13,0.34,0.56,2026-06-04,1737,N20,nominal,2.0NRT,302.02,3.76,D
-52.85074,-69.85989,328.25,0.41,0.37,2026-06-04,1906,N20,nominal,2.0NRT,279.17,2.89,D
-39.20161,-73.09546,334.4,0.52,0.41,2026-06-04,1910,N20,nominal,2.0NRT,288.35,5.29,D
-32.91871,-68.64314,327.63,0.4,0.6,2026-06-04,1910,N20,nominal,2.0NRT,278.9,2.09,D
-39.19784,-73.09661,350.94,0.52,0.41,2026-06-04,1910,N20,nominal,2.0NRT,291.59,9.53,D
-32.91894,-68.64189,327.83,0.4,0.6,2026-06-04,1910,N20,nominal,2.0NRT,278.12,3.06,D
-39.05392,-72.41817,328.08,0.55,0.43,2026-06-04,1910,N20,nominal,2.0NRT,288.8,4.32,D
-39.19406,-73.09773,336.44,0.52,0.41,2026-06-04,1910,N20,nominal,2.0NRT,289.72,9.53,D
-32.00125,-68.51543,329.73,0.43,0.62,2026-06-04,1910,N20,nominal,2.0NRT,287.67,3.48,D
-37.51039,-71.96503,338.05,0.42,0.45,2026-06-04,1910,N20,nominal,2.0NRT,289.04,7.7,D
-17.49141,-71.35413,340.18,0.61,0.71,2026-06-04,1915,N20,nominal,2.0NRT,291.15,19.47,D
-37.42278,-71.82811,342.02,0.42,0.46,2026-06-04,1910,N20,nominal,2.0NRT,287.73,5.45,D
-17.49245,-71.35866,354.27,0.61,0.71,2026-06-04,1915,N20,nominal,2.0NRT,296.22,20.25,D
-37.41864,-71.82942,335.41,0.42,0.46,2026-06-04,1910,N20,nominal,2.0NRT,286.89,3.58,D
-17.49369,-71.35877,354.87,0.61,0.71,2026-06-04,1915,N20,nominal,2.0NRT,295.75,17.63,D
-37.28992,-72.54118,367,0.39,0.44,2026-06-04,1913,N20,high,2.0NRT,293.05,16.57,D
-13.93089,-75.85884,350.3,0.37,0.58,2026-06-04,1917,N20,nominal,2.0NRT,299.76,6.79,D
-37.28898,-72.5368,349.41,0.39,0.44,2026-06-04,1913,N20,nominal,2.0NRT,289.44,16.57,D
-13.78528,-76.16909,347.2,0.35,0.57,2026-06-04,1917,N20,nominal,2.0NRT,299.46,2.61,D
-37.28406,-72.53378,331.99,0.39,0.44,2026-06-04,1913,N20,nominal,2.0NRT,285.71,10,D
-37.285,-72.53814,343.57,0.39,0.44,2026-06-04,1913,N20,nominal,2.0NRT,301.76,16.57,D
-37.28593,-72.5425,339.01,0.39,0.44,2026-06-04,1913,N20,nominal,2.0NRT,289.13,16.57,D
-37.27611,-72.53661,338.84,0.39,0.44,2026-06-04,1913,N20,nominal,2.0NRT,287.86,38.85,D
-37.0529,-72.68376,327.81,0.39,0.44,2026-06-04,1913,N20,nominal,2.0NRT,287.65,3.01,D
-37.05382,-72.68813,342.4,0.39,0.44,2026-06-04,1913,N20,nominal,2.0NRT,287.26,4.83,D
-37.05473,-72.69248,350.16,0.39,0.44,2026-06-04,1913,N20,nominal,2.0NRT,287.8,4.83,D
-37.05564,-72.6968,328.57,0.39,0.44,2026-06-04,1913,N20,nominal,2.0NRT,286.95,3.38,D
-37.05074,-72.69376,367,0.39,0.44,2026-06-04,1913,N20,high,2.0NRT,290.63,12.09,D
-37.04982,-72.68937,345.2,0.39,0.44,2026-06-04,1913,N20,nominal,2.0NRT,288.69,12.09,D
-37.05165,-72.69812,346.1,0.39,0.44,2026-06-04,1913,N20,nominal,2.0NRT,289.46,10.3,D
-36.78474,-72.64169,335.88,0.4,0.44,2026-06-04,1913,N20,nominal,2.0NRT,288.06,8.59,D
-36.7807,-72.64295,355.48,0.4,0.44,2026-06-04,1913,N20,nominal,2.0NRT,292.89,8.59,D
-36.73837,-72.66594,353.89,0.4,0.44,2026-06-04,1913,N20,nominal,2.0NRT,290.57,11.4,D
-36.73909,-72.66406,338.85,0.4,0.44,2026-06-04,1913,N20,nominal,2.0NRT,287.99,6.51,D
-36.74004,-72.66858,340.19,0.4,0.44,2026-06-04,1913,N20,nominal,2.0NRT,288.51,6.51,D
-36.56012,-72.48183,345.13,0.41,0.45,2026-06-04,1913,N20,nominal,2.0NRT,282.66,5.64,D
-36.41044,-72.23719,340.38,0.43,0.46,2026-06-04,1913,N20,nominal,2.0NRT,278.9,11.09,D
-36.41146,-72.24191,331.18,0.43,0.46,2026-06-04,1913,N20,nominal,2.0NRT,279.4,20.1,D
-36.41249,-72.2467,342.74,0.42,0.46,2026-06-04,1913,N20,nominal,2.0NRT,278.78,20.1,D
-36.40848,-72.24863,349.41,0.42,0.46,2026-06-04,1913,N20,nominal,2.0NRT,289.84,20.1,D
-36.40743,-72.24375,356.22,0.43,0.46,2026-06-04,1913,N20,low,2.0NRT,284.84,20.1,D
-36.35983,-72.57819,342.43,0.41,0.45,2026-06-04,1913,N20,nominal,2.0NRT,284.59,5.5,D
-11.01533,-77.62786,337.38,0.63,0.54,2026-06-04,1917,N20,nominal,2.0NRT,295.68,5.22,D
-10.65021,-77.71658,344.35,0.63,0.54,2026-06-04,1917,N20,nominal,2.0NRT,294.98,10.76,D
12.04275,-85.95491,338.81,0.4,0.44,2026-06-04,1925,N20,nominal,2.0NRT,288.74,3.85,D
-10.65022,-77.7183,340.89,0.63,0.54,2026-06-04,1917,N20,nominal,2.0NRT,294.97,7.7,D
12.04306,-85.95501,338.46,0.4,0.44,2026-06-04,1925,N20,nominal,2.0NRT,288.29,2.22,D
-7.95979,-77.9297,339.7,0.34,0.56,2026-06-04,1919,N20,nominal,2.0NRT,277.09,3.4,D
12.33447,-85.8227,353.44,0.41,0.45,2026-06-04,1925,N20,nominal,2.0NRT,297.84,18.96,D
-6.59372,-78.92271,329.13,0.62,0.54,2026-06-04,1919,N20,nominal,2.0NRT,279.61,5.06,D
12.33398,-85.82632,348.26,0.41,0.45,2026-06-04,1925,N20,nominal,2.0NRT,295.63,12.26,D
-6.61754,-79.94869,340.75,0.53,0.5,2026-06-04,1919,N20,nominal,2.0NRT,289.76,9.13,D
12.58698,-86.31937,344.23,0.39,0.44,2026-06-04,1925,N20,nominal,2.0NRT,297.97,3.54,D
-4.86803,-80.74566,351.82,0.5,0.49,2026-06-04,1919,N20,nominal,2.0NRT,290.14,10,D
12.55909,-86.70094,347.18,0.55,0.43,2026-06-04,1925,N20,nominal,2.0NRT,297.25,16.51,D
-4.86876,-80.7501,337.48,0.5,0.49,2026-06-04,1919,N20,nominal,2.0NRT,286.09,10,D
12.66606,-86.73791,336.22,0.55,0.42,2026-06-04,1925,N20,nominal,2.0NRT,287.95,7.55,D
-4.86922,-80.80925,343.22,0.49,0.49,2026-06-04,1919,N20,nominal,2.0NRT,289.18,12.26,D
12.83503,-86.2618,340.7,0.39,0.44,2026-06-04,1925,N20,nominal,2.0NRT,299.17,2.34,D
-4.7097,-80.49406,333.61,0.52,0.5,2026-06-04,1919,N20,nominal,2.0NRT,292.1,4.04,D
12.98856,-86.5116,333.85,0.57,0.43,2026-06-04,1925,N20,nominal,2.0NRT,298.75,6.42,D
-1.9873,-79.99072,336.5,0.62,0.54,2026-06-04,1921,N20,nominal,2.0NRT,289.77,6.15,D
-1.71589,-79.99855,333.65,0.63,0.54,2026-06-04,1921,N20,nominal,2.0NRT,289.59,5.75,D
0.50954,-79.35542,338.56,0.38,0.58,2026-06-04,1921,N20,nominal,2.0NRT,288.16,4.07,D
0.51234,-79.35646,333.05,0.38,0.58,2026-06-04,1921,N20,nominal,2.0NRT,287.05,3.76,D
1.01756,-78.99924,328.02,0.41,0.6,2026-06-04,1921,N20,nominal,2.0NRT,284.2,4.01,D
3.00872,-75.18977,342.55,0.79,0.78,2026-06-04,1921,N20,nominal,2.0NRT,285.53,8.3,D
-20.23065,-40.23525,311.28,0.58,0.69,2026-06-05,0306,N20,nominal,2.0NRT,287.36,1.91,N
-20.23194,-40.22978,307.36,0.58,0.69,2026-06-05,0306,N20,nominal,2.0NRT,287.76,2.47,N
-24.73921,-42.51929,367,0.63,0.72,2026-06-05,0306,N20,high,2.0NRT,288.47,15.33,N
-20.23564,-40.24255,300.4,0.58,0.69,2026-06-05,0306,N20,nominal,2.0NRT,284.27,1.91,N
-24.74079,-42.51311,307.2,0.63,0.72,2026-06-05,0306,N20,nominal,2.0NRT,287.65,5.1,N
-20.24194,-40.2443,303.73,0.58,0.69,2026-06-05,0306,N20,nominal,2.0NRT,282.24,2.03,N
-24.74237,-42.50692,302.21,0.63,0.72,2026-06-05,0306,N20,nominal,2.0NRT,286.92,5.1,N
-20.24825,-40.24604,327.87,0.58,0.69,2026-06-05,0306,N20,nominal,2.0NRT,286.27,2.03,N
-24.7428,-42.52231,347.78,0.63,0.72,2026-06-05,0306,N20,nominal,2.0NRT,287.69,11.87,N
-20.24954,-40.24053,298.38,0.58,0.69,2026-06-05,0306,N20,nominal,2.0NRT,286.44,2.03,N
-24.74442,-42.51613,349.5,0.63,0.72,2026-06-05,0306,N20,nominal,2.0NRT,288.62,11.87,N
-24.74604,-42.50995,307.11,0.63,0.72,2026-06-05,0306,N20,nominal,2.0NRT,285.79,5.95,N
-25.19995,-42.88242,338.12,0.64,0.72,2026-06-05,0306,N20,nominal,2.0NRT,286.41,4.87,N
-25.20284,-42.88313,340.11,0.64,0.72,2026-06-05,0306,N20,nominal,2.0NRT,287.34,4.04,N
-25.65699,-42.86266,355.18,0.63,0.72,2026-06-05,0308,N20,nominal,2.0NRT,289.03,4.33,N
-25.65859,-42.85643,301.19,0.63,0.72,2026-06-05,0308,N20,nominal,2.0NRT,288.37,4.33,N
-25.65437,-42.86192,351.7,0.63,0.72,2026-06-05,0308,N20,nominal,2.0NRT,287.23,7.73,N
-26.59747,-53.79711,300.97,0.39,0.36,2026-06-05,0446,N20,nominal,2.0NRT,284.02,0.54,N
-26.49132,-54.55905,303.89,0.38,0.36,2026-06-05,0446,N20,nominal,2.0NRT,288.18,0.66,N
-26.49464,-54.5597,310.82,0.38,0.36,2026-06-05,0446,N20,nominal,2.0NRT,288.77,1.52,N
-26.50644,-54.55011,302.35,0.38,0.36,2026-06-05,0446,N20,nominal,2.0NRT,287.25,0.71,N
-26.31285,-57.33313,301.63,0.44,0.39,2026-06-05,0446,N20,nominal,2.0NRT,287.54,0.77,N
-26.3156,-57.33837,297.1,0.44,0.39,2026-06-05,0446,N20,nominal,2.0NRT,286.78,0.3,N
-3.95748,-43.11199,314.85,0.44,0.46,2026-06-05,0442,N20,nominal,2.0NRT,289.39,1.34,N
-26.31489,-57.33656,298.68,0.44,0.39,2026-06-05,0446,N20,nominal,2.0NRT,286.9,0.29,N
-3.96172,-43.11263,323.09,0.44,0.46,2026-06-05,0442,N20,nominal,2.0NRT,289.14,2.6,N
-26.31842,-57.33734,301.89,0.44,0.39,2026-06-05,0446,N20,nominal,2.0NRT,287.77,0.39,N
-4.6323,-43.05017,306.34,0.45,0.47,2026-06-05,0442,N20,nominal,2.0NRT,290.32,0.96,N
-27.52387,-56.19511,309.22,0.4,0.37,2026-06-05,0446,N20,nominal,2.0NRT,285.94,1.76,N
-4.6366,-43.0508,305.16,0.45,0.47,2026-06-05,0442,N20,nominal,2.0NRT,289.97,0.79,N
-27.52724,-56.19584,333.71,0.4,0.37,2026-06-05,0446,N20,nominal,2.0NRT,286.73,1.76,N
-3.98495,-47.93061,313.16,0.39,0.36,2026-06-05,0442,N20,nominal,2.0NRT,291.56,1.53,N
-27.52793,-56.19179,332.88,0.4,0.37,2026-06-05,0446,N20,nominal,2.0NRT,287.07,3.47,N
-3.98551,-47.9271,313.49,0.39,0.36,2026-06-05,0442,N20,nominal,2.0NRT,291.74,1.53,N
-28.46311,-56.29895,299.74,0.4,0.37,2026-06-05,0446,N20,nominal,2.0NRT,284.14,0.54,N
-3.98829,-47.93114,331.38,0.39,0.36,2026-06-05,0442,N20,nominal,2.0NRT,292.53,1.53,N
-28.2153,-59.28026,295.33,0.51,0.41,2026-06-05,0446,N20,nominal,2.0NRT,273.23,0.58,N
-3.98884,-47.92764,314.49,0.39,0.36,2026-06-05,0442,N20,nominal,2.0NRT,291.74,1.53,N
-28.76019,-56.69895,319.7,0.4,0.37,2026-06-05,0446,N20,nominal,2.0NRT,283.27,1.4,N
-3.99162,-47.93167,303.22,0.39,0.36,2026-06-05,0442,N20,nominal,2.0NRT,291.29,0.45,N
-28.7609,-56.69482,306.55,0.4,0.37,2026-06-05,0446,N20,nominal,2.0NRT,282.97,1.4,N
-3.70737,-53.71161,307.1,0.38,0.44,2026-06-05,0442,N20,nominal,2.0NRT,288.89,0.82,N
-28.76161,-56.69069,313.55,0.4,0.37,2026-06-05,0446,N20,nominal,2.0NRT,283.89,1.23,N
-3.73092,-53.76883,306.17,0.39,0.44,2026-06-05,0442,N20,nominal,2.0NRT,287.44,0.78,N
-29.81404,-51.17521,301.38,0.48,0.4,2026-06-05,0446,N20,nominal,2.0NRT,276.98,0.79,N
-5.81272,-43.79323,305.94,0.42,0.45,2026-06-05,0442,N20,nominal,2.0NRT,289.88,0.78,N
-28.01344,-62.28512,298.92,0.5,0.49,2026-06-05,0446,N20,nominal,2.0NRT,285.98,3.3,N
-5.81329,-43.78942,309.8,0.42,0.45,2026-06-05,0442,N20,nominal,2.0NRT,290.36,1.23,N
-28.01788,-62.28637,346.58,0.5,0.49,2026-06-05,0446,N20,nominal,2.0NRT,288.94,3.3,N
-5.30179,-47.24099,312.21,0.41,0.37,2026-06-05,0442,N20,nominal,2.0NRT,290.49,0.92,N
-28.0168,-62.29137,309.79,0.5,0.49,2026-06-05,0446,N20,nominal,2.0NRT,286.42,3.3,N
-5.30521,-47.24154,305.33,0.41,0.37,2026-06-05,0442,N20,nominal,2.0NRT,290.54,0.92,N
-31.55908,-58.9788,300.14,0.45,0.39,2026-06-05,0449,N20,nominal,2.0NRT,273.03,1.25,N
-5.30579,-47.23783,307.86,0.41,0.37,2026-06-05,0442,N20,nominal,2.0NRT,290.72,0.92,N
-32.52187,-58.67544,323.42,0.43,0.38,2026-06-05,0449,N20,nominal,2.0NRT,280.36,2.27,N
-5.92815,-43.48012,323.69,0.44,0.46,2026-06-05,0442,N20,nominal,2.0NRT,290.6,3.04,N
-32.52301,-58.67338,321.55,0.42,0.38,2026-06-05,0449,N20,nominal,2.0NRT,280.88,2.46,N
-5.92873,-43.47614,325.03,0.44,0.46,2026-06-05,0442,N20,nominal,2.0NRT,290.36,3.04,N
-33.29397,-70.73227,300.23,0.56,0.69,2026-06-05,0449,N20,nominal,2.0NRT,279.29,1.38,N
-5.93184,-43.48465,341.13,0.44,0.46,2026-06-05,0442,N20,nominal,2.0NRT,290.98,5.78,N
-34.10233,-70.45519,347.81,0.52,0.67,2026-06-05,0449,N20,nominal,2.0NRT,281.82,10.46,N
-5.93242,-43.48067,340.46,0.44,0.46,2026-06-05,0442,N20,nominal,2.0NRT,292.02,3.92,N
-34.1064,-70.46195,331.94,0.52,0.67,2026-06-05,0449,N20,nominal,2.0NRT,280.45,5.53,N
-5.933,-43.47669,313.22,0.44,0.46,2026-06-05,0442,N20,nominal,2.0NRT,289.52,3.92,N
-36.29664,-71.53293,306.82,0.51,0.66,2026-06-05,0451,N20,nominal,2.0NRT,281.05,1.76,N
-5.72386,-45.02786,322.35,0.53,0.42,2026-06-05,0442,N20,nominal,2.0NRT,289.74,3.82,N
-5.72243,-45.03736,313.82,0.53,0.42,2026-06-05,0442,N20,nominal,2.0NRT,289.92,1.44,N
-36.2982,-71.5275,308.91,0.51,0.66,2026-06-05,0451,N20,nominal,2.0NRT,281,2.51,N
-5.72314,-45.03262,302.3,0.53,0.42,2026-06-05,0442,N20,nominal,2.0NRT,289.7,1.44,N
-36.29551,-71.53477,299.15,0.51,0.66,2026-06-05,0451,N20,nominal,2.0NRT,280.37,1.55,N
-36.29706,-71.52944,308.39,0.51,0.66,2026-06-05,0451,N20,nominal,2.0NRT,281.15,1.55,N
-36.29866,-71.52397,307.62,0.51,0.66,2026-06-05,0451,N20,nominal,2.0NRT,280,1.8,N
-36.40506,-72.25043,299.17,0.55,0.68,2026-06-05,0451,N20,nominal,2.0NRT,279.94,1.92,N
-36.40652,-72.24548,315.48,0.55,0.68,2026-06-05,0451,N20,nominal,2.0NRT,280.53,1.92,N
-36.408,-72.24047,298.7,0.55,0.68,2026-06-05,0451,N20,nominal,2.0NRT,279.7,1.57,N
-36.40266,-72.24328,300.44,0.55,0.68,2026-06-05,0451,N20,nominal,2.0NRT,279.98,2.14,N
-36.40702,-72.2517,295.46,0.55,0.68,2026-06-05,0451,N20,nominal,2.0NRT,279.37,2.06,N
-36.4085,-72.24678,310.37,0.55,0.68,2026-06-05,0451,N20,nominal,2.0NRT,279.97,2.14,N
-37.12818,-71.85556,319.98,0.51,0.66,2026-06-05,0451,N20,nominal,2.0NRT,278.09,3.76,N
-37.12978,-71.85013,312.45,0.51,0.66,2026-06-05,0451,N20,nominal,2.0NRT,279.49,3.44,N
-37.04729,-72.6931,299.96,0.56,0.69,2026-06-05,0451,N20,nominal,2.0NRT,276.51,1.46,N
-37.05154,-72.70206,304.18,0.56,0.69,2026-06-05,0451,N20,nominal,2.0NRT,279.16,1.68,N
-37.04678,-72.70164,295.78,0.56,0.69,2026-06-05,0451,N20,nominal,2.0NRT,277.15,0.8,N
-37.04861,-72.69563,302.97,0.56,0.69,2026-06-05,0451,N20,nominal,2.0NRT,276.87,2.02,N
-39.1958,-73.10504,304.69,0.51,0.66,2026-06-05,0451,N20,nominal,2.0NRT,280.29,2.35,N
-39.19792,-73.09791,307.19,0.51,0.66,2026-06-05,0451,N20,nominal,2.0NRT,280.55,2.41,N
-39.19672,-73.10014,324.75,0.51,0.66,2026-06-05,0451,N20,nominal,2.0NRT,280.88,2.63,N
-18.37371,-59.06313,313.45,0.48,0.48,2026-06-05,0446,N20,nominal,2.0NRT,288.1,1.31,N
-6.45567,-43.97091,303.82,0.42,0.45,2026-06-05,0442,N20,nominal,2.0NRT,290.27,0.54,N
-6.45982,-43.9716,311.04,0.42,0.45,2026-06-05,0442,N20,nominal,2.0NRT,290.2,1.28,N
-6.98388,-42.88138,303.31,0.5,0.49,2026-06-05,0442,N20,nominal,2.0NRT,289.82,1,N
-6.98839,-42.88205,349.17,0.5,0.49,2026-06-05,0442,N20,nominal,2.0NRT,291.11,13.16,N
-6.84629,-47.94057,307.92,0.4,0.37,2026-06-05,0442,N20,nominal,2.0NRT,292.28,0.89,N
-6.84686,-47.93695,308.22,0.4,0.37,2026-06-05,0442,N20,nominal,2.0NRT,292.28,0.89,N
-6.84968,-47.94109,314.46,0.4,0.37,2026-06-05,0442,N20,nominal,2.0NRT,292.76,2.04,N
-6.90718,-48.04619,303.32,0.4,0.37,2026-06-05,0442,N20,nominal,2.0NRT,290.81,0.72,N
-6.57111,-51.09803,309.25,0.4,0.37,2026-06-05,0442,N20,nominal,2.0NRT,290.58,1.12,N
-6.57158,-51.10081,306.21,0.4,0.37,2026-06-05,0442,N20,nominal,2.0NRT,291.28,39.35,N
-6.57217,-51.09722,304.09,0.4,0.37,2026-06-05,0442,N20,nominal,2.0NRT,291.34,5.68,N
-6.57496,-51.10139,327.57,0.4,0.37,2026-06-05,0442,N20,nominal,2.0NRT,299.59,39.35,N
-6.57555,-51.09777,316.16,0.4,0.37,2026-06-05,0442,N20,nominal,2.0NRT,291.35,5.68,N
-7.64132,-45.22993,304.87,0.55,0.42,2026-06-05,0442,N20,nominal,2.0NRT,289.6,1.4,N
-7.64521,-45.23053,321.42,0.55,0.42,2026-06-05,0442,N20,nominal,2.0NRT,290.14,2.57,N
-7.64838,-45.23602,326.26,0.55,0.42,2026-06-05,0442,N20,nominal,2.0NRT,290.18,2.57,N
-7.6491,-45.23112,308.62,0.55,0.42,2026-06-05,0442,N20,nominal,2.0NRT,289.73,2.57,N
-7.34348,-49.83228,320.81,0.38,0.36,2026-06-05,0442,N20,nominal,2.0NRT,290.74,2.15,N
-7.34679,-49.8328,338.88,0.38,0.36,2026-06-05,0442,N20,nominal,2.0NRT,290.99,2.31,N
-7.34734,-49.82934,302.47,0.38,0.36,2026-06-05,0442,N20,nominal,2.0NRT,289.88,2.31,N
-7.35229,-49.81948,308.39,0.38,0.36,2026-06-05,0442,N20,nominal,2.0NRT,290.48,0.9,N
-7.3556,-49.82001,312.15,0.38,0.36,2026-06-05,0442,N20,nominal,2.0NRT,292.07,1.33,N
-7.91651,-46.19114,332.36,0.49,0.4,2026-06-05,0442,N20,nominal,2.0NRT,292.22,4,N
-7.92022,-46.1916,304.27,0.49,0.4,2026-06-05,0442,N20,nominal,2.0NRT,291.47,0.97,N
-7.92085,-46.18733,311.62,0.49,0.4,2026-06-05,0442,N20,nominal,2.0NRT,291.52,0.99,N
-7.45982,-49.74078,318.65,0.38,0.36,2026-06-05,0442,N20,nominal,2.0NRT,288.64,1.9,N
-7.95351,-46.83965,326.22,0.45,0.39,2026-06-05,0442,N20,nominal,2.0NRT,291.49,1.57,N
-7.95647,-46.84423,310.37,0.45,0.39,2026-06-05,0442,N20,nominal,2.0NRT,290.67,2.15,N
-7.95709,-46.84015,304.77,0.45,0.39,2026-06-05,0442,N20,nominal,2.0NRT,290.52,1.57,N
-8.05759,-46.79614,309.42,0.46,0.39,2026-06-05,0442,N20,nominal,2.0NRT,291.24,1.11,N
-8.03354,-46.97969,307.71,0.45,0.39,2026-06-05,0442,N20,nominal,2.0NRT,290.4,0.51,N
-8.15246,-47.43716,306.99,0.43,0.38,2026-06-05,0442,N20,nominal,2.0NRT,290.79,0.85,N
-8.24236,-47.10442,303.55,0.44,0.39,2026-06-05,0442,N20,nominal,2.0NRT,291.61,0.82,N
-8.24419,-47.09235,303.47,0.44,0.39,2026-06-05,0442,N20,nominal,2.0NRT,291.17,0.55,N
-8.24652,-47.10091,321.96,0.44,0.39,2026-06-05,0442,N20,nominal,2.0NRT,292.17,1.67,N
-8.24591,-47.10489,308.9,0.44,0.39,2026-06-05,0442,N20,nominal,2.0NRT,291.24,1.67,N
-8.24774,-47.09287,312.49,0.44,0.39,2026-06-05,0442,N20,nominal,2.0NRT,291.44,1.26,N
-8.32413,-46.99115,313.94,0.45,0.39,2026-06-05,0442,N20,nominal,2.0NRT,290.96,1.5,N
-8.35282,-46.79855,309.84,0.46,0.39,2026-06-05,0442,N20,nominal,2.0NRT,291.04,1.42,N
-8.36719,-46.80078,306.87,0.46,0.39,2026-06-05,0442,N20,nominal,2.0NRT,290.93,0.97,N
-8.37139,-46.79731,329.26,0.46,0.39,2026-06-05,0442,N20,nominal,2.0NRT,291.18,2.63,N
-8.37261,-46.78918,304.28,0.46,0.39,2026-06-05,0442,N20,nominal,2.0NRT,289.34,1.05,N
-8.37499,-46.79781,301.61,0.46,0.39,2026-06-05,0442,N20,nominal,2.0NRT,290.08,2.63,N
-8.48307,-46.27549,308.82,0.49,0.4,2026-06-05,0442,N20,nominal,2.0NRT,288.96,1.26,N
-8.39597,-46.90204,315.76,0.45,0.39,2026-06-05,0442,N20,nominal,2.0NRT,292.52,1.7,N
-8.40857,-46.89148,326.05,0.46,0.39,2026-06-05,0442,N20,nominal,2.0NRT,292.19,3.13,N
-8.40918,-46.88743,314.37,0.46,0.39,2026-06-05,0442,N20,nominal,2.0NRT,292.04,1.78,N
-8.41447,-46.90079,313.91,0.45,0.39,2026-06-05,0442,N20,nominal,2.0NRT,292.24,1.47,N
-8.05351,-50.68311,319.24,0.39,0.36,2026-06-05,0442,N20,nominal,2.0NRT,292.79,1.51,N
-8.05684,-50.68364,308.51,0.39,0.36,2026-06-05,0442,N20,nominal,2.0NRT,291.58,1.51,N
-8.72779,-47.98174,309.44,0.42,0.37,2026-06-05,0442,N20,nominal,2.0NRT,292.62,1.36,N
-8.72602,-48.33433,344.08,0.4,0.37,2026-06-05,0442,N20,nominal,2.0NRT,292.95,7.74,N
-8.72658,-48.33067,341.71,0.4,0.37,2026-06-05,0442,N20,nominal,2.0NRT,294.23,3.3,N
-8.72715,-48.327,308.43,0.41,0.37,2026-06-05,0442,N20,nominal,2.0NRT,291.11,3.3,N
-8.72997,-48.3312,350.63,0.4,0.37,2026-06-05,0442,N20,nominal,2.0NRT,299.52,19.48,N
-8.73054,-48.32754,334.2,0.41,0.37,2026-06-05,0442,N20,nominal,2.0NRT,293.93,19.48,N
-8.72941,-48.33487,305.94,0.4,0.37,2026-06-05,0442,N20,nominal,2.0NRT,290.67,1.18,N
-8.76656,-48.43755,314.95,0.4,0.37,2026-06-05,0442,N20,nominal,2.0NRT,290.34,1.28,N
-8.50017,-50.29195,311.15,0.39,0.36,2026-06-05,0442,N20,nominal,2.0NRT,291.02,1.03,N
-8.98004,-47.9813,305.42,0.42,0.37,2026-06-05,0442,N20,nominal,2.0NRT,291.54,0.94,N
-9.28388,-46.51208,302.03,0.49,0.4,2026-06-05,0442,N20,nominal,2.0NRT,290.15,0.61,N
-9.12117,-47.95189,300.81,0.42,0.38,2026-06-05,0442,N20,nominal,2.0NRT,290.02,0.59,N
-9.07732,-50.61436,325.87,0.39,0.36,2026-06-05,0444,N20,nominal,2.0NRT,292.3,2.69,N
-9.08063,-50.61489,328.17,0.39,0.36,2026-06-05,0444,N20,nominal,2.0NRT,293.72,2.69,N
-9.08395,-50.61542,321.86,0.39,0.36,2026-06-05,0444,N20,nominal,2.0NRT,293.25,1.4,N
-9.08451,-50.61193,310.15,0.39,0.36,2026-06-05,0444,N20,nominal,2.0NRT,293.33,1.92,N
-9.08783,-50.61246,331.87,0.39,0.36,2026-06-05,0444,N20,nominal,2.0NRT,294.43,1.92,N
-9.08727,-50.61596,303.89,0.39,0.36,2026-06-05,0444,N20,nominal,2.0NRT,292.05,1.4,N
-9.09114,-50.613,325.13,0.39,0.36,2026-06-05,0444,N20,nominal,2.0NRT,293.32,1.57,N
-9.0917,-50.6095,309.99,0.39,0.36,2026-06-05,0444,N20,nominal,2.0NRT,292.52,1.57,N
-9.30288,-49.92194,304.79,0.38,0.36,2026-06-05,0444,N20,nominal,2.0NRT,291.2,0.47,N
-10.51879,-42.37537,340.24,0.61,0.54,2026-06-05,0444,N20,nominal,2.0NRT,288.8,8.38,N
-10.51953,-42.36979,341.47,0.61,0.54,2026-06-05,0444,N20,nominal,2.0NRT,288.66,8.38,N
-9.37129,-50.53968,338.32,0.39,0.36,2026-06-05,0444,N20,nominal,2.0NRT,292.77,3.52,N
-9.37073,-50.54317,313.28,0.39,0.36,2026-06-05,0444,N20,nominal,2.0NRT,291.55,3.52,N
-9.3746,-50.54022,322.14,0.39,0.36,2026-06-05,0444,N20,nominal,2.0NRT,292.17,1.31,N
-9.37404,-50.54371,302.92,0.39,0.36,2026-06-05,0444,N20,nominal,2.0NRT,291.31,1.31,N
-9.73178,-48.42252,306.27,0.41,0.37,2026-06-05,0444,N20,nominal,2.0NRT,292,1.33,N
-9.90234,-47.4788,310.84,0.44,0.39,2026-06-05,0444,N20,nominal,2.0NRT,290.77,0.8,N
-9.90588,-47.47933,300.82,0.44,0.39,2026-06-05,0444,N20,nominal,2.0NRT,289.63,0.8,N
-9.8057,-48.23572,311.37,0.41,0.37,2026-06-05,0444,N20,nominal,2.0NRT,291.56,1.12,N
-9.80913,-48.23624,305.27,0.41,0.37,2026-06-05,0444,N20,nominal,2.0NRT,291.32,0.87,N
-9.93155,-48.00488,314.06,0.42,0.38,2026-06-05,0444,N20,nominal,2.0NRT,290.46,1.69,N
-9.76059,-50.01302,304.65,0.38,0.36,2026-06-05,0444,N20,nominal,2.0NRT,291.27,0.16,N
-9.7639,-50.01355,324.03,0.38,0.36,2026-06-05,0444,N20,nominal,2.0NRT,291.54,1.88,N
-10.45546,-46.42971,317.88,0.51,0.41,2026-06-05,0444,N20,nominal,2.0NRT,289.72,1.41,N
-10.13955,-49.15558,318.31,0.39,0.36,2026-06-05,0444,N20,nominal,2.0NRT,293.16,1.81,N
-10.14168,-49.15568,313.61,0.39,0.36,2026-06-05,0444,N20,nominal,2.0NRT,292.3,1.26,N
-10.58579,-46.77367,331.91,0.49,0.4,2026-06-05,0444,N20,nominal,2.0NRT,290.52,4.54,N
-11.0348,-44.31915,310.09,0.46,0.47,2026-06-05,0444,N20,nominal,2.0NRT,287.85,1.63,N
-11.03915,-44.31975,323.37,0.46,0.47,2026-06-05,0444,N20,nominal,2.0NRT,288.6,3.22,N
-9.88918,-52.44075,315.56,0.42,0.38,2026-06-05,0444,N20,nominal,2.0NRT,291.6,1.21,N
-9.89263,-52.44133,307.53,0.42,0.38,2026-06-05,0444,N20,nominal,2.0NRT,291.15,1.21,N
-10.38582,-49.44617,331.05,0.39,0.36,2026-06-05,0444,N20,nominal,2.0NRT,293.81,1.73,N
-10.38637,-49.44263,324.34,0.39,0.36,2026-06-05,0444,N20,nominal,2.0NRT,293.77,2.48,N
-10.38527,-49.44972,303.42,0.39,0.36,2026-06-05,0444,N20,nominal,2.0NRT,291.46,1.73,N
-10.38971,-49.44316,324.4,0.39,0.36,2026-06-05,0444,N20,nominal,2.0NRT,293.76,2.24,N
-10.38915,-49.44671,319.16,0.39,0.36,2026-06-05,0444,N20,nominal,2.0NRT,293.39,2.65,N
-10.4036,-49.44172,303.06,0.39,0.36,2026-06-05,0444,N20,nominal,2.0NRT,291.92,0.53,N
-10.88196,-46.99245,302.95,0.48,0.4,2026-06-05,0444,N20,nominal,2.0NRT,290.19,1.16,N
-10.8826,-46.98817,313.94,0.48,0.4,2026-06-05,0444,N20,nominal,2.0NRT,290.92,1.16,N
-10.92718,-46.96104,302.74,0.48,0.4,2026-06-05,0444,N20,nominal,2.0NRT,290.73,0.67,N
-10.93085,-46.96165,318.57,0.48,0.4,2026-06-05,0444,N20,nominal,2.0NRT,290.82,1.82,N
-10.93149,-46.95725,313.39,0.48,0.4,2026-06-05,0444,N20,nominal,2.0NRT,291.39,1.82,N
-10.93644,-46.94901,303.81,0.48,0.4,2026-06-05,0444,N20,nominal,2.0NRT,291.32,1.04,N
-10.93708,-46.9446,308.46,0.48,0.4,2026-06-05,0444,N20,nominal,2.0NRT,291.37,1.31,N
-10.93771,-46.94022,310.94,0.48,0.4,2026-06-05,0444,N20,nominal,2.0NRT,290.76,1.31,N
-11.11499,-46.00717,304.11,0.54,0.42,2026-06-05,0444,N20,nominal,2.0NRT,287.42,1.65,N
-11.11888,-46.00773,315.57,0.54,0.42,2026-06-05,0444,N20,nominal,2.0NRT,287.65,1.65,N
-9.18247,-58.05654,330,0.61,0.53,2026-06-05,0444,N20,nominal,2.0NRT,288.76,5.46,N
-9.18151,-58.06197,302.79,0.61,0.53,2026-06-05,0444,N20,nominal,2.0NRT,287.82,2.61,N
-10.97716,-47.07979,299.86,0.47,0.4,2026-06-05,0444,N20,nominal,2.0NRT,289.74,0.58,N
-9.1796,-58.05811,317.71,0.61,0.53,2026-06-05,0444,N20,nominal,2.0NRT,288.12,3.06,N
-9.18449,-58.05897,319.1,0.61,0.53,2026-06-05,0444,N20,nominal,2.0NRT,288.12,3.1,N
-10.70128,-49.62303,310.28,0.39,0.36,2026-06-05,0444,N20,nominal,2.0NRT,293.36,0.86,N
-10.70183,-49.6195,307.52,0.39,0.36,2026-06-05,0444,N20,nominal,2.0NRT,293.2,0.86,N
-11.0447,-48.92105,307.53,0.4,0.37,2026-06-05,0444,N20,nominal,2.0NRT,290.7,0.67,N
-10.67791,-51.56537,307.92,0.39,0.36,2026-06-05,0444,N20,nominal,2.0NRT,293.11,0.93,N
-11.04531,-49.61575,311.77,0.39,0.36,2026-06-05,0444,N20,nominal,2.0NRT,291.55,0.67,N
-11.04812,-49.61575,308.74,0.39,0.36,2026-06-05,0444,N20,nominal,2.0NRT,291.29,0.73,N
-11.3835,-47.81671,299.98,0.44,0.39,2026-06-05,0444,N20,nominal,2.0NRT,289.6,0.95,N
-11.38703,-47.81726,303.58,0.44,0.39,2026-06-05,0444,N20,nominal,2.0NRT,290.12,0.95,N
-11.38764,-47.8132,306.4,0.44,0.39,2026-06-05,0444,N20,nominal,2.0NRT,290.18,0.97,N
-11.38997,-47.82185,301.9,0.44,0.39,2026-06-05,0444,N20,nominal,2.0NRT,290.12,0.93,N
-11.56795,-47.25094,310.15,0.47,0.4,2026-06-05,0444,N20,nominal,2.0NRT,291.42,0.81,N
-10.32055,-55.1142,314.08,0.56,0.43,2026-06-05,0444,N20,nominal,2.0NRT,290.47,2.26,N
-10.32449,-55.11489,304.52,0.56,0.43,2026-06-05,0444,N20,nominal,2.0NRT,290.25,1.18,N
-11.54323,-48.26907,326.57,0.43,0.38,2026-06-05,0444,N20,nominal,2.0NRT,292.16,1.67,N
-11.54264,-48.27297,302.41,0.43,0.38,2026-06-05,0444,N20,nominal,2.0NRT,289.92,1.67,N
-11.5467,-48.26962,333.63,0.43,0.38,2026-06-05,0444,N20,nominal,2.0NRT,291.44,3.59,N
-11.99796,-45.34769,297.81,0.41,0.45,2026-06-05,0444,N20,nominal,2.0NRT,287.66,0.22,N
-12.001,-45.35574,300.25,0.41,0.45,2026-06-05,0444,N20,nominal,2.0NRT,287.85,0.6,N
-12.00153,-45.35201,298.61,0.41,0.45,2026-06-05,0444,N20,nominal,2.0NRT,287.62,0.6,N
-11.63514,-47.87376,302.25,0.44,0.39,2026-06-05,0444,N20,nominal,2.0NRT,290.73,0.86,N
-11.63807,-47.87836,301.75,0.44,0.39,2026-06-05,0444,N20,nominal,2.0NRT,290.32,1.28,N
-11.75816,-47.07721,309.69,0.48,0.4,2026-06-05,0444,N20,nominal,2.0NRT,290.35,1.17,N
-11.63438,-47.87662,308.69,0.44,0.39,2026-06-05,0444,N20,nominal,2.0NRT,291.55,0.83,N
-11.63792,-47.87717,303.77,0.44,0.39,2026-06-05,0444,N20,nominal,2.0NRT,290.63,0.83,N
-11.75663,-47.07956,307.93,0.48,0.4,2026-06-05,0444,N20,nominal,2.0NRT,289.85,1.27,N
-11.9999,-45.35501,299.72,0.41,0.45,2026-06-05,0444,N20,nominal,2.0NRT,287.59,0.61,N
-12.00041,-45.35127,300.48,0.41,0.45,2026-06-05,0444,N20,nominal,2.0NRT,287.19,0.61,N
-12.00452,-45.35187,327.88,0.41,0.45,2026-06-05,0444,N20,nominal,2.0NRT,288.32,2.79,N
-12.02847,-45.88799,299.76,0.57,0.43,2026-06-05,0444,N20,nominal,2.0NRT,286.28,0.8,N
-12.02923,-45.88277,305.77,0.57,0.43,2026-06-05,0444,N20,nominal,2.0NRT,286.47,1.43,N
-12.02998,-45.87755,306.71,0.57,0.43,2026-06-05,0444,N20,nominal,2.0NRT,286.8,1.43,N
-12.03245,-45.88854,300.63,0.57,0.43,2026-06-05,0444,N20,nominal,2.0NRT,286.27,0.8,N
-12.02759,-45.88474,305.5,0.57,0.43,2026-06-05,0444,N20,nominal,2.0NRT,287.05,0.97,N
-12.02831,-45.8795,305.22,0.57,0.43,2026-06-05,0444,N20,nominal,2.0NRT,286.73,1.41,N
-12.03085,-45.89053,299.99,0.57,0.43,2026-06-05,0444,N20,nominal,2.0NRT,286.18,0.67,N
-12.03157,-45.8853,296.36,0.57,0.43,2026-06-05,0444,N20,nominal,2.0NRT,285.96,0.67,N
-12.03228,-45.88008,296.65,0.57,0.43,2026-06-05,0444,N20,nominal,2.0NRT,286.39,0.75,N
-10.77048,-54.10002,312.35,0.49,0.4,2026-06-05,0444,N20,nominal,2.0NRT,291.04,1.52,N
-10.8416,-53.7503,314.42,0.47,0.4,2026-06-05,0444,N20,nominal,2.0NRT,290.19,1.54,N
-10.84813,-53.75579,309.64,0.47,0.4,2026-06-05,0444,N20,nominal,2.0NRT,290.96,1.81,N
-10.84885,-53.75155,314.74,0.47,0.4,2026-06-05,0444,N20,nominal,2.0NRT,290.51,1.37,N
-10.85533,-53.73528,300.03,0.47,0.39,2026-06-05,0444,N20,nominal,2.0NRT,289.94,0.84,N
-10.85605,-53.73104,309.17,0.47,0.39,2026-06-05,0444,N20,nominal,2.0NRT,290.15,0.84,N
-10.85681,-53.74856,308.8,0.47,0.39,2026-06-05,0444,N20,nominal,2.0NRT,290.46,1.3,N
-10.85967,-53.73169,304.49,0.47,0.39,2026-06-05,0444,N20,nominal,2.0NRT,290.22,0.84,N
-10.86114,-53.74498,315.64,0.47,0.39,2026-06-05,0444,N20,nominal,2.0NRT,290.99,1.72,N
-10.86619,-53.73717,304.2,0.47,0.39,2026-06-05,0444,N20,nominal,2.0NRT,290.13,1.32,N
-10.8669,-53.73296,308.5,0.47,0.39,2026-06-05,0444,N20,nominal,2.0NRT,290.37,1.32,N
-10.60177,-55.42237,308.98,0.39,0.44,2026-06-05,0444,N20,nominal,2.0NRT,289.34,0.99,N
-11.60274,-49.32472,320.12,0.4,0.37,2026-06-05,0444,N20,nominal,2.0NRT,292.64,1.49,N
-11.60218,-49.32836,303.64,0.4,0.37,2026-06-05,0444,N20,nominal,2.0NRT,292.35,1.36,N
-11.33086,-51.39384,307.97,0.39,0.36,2026-06-05,0444,N20,nominal,2.0NRT,291.07,0.8,N
-11.33143,-51.39029,311.2,0.39,0.36,2026-06-05,0444,N20,nominal,2.0NRT,291.34,1.34,N
-10.90667,-54.1395,310.65,0.49,0.4,2026-06-05,0444,N20,nominal,2.0NRT,290.61,1.38,N
-10.90743,-54.13504,310.67,0.49,0.4,2026-06-05,0444,N20,nominal,2.0NRT,290.55,1.9,N
-11.99255,-47.7729,304.09,0.45,0.39,2026-06-05,0444,N20,nominal,2.0NRT,289.9,0.56,N
-11.99611,-47.77345,302.57,0.45,0.39,2026-06-05,0444,N20,nominal,2.0NRT,290.32,0.74,N
-11.00526,-54.31222,322.14,0.5,0.41,2026-06-05,0444,N20,nominal,2.0NRT,290.6,2.5,N
-11.00603,-54.30769,324.77,0.5,0.41,2026-06-05,0444,N20,nominal,2.0NRT,291.35,1.99,N
-11.00975,-54.30834,300.7,0.5,0.41,2026-06-05,0444,N20,nominal,2.0NRT,290.15,1.99,N
-11.0127,-54.31354,304.09,0.5,0.41,2026-06-05,0444,N20,nominal,2.0NRT,289.74,0.82,N
-11.01565,-54.31875,306.16,0.5,0.41,2026-06-05,0444,N20,nominal,2.0NRT,289.47,0.82,N
-11.01642,-54.31421,306.98,0.5,0.41,2026-06-05,0444,N20,nominal,2.0NRT,290.06,0.82,N
-12.06045,-48.07308,310.88,0.44,0.38,2026-06-05,0444,N20,nominal,2.0NRT,289.97,1.83,N
-12.06398,-48.07362,324.87,0.44,0.38,2026-06-05,0444,N20,nominal,2.0NRT,289.89,1.83,N
-11.06873,-54.50962,301.56,0.51,0.41,2026-06-05,0444,N20,nominal,2.0NRT,289.98,0.81,N
-11.95278,-49.30034,312.58,0.4,0.37,2026-06-05,0444,N20,nominal,2.0NRT,292.36,1.34,N
-12.5323,-45.67722,310.07,0.4,0.44,2026-06-05,0444,N20,nominal,2.0NRT,286.24,1.29,N
-11.26967,-53.96862,321.05,0.47,0.4,2026-06-05,0444,N20,nominal,2.0NRT,290.51,3.02,N
-11.26893,-53.97298,302.01,0.47,0.4,2026-06-05,0444,N20,nominal,2.0NRT,289.38,0.92,N
-11.27258,-53.97362,315.03,0.47,0.4,2026-06-05,0444,N20,nominal,2.0NRT,288.95,1.29,N
-12.50309,-46.34339,321.41,0.54,0.42,2026-06-05,0444,N20,nominal,2.0NRT,290.19,2.05,N
-12.50698,-46.3439,302.04,0.54,0.42,2026-06-05,0444,N20,nominal,2.0NRT,289.65,2.05,N
-12.52417,-46.28005,303.25,0.55,0.42,2026-06-05,0444,N20,nominal,2.0NRT,289.63,1.19,N
-12.52488,-46.27517,311.69,0.55,0.42,2026-06-05,0444,N20,nominal,2.0NRT,289.84,1.19,N
-12.50365,-46.34535,318.31,0.54,0.42,2026-06-05,0444,N20,nominal,2.0NRT,290.31,1.87,N
-12.50432,-46.34047,302.35,0.54,0.42,2026-06-05,0444,N20,nominal,2.0NRT,289.95,1.87,N
-12.52106,-46.27653,307.28,0.55,0.42,2026-06-05,0444,N20,nominal,2.0NRT,289.46,1.08,N
-12.52498,-46.27699,311.61,0.55,0.42,2026-06-05,0444,N20,nominal,2.0NRT,289.78,1.88,N
-11.33771,-53.96544,318.66,0.47,0.4,2026-06-05,0444,N20,nominal,2.0NRT,289.35,1.04,N
-12.30937,-47.90184,302.69,0.45,0.39,2026-06-05,0444,N20,nominal,2.0NRT,290.26,0.68,N
-11.54826,-52.80591,327.03,0.42,0.38,2026-06-05,0444,N20,nominal,2.0NRT,292.07,6.93,N
-11.5489,-52.80206,355.56,0.42,0.38,2026-06-05,0444,N20,nominal,2.0NRT,297.12,6.93,N
-11.55171,-52.80648,341,0.42,0.38,2026-06-05,0444,N20,nominal,2.0NRT,294.75,6.93,N
-11.55235,-52.80264,355.92,0.42,0.38,2026-06-05,0444,N20,nominal,2.0NRT,297.58,6.93,N
-11.55299,-52.7988,329.53,0.42,0.38,2026-06-05,0444,N20,nominal,2.0NRT,292.88,5.66,N
-11.55516,-52.80706,323.71,0.42,0.38,2026-06-05,0444,N20,nominal,2.0NRT,292.61,6.55,N
-11.5558,-52.80322,353.84,0.42,0.38,2026-06-05,0444,N20,nominal,2.0NRT,296.77,6.55,N
-11.55643,-52.79939,346.49,0.42,0.38,2026-06-05,0444,N20,nominal,2.0NRT,295.32,6.37,N
-11.55925,-52.80382,354.98,0.42,0.38,2026-06-05,0444,N20,nominal,2.0NRT,296.52,6.55,N
-11.55988,-52.79999,367,0.42,0.38,2026-06-05,0444,N20,high,2.0NRT,297.19,6.37,N
-11.56052,-52.79616,301.2,0.42,0.38,2026-06-05,0444,N20,nominal,2.0NRT,290.52,6.37,N
-11.56269,-52.80441,346.34,0.42,0.38,2026-06-05,0444,N20,nominal,2.0NRT,294.3,6.54,N
-11.56333,-52.80059,341.28,0.42,0.38,2026-06-05,0444,N20,nominal,2.0NRT,292.83,2.94,N
-11.56396,-52.79675,303.48,0.42,0.38,2026-06-05,0444,N20,nominal,2.0NRT,290.42,2.94,N
-12.92814,-43.61878,298.33,0.54,0.51,2026-06-05,0444,N20,nominal,2.0NRT,286.84,0.64,N
-11.0538,-56.92366,314.01,0.47,0.48,2026-06-05,0444,N20,nominal,2.0NRT,291.28,1.53,N
-11.05458,-56.91937,306.47,0.47,0.48,2026-06-05,0444,N20,nominal,2.0NRT,290.63,1.53,N
-12.51456,-48.27319,304.76,0.43,0.38,2026-06-05,0444,N20,nominal,2.0NRT,291.08,0.93,N
-11.45561,-55.11458,304.81,0.54,0.42,2026-06-05,0444,N20,nominal,2.0NRT,290.23,0.49,N
-11.56855,-54.58695,306.34,0.5,0.41,2026-06-05,0444,N20,nominal,2.0NRT,289.7,1.14,N
-11.57016,-54.5777,311.74,0.5,0.41,2026-06-05,0444,N20,nominal,2.0NRT,290.13,1.65,N
-11.5739,-54.5784,342.37,0.5,0.41,2026-06-05,0444,N20,nominal,2.0NRT,293.52,11.67,N
-11.57764,-54.57911,314.83,0.5,0.41,2026-06-05,0444,N20,nominal,2.0NRT,289.53,11.67,N
-12.087,-51.98993,308.88,0.4,0.37,2026-06-05,0444,N20,nominal,2.0NRT,290.16,1.36,N
-12.08759,-51.98631,311.27,0.4,0.37,2026-06-05,0444,N20,nominal,2.0NRT,290.2,1.22,N
-12.08917,-51.99774,301.33,0.4,0.37,2026-06-05,0444,N20,nominal,2.0NRT,289.7,0.7,N
-12.08976,-51.99411,301.16,0.4,0.37,2026-06-05,0444,N20,nominal,2.0NRT,290.2,0.9,N
-12.09035,-51.99049,303.79,0.4,0.37,2026-06-05,0444,N20,nominal,2.0NRT,289.9,0.9,N
-12.09095,-51.98686,305.46,0.4,0.37,2026-06-05,0444,N20,nominal,2.0NRT,290.4,0.76,N
-12.09193,-52.00193,304.02,0.4,0.37,2026-06-05,0444,N20,nominal,2.0NRT,289.26,0.7,N
-12.09252,-51.9983,306.51,0.4,0.37,2026-06-05,0444,N20,nominal,2.0NRT,289.69,0.7,N
-12.09431,-51.98741,302.05,0.4,0.37,2026-06-05,0444,N20,nominal,2.0NRT,289.46,0.76,N
-11.59893,-55.33607,307.16,0.56,0.43,2026-06-05,0444,N20,nominal,2.0NRT,291.43,2.64,N
-11.60284,-55.33678,334.17,0.56,0.43,2026-06-05,0444,N20,nominal,2.0NRT,293.96,2.64,N
-11.60197,-55.34188,311.82,0.56,0.43,2026-06-05,0444,N20,nominal,2.0NRT,291.53,2.64,N
-11.62793,-55.19114,302.76,0.54,0.42,2026-06-05,0444,N20,nominal,2.0NRT,291.56,2.22,N
-11.60588,-55.34259,317.07,0.56,0.43,2026-06-05,0444,N20,nominal,2.0NRT,291.96,2.75,N
-11.60676,-55.33751,317.69,0.56,0.43,2026-06-05,0444,N20,nominal,2.0NRT,292.41,2.75,N
-11.63267,-55.18687,302.62,0.54,0.42,2026-06-05,0444,N20,nominal,2.0NRT,291.61,1.35,N
-11.9263,-54.10082,302.94,0.47,0.4,2026-06-05,0444,N20,nominal,2.0NRT,290.15,0.83,N
-11.72992,-56.84003,305.03,0.46,0.47,2026-06-05,0444,N20,nominal,2.0NRT,290.12,0.76,N
-11.73346,-56.84508,300.53,0.46,0.47,2026-06-05,0444,N20,nominal,2.0NRT,290.03,0.74,N
-12.01637,-55.32121,302.6,0.55,0.42,2026-06-05,0444,N20,nominal,2.0NRT,290.36,0.75,N
-12.14779,-54.65088,302.77,0.5,0.41,2026-06-05,0444,N20,nominal,2.0NRT,289.4,1.02,N
-12.17833,-54.53923,308.43,0.49,0.4,2026-06-05,0444,N20,nominal,2.0NRT,290.47,1.25,N
-12.31219,-54.12708,308.61,0.47,0.4,2026-06-05,0444,N20,nominal,2.0NRT,289.62,1.29,N
-12.41015,-54.36617,303.52,0.48,0.4,2026-06-05,0444,N20,nominal,2.0NRT,289.79,0.86,N
-11.87629,-57.82334,302.14,0.52,0.5,2026-06-05,0444,N20,nominal,2.0NRT,290.05,0.57,N
-11.88086,-57.82427,304.03,0.52,0.5,2026-06-05,0444,N20,nominal,2.0NRT,290.4,1.37,N
-11.88456,-57.82994,311.11,0.53,0.5,2026-06-05,0444,N20,nominal,2.0NRT,290.84,3.11,N
-11.88543,-57.8252,305.22,0.52,0.5,2026-06-05,0444,N20,nominal,2.0NRT,290.42,1.37,N
-11.984,-57.80201,299.97,0.52,0.5,2026-06-05,0444,N20,nominal,2.0NRT,289.46,1.36,N
-13.66625,-47.75572,325.95,0.47,0.4,2026-06-05,0444,N20,nominal,2.0NRT,290.16,2.98,N
-13.66688,-47.75138,330.43,0.47,0.4,2026-06-05,0444,N20,nominal,2.0NRT,290.68,2.98,N
-13.66562,-47.76008,311.95,0.47,0.4,2026-06-05,0444,N20,nominal,2.0NRT,290.06,1.45,N
-13.42979,-49.64549,317.11,0.4,0.37,2026-06-05,0444,N20,nominal,2.0NRT,292.21,1.06,N
-12.22541,-57.27897,301.69,0.48,0.48,2026-06-05,0444,N20,nominal,2.0NRT,290.74,2.36,N
-12.23059,-57.27544,329.25,0.48,0.48,2026-06-05,0444,N20,nominal,2.0NRT,292.03,2.36,N
-12.2298,-57.27982,314.44,0.48,0.48,2026-06-05,0444,N20,nominal,2.0NRT,291.54,2.36,N
-12.23138,-57.27108,301.71,0.48,0.48,2026-06-05,0444,N20,nominal,2.0NRT,290.79,1.26,N
-12.7289,-54.73299,322.76,0.5,0.41,2026-06-05,0444,N20,nominal,2.0NRT,292.77,2.87,N
-12.72811,-54.73754,318.11,0.5,0.41,2026-06-05,0444,N20,nominal,2.0NRT,292.49,2.87,N
-12.7297,-54.72844,319.01,0.5,0.41,2026-06-05,0444,N20,nominal,2.0NRT,292.14,2.91,N
-12.73049,-54.7239,308.09,0.5,0.41,2026-06-05,0444,N20,nominal,2.0NRT,291.08,2.91,N
-12.73184,-54.73818,325.7,0.5,0.41,2026-06-05,0444,N20,nominal,2.0NRT,292.66,2.87,N
-12.73263,-54.73362,326.88,0.5,0.41,2026-06-05,0444,N20,nominal,2.0NRT,292.66,2.87,N
-12.73342,-54.72908,335.27,0.5,0.41,2026-06-05,0444,N20,nominal,2.0NRT,293.18,2.91,N
-12.73421,-54.72455,325.75,0.5,0.41,2026-06-05,0444,N20,nominal,2.0NRT,292.18,2.91,N
-12.73104,-54.74276,304.79,0.5,0.41,2026-06-05,0444,N20,nominal,2.0NRT,291.32,1.3,N
-12.73501,-54.72001,304.59,0.49,0.41,2026-06-05,0444,N20,nominal,2.0NRT,290.84,1.32,N
-12.73715,-54.72972,302.85,0.5,0.41,2026-06-05,0444,N20,nominal,2.0NRT,290.69,0.76,N
-12.73794,-54.72519,304.94,0.5,0.41,2026-06-05,0444,N20,nominal,2.0NRT,290.32,0.76,N
-12.73873,-54.72067,304.48,0.49,0.41,2026-06-05,0444,N20,nominal,2.0NRT,290.23,0.53,N
-12.80095,-54.87353,300.8,0.5,0.41,2026-06-05,0444,N20,nominal,2.0NRT,290.12,1.55,N
-12.802,-54.87178,303.74,0.5,0.41,2026-06-05,0444,N20,nominal,2.0NRT,290.18,1.48,N
-12.80736,-54.86326,321.48,0.5,0.41,2026-06-05,0444,N20,nominal,2.0NRT,291.06,1.77,N
-12.80655,-54.86785,302.54,0.5,0.41,2026-06-05,0444,N20,nominal,2.0NRT,290.4,1.04,N
-12.8111,-54.86397,310.62,0.5,0.41,2026-06-05,0444,N20,nominal,2.0NRT,289.82,1.77,N
-12.8119,-54.8594,304.33,0.5,0.41,2026-06-05,0444,N20,nominal,2.0NRT,289.89,1.77,N
-14.37394,-45.56643,300.13,0.42,0.46,2026-06-05,0444,N20,nominal,2.0NRT,285.77,1.61,N
-14.37498,-45.55857,297.36,0.43,0.46,2026-06-05,0444,N20,nominal,2.0NRT,286.77,1.22,N
-14.37552,-45.58667,307.31,0.42,0.45,2026-06-05,0444,N20,nominal,2.0NRT,285.47,1.56,N
-14.37604,-45.58274,314.57,0.42,0.45,2026-06-05,0444,N20,nominal,2.0NRT,286.43,2.14,N
-12.43746,-58.41426,300.92,0.56,0.52,2026-06-05,0444,N20,nominal,2.0NRT,289.9,1.39,N
-12.43938,-58.40397,300.79,0.56,0.52,2026-06-05,0444,N20,nominal,2.0NRT,289.09,1.96,N
-12.44216,-58.41529,329.38,0.56,0.52,2026-06-05,0444,N20,nominal,2.0NRT,290.4,3.65,N
-12.42968,-58.48236,310.08,0.57,0.52,2026-06-05,0444,N20,nominal,2.0NRT,287.84,2.33,N
-12.44312,-58.41013,310.08,0.56,0.52,2026-06-05,0444,N20,nominal,2.0NRT,289.95,2.93,N
-12.44407,-58.40501,319.07,0.56,0.52,2026-06-05,0444,N20,nominal,2.0NRT,288.8,2.93,N
-12.43442,-58.48331,311.12,0.57,0.52,2026-06-05,0444,N20,nominal,2.0NRT,286.88,2.33,N
-12.43536,-58.47821,313.05,0.57,0.52,2026-06-05,0444,N20,nominal,2.0NRT,290.27,2.33,N
-12.44686,-58.41633,314.82,0.56,0.52,2026-06-05,0444,N20,nominal,2.0NRT,289.51,3.65,N
-12.43819,-58.48946,321.41,0.57,0.52,2026-06-05,0444,N20,nominal,2.0NRT,289.52,3.87,N
-12.43915,-58.48426,332.75,0.57,0.52,2026-06-05,0444,N20,nominal,2.0NRT,292.45,5,N
-12.44199,-58.469,328.04,0.57,0.52,2026-06-05,0444,N20,nominal,2.0NRT,291.56,3.59,N
-12.44011,-58.47913,317.96,0.57,0.52,2026-06-05,0444,N20,nominal,2.0NRT,290.99,5,N
-12.44104,-58.47408,309.15,0.57,0.52,2026-06-05,0444,N20,nominal,2.0NRT,290.76,3.59,N
-12.44292,-58.49044,324.73,0.57,0.52,2026-06-05,0444,N20,nominal,2.0NRT,289.37,3.87,N
-12.4439,-58.48518,326.58,0.57,0.52,2026-06-05,0444,N20,nominal,2.0NRT,290.84,5,N
-12.44672,-58.46991,331.36,0.57,0.52,2026-06-05,0444,N20,nominal,2.0NRT,292.08,3.59,N
-12.44579,-58.47497,313.62,0.57,0.52,2026-06-05,0444,N20,nominal,2.0NRT,290.66,3.59,N
-12.45147,-58.47078,329.01,0.57,0.52,2026-06-05,0444,N20,nominal,2.0NRT,291.99,2.67,N
-12.45054,-58.47583,313.67,0.57,0.52,2026-06-05,0444,N20,nominal,2.0NRT,290.77,2.67,N
-12.45621,-58.47166,302.28,0.57,0.52,2026-06-05,0444,N20,nominal,2.0NRT,290.09,2.67,N
-13.51521,-54.31069,303.18,0.46,0.39,2026-06-05,0444,N20,nominal,2.0NRT,291.35,1.42,N
-15.31388,-41.89861,307.84,0.38,0.59,2026-06-05,0444,N20,nominal,2.0NRT,284.02,0.97,N
-15.31429,-41.89506,295.79,0.38,0.59,2026-06-05,0444,N20,nominal,2.0NRT,282.92,0.97,N
-13.51882,-54.31131,318.23,0.46,0.39,2026-06-05,0444,N20,nominal,2.0NRT,291.44,1.42,N
-13.51954,-54.30707,319.52,0.46,0.39,2026-06-05,0444,N20,nominal,2.0NRT,292.56,3.09,N
-13.52314,-54.3077,308.67,0.46,0.39,2026-06-05,0444,N20,nominal,2.0NRT,290.52,1.32,N
-14.15025,-51.59143,303.11,0.38,0.36,2026-06-05,0444,N20,nominal,2.0NRT,292.93,0.5,N
-14.15299,-51.59555,321.54,0.39,0.36,2026-06-05,0444,N20,nominal,2.0NRT,292.97,1.67,N
-14.15356,-51.59199,319.72,0.38,0.36,2026-06-05,0444,N20,nominal,2.0NRT,294.77,1.67,N
-14.04857,-53.36873,320.86,0.42,0.38,2026-06-05,0444,N20,nominal,2.0NRT,287.14,1.51,N
-14.04922,-53.36488,304.09,0.42,0.38,2026-06-05,0444,N20,nominal,2.0NRT,289.77,1.8,N
-14.26993,-53.24518,299.5,0.41,0.37,2026-06-05,0444,N20,nominal,2.0NRT,288.99,0.39,N
-14.26972,-53.24375,300.15,0.41,0.37,2026-06-05,0444,N20,nominal,2.0NRT,289.2,0.42,N
-14.94596,-49.55085,327.89,0.41,0.37,2026-06-05,0444,N20,nominal,2.0NRT,289.08,3.42,N
-14.78627,-50.63694,306.16,0.39,0.36,2026-06-05,0444,N20,nominal,2.0NRT,292.08,0.69,N
-14.7896,-50.63748,309.87,0.39,0.36,2026-06-05,0444,N20,nominal,2.0NRT,291.89,0.69,N
-15.07767,-48.94237,305.41,0.43,0.38,2026-06-05,0444,N20,nominal,2.0NRT,292.69,1.56,N
-14.74479,-52.66476,306.04,0.4,0.37,2026-06-05,0444,N20,nominal,2.0NRT,288.59,0.85,N
-14.77104,-52.67316,332.31,0.4,0.37,2026-06-05,0444,N20,nominal,2.0NRT,291.3,2.08,N
-14.77044,-52.67683,309.3,0.4,0.37,2026-06-05,0444,N20,nominal,2.0NRT,288.18,2.08,N
-14.77439,-52.67376,324.46,0.4,0.37,2026-06-05,0444,N20,nominal,2.0NRT,289.57,1.4,N
-14.7738,-52.67743,302.43,0.4,0.37,2026-06-05,0444,N20,nominal,2.0NRT,287.37,1.4,N
-15.56853,-47.85355,303.9,0.49,0.4,2026-06-05,0444,N20,nominal,2.0NRT,290.56,0.92,N
-14.09399,-59.38668,301.59,0.61,0.53,2026-06-05,0444,N20,nominal,2.0NRT,288.77,1.65,N
-14.09504,-59.38122,300.89,0.61,0.53,2026-06-05,0444,N20,nominal,2.0NRT,289.46,1.65,N
-14.0978,-59.39325,300.38,0.61,0.53,2026-06-05,0444,N20,nominal,2.0NRT,288.36,2.6,N
-14.09886,-59.38773,311.12,0.61,0.53,2026-06-05,0444,N20,nominal,2.0NRT,288.82,1.65,N
-14.09992,-59.38225,308.85,0.61,0.53,2026-06-05,0444,N20,nominal,2.0NRT,288.59,1.65,N
-16.68179,-43.88216,305.92,0.59,0.53,2026-06-05,0444,N20,nominal,2.0NRT,287.45,2.24,N
-15.47323,-55.84285,309.96,0.52,0.42,2026-06-05,0444,N20,nominal,2.0NRT,293.33,1.3,N
-16.95581,-50.49054,311.15,0.4,0.37,2026-06-05,0446,N20,nominal,2.0NRT,287.34,0.81,N
-16.84361,-53.47251,301.5,0.4,0.37,2026-06-05,0446,N20,nominal,2.0NRT,289.09,0.67,N
-16.84463,-53.47141,300.2,0.4,0.37,2026-06-05,0446,N20,nominal,2.0NRT,289.9,0.84,N
-15.60797,-60.55464,308.81,0.34,0.56,2026-06-05,0446,N20,nominal,2.0NRT,288.05,0.77,N
-15.6086,-60.55151,300.67,0.34,0.56,2026-06-05,0446,N20,nominal,2.0NRT,288.41,0.77,N
-16.12528,-58.50758,312.91,0.49,0.49,2026-06-05,0446,N20,nominal,2.0NRT,290.95,3.38,N
-16.12886,-58.51306,306.09,0.49,0.49,2026-06-05,0446,N20,nominal,2.0NRT,290.35,1.76,N
-15.76472,-61.33695,337.72,0.38,0.59,2026-06-05,0446,N20,nominal,2.0NRT,291.67,3.58,N
-15.76543,-61.33348,332.83,0.38,0.59,2026-06-05,0446,N20,nominal,2.0NRT,291.71,3.58,N
-15.76399,-61.34048,301.76,0.38,0.59,2026-06-05,0446,N20,nominal,2.0NRT,290,2.03,N
-15.95228,-60.65019,304.55,0.34,0.56,2026-06-05,0446,N20,nominal,2.0NRT,288.74,0.94,N
-15.95678,-60.6544,300.65,0.34,0.56,2026-06-05,0446,N20,nominal,2.0NRT,289.08,0.94,N
-15.9574,-60.65128,315.35,0.34,0.56,2026-06-05,0446,N20,nominal,2.0NRT,289.13,0.94,N
-15.95396,-60.65089,326.58,0.34,0.56,2026-06-05,0446,N20,nominal,2.0NRT,289.87,2.59,N
-15.9546,-60.64777,305.35,0.34,0.56,2026-06-05,0446,N20,nominal,2.0NRT,289.35,1.26,N
-17.77807,-50.46987,300.25,0.4,0.37,2026-06-05,0446,N20,nominal,2.0NRT,287.96,1.17,N
-17.78203,-50.46662,316.8,0.4,0.37,2026-06-05,0446,N20,nominal,2.0NRT,290.46,1.95,N
-16.59397,-58.23701,329.82,0.46,0.47,2026-06-05,0446,N20,nominal,2.0NRT,292.75,4.3,N
-16.5983,-58.23791,342.76,0.46,0.47,2026-06-05,0446,N20,nominal,2.0NRT,294.3,3.74,N
-16.59912,-58.23355,312.14,0.46,0.47,2026-06-05,0446,N20,nominal,2.0NRT,292.21,3.74,N
-16.60262,-58.23881,324.57,0.46,0.47,2026-06-05,0446,N20,nominal,2.0NRT,291.6,3.74,N
-16.60345,-58.23445,305.89,0.46,0.47,2026-06-05,0446,N20,nominal,2.0NRT,291.06,3.74,N
-16.35356,-59.55912,311.68,0.57,0.52,2026-06-05,0446,N20,nominal,2.0NRT,289.52,2.29,N
-16.3552,-59.57599,305.45,0.57,0.52,2026-06-05,0446,N20,nominal,2.0NRT,289.79,1.87,N
-16.3772,-59.56427,328.79,0.57,0.52,2026-06-05,0446,N20,nominal,2.0NRT,290.85,2.47,N
-16.37619,-59.5695,303.24,0.57,0.52,2026-06-05,0446,N20,nominal,2.0NRT,289.99,2.47,N
-16.37991,-59.57578,307.73,0.57,0.52,2026-06-05,0446,N20,nominal,2.0NRT,289.64,1.17,N
-15.94195,-61.83838,300.45,0.41,0.6,2026-06-05,0446,N20,nominal,2.0NRT,288.32,1.86,N
-15.94271,-61.83458,313.7,0.41,0.6,2026-06-05,0446,N20,nominal,2.0NRT,289.28,1.28,N
-15.94825,-61.83573,301.52,0.41,0.6,2026-06-05,0446,N20,nominal,2.0NRT,289.09,1.28,N
-16.4022,-59.53672,315.55,0.56,0.52,2026-06-05,0446,N20,nominal,2.0NRT,290.32,1.93,N
-16.41063,-59.54407,310.02,0.56,0.52,2026-06-05,0446,N20,nominal,2.0NRT,289.96,1.96,N
-16.38089,-59.57202,303.6,0.57,0.52,2026-06-05,0446,N20,nominal,2.0NRT,290.09,1.33,N
-16.40243,-59.5383,304.01,0.56,0.52,2026-06-05,0446,N20,nominal,2.0NRT,289.6,1.48,N
-16.40348,-59.53305,303.02,0.56,0.52,2026-06-05,0446,N20,nominal,2.0NRT,290.48,1.48,N
-16.41082,-59.54561,320.35,0.56,0.52,2026-06-05,0446,N20,nominal,2.0NRT,290.25,2.56,N
-15.94104,-61.83723,304.39,0.41,0.6,2026-06-05,0446,N20,nominal,2.0NRT,288.38,0.69,N
-16.41187,-59.54031,310.19,0.56,0.52,2026-06-05,0446,N20,nominal,2.0NRT,290.5,2.84,N
-16.41553,-59.54663,344.5,0.56,0.52,2026-06-05,0446,N20,nominal,2.0NRT,296.68,19.65,N
-16.41658,-59.54137,330.89,0.56,0.52,2026-06-05,0446,N20,nominal,2.0NRT,294.33,11.72,N
-15.94737,-61.83458,313.62,0.41,0.6,2026-06-05,0446,N20,nominal,2.0NRT,289.17,1.87,N
-16.42025,-59.54769,338.44,0.56,0.52,2026-06-05,0446,N20,nominal,2.0NRT,290.12,19.65,N
-16.42129,-59.54243,303.09,0.56,0.52,2026-06-05,0446,N20,nominal,2.0NRT,289.4,11.72,N
-16.46518,-59.32058,317.29,0.54,0.51,2026-06-05,0446,N20,nominal,2.0NRT,290.35,2.96,N
-16.46884,-59.32658,339.23,0.54,0.51,2026-06-05,0446,N20,nominal,2.0NRT,290.83,3.04,N
-16.42284,-59.55947,316.58,0.57,0.52,2026-06-05,0446,N20,nominal,2.0NRT,289.56,2.31,N
-16.46985,-59.32144,312.62,0.54,0.51,2026-06-05,0446,N20,nominal,2.0NRT,290.12,3.04,N
-16.47452,-59.32236,304.55,0.54,0.51,2026-06-05,0446,N20,nominal,2.0NRT,290.37,3.04,N
-16.48244,-59.28205,305.75,0.54,0.51,2026-06-05,0446,N20,nominal,2.0NRT,289.76,1.75,N
-16.47516,-59.34374,325.2,0.55,0.51,2026-06-05,0446,N20,nominal,2.0NRT,291.22,2.65,N
-16.47416,-59.34887,305.94,0.55,0.51,2026-06-05,0446,N20,nominal,2.0NRT,290.43,2.65,N
-16.47618,-59.33857,301.62,0.55,0.51,2026-06-05,0446,N20,nominal,2.0NRT,291.08,1.18,N
-16.51217,-59.27811,304.19,0.54,0.51,2026-06-05,0446,N20,nominal,2.0NRT,290.18,1.57,N
-16.51681,-59.27908,340.41,0.54,0.51,2026-06-05,0446,N20,nominal,2.0NRT,291.33,4.46,N
-16.51583,-59.28413,315.73,0.54,0.51,2026-06-05,0446,N20,nominal,2.0NRT,290,4.46,N
-16.51778,-59.27406,296.43,0.54,0.51,2026-06-05,0446,N20,nominal,2.0NRT,285.4,1.14,N
-16.50274,-59.37653,313.99,0.55,0.51,2026-06-05,0446,N20,nominal,2.0NRT,290.13,1.79,N
-16.51335,-59.34678,324.43,0.55,0.51,2026-06-05,0446,N20,nominal,2.0NRT,290.75,3.59,N
-16.52487,-59.31226,306.99,0.54,0.51,2026-06-05,0446,N20,nominal,2.0NRT,289.97,1.55,N
-16.17049,-61.13383,299.75,0.36,0.58,2026-06-05,0446,N20,nominal,2.0NRT,289.28,0.88,N
-16.52755,-59.32343,304.12,0.54,0.51,2026-06-05,0446,N20,nominal,2.0NRT,289.75,0.92,N
-16.17372,-61.14505,304.76,0.36,0.58,2026-06-05,0446,N20,nominal,2.0NRT,288.69,1.11,N
-16.1744,-61.14167,307.47,0.36,0.58,2026-06-05,0446,N20,nominal,2.0NRT,288.89,1.11,N
-16.17508,-61.13831,302.72,0.36,0.58,2026-06-05,0446,N20,nominal,2.0NRT,288.64,0.88,N
-16.17575,-61.13499,302.79,0.36,0.58,2026-06-05,0446,N20,nominal,2.0NRT,289.03,0.88,N
-16.17641,-61.13168,318.56,0.36,0.58,2026-06-05,0446,N20,nominal,2.0NRT,289.27,2.34,N
-16.18166,-61.13285,313.45,0.36,0.58,2026-06-05,0446,N20,nominal,2.0NRT,289.04,1.04,N
-16.54362,-59.29009,308.02,0.54,0.51,2026-06-05,0446,N20,nominal,2.0NRT,290.16,1.92,N
-16.5473,-59.29605,322.48,0.54,0.51,2026-06-05,0446,N20,nominal,2.0NRT,290.15,3.56,N
-16.54827,-59.29103,318.79,0.54,0.51,2026-06-05,0446,N20,nominal,2.0NRT,289.97,1.92,N
-16.54922,-59.28604,300.46,0.54,0.51,2026-06-05,0446,N20,nominal,2.0NRT,289.48,1.92,N
-16.55096,-59.30214,335.43,0.54,0.51,2026-06-05,0446,N20,nominal,2.0NRT,291.13,6.58,N
-16.55386,-59.28703,315.73,0.54,0.51,2026-06-05,0446,N20,nominal,2.0NRT,290.25,2.91,N
-17.86266,-51.78325,316.02,0.38,0.36,2026-06-05,0446,N20,nominal,2.0NRT,285.66,0.92,N
-16.56312,-59.28903,307.97,0.54,0.51,2026-06-05,0446,N20,nominal,2.0NRT,289.78,1.5,N
-16.54583,-59.29314,301.78,0.54,0.51,2026-06-05,0446,N20,nominal,2.0NRT,289.77,2.7,N
-16.54683,-59.28812,317.32,0.54,0.51,2026-06-05,0446,N20,nominal,2.0NRT,289.88,1.67,N
-16.54947,-59.29913,328.21,0.54,0.51,2026-06-05,0446,N20,nominal,2.0NRT,291.1,2.7,N
-16.54846,-59.30419,313.94,0.54,0.51,2026-06-05,0446,N20,nominal,2.0NRT,289.75,2.22,N
-16.55047,-59.29408,317.17,0.54,0.51,2026-06-05,0446,N20,nominal,2.0NRT,290.6,2.7,N
-16.55147,-59.2891,303.92,0.54,0.51,2026-06-05,0446,N20,nominal,2.0NRT,289.7,1.67,N
-16.55245,-59.28418,311.9,0.54,0.51,2026-06-05,0446,N20,nominal,2.0NRT,290.09,1.67,N
-16.5541,-59.30015,305.49,0.54,0.51,2026-06-05,0446,N20,nominal,2.0NRT,289.49,1.57,N
-16.56196,-59.33361,299.09,0.54,0.51,2026-06-05,0446,N20,nominal,2.0NRT,288.78,0.62,N
-16.56763,-59.32943,301.38,0.54,0.51,2026-06-05,0446,N20,nominal,2.0NRT,289.59,1.06,N
-16.56864,-59.32429,316.51,0.54,0.51,2026-06-05,0446,N20,nominal,2.0NRT,290.05,2.68,N
-16.56965,-59.3192,318.21,0.54,0.51,2026-06-05,0446,N20,nominal,2.0NRT,290.36,2.68,N
-16.57227,-59.33044,301.97,0.54,0.51,2026-06-05,0446,N20,nominal,2.0NRT,289.43,1.06,N
-16.43719,-60.62402,324.77,0.33,0.55,2026-06-05,0446,N20,nominal,2.0NRT,291.82,2.03,N
-16.43656,-60.62712,308.22,0.33,0.55,2026-06-05,0446,N20,nominal,2.0NRT,290.69,1.84,N
-16.67179,-59.60083,304.65,0.56,0.52,2026-06-05,0446,N20,nominal,2.0NRT,289.88,1.06,N
-17.8661,-53.26297,312.93,0.39,0.36,2026-06-05,0446,N20,nominal,2.0NRT,287.93,1.24,N
-18.62947,-48.1944,305.87,0.51,0.41,2026-06-05,0446,N20,nominal,2.0NRT,287.21,0.88,N
-18.63324,-48.19498,299.16,0.51,0.41,2026-06-05,0446,N20,nominal,2.0NRT,286.88,0.88,N
-16.55671,-60.83428,342.08,0.34,0.56,2026-06-05,0446,N20,nominal,2.0NRT,291.5,3.22,N
-16.55736,-60.83101,315.03,0.34,0.56,2026-06-05,0446,N20,nominal,2.0NRT,291.03,3.22,N
-16.56247,-60.83216,352.36,0.34,0.56,2026-06-05,0446,N20,nominal,2.0NRT,291.32,3.22,N
-16.56312,-60.82891,367,0.34,0.56,2026-06-05,0446,N20,high,2.0NRT,291.86,10.36,N
-16.56378,-60.82563,367,0.34,0.56,2026-06-05,0446,N20,high,2.0NRT,293.75,10.36,N
-16.56182,-60.83543,299.84,0.34,0.56,2026-06-05,0446,N20,nominal,2.0NRT,289.8,3.22,N
-16.47913,-61.26615,300.55,0.36,0.58,2026-06-05,0446,N20,nominal,2.0NRT,288.05,0.95,N
-16.47984,-61.26274,302.1,0.36,0.58,2026-06-05,0446,N20,nominal,2.0NRT,288.83,1.04,N
-16.46058,-61.56796,302.61,0.38,0.59,2026-06-05,0446,N20,nominal,2.0NRT,288.03,1.18,N
-16.46133,-61.56437,314.43,0.38,0.59,2026-06-05,0446,N20,nominal,2.0NRT,287.64,1.3,N
-16.47963,-61.5573,305.31,0.38,0.59,2026-06-05,0446,N20,nominal,2.0NRT,288.22,0.48,N
-16.48497,-61.55864,323.1,0.38,0.59,2026-06-05,0446,N20,nominal,2.0NRT,288.09,1.36,N
-16.48423,-61.56223,300.85,0.38,0.59,2026-06-05,0446,N20,nominal,2.0NRT,287.8,1.36,N
-16.48571,-61.55504,304.08,0.38,0.59,2026-06-05,0446,N20,nominal,2.0NRT,287.7,1.36,N
-16.64427,-60.77998,312.54,0.34,0.56,2026-06-05,0446,N20,nominal,2.0NRT,289.7,0.96,N
-18.49528,-51.6654,301.44,0.39,0.36,2026-06-05,0446,N20,nominal,2.0NRT,286.09,0.77,N
-19.60563,-44.05723,304.82,0.62,0.54,2026-06-05,0446,N20,nominal,2.0NRT,284.73,1.58,N
-20.23312,-40.23303,314.1,0.56,0.69,2026-06-05,0446,N20,nominal,2.0NRT,288.71,2.16,N
-20.23361,-40.22756,301.01,0.56,0.69,2026-06-05,0446,N20,nominal,2.0NRT,288.04,2.16,N
-20.23853,-40.24446,332.5,0.56,0.69,2026-06-05,0446,N20,nominal,2.0NRT,287.12,4.36,N
-20.23902,-40.23905,305.98,0.56,0.69,2026-06-05,0446,N20,nominal,2.0NRT,287.18,4.36,N
-20.24491,-40.24511,311.43,0.56,0.69,2026-06-05,0446,N20,nominal,2.0NRT,286.12,2.28,N
-20.2454,-40.23969,300.62,0.56,0.69,2026-06-05,0446,N20,nominal,2.0NRT,285.97,2.28,N
-20.25228,-40.23479,299.23,0.56,0.69,2026-06-05,0446,N20,nominal,2.0NRT,286.32,2.87,N
-17.4845,-59.5147,318.7,0.54,0.51,2026-06-05,0446,N20,nominal,2.0NRT,289.33,2.37,N
-17.48548,-59.50965,311.8,0.54,0.51,2026-06-05,0446,N20,nominal,2.0NRT,289.59,2.37,N
-17.48744,-59.49951,303.86,0.54,0.51,2026-06-05,0446,N20,nominal,2.0NRT,289.23,1.31,N
-17.48842,-59.49446,304.84,0.54,0.5,2026-06-05,0446,N20,nominal,2.0NRT,289.64,2.02,N
-17.48621,-59.53076,333.54,0.54,0.51,2026-06-05,0446,N20,nominal,2.0NRT,290.92,4.27,N
-17.48719,-59.52572,324.9,0.54,0.51,2026-06-05,0446,N20,nominal,2.0NRT,290.5,4.16,N
-17.48816,-59.52068,334.68,0.54,0.51,2026-06-05,0446,N20,nominal,2.0NRT,291.88,4.16,N
-17.48913,-59.51565,342.75,0.54,0.51,2026-06-05,0446,N20,nominal,2.0NRT,292.11,4.51,N
-17.49206,-59.50051,328.67,0.54,0.51,2026-06-05,0446,N20,nominal,2.0NRT,290.64,6.85,N
-17.49301,-59.49558,336.68,0.54,0.5,2026-06-05,0446,N20,nominal,2.0NRT,291.33,9.1,N
-17.48524,-59.53579,318.14,0.54,0.51,2026-06-05,0446,N20,nominal,2.0NRT,289.85,4.27,N
-17.4901,-59.51062,319.01,0.54,0.51,2026-06-05,0446,N20,nominal,2.0NRT,290.03,4.51,N
-17.48498,-59.56213,321.71,0.54,0.51,2026-06-05,0446,N20,nominal,2.0NRT,287.94,6.11,N
-17.48595,-59.55708,352.06,0.54,0.51,2026-06-05,0446,N20,nominal,2.0NRT,293.35,11.07,N
-17.48693,-59.55203,345.44,0.54,0.51,2026-06-05,0446,N20,nominal,2.0NRT,290.86,11.07,N
-17.48987,-59.53677,322.68,0.54,0.51,2026-06-05,0446,N20,nominal,2.0NRT,289.07,4.27,N
-17.49085,-59.5317,334.96,0.54,0.51,2026-06-05,0446,N20,nominal,2.0NRT,291.12,4.27,N
-17.49183,-59.52664,329.21,0.54,0.51,2026-06-05,0446,N20,nominal,2.0NRT,290.94,4.16,N
-17.49376,-59.51664,324.47,0.54,0.51,2026-06-05,0446,N20,nominal,2.0NRT,291.43,4.51,N
-17.49472,-59.51162,331.69,0.54,0.51,2026-06-05,0446,N20,nominal,2.0NRT,290.14,4.51,N
-17.49667,-59.5015,334.23,0.54,0.51,2026-06-05,0446,N20,nominal,2.0NRT,290.72,6.85,N
-17.49762,-59.49662,342.61,0.54,0.5,2026-06-05,0446,N20,nominal,2.0NRT,294.04,9.1,N
-17.49279,-59.52163,317.96,0.54,0.51,2026-06-05,0446,N20,nominal,2.0NRT,290.99,4.16,N
-17.49156,-59.55301,338.79,0.54,0.51,2026-06-05,0446,N20,nominal,2.0NRT,289.5,8.59,N
-17.49549,-59.53265,322.05,0.54,0.51,2026-06-05,0446,N20,nominal,2.0NRT,290.49,1.85,N
-17.49059,-59.55806,314.32,0.54,0.51,2026-06-05,0446,N20,nominal,2.0NRT,288.12,8.59,N
-17.49253,-59.54797,319.3,0.54,0.51,2026-06-05,0446,N20,nominal,2.0NRT,289.74,5.76,N
-17.4945,-59.53775,301.92,0.54,0.51,2026-06-05,0446,N20,nominal,2.0NRT,288.22,1.85,N
-17.49646,-59.52755,319.08,0.54,0.51,2026-06-05,0446,N20,nominal,2.0NRT,289.93,2.82,N
-17.49742,-59.52258,311.1,0.54,0.51,2026-06-05,0446,N20,nominal,2.0NRT,290.68,2.82,N
-17.49838,-59.51759,317.99,0.54,0.51,2026-06-05,0446,N20,nominal,2.0NRT,290.49,1.62,N
-17.49935,-59.51257,299.68,0.54,0.51,2026-06-05,0446,N20,nominal,2.0NRT,289.08,1.62,N
-17.49523,-59.559,341.04,0.54,0.51,2026-06-05,0446,N20,nominal,2.0NRT,291.25,8.59,N
-17.4962,-59.55397,343.24,0.54,0.51,2026-06-05,0446,N20,nominal,2.0NRT,290.75,8.59,N
-17.49718,-59.54889,327.87,0.54,0.51,2026-06-05,0446,N20,nominal,2.0NRT,290.15,5.76,N
-17.48547,-59.6097,313.18,0.54,0.51,2026-06-05,0446,N20,nominal,2.0NRT,289.05,1.79,N
-17.50012,-59.53357,299.38,0.54,0.51,2026-06-05,0446,N20,nominal,2.0NRT,289.23,1.85,N
-17.48329,-59.51116,311.85,0.54,0.51,2026-06-05,0446,N20,nominal,2.0NRT,289.16,2.66,N
-17.48635,-59.49597,300.59,0.54,0.5,2026-06-05,0446,N20,nominal,2.0NRT,289.11,2.82,N
-17.4859,-59.52213,320.98,0.54,0.51,2026-06-05,0446,N20,nominal,2.0NRT,290.68,4.7,N
-17.48691,-59.5171,340.12,0.54,0.51,2026-06-05,0446,N20,nominal,2.0NRT,291.53,4.7,N
-17.49095,-59.497,330.99,0.54,0.5,2026-06-05,0446,N20,nominal,2.0NRT,290.83,2.82,N
-17.48388,-59.53218,317.39,0.54,0.51,2026-06-05,0446,N20,nominal,2.0NRT,290.24,1.98,N
-17.48489,-59.52717,307.33,0.54,0.51,2026-06-05,0446,N20,nominal,2.0NRT,289.74,1.98,N
-17.48792,-59.51208,319.77,0.54,0.51,2026-06-05,0446,N20,nominal,2.0NRT,290.43,2.66,N
-17.48894,-59.50703,314.63,0.54,0.51,2026-06-05,0446,N20,nominal,2.0NRT,289.98,2.66,N
-17.48344,-59.5584,350.9,0.54,0.51,2026-06-05,0446,N20,nominal,2.0NRT,290.43,8.33,N
-17.48445,-59.55338,327.11,0.54,0.51,2026-06-05,0446,N20,nominal,2.0NRT,289.97,6.67,N
-17.48545,-59.54837,323.28,0.54,0.51,2026-06-05,0446,N20,nominal,2.0NRT,289.15,6.67,N
-17.48851,-59.53315,344.52,0.54,0.51,2026-06-05,0446,N20,nominal,2.0NRT,291.5,4.92,N
-17.48952,-59.5281,324.75,0.54,0.51,2026-06-05,0446,N20,nominal,2.0NRT,290.74,4.92,N
-17.49154,-59.51806,335.3,0.54,0.51,2026-06-05,0446,N20,nominal,2.0NRT,292.11,3.92,N
-17.49254,-59.51307,329.32,0.54,0.51,2026-06-05,0446,N20,nominal,2.0NRT,290.64,2.5,N
-17.49556,-59.49804,367,0.54,0.5,2026-06-05,0446,N20,high,2.0NRT,295.94,7.26,N
-17.4875,-59.5382,317.69,0.54,0.51,2026-06-05,0446,N20,nominal,2.0NRT,288.62,3.58,N
-17.49054,-59.52307,318.77,0.54,0.51,2026-06-05,0446,N20,nominal,2.0NRT,290.84,3.92,N
-17.49356,-59.50799,309.12,0.54,0.51,2026-06-05,0446,N20,nominal,2.0NRT,289.61,2.5,N
-17.49458,-59.50292,300.15,0.54,0.5,2026-06-05,0446,N20,nominal,2.0NRT,289.71,7.26,N
-17.49654,-59.49313,299.79,0.53,0.5,2026-06-05,0446,N20,nominal,2.0NRT,289.71,5.06,N
-20.23392,-40.24497,298.48,0.56,0.69,2026-06-05,0446,N20,nominal,2.0NRT,286.2,3.28,N
-17.48807,-59.55941,336.69,0.54,0.51,2026-06-05,0446,N20,nominal,2.0NRT,288.75,8.33,N
-17.48909,-59.55434,321.99,0.54,0.51,2026-06-05,0446,N20,nominal,2.0NRT,289.48,6.67,N
-17.49009,-59.54933,338.5,0.54,0.51,2026-06-05,0446,N20,nominal,2.0NRT,290.75,6.67,N
-17.49315,-59.53409,326.72,0.54,0.51,2026-06-05,0446,N20,nominal,2.0NRT,289.82,4.92,N
-17.49417,-59.52899,328.64,0.54,0.51,2026-06-05,0446,N20,nominal,2.0NRT,290.21,4.92,N
-17.49617,-59.51901,326.85,0.54,0.51,2026-06-05,0446,N20,nominal,2.0NRT,291.37,3.92,N
-17.50018,-59.49901,330.42,0.54,0.5,2026-06-05,0446,N20,nominal,2.0NRT,290.4,7.26,N
-20.24076,-40.24015,322.47,0.56,0.69,2026-06-05,0446,N20,nominal,2.0NRT,287.68,7.92,N
-17.49517,-59.52399,315.81,0.54,0.51,2026-06-05,0446,N20,nominal,2.0NRT,290.6,3.92,N
-17.49717,-59.51403,310.86,0.54,0.51,2026-06-05,0446,N20,nominal,2.0NRT,289.92,2.5,N
-17.49818,-59.50895,306.28,0.54,0.51,2026-06-05,0446,N20,nominal,2.0NRT,289.43,2.5,N
-20.24031,-40.24558,318.57,0.56,0.69,2026-06-05,0446,N20,nominal,2.0NRT,286.4,3.28,N
-17.49372,-59.55532,342.77,0.54,0.51,2026-06-05,0446,N20,nominal,2.0NRT,290.5,8.14,N
-17.49473,-59.55029,343.83,0.54,0.51,2026-06-05,0446,N20,nominal,2.0NRT,290.5,8.14,N
-17.49272,-59.56034,311.63,0.54,0.51,2026-06-05,0446,N20,nominal,2.0NRT,288.55,3.88,N
-17.49778,-59.53504,309.22,0.54,0.51,2026-06-05,0446,N20,nominal,2.0NRT,289.38,1.14,N
-17.4988,-59.52991,300.3,0.54,0.51,2026-06-05,0446,N20,nominal,2.0NRT,289.73,1.14,N
-17.4998,-59.52493,300.65,0.54,0.51,2026-06-05,0446,N20,nominal,2.0NRT,289.58,1.1,N
-20.24669,-40.24622,309.35,0.56,0.69,2026-06-05,0446,N20,nominal,2.0NRT,285.77,3.54,N
-20.24714,-40.2408,313.27,0.56,0.69,2026-06-05,0446,N20,nominal,2.0NRT,286.25,5.33,N
-17.49837,-59.55622,367,0.54,0.51,2026-06-05,0446,N20,high,2.0NRT,292.66,8.14,N
-17.48825,-59.60682,308.25,0.54,0.51,2026-06-05,0446,N20,nominal,2.0NRT,289.41,1.48,N
-17.49737,-59.56124,312.26,0.54,0.51,2026-06-05,0446,N20,nominal,2.0NRT,288.77,3.88,N
-17.49938,-59.55117,313.88,0.54,0.51,2026-06-05,0446,N20,nominal,2.0NRT,289.61,8.14,N
-17.5047,-59.62154,331.79,0.54,0.51,2026-06-05,0446,N20,nominal,2.0NRT,288.83,3.64,N
-17.50266,-59.63179,307.84,0.55,0.51,2026-06-05,0446,N20,nominal,2.0NRT,288.22,1.69,N
-17.50933,-59.62264,314.68,0.54,0.51,2026-06-05,0446,N20,nominal,2.0NRT,287.93,1.52,N
-17.56015,-59.66028,307.42,0.55,0.51,2026-06-05,0446,N20,nominal,2.0NRT,288.87,1.48,N
-17.56282,-59.65801,298.56,0.55,0.51,2026-06-05,0446,N20,nominal,2.0NRT,287.92,1.37,N
-18.92294,-53.22896,306.68,0.39,0.36,2026-06-05,0446,N20,nominal,2.0NRT,285.93,0.92,N
-17.63162,-60.40351,318.37,0.61,0.53,2026-06-05,0446,N20,nominal,2.0NRT,288.7,2.33,N
-18.93139,-53.21912,302.76,0.39,0.36,2026-06-05,0446,N20,nominal,2.0NRT,285.84,0.65,N
-17.62948,-60.39906,311.37,0.61,0.53,2026-06-05,0446,N20,nominal,2.0NRT,288.51,2.12,N
-17.63435,-60.40014,302.19,0.61,0.53,2026-06-05,0446,N20,nominal,2.0NRT,287.91,2.12,N
-17.64085,-60.74636,301.08,0.32,0.55,2026-06-05,0446,N20,nominal,2.0NRT,286.9,0.64,N
-17.64644,-60.74446,306.05,0.32,0.55,2026-06-05,0446,N20,nominal,2.0NRT,287.84,0.64,N
-17.67135,-60.75005,327.16,0.32,0.55,2026-06-05,0446,N20,nominal,2.0NRT,288.79,3.92,N
-17.67195,-60.74703,345.89,0.32,0.55,2026-06-05,0446,N20,nominal,2.0NRT,291.23,3.75,N
-17.67256,-60.74403,322.29,0.32,0.55,2026-06-05,0446,N20,nominal,2.0NRT,289.79,3.75,N
-17.67316,-60.74102,341.79,0.32,0.55,2026-06-05,0446,N20,nominal,2.0NRT,289.76,3.92,N
-17.67376,-60.73802,341.86,0.32,0.55,2026-06-05,0446,N20,nominal,2.0NRT,290.08,3.92,N
-17.67437,-60.735,316.85,0.32,0.54,2026-06-05,0446,N20,nominal,2.0NRT,289.13,3.06,N
-17.67557,-60.72902,305.02,0.32,0.54,2026-06-05,0446,N20,nominal,2.0NRT,288.36,1.03,N
-18.0338,-59.58727,300.01,0.53,0.5,2026-06-05,0446,N20,nominal,2.0NRT,288.36,1.07,N
-18.03321,-59.58456,300.13,0.53,0.5,2026-06-05,0446,N20,nominal,2.0NRT,288.58,0.8,N
-18.03637,-59.61666,311.86,0.53,0.5,2026-06-05,0446,N20,nominal,2.0NRT,288.2,2.12,N
-18.03736,-59.6117,313.71,0.53,0.5,2026-06-05,0446,N20,nominal,2.0NRT,288.98,2.12,N
-18.05635,-59.63692,313.75,0.53,0.5,2026-06-05,0446,N20,nominal,2.0NRT,288.29,1.4,N
-18.06095,-59.63797,304.5,0.53,0.5,2026-06-05,0446,N20,nominal,2.0NRT,287.99,0.84,N
-18.12943,-59.41112,300.64,0.51,0.5,2026-06-05,0446,N20,nominal,2.0NRT,287.41,0.34,N
-18.09935,-59.5891,321.15,0.53,0.5,2026-06-05,0446,N20,nominal,2.0NRT,288.5,3.72,N
-18.10034,-59.58407,329.21,0.53,0.5,2026-06-05,0446,N20,nominal,2.0NRT,290.32,3.72,N
-18.13396,-59.41213,314.79,0.51,0.5,2026-06-05,0446,N20,nominal,2.0NRT,288.3,1.47,N
-18.10394,-59.59011,320.96,0.53,0.5,2026-06-05,0446,N20,nominal,2.0NRT,288.62,3.72,N
-18.10492,-59.58509,326.36,0.53,0.5,2026-06-05,0446,N20,nominal,2.0NRT,288.66,3.72,N
-18.37102,-59.07685,334.13,0.49,0.48,2026-06-05,0446,N20,nominal,2.0NRT,289.96,2.25,N
-18.36921,-59.08602,310.97,0.49,0.48,2026-06-05,0446,N20,nominal,2.0NRT,288.52,3.33,N
-18.37012,-59.08144,315.9,0.49,0.48,2026-06-05,0446,N20,nominal,2.0NRT,288.52,3.33,N
-18.37192,-59.07227,297.74,0.48,0.48,2026-06-05,0446,N20,nominal,2.0NRT,287.68,2.25,N
-18.37281,-59.0677,308.64,0.48,0.48,2026-06-05,0446,N20,nominal,2.0NRT,288.26,1.31,N
-18.37273,-59.09156,330.51,0.49,0.48,2026-06-05,0446,N20,nominal,2.0NRT,289.54,4.82,N
-18.37363,-59.087,330.66,0.49,0.48,2026-06-05,0446,N20,nominal,2.0NRT,290.25,3.33,N
-18.37453,-59.08241,332.09,0.49,0.48,2026-06-05,0446,N20,nominal,2.0NRT,290.62,3.33,N
-18.37543,-59.07782,321.66,0.49,0.48,2026-06-05,0446,N20,nominal,2.0NRT,289.45,2.25,N
-18.37991,-59.05499,328.05,0.48,0.48,2026-06-05,0446,N20,nominal,2.0NRT,290.2,2.5,N
-18.37633,-59.07325,298.77,0.48,0.48,2026-06-05,0446,N20,nominal,2.0NRT,288.22,2.25,N
-18.37723,-59.06867,307.4,0.48,0.48,2026-06-05,0446,N20,nominal,2.0NRT,288.13,1.31,N
-18.37812,-59.06411,307.33,0.48,0.48,2026-06-05,0446,N20,nominal,2.0NRT,288.27,1.31,N
-18.37902,-59.05955,300.15,0.48,0.48,2026-06-05,0446,N20,nominal,2.0NRT,287.89,2.5,N
-18.38081,-59.05044,306.73,0.48,0.48,2026-06-05,0446,N20,nominal,2.0NRT,288.83,1.63,N
-18.3817,-59.04589,314.61,0.48,0.48,2026-06-05,0446,N20,nominal,2.0NRT,289.21,1.63,N
-18.37715,-59.09254,325.72,0.49,0.48,2026-06-05,0446,N20,nominal,2.0NRT,289.82,3.71,N
-18.37805,-59.08796,324.23,0.49,0.48,2026-06-05,0446,N20,nominal,2.0NRT,290.61,3.21,N
-18.37984,-59.0788,323.34,0.49,0.48,2026-06-05,0446,N20,nominal,2.0NRT,290.37,2.56,N
-18.38164,-59.06965,337.9,0.48,0.48,2026-06-05,0446,N20,nominal,2.0NRT,290.86,3.88,N
-18.38253,-59.06508,330.59,0.48,0.48,2026-06-05,0446,N20,nominal,2.0NRT,290.96,3.88,N
-18.38342,-59.06052,327.68,0.48,0.48,2026-06-05,0446,N20,nominal,2.0NRT,290.46,3.81,N
-18.38432,-59.05597,336.7,0.48,0.48,2026-06-05,0446,N20,nominal,2.0NRT,291.89,3.81,N
-18.38521,-59.0514,334.32,0.48,0.48,2026-06-05,0446,N20,nominal,2.0NRT,291.35,2.88,N
-18.37895,-59.08338,318.58,0.49,0.48,2026-06-05,0446,N20,nominal,2.0NRT,290.27,3.21,N
-18.38074,-59.07422,310.98,0.48,0.48,2026-06-05,0446,N20,nominal,2.0NRT,288.92,2.56,N
-18.3861,-59.04686,313.84,0.48,0.48,2026-06-05,0446,N20,nominal,2.0NRT,289.17,2.88,N
-18.38157,-59.0935,327,0.49,0.48,2026-06-05,0446,N20,nominal,2.0NRT,289.95,3.71,N
-18.38247,-59.08894,324.37,0.49,0.48,2026-06-05,0446,N20,nominal,2.0NRT,290.47,3.21,N
-18.38336,-59.08435,320.38,0.49,0.48,2026-06-05,0446,N20,nominal,2.0NRT,289.95,3.21,N
-18.38605,-59.07063,321.82,0.48,0.48,2026-06-05,0446,N20,nominal,2.0NRT,288.81,3.88,N
-18.38694,-59.06606,320.68,0.48,0.48,2026-06-05,0446,N20,nominal,2.0NRT,289.52,3.88,N
-18.38784,-59.06149,323.92,0.48,0.48,2026-06-05,0446,N20,nominal,2.0NRT,290.24,3.81,N
-18.38873,-59.05694,322.7,0.48,0.48,2026-06-05,0446,N20,nominal,2.0NRT,290,3.81,N
-18.38426,-59.07978,312.57,0.49,0.48,2026-06-05,0446,N20,nominal,2.0NRT,289.05,2.56,N
-18.38962,-59.05239,302.35,0.48,0.48,2026-06-05,0446,N20,nominal,2.0NRT,288.95,2.88,N
-18.38688,-59.0899,320.45,0.49,0.48,2026-06-05,0446,N20,nominal,2.0NRT,289.81,2.43,N
-18.38599,-59.09447,311.84,0.49,0.48,2026-06-05,0446,N20,nominal,2.0NRT,289.17,1.83,N
-18.38778,-59.08532,315.93,0.49,0.48,2026-06-05,0446,N20,nominal,2.0NRT,289.36,2.43,N
-18.52719,-58.59614,307.49,0.45,0.47,2026-06-05,0446,N20,nominal,2.0NRT,289.32,1.63,N
-18.53493,-58.60227,342.49,0.45,0.47,2026-06-05,0446,N20,nominal,2.0NRT,290.92,6.59,N
-18.53573,-58.59801,345.36,0.45,0.47,2026-06-05,0446,N20,nominal,2.0NRT,292.84,8.66,N
-18.53733,-58.58952,309.65,0.45,0.47,2026-06-05,0446,N20,nominal,2.0NRT,290.83,1.87,N
-18.53839,-58.60748,348.22,0.45,0.47,2026-06-05,0446,N20,nominal,2.0NRT,291.93,6.59,N
-18.53919,-58.60321,342.04,0.45,0.47,2026-06-05,0446,N20,nominal,2.0NRT,292.58,6.59,N
-18.54507,-58.59566,322.51,0.45,0.47,2026-06-05,0446,N20,nominal,2.0NRT,290.59,1.87,N
-18.54853,-58.60085,314.28,0.45,0.47,2026-06-05,0446,N20,nominal,2.0NRT,289.16,1.87,N
-18.54934,-58.5966,304.68,0.45,0.47,2026-06-05,0446,N20,nominal,2.0NRT,289.66,1.87,N
-19.16656,-55.17939,305.39,0.44,0.38,2026-06-05,0446,N20,nominal,2.0NRT,293.65,0.69,N
-19.16936,-55.18422,313.15,0.44,0.38,2026-06-05,0446,N20,nominal,2.0NRT,292.08,1.79,N
-19.17007,-55.18007,303.52,0.44,0.38,2026-06-05,0446,N20,nominal,2.0NRT,292.46,0.69,N
-19.16885,-55.18693,304.6,0.44,0.38,2026-06-05,0446,N20,nominal,2.0NRT,291.89,1.14,N
-19.16958,-55.18278,312.09,0.44,0.38,2026-06-05,0446,N20,nominal,2.0NRT,292.07,1.14,N
-18.5365,-58.60523,355.05,0.45,0.47,2026-06-05,0446,N20,nominal,2.0NRT,293.53,10.89,N
-18.53733,-58.60098,367,0.45,0.47,2026-06-05,0446,N20,high,2.0NRT,295.18,10.89,N
-18.53816,-58.59674,327.27,0.45,0.47,2026-06-05,0446,N20,nominal,2.0NRT,291.4,5.18,N
-18.53566,-58.60949,303.59,0.45,0.47,2026-06-05,0446,N20,nominal,2.0NRT,288.87,2.13,N
-18.5467,-58.59861,329.98,0.45,0.47,2026-06-05,0446,N20,nominal,2.0NRT,291.43,3.01,N
-18.54753,-58.59438,315.94,0.45,0.47,2026-06-05,0446,N20,nominal,2.0NRT,290.06,3.01,N
-18.55854,-58.58352,300.27,0.45,0.47,2026-06-05,0446,N20,nominal,2.0NRT,289.19,0.76,N
-18.56198,-58.58869,300.38,0.45,0.47,2026-06-05,0446,N20,nominal,2.0NRT,289.33,0.93,N
-18.59401,-58.6533,301.25,0.45,0.47,2026-06-05,0446,N20,nominal,2.0NRT,288.54,0.58,N
-18.59911,-58.64999,301.92,0.45,0.47,2026-06-05,0446,N20,nominal,2.0NRT,288.08,0.73,N
-19.73448,-53.54766,303.96,0.39,0.36,2026-06-05,0446,N20,nominal,2.0NRT,288.92,0.52,N
-19.73508,-53.54394,306.61,0.39,0.36,2026-06-05,0446,N20,nominal,2.0NRT,289.09,0.52,N
-19.73781,-53.54827,346.65,0.39,0.36,2026-06-05,0446,N20,nominal,2.0NRT,291.21,10.41,N
-19.73842,-53.54455,342.48,0.39,0.36,2026-06-05,0446,N20,nominal,2.0NRT,296.15,10.41,N
-19.73903,-53.54084,303.31,0.39,0.36,2026-06-05,0446,N20,nominal,2.0NRT,289.86,1.69,N
-19.74115,-53.54888,341.22,0.39,0.36,2026-06-05,0446,N20,nominal,2.0NRT,290.5,10.41,N
-19.74176,-53.54515,345.57,0.39,0.36,2026-06-05,0446,N20,nominal,2.0NRT,294.39,10.41,N
-18.98757,-58.08126,341.5,0.41,0.45,2026-06-05,0446,N20,nominal,2.0NRT,289.96,5.28,N
-18.98831,-58.07738,320.22,0.41,0.45,2026-06-05,0446,N20,nominal,2.0NRT,288.73,5.28,N
-20.76271,-46.76948,305.67,0.43,0.46,2026-06-05,0446,N20,nominal,2.0NRT,287.72,1.19,N
-18.14164,-62.65993,323.79,0.42,0.61,2026-06-05,0446,N20,nominal,2.0NRT,289.15,2.63,N
-18.14248,-62.65601,302.56,0.42,0.61,2026-06-05,0446,N20,nominal,2.0NRT,288.56,1.57,N
-18.1472,-62.66127,355.95,0.42,0.61,2026-06-05,0446,N20,nominal,2.0NRT,290.86,12.38,N
-18.14803,-62.65735,367,0.42,0.61,2026-06-05,0446,N20,high,2.0NRT,294.6,12.58,N
-17.64274,-65.00382,305.12,0.61,0.71,2026-06-05,0446,N20,nominal,2.0NRT,272.01,3.09,N
-18.14527,-62.65953,367,0.42,0.61,2026-06-05,0446,N20,high,2.0NRT,292.88,6.6,N
-18.14613,-62.65561,337.41,0.41,0.61,2026-06-05,0446,N20,nominal,2.0NRT,291.53,8.56,N
-18.14441,-62.66345,300.41,0.42,0.61,2026-06-05,0446,N20,nominal,2.0NRT,287.72,6.6,N
-18.15082,-62.66084,327.47,0.42,0.61,2026-06-05,0446,N20,nominal,2.0NRT,289.02,3.7,N
-18.15168,-62.65693,323.14,0.41,0.61,2026-06-05,0446,N20,nominal,2.0NRT,289.96,3.53,N
-19.71883,-54.65308,318.95,0.41,0.37,2026-06-05,0446,N20,nominal,2.0NRT,291.41,1.33,N
-19.7195,-54.64917,303.58,0.41,0.37,2026-06-05,0446,N20,nominal,2.0NRT,290.73,1.33,N
-19.72226,-54.65374,329.07,0.41,0.37,2026-06-05,0446,N20,nominal,2.0NRT,291.06,2.22,N
-19.72292,-54.64983,328.37,0.41,0.37,2026-06-05,0446,N20,nominal,2.0NRT,291.71,2.22,N
-17.64224,-65.00489,315.14,0.61,0.71,2026-06-05,0446,N20,nominal,2.0NRT,272.94,2.49,N
-19.72568,-54.6544,303.96,0.41,0.37,2026-06-05,0446,N20,nominal,2.0NRT,289.23,2.22,N
-18.31846,-62.06984,331.41,0.38,0.59,2026-06-05,0446,N20,nominal,2.0NRT,289.76,2.76,N
-18.35545,-62.21477,314.63,0.39,0.59,2026-06-05,0446,N20,nominal,2.0NRT,288.17,1.89,N
-18.35677,-62.21554,306.13,0.38,0.59,2026-06-05,0446,N20,nominal,2.0NRT,287.88,0.79,N
-18.35755,-62.2119,304.05,0.38,0.59,2026-06-05,0446,N20,nominal,2.0NRT,288.52,0.79,N
-21.19542,-44.9369,298.7,0.57,0.52,2026-06-05,0446,N20,nominal,2.0NRT,284.52,1.23,N
-22.08868,-39.82874,351.6,0.63,0.72,2026-06-05,0446,N20,nominal,2.0NRT,288.86,4.8,N
-22.08819,-39.83486,303.35,0.63,0.72,2026-06-05,0446,N20,nominal,2.0NRT,288.31,4.8,N
-21.19638,-48.26925,304.09,0.54,0.42,2026-06-05,0446,N20,nominal,2.0NRT,287.15,1.11,N
-20.90313,-50.43299,317.93,0.42,0.38,2026-06-05,0446,N20,nominal,2.0NRT,288,2.19,N
-22.08609,-39.83039,335.67,0.63,0.72,2026-06-05,0446,N20,nominal,2.0NRT,288.48,5.27,N
-22.08655,-39.82426,328.82,0.63,0.72,2026-06-05,0446,N20,nominal,2.0NRT,288.99,5.27,N
-21.09539,-49.76266,310.77,0.45,0.39,2026-06-05,0446,N20,nominal,2.0NRT,288.43,1.31,N
-21.80583,-49.12241,305.36,0.49,0.4,2026-06-05,0446,N20,nominal,2.0NRT,287.91,1.02,N
-21.80647,-49.11772,311.27,0.49,0.4,2026-06-05,0446,N20,nominal,2.0NRT,288.33,1.03,N
-21.80709,-49.11304,301.7,0.49,0.4,2026-06-05,0446,N20,nominal,2.0NRT,287.95,1.03,N
-21.80956,-49.12298,298.91,0.49,0.4,2026-06-05,0446,N20,nominal,2.0NRT,287.68,0.77,N
-21.8102,-49.11828,310.29,0.49,0.4,2026-06-05,0446,N20,nominal,2.0NRT,288.22,1.08,N
-21.81083,-49.11359,300.92,0.49,0.4,2026-06-05,0446,N20,nominal,2.0NRT,288.2,1.08,N
-22.09145,-47.06664,297.66,0.43,0.46,2026-06-05,0446,N20,nominal,2.0NRT,284.46,0.65,N
-22.09196,-47.06252,295.46,0.43,0.46,2026-06-05,0446,N20,nominal,2.0NRT,284.65,0.52,N
-22.72281,-43.26807,297.8,0.38,0.59,2026-06-05,0446,N20,nominal,2.0NRT,286.74,0.65,N
-22.72315,-43.26433,301.08,0.38,0.59,2026-06-05,0446,N20,nominal,2.0NRT,287.59,1.04,N
-22.42045,-47.14861,295.3,0.43,0.46,2026-06-05,0446,N20,nominal,2.0NRT,285.3,1.02,N
-22.90208,-43.73462,316.21,0.36,0.57,2026-06-05,0446,N20,nominal,2.0NRT,287.3,2.51,N
-22.90705,-43.73874,320.47,0.36,0.57,2026-06-05,0446,N20,nominal,2.0NRT,288.95,2.51,N
-22.90738,-43.73522,325.7,0.36,0.57,2026-06-05,0446,N20,nominal,2.0NRT,287.3,2.51,N
-22.90771,-43.73171,335.48,0.36,0.57,2026-06-05,0446,N20,nominal,2.0NRT,287.57,5.31,N
-22.90671,-43.74226,299.02,0.36,0.57,2026-06-05,0446,N20,nominal,2.0NRT,286.72,1.33,N
-22.91302,-43.73233,327.61,0.36,0.57,2026-06-05,0446,N20,nominal,2.0NRT,286.25,1.59,N
-22.91335,-43.72882,302.77,0.36,0.57,2026-06-05,0446,N20,nominal,2.0NRT,286.2,1.59,N
-22.91597,-43.75748,301.51,0.36,0.57,2026-06-05,0446,N20,nominal,2.0NRT,286.47,0.62,N
-22.92126,-43.75809,304.3,0.36,0.57,2026-06-05,0446,N20,nominal,2.0NRT,285.89,1.33,N
-22.9216,-43.75458,318.43,0.36,0.57,2026-06-05,0446,N20,nominal,2.0NRT,291.18,2.02,N
-20.53698,-60.41552,314.32,0.54,0.51,2026-06-05,0446,N20,nominal,2.0NRT,290.23,1.68,N
-22.67243,-47.40614,305.01,0.42,0.45,2026-06-05,0446,N20,nominal,2.0NRT,285.46,0.75,N
-22.53917,-48.81284,304.12,0.52,0.42,2026-06-05,0446,N20,nominal,2.0NRT,290.22,1.54,N
-22.69461,-47.65618,308.68,0.4,0.45,2026-06-05,0446,N20,nominal,2.0NRT,288.03,1.04,N
-22.91154,-47.23984,320.38,0.43,0.46,2026-06-05,0446,N20,nominal,2.0NRT,285.27,1.5,N
-22.91206,-47.23558,297.49,0.43,0.46,2026-06-05,0446,N20,nominal,2.0NRT,286.42,1.5,N
-22.79116,-49.33553,295.81,0.49,0.4,2026-06-05,0446,N20,nominal,2.0NRT,285.51,0.53,N
-21.55211,-58.61402,318.08,0.4,0.44,2026-06-05,0446,N20,nominal,2.0NRT,290.74,2.04,N
-21.55285,-58.61018,301.88,0.4,0.44,2026-06-05,0446,N20,nominal,2.0NRT,289.9,0.88,N
-22.21595,-56.19357,302.78,0.45,0.39,2026-06-05,0446,N20,nominal,2.0NRT,290.19,0.72,N
-22.21671,-56.18929,305.3,0.44,0.39,2026-06-05,0446,N20,nominal,2.0NRT,290.42,0.72,N
-21.32261,-61.03693,312.27,0.57,0.52,2026-06-05,0446,N20,nominal,2.0NRT,289.33,2.47,N
-21.32622,-61.04351,299.83,0.57,0.52,2026-06-05,0446,N20,nominal,2.0NRT,289.04,2.05,N
-21.32242,-61.03822,310.3,0.57,0.52,2026-06-05,0446,N20,nominal,2.0NRT,289.42,1.54,N
-21.32357,-61.03281,302.31,0.57,0.52,2026-06-05,0446,N20,nominal,2.0NRT,289.17,1.54,N
-21.326,-61.04477,299.45,0.57,0.52,2026-06-05,0446,N20,nominal,2.0NRT,288.61,1.4,N
-22.11884,-58.31085,303.06,0.57,0.43,2026-06-05,0446,N20,nominal,2.0NRT,288.15,0.75,N
-22.11989,-58.30539,298.37,0.56,0.43,2026-06-05,0446,N20,nominal,2.0NRT,287.61,0.75,N
-21.83007,-59.82335,309.85,0.47,0.47,2026-06-05,0446,N20,nominal,2.0NRT,289.41,1.83,N
-22.34999,-57.50166,304.66,0.51,0.41,2026-06-05,0446,N20,nominal,2.0NRT,291.89,0.99,N
-23.81911,-48.71147,302.05,0.54,0.42,2026-06-05,0446,N20,nominal,2.0NRT,284.88,0.82,N
-22.55155,-56.99064,309.83,0.48,0.4,2026-06-05,0446,N20,nominal,2.0NRT,288.17,1.62,N
-22.55108,-56.98806,314.54,0.48,0.4,2026-06-05,0446,N20,nominal,2.0NRT,288.07,1.84,N
-24.54506,-42.46604,367,0.45,0.63,2026-06-05,0446,N20,high,2.0NRT,290.83,8.91,N
-24.54431,-42.47499,307.85,0.45,0.63,2026-06-05,0446,N20,nominal,2.0NRT,288.79,3.44,N
-24.54468,-42.47052,312.93,0.45,0.63,2026-06-05,0446,N20,nominal,2.0NRT,289.11,3.44,N
-21.91458,-60.8098,306.57,0.53,0.5,2026-06-05,0446,N20,nominal,2.0NRT,289.16,1.46,N
-21.91356,-60.80667,299.88,0.53,0.5,2026-06-05,0446,N20,nominal,2.0NRT,288.68,1.09,N
-21.78803,-61.73,315.71,0.61,0.54,2026-06-05,0446,N20,nominal,2.0NRT,290.35,2.34,N
-21.78928,-61.72411,304.92,0.61,0.54,2026-06-05,0446,N20,nominal,2.0NRT,288.73,2.37,N
-21.79291,-61.73122,305.43,0.61,0.54,2026-06-05,0446,N20,nominal,2.0NRT,289.43,2.34,N
-24.74602,-42.51184,367,0.45,0.63,2026-06-05,0446,N20,high,2.0NRT,289.56,4.44,N
-24.74565,-42.51632,305.06,0.45,0.63,2026-06-05,0446,N20,nominal,2.0NRT,289.26,4.44,N
-24.74639,-42.50736,311.74,0.45,0.63,2026-06-05,0446,N20,nominal,2.0NRT,289.79,5.83,N
-21.88494,-61.88503,311.63,0.62,0.54,2026-06-05,0446,N20,nominal,2.0NRT,287.81,2.24,N
-21.88858,-61.89226,307.63,0.63,0.54,2026-06-05,0446,N20,nominal,2.0NRT,287.75,2.24,N
-21.88985,-61.88625,313.38,0.62,0.54,2026-06-05,0446,N20,nominal,2.0NRT,287.93,2.24,N
-23.25253,-55.07764,299.42,0.4,0.37,2026-06-05,0446,N20,nominal,2.0NRT,288.05,0.45,N
-23.25995,-55.07507,302.73,0.4,0.37,2026-06-05,0446,N20,nominal,2.0NRT,287.72,0.34,N
-23.31847,-55.28907,298.93,0.41,0.37,2026-06-05,0446,N20,nominal,2.0NRT,287.79,0.5,N
-23.29378,-56.63169,297.37,0.45,0.39,2026-06-05,0446,N20,nominal,2.0NRT,286.44,0.86,N
-24.24405,-50.73867,300.84,0.44,0.38,2026-06-05,0446,N20,nominal,2.0NRT,287.74,1.36,N
-22.1911,-62.39763,339.7,0.33,0.55,2026-06-05,0446,N20,nominal,2.0NRT,290.15,3.33,N
-22.19042,-62.40082,302.37,0.33,0.55,2026-06-05,0446,N20,nominal,2.0NRT,288.84,1.99,N
-23.49035,-56.61742,306.66,0.45,0.39,2026-06-05,0449,N20,nominal,2.0NRT,288.64,1.09,N
-22.47742,-62.18082,308.81,0.63,0.54,2026-06-05,0449,N20,nominal,2.0NRT,288.39,2.1,N
-22.48105,-62.18824,303.73,0.63,0.54,2026-06-05,0449,N20,nominal,2.0NRT,288.45,2.1,N
-22.48236,-62.18208,308.14,0.63,0.54,2026-06-05,0449,N20,nominal,2.0NRT,288.72,2.1,N
-25.65991,-42.8596,330.57,0.44,0.62,2026-06-05,0449,N20,nominal,2.0NRT,289.46,2.46,N
-25.65955,-42.86399,305.8,0.44,0.62,2026-06-05,0449,N20,nominal,2.0NRT,289.98,2.46,N
-25.66026,-42.85521,317.28,0.44,0.62,2026-06-05,0449,N20,nominal,2.0NRT,290.16,3.79,N
-23.00626,-61.41714,299.74,0.55,0.51,2026-06-05,0449,N20,nominal,2.0NRT,289.16,1,N
-23.26462,-60.13911,299.31,0.46,0.47,2026-06-05,0449,N20,nominal,2.0NRT,288.05,1.04,N
-24.85515,-55.51178,300.73,0.4,0.37,2026-06-05,0449,N20,nominal,2.0NRT,285.82,0.41,N
-24.85853,-55.51246,299.24,0.4,0.37,2026-06-05,0449,N20,nominal,2.0NRT,285.04,0.41,N
-25.13316,-57.03069,311.01,0.45,0.39,2026-06-05,0449,N20,nominal,2.0NRT,286.78,0.9,N
-25.13395,-57.02629,303.23,0.45,0.39,2026-06-05,0449,N20,nominal,2.0NRT,285.94,0.9,N
-25.0374,-57.60325,298.98,0.47,0.4,2026-06-05,0449,N20,nominal,2.0NRT,286.96,0.37,N
-25.15089,-57.07589,302.93,0.45,0.39,2026-06-05,0449,N20,nominal,2.0NRT,286.6,0.26,N
-24.51934,-60.62986,297.8,0.46,0.47,2026-06-05,0449,N20,nominal,2.0NRT,263.28,0.87,N
-24.52273,-60.63548,299.89,0.47,0.47,2026-06-05,0449,N20,nominal,2.0NRT,262.79,0.81,N
-24.52366,-60.63092,302.3,0.46,0.47,2026-06-05,0449,N20,nominal,2.0NRT,260.93,0.81,N
-25.50132,-55.55618,310.49,0.4,0.37,2026-06-05,0449,N20,nominal,2.0NRT,284.42,1.08,N
-26.05481,-54.29501,298.7,0.38,0.36,2026-06-05,0449,N20,nominal,2.0NRT,286.07,0.64,N
-6.85506,-79.86939,324.59,0.39,0.44,2026-06-05,0625,N20,nominal,2.0NRT,285.4,1.39,N
-33.29302,-70.72854,304.21,0.37,0.58,2026-06-05,0631,N20,nominal,2.0NRT,270.76,0.82,N
-34.10344,-70.46109,344.59,0.39,0.59,2026-06-05,0631,N20,nominal,2.0NRT,278.47,5.64,N
-8.0386,-79.03881,311.91,0.5,0.41,2026-06-05,0625,N20,nominal,2.0NRT,276.69,1.17,N
-34.10371,-70.45715,338.36,0.39,0.59,2026-06-05,0631,N20,nominal,2.0NRT,281.53,5.64,N
-13.78622,-76.16898,331.61,0.38,0.36,2026-06-05,0627,N20,nominal,2.0NRT,293.87,5.74,N
-34.10399,-70.45297,297.52,0.39,0.59,2026-06-05,0631,N20,nominal,2.0NRT,280.27,1.4,N
-15.97057,-68.45138,298.56,0.33,0.55,2026-06-05,0627,N20,nominal,2.0NRT,269.38,0.98,N
-34.10334,-70.45936,367,0.39,0.59,2026-06-05,0631,N20,high,2.0NRT,281.85,5.5,N
-15.9699,-68.45006,306.97,0.33,0.55,2026-06-05,0627,N20,nominal,2.0NRT,270.03,1.14,N
-34.10359,-70.45532,299.61,0.39,0.59,2026-06-05,0631,N20,nominal,2.0NRT,279.27,5.5,N
-15.78568,-71.85561,322.13,0.39,0.44,2026-06-05,0627,N20,nominal,2.0NRT,270.29,3.02,N
-36.29849,-71.53053,298.72,0.35,0.57,2026-06-05,0631,N20,nominal,2.0NRT,274.38,0.87,N
-22.31864,-68.88114,334.06,0.37,0.58,2026-06-05,0629,N20,nominal,2.0NRT,277.19,3.45,N
-36.40547,-72.2501,303.34,0.32,0.55,2026-06-05,0631,N20,nominal,2.0NRT,281.23,0.7,N
-36.40578,-72.24599,306.03,0.32,0.55,2026-06-05,0631,N20,nominal,2.0NRT,281.19,0.7,N
-36.40609,-72.24185,303.99,0.32,0.55,2026-06-05,0631,N20,nominal,2.0NRT,280.93,1.29,N
-36.41033,-72.25375,298.89,0.32,0.55,2026-06-05,0631,N20,nominal,2.0NRT,279.78,0.74,N
-36.41064,-72.24962,296.39,0.32,0.55,2026-06-05,0631,N20,nominal,2.0NRT,279.35,0.7,N
-36.41094,-72.24557,300.92,0.32,0.55,2026-06-05,0631,N20,nominal,2.0NRT,281.2,0.7,N
-36.40844,-72.25209,308.08,0.32,0.55,2026-06-05,0631,N20,nominal,2.0NRT,280.23,1.31,N
-36.40872,-72.24801,311.08,0.32,0.55,2026-06-05,0631,N20,nominal,2.0NRT,280.74,1.14,N
-36.409,-72.24397,307.04,0.32,0.55,2026-06-05,0631,N20,nominal,2.0NRT,280.77,1.14,N
-36.40927,-72.24003,301.03,0.32,0.55,2026-06-05,0631,N20,nominal,2.0NRT,280.57,0.99,N
-36.41387,-72.24771,305.42,0.32,0.55,2026-06-05,0631,N20,nominal,2.0NRT,279.95,1.14,N
-37.05105,-72.69722,304.23,0.62,0.54,2026-06-05,0631,N20,nominal,2.0NRT,279.09,1.83,N
-37.05155,-72.69025,305.61,0.62,0.54,2026-06-05,0631,N20,nominal,2.0NRT,279.2,1.83,N
-37.13039,-71.85151,338.46,0.34,0.56,2026-06-05,0631,N20,nominal,2.0NRT,285.17,2.26,N
-37.13012,-71.85549,296.24,0.34,0.56,2026-06-05,0631,N20,nominal,2.0NRT,277.93,2.21,N
-37.13564,-71.85197,303.68,0.34,0.56,2026-06-05,0631,N20,nominal,2.0NRT,278.72,2.26,N
11.75072,-70.17321,307.32,0.39,0.36,2026-06-05,0618,N20,nominal,2.0NRT,271.48,1.02,N
11.74418,-70.19594,300.36,0.39,0.36,2026-06-05,0618,N20,nominal,2.0NRT,263.49,0.45,N
11.74361,-70.19243,303.5,0.39,0.36,2026-06-05,0618,N20,nominal,2.0NRT,266.51,0.45,N
11.74031,-70.19296,338.4,0.39,0.36,2026-06-05,0618,N20,nominal,2.0NRT,268.3,8.21,N
11.74143,-70.19999,295.89,0.39,0.36,2026-06-05,0618,N20,nominal,2.0NRT,259.89,1.47,N
11.74087,-70.19648,319.94,0.39,0.36,2026-06-05,0618,N20,nominal,2.0NRT,265.17,8.21,N
11.73975,-70.18945,304.87,0.39,0.36,2026-06-05,0618,N20,nominal,2.0NRT,268.91,1.09,N
11.73757,-70.19702,327.69,0.39,0.36,2026-06-05,0618,N20,nominal,2.0NRT,264.35,8.21,N
11.737,-70.1935,345.01,0.39,0.36,2026-06-05,0618,N20,nominal,2.0NRT,269.33,8.21,N
11.73644,-70.18999,308.41,0.39,0.36,2026-06-05,0618,N20,nominal,2.0NRT,266.66,1.09,N
11.73426,-70.19757,303.61,0.39,0.36,2026-06-05,0618,N20,nominal,2.0NRT,261.59,0.52,N
11.7337,-70.19405,307.78,0.39,0.36,2026-06-05,0618,N20,nominal,2.0NRT,265.25,0.52,N
11.73314,-70.19054,300.53,0.39,0.36,2026-06-05,0618,N20,nominal,2.0NRT,266.48,1.93,N
11.49871,-69.325,295.15,0.4,0.37,2026-06-05,0618,N20,nominal,2.0NRT,266.22,0.29,N
10.59641,-66.47867,325.46,0.54,0.42,2026-06-05,0618,N20,nominal,2.0NRT,281.25,2.33,N
10.59539,-66.47296,314.98,0.54,0.42,2026-06-05,0618,N20,nominal,2.0NRT,281.35,2.33,N
10.5926,-66.47961,302.34,0.54,0.42,2026-06-05,0618,N20,nominal,2.0NRT,279.9,2.33,N
10.60259,-66.45255,303.35,0.55,0.42,2026-06-05,0618,N20,nominal,2.0NRT,281.84,1.42,N
10.59457,-66.47579,340.62,0.54,0.42,2026-06-05,0618,N20,nominal,2.0NRT,281.48,6.49,N
9.68022,-63.47676,320,0.59,0.53,2026-06-05,0618,N20,nominal,2.0NRT,254.55,7.04,N
9.67926,-63.4715,338.95,0.59,0.53,2026-06-05,0618,N20,nominal,2.0NRT,254.68,7.04,N
-0.25096,-78.65692,299.08,0.41,0.45,2026-06-05,0622,N20,nominal,2.0NRT,279.05,1.15,N
-4.0219,-79.38834,317.42,0.4,0.44,2026-06-05,0625,N20,nominal,2.0NRT,256.35,1.31,N
-4.02249,-79.38474,307.29,0.4,0.44,2026-06-05,0625,N20,nominal,2.0NRT,255.02,1.23,N
-4.02596,-79.38897,304.23,0.4,0.44,2026-06-05,0625,N20,nominal,2.0NRT,251.59,1.31,N
-4.02653,-79.38541,317.2,0.4,0.44,2026-06-05,0625,N20,nominal,2.0NRT,255.32,1.23,N
-22.08804,-39.82811,333.22,0.52,0.67,2026-06-05,1533,N20,nominal,2.0NRT,290.28,4.49,D
-22.08845,-39.83317,338.56,0.52,0.67,2026-06-05,1533,N20,nominal,2.0NRT,288.58,4.49,D
-14.37694,-41.58439,334.13,0.56,0.68,2026-06-05,1535,N20,nominal,2.0NRT,291.45,5.73,D
-14.1954,-42.81075,338.62,0.67,0.74,2026-06-05,1535,N20,nominal,2.0NRT,297.06,5.97,D
-11.95488,-43.40009,340.01,0.69,0.74,2026-06-05,1537,N20,nominal,2.0NRT,294.92,10.05,D
-10.5206,-42.37336,340.4,0.56,0.69,2026-06-05,1537,N20,nominal,2.0NRT,295.65,6.56,D
-10.52378,-42.37406,329.08,0.56,0.69,2026-06-05,1537,N20,nominal,2.0NRT,292.06,7.25,D
-9.72307,-42.25184,334.13,0.54,0.68,2026-06-05,1537,N20,nominal,2.0NRT,291.97,3.88,D
-7.50353,-43.42415,335.29,0.6,0.71,2026-06-05,1537,N20,nominal,2.0NRT,291.67,16.44,D
-7.4978,-43.4309,349.35,0.6,0.71,2026-06-05,1537,N20,nominal,2.0NRT,291.09,13.74,D
-7.51101,-45.09222,341.78,0.79,0.78,2026-06-05,1537,N20,nominal,2.0NRT,287.92,10.91,D
-6.98957,-42.8733,367,0.54,0.68,2026-06-05,1537,N20,high,2.0NRT,290.19,27.05,D
-6.99019,-42.87811,355.45,0.54,0.68,2026-06-05,1537,N20,nominal,2.0NRT,290.83,18.21,D
-6.99082,-42.88296,340.19,0.55,0.68,2026-06-05,1537,N20,nominal,2.0NRT,290.19,18.21,D
-6.98334,-42.87414,352.34,0.54,0.68,2026-06-05,1537,N20,nominal,2.0NRT,288.95,12.17,D
-6.98396,-42.87893,355.77,0.54,0.68,2026-06-05,1537,N20,nominal,2.0NRT,289.93,19.23,D
-6.98458,-42.88372,355.23,0.55,0.68,2026-06-05,1537,N20,nominal,2.0NRT,291.35,19.23,D
-6.9852,-42.88855,327.96,0.55,0.68,2026-06-05,1537,N20,nominal,2.0NRT,289.7,10.14,D
-6.99127,-42.87461,367,0.54,0.68,2026-06-05,1537,N20,high,2.0NRT,291.04,19.83,D
-6.99193,-42.87943,344.24,0.54,0.68,2026-06-05,1537,N20,nominal,2.0NRT,290.29,19.83,D
-6.98503,-42.87537,367,0.54,0.68,2026-06-05,1537,N20,high,2.0NRT,290.87,19.83,D
-6.98568,-42.88014,367,0.54,0.68,2026-06-05,1537,N20,high,2.0NRT,290.43,19.83,D
-6.98634,-42.88495,354,0.54,0.68,2026-06-05,1537,N20,nominal,2.0NRT,291.67,34.59,D
-6.85715,-44.96613,330.08,0.76,0.77,2026-06-05,1537,N20,nominal,2.0NRT,285.7,12.03,D
-5.44576,-44.81057,329.34,0.7,0.75,2026-06-05,1539,N20,nominal,2.0NRT,281.88,7.14,D
-4.67156,-43.14474,328.9,0.53,0.67,2026-06-05,1539,N20,nominal,2.0NRT,288.49,5.04,D
-4.67208,-43.14884,326.86,0.53,0.67,2026-06-05,1539,N20,nominal,2.0NRT,287.67,3.24,D
-3.59294,-38.85752,341.43,0.51,0.49,2026-06-05,1539,N20,nominal,2.0NRT,293.06,8.33,D
-3.59362,-38.86208,329.16,0.51,0.49,2026-06-05,1539,N20,nominal,2.0NRT,293.9,6.73,D
-3.57937,-38.85955,340,0.51,0.49,2026-06-05,1539,N20,nominal,2.0NRT,288.89,4.32,D
-2.83617,-42.09974,329.65,0.42,0.61,2026-06-05,1539,N20,nominal,2.0NRT,288.66,4.14,D
-2.83671,-42.10344,335.39,0.42,0.61,2026-06-05,1539,N20,nominal,2.0NRT,288.99,4.14,D
9.73716,-63.47295,339.22,0.45,0.39,2026-06-05,1724,N20,nominal,2.0NRT,285.24,9.71,D
-13.27891,-53.73374,338.22,0.4,0.37,2026-06-05,1717,N20,nominal,2.0NRT,312.4,5.01,D
-12.42563,-48.72359,346.76,0.5,0.49,2026-06-05,1717,N20,nominal,2.0NRT,305.94,6.74,D
-11.81943,-45.53197,367,0.42,0.61,2026-06-05,1717,N20,high,2.0NRT,301.77,8.6,D
-28.65238,-56.20818,331.7,0.52,0.42,2026-06-05,1713,N20,nominal,2.0NRT,294.34,4.96,D
-11.68401,-44.86232,367,0.46,0.64,2026-06-05,1717,N20,high,2.0NRT,300.85,9.41,D
-24.45519,-52.34708,335.41,0.38,0.36,2026-06-05,1713,N20,nominal,2.0NRT,299.37,4.57,D
-11.68485,-44.86662,339.44,0.46,0.64,2026-06-05,1717,N20,nominal,2.0NRT,297.13,9.41,D
-33.05538,-56.59441,342.02,0.41,0.45,2026-06-05,1711,N20,nominal,2.0NRT,296.61,15.29,D
-13.92678,-58.25151,332.67,0.46,0.39,2026-06-05,1717,N20,nominal,2.0NRT,302.64,4.48,D
-32.38146,-54.94025,330.12,0.5,0.41,2026-06-05,1711,N20,nominal,2.0NRT,292.58,3.56,D
-13.31882,-54.68473,336.79,0.39,0.36,2026-06-05,1717,N20,nominal,2.0NRT,307.44,4.65,D
-32.41184,-58.08508,340.09,0.49,0.48,2026-06-05,1711,N20,nominal,2.0NRT,292.84,5.34,D
-13.6047,-56.59791,342.33,0.4,0.37,2026-06-05,1717,N20,nominal,2.0NRT,310.32,10.91,D
-32.40993,-58.08221,338.45,0.49,0.48,2026-06-05,1711,N20,nominal,2.0NRT,291.92,5.99,D
-12.06568,-47.3617,336.19,0.62,0.54,2026-06-05,1717,N20,nominal,2.0NRT,299.53,4.21,D
-31.84446,-53.54106,330.43,0.43,0.38,2026-06-05,1711,N20,nominal,2.0NRT,295.91,3.35,D
-14.53029,-64.3543,327.05,0.37,0.58,2026-06-05,1717,N20,low,2.0NRT,297.66,3.52,D
-32.13668,-57.83141,344.04,0.47,0.48,2026-06-05,1711,N20,nominal,2.0NRT,298.01,14.3,D
-13.50241,-56.56894,334.63,0.4,0.37,2026-06-05,1717,N20,nominal,2.0NRT,303.66,31.86,D
-32.13227,-57.83201,351.14,0.47,0.48,2026-06-05,1711,N20,nominal,2.0NRT,297.29,14.3,D
-13.4985,-56.5658,352.94,0.4,0.37,2026-06-05,1717,N20,nominal,2.0NRT,308.74,21.7,D
-32.14483,-57.96355,328.78,0.48,0.48,2026-06-05,1711,N20,nominal,2.0NRT,295.45,3.64,D
-13.49514,-56.56632,335.71,0.4,0.37,2026-06-05,1717,N20,low,2.0NRT,306.41,5.02,D
-31.54676,-58.9671,330.26,0.54,0.51,2026-06-05,1713,N20,nominal,2.0NRT,290,4.87,D
-13.49568,-56.56996,337.46,0.4,0.37,2026-06-05,1717,N20,low,2.0NRT,308.28,5.85,D
-30.86537,-56.50848,334.48,0.38,0.43,2026-06-05,1713,N20,nominal,2.0NRT,295.23,3.41,D
-14.51294,-64.32564,327.28,0.37,0.58,2026-06-05,1717,N20,nominal,2.0NRT,298.49,2.55,D
-30.41707,-53.49046,333.55,0.42,0.38,2026-06-05,1713,N20,nominal,2.0NRT,293.58,3.61,D
-11.93153,-47.27675,338.77,0.63,0.54,2026-06-05,1717,N20,nominal,2.0NRT,300.98,19.33,D
-30.4136,-53.4911,329.95,0.42,0.38,2026-06-05,1713,N20,nominal,2.0NRT,293.44,3.22,D
-14.28074,-64.72973,346.35,0.39,0.59,2026-06-05,1717,N20,nominal,2.0NRT,299.32,5.5,D
-30.79081,-60.2067,344.51,0.62,0.54,2026-06-05,1713,N20,nominal,2.0NRT,291.19,11,D
-12.73944,-54.19571,356.79,0.4,0.37,2026-06-05,1717,N20,nominal,2.0NRT,313.72,6.82,D
-30.12698,-53.85533,342.45,0.43,0.38,2026-06-05,1713,N20,nominal,2.0NRT,294.67,6.12,D
-14.15911,-64.84319,367,0.4,0.6,2026-06-05,1717,N20,high,2.0NRT,301.25,8.48,D
-30.78528,-60.20066,336.85,0.62,0.54,2026-06-05,1713,N20,nominal,2.0NRT,291.44,11,D
-12.73609,-54.19626,337.63,0.4,0.37,2026-06-05,1717,N20,low,2.0NRT,311.06,6.82,D
-29.63405,-50.61097,343.99,0.39,0.36,2026-06-05,1713,N20,nominal,2.0NRT,283.77,7.72,D
-12.73666,-54.19989,355.94,0.4,0.37,2026-06-05,1717,N20,nominal,2.0NRT,313.6,8.67,D
-30.79111,-60.20816,341.44,0.62,0.54,2026-06-05,1713,N20,nominal,2.0NRT,291.24,11.39,D
-12.73723,-54.20351,351.54,0.4,0.37,2026-06-05,1717,N20,nominal,2.0NRT,313.14,8.67,D
-30.78554,-60.20213,344.95,0.62,0.54,2026-06-05,1713,N20,nominal,2.0NRT,290,26.92,D
-14.15871,-64.83953,335.12,0.4,0.6,2026-06-05,1717,N20,nominal,2.0NRT,298.35,8.48,D
-30.78053,-60.20267,348.09,0.62,0.54,2026-06-05,1713,N20,nominal,2.0NRT,297.27,26.92,D
-14.15951,-64.84686,341.18,0.4,0.6,2026-06-05,1717,N20,nominal,2.0NRT,297.82,11.33,D
-30.71512,-60.14386,334.63,0.62,0.54,2026-06-05,1713,N20,nominal,2.0NRT,294.76,9.1,D
-12.73388,-54.20405,346.5,0.4,0.37,2026-06-05,1717,N20,nominal,2.0NRT,311.39,6.83,D
-29.51192,-50.98445,332.41,0.38,0.36,2026-06-05,1713,N20,nominal,2.0NRT,280.76,3.62,D
-12.73445,-54.20767,351.02,0.39,0.37,2026-06-05,1717,N20,nominal,2.0NRT,312.49,8.3,D
-29.50491,-50.96131,333.04,0.38,0.36,2026-06-05,1713,N20,nominal,2.0NRT,280.28,3.72,D
-13.6528,-60.63311,343.87,0.41,0.45,2026-06-05,1717,N20,nominal,2.0NRT,300.44,4.35,D
-30.22335,-57.07892,353.44,0.4,0.45,2026-06-05,1713,N20,nominal,2.0NRT,291.81,6.58,D
-12.72938,-54.19734,367,0.4,0.37,2026-06-05,1717,N20,high,2.0NRT,313.15,17.07,D
-30.30964,-57.91416,329.33,0.45,0.47,2026-06-05,1713,N20,nominal,2.0NRT,294.26,3.6,D
-12.72995,-54.20097,349.37,0.4,0.37,2026-06-05,1717,N20,nominal,2.0NRT,311.56,6.83,D
-29.53543,-51.90369,336.83,0.39,0.36,2026-06-05,1713,N20,nominal,2.0NRT,271.86,6.86,D
-12.72659,-54.2015,346.21,0.4,0.37,2026-06-05,1717,N20,nominal,2.0NRT,310.17,4.58,D
-29.40569,-51.17222,335.25,0.38,0.36,2026-06-05,1713,N20,nominal,2.0NRT,266.41,5,D
-12.72717,-54.20512,345.3,0.4,0.37,2026-06-05,1717,N20,nominal,2.0NRT,306.51,4.58,D
-29.23532,-50.67177,334.34,0.39,0.36,2026-06-05,1713,N20,nominal,2.0NRT,283.85,3.11,D
-13.65423,-60.63288,344.79,0.41,0.45,2026-06-05,1717,N20,nominal,2.0NRT,302.3,5.87,D
-29.68519,-54.71186,327.26,0.46,0.39,2026-06-05,1713,N20,nominal,2.0NRT,295.31,1.54,D
-12.81038,-54.86403,348.25,0.39,0.36,2026-06-05,1717,N20,nominal,2.0NRT,313.1,10.1,D
-29.3304,-53.01101,330.75,0.4,0.37,2026-06-05,1713,N20,nominal,2.0NRT,292.47,3.9,D
-14.15901,-64.84327,367,0.4,0.6,2026-06-05,1717,N20,high,2.0NRT,301.33,8.56,D
-28.8457,-50.10779,327.91,0.39,0.36,2026-06-05,1713,N20,nominal,2.0NRT,281.75,4,D
-14.15858,-64.83963,334.86,0.4,0.6,2026-06-05,1717,N20,nominal,2.0NRT,298.67,8.56,D
-28.82084,-50.24107,332.14,0.39,0.36,2026-06-05,1713,N20,nominal,2.0NRT,277.19,3.64,D
-14.15943,-64.84694,344.25,0.4,0.6,2026-06-05,1717,N20,nominal,2.0NRT,298.3,6.52,D
-29.64235,-57.18049,329.94,0.4,0.44,2026-06-05,1713,N20,nominal,2.0NRT,295.1,2.41,D
-14.15307,-64.84028,344.91,0.4,0.6,2026-06-05,1717,N20,nominal,2.0NRT,300.61,8.56,D
-29.53056,-57.25057,328.36,0.41,0.45,2026-06-05,1713,N20,nominal,2.0NRT,295.26,2.9,D
-14.15393,-64.84759,328.24,0.4,0.6,2026-06-05,1717,N20,nominal,2.0NRT,298.41,6.52,D
-29.54024,-57.61662,337.25,0.42,0.46,2026-06-05,1713,N20,nominal,2.0NRT,294.94,3.89,D
-14.15436,-64.85126,336.49,0.4,0.6,2026-06-05,1717,N20,nominal,2.0NRT,298.9,6.52,D
-29.53602,-57.6172,328.18,0.42,0.46,2026-06-05,1713,N20,nominal,2.0NRT,295.39,4.03,D
-14.08316,-64.29456,340.42,0.36,0.58,2026-06-05,1717,N20,nominal,2.0NRT,298.74,4.06,D
-28.55105,-50.78906,330.72,0.39,0.36,2026-06-05,1713,N20,nominal,2.0NRT,282.52,4.31,D
-14.07557,-64.74647,367,0.39,0.59,2026-06-05,1717,N20,high,2.0NRT,299.89,11.53,D
-29.24466,-55.76942,329.65,0.51,0.41,2026-06-05,1713,N20,nominal,2.0NRT,297.47,3.08,D
-12.73304,-54.73818,340.49,0.39,0.36,2026-06-05,1717,N20,nominal,2.0NRT,307.47,7.34,D
-28.27062,-49.19164,331.91,0.42,0.38,2026-06-05,1713,N20,nominal,2.0NRT,287.19,2.94,D
-10.79034,-44.02934,353.27,0.55,0.68,2026-06-05,1717,N20,nominal,2.0NRT,293.04,10.33,D
-29.22359,-56.32924,332.57,0.54,0.42,2026-06-05,1713,N20,nominal,2.0NRT,295.32,6.44,D
-10.79291,-44.03109,342.12,0.55,0.68,2026-06-05,1717,N20,nominal,2.0NRT,293.13,9.26,D
-29.21969,-56.32983,331.32,0.54,0.42,2026-06-05,1713,N20,nominal,2.0NRT,290.79,5.52,D
-10.99416,-45.13861,367,0.46,0.63,2026-06-05,1717,N20,high,2.0NRT,297.07,11.01,D
-29.22034,-56.33537,343.85,0.54,0.42,2026-06-05,1713,N20,nominal,2.0NRT,297.12,5.52,D
-11.00153,-45.63572,330.32,0.42,0.61,2026-06-05,1717,N20,nominal,2.0NRT,298.45,2.69,D
-29.29713,-57.1138,344.3,0.4,0.44,2026-06-05,1713,N20,nominal,2.0NRT,294.95,6.81,D
-11.00228,-45.63957,335.38,0.42,0.61,2026-06-05,1717,N20,nominal,2.0NRT,299.48,2.69,D
-29.65908,-61.36734,329.65,0.36,0.57,2026-06-05,1713,N20,nominal,2.0NRT,290.13,3.15,D
-12.54797,-54.61597,351.03,0.39,0.36,2026-06-05,1717,N20,nominal,2.0NRT,310.97,9.77,D
-28.05401,-49.03316,330.36,0.42,0.38,2026-06-05,1713,N20,nominal,2.0NRT,289.66,2.93,D
-10.99914,-45.63908,330.53,0.42,0.61,2026-06-05,1717,N20,nominal,2.0NRT,297.34,2.32,D
-28.04979,-49.02949,330.64,0.42,0.38,2026-06-05,1713,N20,nominal,2.0NRT,290.8,6.38,D
-12.09926,-51.99733,345.62,0.48,0.4,2026-06-05,1717,N20,nominal,2.0NRT,306.56,13.86,D
-29.22589,-57.44063,344.1,0.41,0.45,2026-06-05,1713,N20,nominal,2.0NRT,297.07,7.35,D
-12.09999,-52.00171,352.98,0.48,0.4,2026-06-05,1717,N20,nominal,2.0NRT,310.62,37.05,D
-29.22635,-57.44487,340.7,0.41,0.45,2026-06-05,1713,N20,nominal,2.0NRT,296.55,8.31,D
-12.09486,-51.99356,331.74,0.48,0.4,2026-06-05,1717,N20,low,2.0NRT,304.65,13.86,D
-29.2222,-57.44546,325.25,0.41,0.45,2026-06-05,1713,N20,nominal,2.0NRT,295.84,15.79,D
-12.09559,-51.99795,356.28,0.48,0.4,2026-06-05,1717,N20,nominal,2.0NRT,308.52,13.86,D
-29.22266,-57.44973,349.91,0.41,0.45,2026-06-05,1713,N20,nominal,2.0NRT,298.04,15.79,D
-12.09631,-52.00232,355.7,0.48,0.4,2026-06-05,1717,N20,nominal,2.0NRT,310.52,37.05,D
-29.21804,-57.44606,347.12,0.41,0.45,2026-06-05,1713,N20,nominal,2.0NRT,300.7,15.79,D
-12.09704,-52.00669,351.49,0.48,0.4,2026-06-05,1717,N20,nominal,2.0NRT,311.89,37.05,D
-29.2185,-57.45032,340.11,0.41,0.45,2026-06-05,1713,N20,nominal,2.0NRT,298.3,15.79,D
-12.09777,-52.01107,356.26,0.48,0.4,2026-06-05,1717,N20,nominal,2.0NRT,305.06,29.21,D
-29.21434,-57.45091,349.52,0.41,0.45,2026-06-05,1713,N20,nominal,2.0NRT,302.62,23.74,D
-12.53185,-54.7318,341.32,0.39,0.36,2026-06-05,1717,N20,nominal,2.0NRT,306.03,15.42,D
-29.06853,-56.46803,343.64,0.55,0.42,2026-06-05,1713,N20,nominal,2.0NRT,285,14.62,D
-29.13631,-57.84155,343.81,0.43,0.46,2026-06-05,1713,N20,nominal,2.0NRT,297.83,5.43,D
-12.53241,-54.73537,349.04,0.39,0.36,2026-06-05,1717,N20,nominal,2.0NRT,308.55,6.53,D
-28.95414,-56.23346,331,0.53,0.42,2026-06-05,1713,N20,nominal,2.0NRT,290.32,7.53,D
-12.53296,-54.73893,356.2,0.39,0.36,2026-06-05,1717,N20,nominal,2.0NRT,310.52,6.53,D
-28.95478,-56.23891,331.94,0.53,0.42,2026-06-05,1713,N20,nominal,2.0NRT,290.91,9.48,D
-12.53351,-54.74249,328.14,0.39,0.36,2026-06-05,1717,N20,low,2.0NRT,302.7,4.58,D
-29.43355,-61.67851,367,0.37,0.58,2026-06-05,1713,N20,high,2.0NRT,291.14,5.74,D
-13.55349,-61.9693,340.38,0.5,0.49,2026-06-05,1717,N20,nominal,2.0NRT,299.01,14.71,D
-28.98158,-56.79156,327.83,0.57,0.43,2026-06-05,1713,N20,nominal,2.0NRT,293.89,4.64,D
-12.52853,-54.73235,352.11,0.39,0.36,2026-06-05,1717,N20,nominal,2.0NRT,316.72,15.42,D
-29.16355,-58.64314,345.71,0.48,0.48,2026-06-05,1713,N20,nominal,2.0NRT,309,113.5,D
-12.52908,-54.7359,340.79,0.39,0.36,2026-06-05,1717,N20,low,2.0NRT,311.96,6.53,D
-29.16402,-58.64814,338.98,0.48,0.48,2026-06-05,1713,N20,nominal,2.0NRT,293.47,40.54,D
-12.52964,-54.73946,349.09,0.39,0.36,2026-06-05,1717,N20,nominal,2.0NRT,310.46,6.53,D
-28.98387,-56.79234,340.76,0.57,0.43,2026-06-05,1713,N20,nominal,2.0NRT,294.48,8.44,D
-12.53019,-54.74302,346.15,0.39,0.36,2026-06-05,1717,N20,nominal,2.0NRT,308.37,4.58,D
-29.165,-58.63965,339.42,0.48,0.48,2026-06-05,1713,N20,nominal,2.0NRT,293.64,26.56,D
-12.53074,-54.74658,340.37,0.39,0.36,2026-06-05,1717,N20,nominal,2.0NRT,307.01,4.58,D
-29.16602,-58.64962,330.44,0.48,0.48,2026-06-05,1713,N20,nominal,2.0NRT,287.7,103.96,D
-12.5252,-54.73288,346.69,0.39,0.36,2026-06-05,1717,N20,nominal,2.0NRT,303.24,12.35,D
-29.16104,-58.6452,354.72,0.48,0.48,2026-06-05,1713,N20,nominal,2.0NRT,298.16,10,D
-12.52631,-54.74001,331.15,0.39,0.36,2026-06-05,1717,N20,low,2.0NRT,302.01,57.2,D
-29.16155,-58.65018,331.39,0.48,0.48,2026-06-05,1713,N20,nominal,2.0NRT,288.89,10,D
-12.52686,-54.74356,329.15,0.39,0.36,2026-06-05,1717,N20,nominal,2.0NRT,301.63,1.89,D
-29.43647,-61.67684,329.46,0.37,0.58,2026-06-05,1713,N20,nominal,2.0NRT,289.83,3.93,D
-13.80946,-64.56503,330.82,0.38,0.58,2026-06-05,1717,N20,nominal,2.0NRT,298.18,2.28,D
-28.93124,-56.58357,331.53,0.55,0.43,2026-06-05,1713,N20,nominal,2.0NRT,296.95,13.59,D
-12.24694,-53.37202,339.8,0.42,0.38,2026-06-05,1717,N20,nominal,2.0NRT,300.18,4.41,D
-28.90106,-56.42793,329.69,0.54,0.42,2026-06-05,1713,N20,nominal,2.0NRT,292.79,4.48,D
-12.24288,-53.36874,343.84,0.42,0.38,2026-06-05,1717,N20,nominal,2.0NRT,300.57,4.62,D
-29.12422,-58.50477,340.72,0.47,0.48,2026-06-05,1713,N20,nominal,2.0NRT,293.24,5.68,D
-12.3688,-54.16455,337.59,0.4,0.37,2026-06-05,1717,N20,nominal,2.0NRT,310.49,14.38,D
-29.12472,-58.50967,325.51,0.47,0.48,2026-06-05,1713,N20,nominal,2.0NRT,294.08,3.22,D
-12.36544,-54.16511,342.51,0.4,0.37,2026-06-05,1717,N20,nominal,2.0NRT,304.36,14.38,D
-29.1198,-58.50534,332.11,0.47,0.48,2026-06-05,1713,N20,nominal,2.0NRT,293.49,3.23,D
-13.80649,-64.56499,329.21,0.37,0.58,2026-06-05,1717,N20,nominal,2.0NRT,298.29,2.73,D
-29.12526,-58.55936,327.06,0.48,0.48,2026-06-05,1713,N20,nominal,2.0NRT,293.49,2.52,D
-13.87533,-65.97195,329.93,0.47,0.64,2026-06-05,1717,N20,nominal,2.0NRT,294.44,4.16,D
-28.35246,-52.51986,334.35,0.39,0.36,2026-06-05,1713,N20,nominal,2.0NRT,287.79,3.16,D
-12.15601,-53.43837,331.6,0.42,0.38,2026-06-05,1717,N20,low,2.0NRT,301.79,5.7,D
-29.06801,-58.57176,336.76,0.48,0.48,2026-06-05,1713,N20,nominal,2.0NRT,294.79,6.19,D
-13.87695,-65.97048,328.5,0.47,0.64,2026-06-05,1717,N20,nominal,2.0NRT,293.87,3.32,D
-28.85774,-57.51081,339.08,0.41,0.45,2026-06-05,1713,N20,nominal,2.0NRT,296.45,4.32,D
-13.65719,-64.52425,367,0.37,0.58,2026-06-05,1717,N20,high,2.0NRT,297.36,5.66,D
-28.66008,-56.20702,330.63,0.52,0.42,2026-06-05,1713,N20,nominal,2.0NRT,295.76,19.57,D
-11.00279,-47.02405,330.5,0.34,0.56,2026-06-05,1717,N20,nominal,2.0NRT,299.78,3.03,D
-28.66072,-56.2124,344.8,0.52,0.42,2026-06-05,1713,N20,nominal,2.0NRT,304.83,19.57,D
-10.99819,-47.02794,356.37,0.34,0.56,2026-06-05,1717,N20,nominal,2.0NRT,299.19,6.56,D
-28.66137,-56.21779,335.83,0.52,0.42,2026-06-05,1713,N20,nominal,2.0NRT,294.71,8.78,D
-10.98558,-47.0173,337.7,0.34,0.56,2026-06-05,1717,N20,nominal,2.0NRT,298.43,1.53,D
-28.65559,-56.20222,334.69,0.52,0.42,2026-06-05,1713,N20,nominal,2.0NRT,294.53,4.66,D
-10.99559,-47.07098,335.55,0.34,0.56,2026-06-05,1717,N20,nominal,2.0NRT,301.55,3.86,D
-28.65623,-56.2076,346.16,0.52,0.42,2026-06-05,1713,N20,nominal,2.0NRT,297.74,19.57,D
-10.99614,-47.07395,330.9,0.34,0.56,2026-06-05,1717,N20,low,2.0NRT,301.55,6.54,D
-28.65687,-56.21298,333.63,0.52,0.42,2026-06-05,1713,N20,nominal,2.0NRT,295.19,19.57,D
-10.97168,-46.97146,355.97,0.34,0.56,2026-06-05,1717,N20,nominal,2.0NRT,300.09,7.27,D
-28.65302,-56.21356,334.52,0.52,0.42,2026-06-05,1713,N20,nominal,2.0NRT,294.97,4.96,D
-10.97691,-46.99938,350.16,0.34,0.56,2026-06-05,1717,N20,nominal,2.0NRT,298.56,5.33,D
-28.5566,-56.54215,352.93,0.54,0.42,2026-06-05,1713,N20,nominal,2.0NRT,297.91,36.96,D
-10.98987,-47.06871,333.97,0.34,0.56,2026-06-05,1717,N20,nominal,2.0NRT,303.95,3.86,D
-27.70572,-50.60743,339.9,0.39,0.36,2026-06-05,1713,N20,nominal,2.0NRT,286.21,9.23,D
-10.97232,-47.00335,333.64,0.34,0.56,2026-06-05,1717,N20,nominal,2.0NRT,297.92,3.18,D
-28.70156,-58.86073,339.83,0.49,0.49,2026-06-05,1713,N20,nominal,2.0NRT,294.32,10.36,D
-10.95894,-46.96045,332.68,0.34,0.56,2026-06-05,1717,N20,nominal,2.0NRT,295.86,2.84,D
-28.70206,-58.86579,338.87,0.49,0.49,2026-06-05,1713,N20,nominal,2.0NRT,296.86,13.22,D
-10.96315,-46.98286,330.93,0.34,0.56,2026-06-05,1717,N20,low,2.0NRT,302.18,3.77,D
-28.69757,-58.86639,354.95,0.49,0.49,2026-06-05,1713,N20,nominal,2.0NRT,297.73,13.22,D
-10.94566,-46.94676,343.28,0.35,0.56,2026-06-05,1717,N20,nominal,2.0NRT,300.1,4.21,D
-28.75424,-59.45737,328.67,0.53,0.5,2026-06-05,1713,N20,nominal,2.0NRT,292.21,4.2,D
-27.85881,-52.54463,337.03,0.39,0.36,2026-06-05,1713,N20,nominal,2.0NRT,284.72,6.39,D
-10.9511,-47.00385,367,0.34,0.56,2026-06-05,1717,N20,high,2.0NRT,300.45,6.03,D
-28.37837,-56.85962,332.4,0.56,0.43,2026-06-05,1713,N20,nominal,2.0NRT,287.38,3.14,D
-10.94756,-46.98511,340.25,0.34,0.56,2026-06-05,1717,N20,nominal,2.0NRT,304.08,8.16,D
-28.37903,-56.86538,327.55,0.56,0.43,2026-06-05,1713,N20,nominal,2.0NRT,286.34,3.14,D
-10.9517,-47.00701,349.75,0.34,0.56,2026-06-05,1717,N20,nominal,2.0NRT,300.35,6.03,D
-27.56544,-51.0898,340.37,0.39,0.36,2026-06-05,1713,N20,nominal,2.0NRT,290.68,13.75,D
-10.94239,-46.98598,367,0.34,0.56,2026-06-05,1717,N20,high,2.0NRT,303.15,8.16,D
-28.45215,-58.54425,338.48,0.47,0.47,2026-06-05,1713,N20,nominal,2.0NRT,294.55,9.18,D
-10.94594,-47.00473,367,0.34,0.56,2026-06-05,1717,N20,high,2.0NRT,297.19,6.03,D
-28.45361,-58.55867,339.3,0.47,0.48,2026-06-05,1713,N20,nominal,2.0NRT,295.14,6.61,D
-10.94299,-46.98916,352.44,0.34,0.56,2026-06-05,1717,N20,nominal,2.0NRT,304.19,8.16,D
-28.48951,-58.91854,338.27,0.49,0.49,2026-06-05,1713,N20,nominal,2.0NRT,293.67,11.07,D
-10.94536,-47.00169,342.01,0.34,0.56,2026-06-05,1717,N20,nominal,2.0NRT,290.82,7.85,D
-28.49001,-58.9236,348.2,0.49,0.49,2026-06-05,1713,N20,nominal,2.0NRT,295.88,11.07,D
-10.94077,-47.00559,367,0.34,0.56,2026-06-05,1717,N20,high,2.0NRT,303.16,97.59,D
-28.1798,-56.34289,325.13,0.53,0.42,2026-06-05,1713,N20,nominal,2.0NRT,295.54,2.17,D
-10.93781,-46.98999,336.08,0.34,0.56,2026-06-05,1717,N20,nominal,2.0NRT,301.9,4.17,D
-28.178,-56.33982,325.11,0.52,0.42,2026-06-05,1713,N20,nominal,2.0NRT,295.8,3.03,D
-10.93902,-46.99638,340.63,0.34,0.56,2026-06-05,1717,N20,nominal,2.0NRT,299.9,4.6,D
-28.64952,-61.17354,330.82,0.34,0.56,2026-06-05,1713,N20,nominal,2.0NRT,289.38,2.26,D
-10.93326,-46.99411,367,0.34,0.56,2026-06-05,1717,N20,high,2.0NRT,298.87,4.6,D
-27.35984,-50.73358,336.31,0.39,0.36,2026-06-05,1713,N20,nominal,2.0NRT,289.58,3.45,D
-10.93267,-46.99103,352.61,0.34,0.56,2026-06-05,1717,N20,nominal,2.0NRT,299.25,4.17,D
-28.64434,-61.17408,350.17,0.34,0.56,2026-06-05,1713,N20,nominal,2.0NRT,290.66,7.01,D
-10.93384,-46.99718,352.14,0.34,0.56,2026-06-05,1717,N20,nominal,2.0NRT,298.08,4.6,D
-28.64464,-61.17757,334.17,0.34,0.56,2026-06-05,1713,N20,nominal,2.0NRT,290.41,5.05,D
-10.94619,-46.98658,367,0.34,0.56,2026-06-05,1717,N20,high,2.0NRT,306.83,13.74,D
-27.39387,-51.11978,336.42,0.39,0.36,2026-06-05,1713,N20,nominal,2.0NRT,280.49,4.29,D
-10.94903,-47.00227,331.71,0.34,0.56,2026-06-05,1717,N20,nominal,2.0NRT,298.92,12.96,D
-28.05552,-55.8441,331.26,0.49,0.41,2026-06-05,1713,N20,nominal,2.0NRT,297.45,3.83,D
-10.94443,-47.00628,367,0.34,0.56,2026-06-05,1717,N20,high,2.0NRT,297.75,17.92,D
-27.31871,-51.44298,340.88,0.38,0.36,2026-06-05,1713,N20,nominal,2.0NRT,279.9,5.59,D
-10.94101,-46.98745,334.32,0.34,0.56,2026-06-05,1717,N20,nominal,2.0NRT,302.55,13.74,D
-27.73914,-54.92706,339.72,0.45,0.39,2026-06-05,1713,N20,nominal,2.0NRT,297.11,10.35,D
-10.93643,-46.99154,367,0.34,0.56,2026-06-05,1717,N20,high,2.0NRT,302.07,13.35,D
-27.73545,-54.9831,333.97,0.45,0.39,2026-06-05,1713,N20,nominal,2.0NRT,298.07,11.14,D
-10.937,-46.99471,336.14,0.34,0.56,2026-06-05,1717,N20,nominal,2.0NRT,298.36,5.82,D
-27.87984,-56.16832,326.83,0.51,0.41,2026-06-05,1713,N20,nominal,2.0NRT,296.37,1.93,D
-10.93869,-47.00396,345.89,0.34,0.56,2026-06-05,1717,N20,nominal,2.0NRT,288.11,29.96,D
-27.88046,-56.17354,344.5,0.51,0.41,2026-06-05,1713,N20,nominal,2.0NRT,300.12,15.32,D
-10.93927,-47.00716,346.27,0.34,0.56,2026-06-05,1717,N20,nominal,2.0NRT,310.65,43.35,D
-27.87666,-56.17411,334.39,0.51,0.41,2026-06-05,1713,N20,nominal,2.0NRT,297.41,15.32,D
-10.93986,-47.01043,346.82,0.34,0.56,2026-06-05,1717,N20,nominal,2.0NRT,296.96,43.35,D
-27.73183,-55.04026,329.98,0.45,0.39,2026-06-05,1713,N20,nominal,2.0NRT,296.96,2.39,D
-10.93183,-46.99559,367,0.34,0.56,2026-06-05,1717,N20,high,2.0NRT,297.37,5.82,D
-28.15744,-59.69627,326.16,0.54,0.51,2026-06-05,1713,N20,nominal,2.0NRT,291.78,2.64,D
-10.93239,-46.99865,330.21,0.34,0.56,2026-06-05,1717,N20,nominal,2.0NRT,295.44,5.82,D
-28.16035,-60.31306,327.65,0.59,0.53,2026-06-05,1713,N20,nominal,2.0NRT,291.34,4.46,D
-13.43804,-63.50349,345.96,0.63,0.54,2026-06-05,1717,N20,nominal,2.0NRT,297.41,10.38,D
-26.94185,-50.71108,350.76,0.39,0.36,2026-06-05,1713,N20,nominal,2.0NRT,291.85,5.74,D
-12.18282,-54.54002,329.28,0.39,0.36,2026-06-05,1717,N20,low,2.0NRT,303.25,4.67,D
-27.5406,-54.86408,343.89,0.44,0.39,2026-06-05,1713,N20,nominal,2.0NRT,299.63,9.78,D
-13.43306,-63.50413,346.74,0.63,0.54,2026-06-05,1717,N20,nominal,2.0NRT,298.83,23.94,D
-28.21339,-61.08942,345.01,0.33,0.55,2026-06-05,1713,N20,nominal,2.0NRT,290.8,5.18,D
-13.43377,-63.50991,347.05,0.63,0.54,2026-06-05,1717,N20,nominal,2.0NRT,297.23,23.94,D
-27.55424,-55.16437,334.16,0.46,0.39,2026-06-05,1713,N20,nominal,2.0NRT,299.38,11.27,D
-13.68425,-65.78372,335.42,0.45,0.63,2026-06-05,1717,N20,nominal,2.0NRT,295.85,3.99,D
-27.6038,-55.5523,333.96,0.47,0.4,2026-06-05,1713,N20,nominal,2.0NRT,297.1,7.49,D
-11.50917,-50.6293,344.04,0.39,0.44,2026-06-05,1717,N20,nominal,2.0NRT,301.24,7.98,D
-27.52122,-55.13634,335.33,0.45,0.39,2026-06-05,1713,N20,nominal,2.0NRT,298.51,2.29,D
-11.08092,-48.25642,334.82,0.56,0.52,2026-06-05,1717,N20,nominal,2.0NRT,298.02,4.69,D
-27.6059,-56.06291,330.79,0.5,0.41,2026-06-05,1713,N20,nominal,2.0NRT,297.88,4.27,D
-11.08187,-48.26164,340.36,0.56,0.52,2026-06-05,1717,N20,nominal,2.0NRT,298.9,4.69,D
-27.37522,-54.29488,325.58,0.42,0.38,2026-06-05,1713,N20,nominal,2.0NRT,294.52,3.56,D
-10.70352,-46.27188,330.79,0.39,0.59,2026-06-05,1717,N20,nominal,2.0NRT,298.02,6.3,D
-27.37175,-54.29546,331.93,0.42,0.38,2026-06-05,1713,N20,nominal,2.0NRT,294.86,3.56,D
-27.37362,-54.29368,337.6,0.42,0.38,2026-06-05,1713,N20,nominal,2.0NRT,296.27,6.59,D
-10.69877,-46.27639,367,0.39,0.59,2026-06-05,1717,N20,high,2.0NRT,298.21,12.93,D
-27.60602,-56.0649,335.84,0.5,0.41,2026-06-05,1713,N20,nominal,2.0NRT,298.6,4.18,D
-10.69944,-46.2799,350.45,0.39,0.59,2026-06-05,1717,N20,nominal,2.0NRT,299.42,12.93,D
-27.40376,-54.70186,331.11,0.44,0.38,2026-06-05,1713,N20,nominal,2.0NRT,297.88,6.08,D
-10.694,-46.28083,367,0.39,0.59,2026-06-05,1717,N20,high,2.0NRT,297.92,10.46,D
-27.36037,-54.43208,339.52,0.43,0.38,2026-06-05,1713,N20,nominal,2.0NRT,295.69,6.07,D
-12.54263,-57.21933,336.59,0.41,0.37,2026-06-05,1717,N20,low,2.0NRT,309.34,6.02,D
-27.36155,-54.4408,333.43,0.43,0.38,2026-06-05,1713,N20,nominal,2.0NRT,305.43,35.7,D
-12.14901,-54.65186,350.61,0.39,0.36,2026-06-05,1717,N20,nominal,2.0NRT,308.88,10.2,D
-26.86998,-51.26612,329.08,0.39,0.36,2026-06-05,1713,N20,nominal,2.0NRT,288.54,2.08,D
-12.14568,-54.65239,339.24,0.39,0.36,2026-06-05,1717,N20,nominal,2.0NRT,300.91,6.63,D
-27.33662,-54.74013,342.16,0.44,0.38,2026-06-05,1713,N20,nominal,2.0NRT,302.24,13.44,D
-10.69777,-46.27798,367,0.39,0.59,2026-06-05,1717,N20,high,2.0NRT,300.33,18.55,D
-27.33718,-54.74448,334.38,0.44,0.38,2026-06-05,1713,N20,nominal,2.0NRT,298.14,13.44,D
-10.69843,-46.28155,348.41,0.39,0.59,2026-06-05,1717,N20,nominal,2.0NRT,299.34,18.55,D
-27.32096,-54.64787,329.72,0.43,0.38,2026-06-05,1713,N20,nominal,2.0NRT,295.67,2.97,D
-13.33544,-63.62014,327.07,0.32,0.54,2026-06-05,1717,N20,nominal,2.0NRT,295.82,1.86,D
-27.26226,-54.53129,331.01,0.43,0.38,2026-06-05,1713,N20,nominal,2.0NRT,294.42,2.85,D
-13.33007,-63.61786,367,0.32,0.54,2026-06-05,1717,N20,high,2.0NRT,299.83,20.89,D
-27.21464,-54.25822,326.8,0.42,0.38,2026-06-05,1713,N20,nominal,2.0NRT,301.06,27.23,D
-13.33078,-63.62374,367,0.32,0.54,2026-06-05,1717,N20,high,2.0NRT,297.43,9.44,D
-27.25116,-54.55544,325.7,0.43,0.38,2026-06-05,1713,N20,nominal,2.0NRT,295.63,1.81,D
-13.33043,-63.6208,348.54,0.32,0.54,2026-06-05,1717,N20,nominal,2.0NRT,302.19,20.89,D
-27.19388,-54.18381,330.23,0.42,0.38,2026-06-05,1713,N20,nominal,2.0NRT,294.37,2.65,D
-13.33114,-63.62668,345.48,0.32,0.54,2026-06-05,1717,N20,nominal,2.0NRT,296.64,9.44,D
-27.18636,-54.20651,330.19,0.42,0.38,2026-06-05,1713,N20,nominal,2.0NRT,295.36,4.89,D
-13.31809,-63.60302,329.41,0.64,0.54,2026-06-05,1717,N20,nominal,2.0NRT,296.05,5.79,D
-27.18694,-54.21083,331.37,0.42,0.38,2026-06-05,1713,N20,nominal,2.0NRT,296.58,4.89,D
-11.2386,-49.65617,338.85,0.45,0.47,2026-06-05,1717,N20,nominal,2.0NRT,300.82,4.61,D
-28.01891,-62.29012,367,0.39,0.59,2026-06-05,1713,N20,high,2.0NRT,295.44,8.58,D
-11.23933,-49.66031,339.66,0.45,0.47,2026-06-05,1717,N20,nominal,2.0NRT,300.86,4.61,D
-28.01861,-62.28612,345.94,0.39,0.59,2026-06-05,1713,N20,nominal,2.0NRT,295.37,8.58,D
-11.24006,-49.66442,334.43,0.45,0.47,2026-06-05,1717,N20,nominal,2.0NRT,301.08,5.61,D
-28.01921,-62.29414,352.33,0.39,0.59,2026-06-05,1713,N20,nominal,2.0NRT,295.7,10.41,D
-10.69811,-46.72499,367,0.36,0.57,2026-06-05,1717,N20,high,2.0NRT,299.44,12.13,D
-28.01951,-62.29818,349.57,0.39,0.59,2026-06-05,1713,N20,nominal,2.0NRT,295.69,10.41,D
-10.69875,-46.72839,347.53,0.36,0.57,2026-06-05,1717,N20,nominal,2.0NRT,298.26,4.85,D
-28.01981,-62.30223,354.74,0.39,0.59,2026-06-05,1713,N20,nominal,2.0NRT,296.4,10.56,D
-10.69938,-46.73177,331.63,0.36,0.57,2026-06-05,1717,N20,nominal,2.0NRT,298.06,4.85,D
-28.01901,-62.29241,367,0.39,0.59,2026-06-05,1713,N20,high,2.0NRT,296.39,9.86,D
-11.23504,-49.66106,340.68,0.45,0.47,2026-06-05,1717,N20,nominal,2.0NRT,299.48,4.61,D
-28.01966,-62.30046,367,0.39,0.59,2026-06-05,1713,N20,high,2.0NRT,295.77,13.46,D
-11.23577,-49.66518,343.19,0.45,0.47,2026-06-05,1717,N20,nominal,2.0NRT,299.81,5.61,D
-28.01836,-62.2844,339.96,0.39,0.59,2026-06-05,1713,N20,nominal,2.0NRT,293.43,6.04,D
-10.6922,-46.72258,367,0.36,0.58,2026-06-05,1717,N20,high,2.0NRT,298.57,16.87,D
-28.01868,-62.2884,344.2,0.39,0.59,2026-06-05,1713,N20,nominal,2.0NRT,295.08,6.04,D
-10.69284,-46.72596,367,0.36,0.57,2026-06-05,1717,N20,high,2.0NRT,299.22,16.87,D
-28.01933,-62.29642,352.86,0.39,0.59,2026-06-05,1713,N20,nominal,2.0NRT,295.37,9.86,D
-13.41215,-64.57521,367,0.37,0.58,2026-06-05,1717,N20,high,2.0NRT,296.66,23.02,D
-27.13939,-54.34343,328.65,0.42,0.38,2026-06-05,1713,N20,nominal,2.0NRT,294.33,2.67,D
-10.69347,-46.72933,345.12,0.36,0.57,2026-06-05,1717,N20,nominal,2.0NRT,302.35,20.3,D
-27.50553,-57.2768,335.24,0.38,0.44,2026-06-05,1713,N20,nominal,2.0NRT,297.35,2.42,D
-10.69411,-46.73269,355.11,0.36,0.57,2026-06-05,1717,N20,nominal,2.0NRT,296.36,20.3,D
-27.55054,-57.67038,342.8,0.41,0.45,2026-06-05,1713,N20,nominal,2.0NRT,298.47,5.13,D
-10.69474,-46.73605,351.46,0.36,0.57,2026-06-05,1717,N20,nominal,2.0NRT,300.39,17.54,D
-27.51786,-57.41958,328.49,0.39,0.44,2026-06-05,1713,N20,nominal,2.0NRT,297.42,2.57,D
-13.41254,-64.57864,349.81,0.37,0.58,2026-06-05,1717,N20,nominal,2.0NRT,297.47,29.08,D
-27.5138,-57.42016,339.77,0.39,0.44,2026-06-05,1713,N20,nominal,2.0NRT,298.9,5.39,D
-13.40679,-64.57588,367,0.37,0.58,2026-06-05,1717,N20,high,2.0NRT,299.38,23.02,D
-27.17501,-54.71378,338.03,0.44,0.38,2026-06-05,1713,N20,nominal,2.0NRT,294.44,4.38,D
-13.3953,-64.57037,330.53,0.37,0.58,2026-06-05,1717,N20,nominal,2.0NRT,296.33,6.21,D
-27.34706,-56.05249,335.87,0.5,0.41,2026-06-05,1713,N20,nominal,2.0NRT,298.04,4.14,D
-13.39609,-64.57723,336.14,0.37,0.58,2026-06-05,1717,N20,nominal,2.0NRT,296.16,6.21,D
-27.12767,-54.60107,325.72,0.43,0.38,2026-06-05,1713,N20,nominal,2.0NRT,295.03,1.55,D
-13.39034,-64.57446,356.2,0.37,0.58,2026-06-05,1717,N20,nominal,2.0NRT,298.49,6.74,D
-26.75286,-52.08836,331.33,0.38,0.36,2026-06-05,1713,N20,nominal,2.0NRT,292.63,26.94,D
-13.3846,-64.57169,346.36,0.37,0.58,2026-06-05,1717,N20,nominal,2.0NRT,297.05,9.12,D
-26.75345,-52.09223,327.45,0.38,0.36,2026-06-05,1713,N20,nominal,2.0NRT,274.39,26.94,D
-13.38499,-64.57511,337.01,0.37,0.58,2026-06-05,1717,N20,nominal,2.0NRT,296.93,6.74,D
-27.11353,-54.62965,325.16,0.43,0.38,2026-06-05,1713,N20,nominal,2.0NRT,294.48,1.49,D
-13.4031,-64.57429,340.44,0.37,0.58,2026-06-05,1717,N20,nominal,2.0NRT,295.7,11.49,D
-26.74896,-52.08513,333.62,0.38,0.36,2026-06-05,1713,N20,nominal,2.0NRT,272.92,5.25,D
-13.40352,-64.57771,351.74,0.37,0.58,2026-06-05,1717,N20,nominal,2.0NRT,299.29,11.49,D
-26.74955,-52.08899,353.67,0.38,0.36,2026-06-05,1713,N20,nominal,2.0NRT,276.37,26.1,D
-13.39692,-64.56812,328.22,0.37,0.58,2026-06-05,1717,N20,nominal,2.0NRT,295.98,2.16,D
-27.34229,-56.56115,330.42,0.53,0.42,2026-06-05,1713,N20,nominal,2.0NRT,297.37,5.34,D
-13.3924,-64.57558,367,0.37,0.58,2026-06-05,1717,N20,high,2.0NRT,298.94,8.59,D
-27.33843,-56.56171,330.02,0.53,0.42,2026-06-05,1713,N20,nominal,2.0NRT,296.91,5.34,D
-13.39157,-64.56876,340.42,0.37,0.58,2026-06-05,1717,N20,nominal,2.0NRT,297.83,5.5,D
-27.34128,-56.5634,336.62,0.53,0.42,2026-06-05,1713,N20,nominal,2.0NRT,298.79,8.44,D
-13.39198,-64.57217,332.53,0.37,0.58,2026-06-05,1717,N20,nominal,2.0NRT,298.99,5.5,D
-26.61148,-51.67479,325.86,0.38,0.36,2026-06-05,1713,N20,nominal,2.0NRT,286.7,2.41,D
-13.38663,-64.57282,367,0.37,0.58,2026-06-05,1717,N20,high,2.0NRT,298.5,5.5,D
-27.0105,-54.77565,328.25,0.44,0.38,2026-06-05,1713,N20,nominal,2.0NRT,295.84,2.05,D
-13.38705,-64.57623,339.83,0.37,0.58,2026-06-05,1717,N20,nominal,2.0NRT,297.65,8.59,D
-26.95514,-54.47283,339.55,0.42,0.38,2026-06-05,1713,N20,nominal,2.0NRT,295.22,4.01,D
-13.28495,-63.87166,326.69,0.33,0.55,2026-06-05,1717,N20,nominal,2.0NRT,296.01,1.23,D
-26.47525,-51.30294,328.36,0.39,0.36,2026-06-05,1713,N20,nominal,2.0NRT,290.01,2.67,D
-10.73119,-47.34093,344.14,0.33,0.55,2026-06-05,1717,N20,nominal,2.0NRT,293.63,3.75,D
-26.8877,-54.5817,343.22,0.43,0.38,2026-06-05,1713,N20,nominal,2.0NRT,299.86,18.67,D
-10.59415,-46.77712,345.18,0.36,0.57,2026-06-05,1717,N20,nominal,2.0NRT,295.97,4.29,D
-26.82446,-54.35881,330.35,0.42,0.38,2026-06-05,1713,N20,nominal,2.0NRT,296.43,2.06,D
-10.58016,-46.7319,338.64,0.36,0.58,2026-06-05,1717,N20,nominal,2.0NRT,298.13,4.72,D
-27.05894,-56.39614,332.36,0.51,0.41,2026-06-05,1713,N20,nominal,2.0NRT,297.41,3.27,D
-10.57549,-46.73609,334,0.36,0.58,2026-06-05,1717,N20,nominal,2.0NRT,297.61,3.48,D
-26.73134,-53.98999,344.06,0.41,0.37,2026-06-05,1713,N20,nominal,2.0NRT,294.59,7.14,D
-10.57612,-46.73939,332.99,0.36,0.58,2026-06-05,1717,N20,nominal,2.0NRT,297.22,2.35,D
-26.74104,-54.06015,330.36,0.41,0.37,2026-06-05,1713,N20,nominal,2.0NRT,297.55,4.86,D
-10.57691,-46.73772,339.17,0.36,0.58,2026-06-05,1717,N20,nominal,2.0NRT,297.44,5.58,D
-26.76273,-54.26972,331.19,0.42,0.37,2026-06-05,1713,N20,nominal,2.0NRT,296.34,2.45,D
-13.53699,-66.64543,328.4,0.52,0.66,2026-06-05,1717,N20,nominal,2.0NRT,292.67,5.42,D
-26.70908,-53.93041,330.74,0.41,0.37,2026-06-05,1713,N20,nominal,2.0NRT,290.65,2.24,D
-13.26413,-64.52975,330.51,0.37,0.58,2026-06-05,1717,N20,nominal,2.0NRT,295.47,3.39,D
-26.7564,-54.27516,334.68,0.42,0.37,2026-06-05,1713,N20,nominal,2.0NRT,297.28,5.94,D
-11.0922,-49.80863,341.4,0.44,0.46,2026-06-05,1717,N20,nominal,2.0NRT,302.22,6.68,D
-26.70566,-53.93099,326.28,0.41,0.37,2026-06-05,1713,N20,nominal,2.0NRT,289.04,1.42,D
-11.08793,-49.80936,340.87,0.44,0.46,2026-06-05,1717,N20,nominal,2.0NRT,301.49,6.68,D
-26.75117,-54.3148,325.88,0.42,0.38,2026-06-05,1713,N20,nominal,2.0NRT,294.59,2.02,D
-12.4448,-58.40339,337.56,0.45,0.39,2026-06-05,1717,N20,nominal,2.0NRT,306.83,7.84,D
-27.17009,-57.85583,344.94,0.41,0.45,2026-06-05,1713,N20,nominal,2.0NRT,300.3,9.96,D
-12.44539,-58.4075,350.48,0.45,0.39,2026-06-05,1717,N20,nominal,2.0NRT,309.42,7.84,D
-26.70045,-54.14238,330.28,0.41,0.37,2026-06-05,1713,N20,nominal,2.0NRT,296.06,6.99,D
-12.44598,-58.41163,349.41,0.45,0.39,2026-06-05,1717,N20,nominal,2.0NRT,309.83,13.53,D
-27.16807,-57.85461,342.08,0.41,0.45,2026-06-05,1713,N20,nominal,2.0NRT,299.31,12.78,D
-12.45423,-58.46947,335.46,0.45,0.39,2026-06-05,1717,N20,low,2.0NRT,308.93,10.86,D
-26.70231,-54.25739,330.5,0.42,0.37,2026-06-05,1713,N20,nominal,2.0NRT,297.58,5.81,D
-26.98726,-56.56333,340.53,0.52,0.42,2026-06-05,1713,N20,nominal,2.0NRT,297.54,5.37,D
-12.29386,-57.38386,332.25,0.41,0.37,2026-06-05,1717,N20,low,2.0NRT,304.11,4.5,D
-12.44241,-58.41213,337.24,0.45,0.39,2026-06-05,1717,N20,low,2.0NRT,308.1,8.87,D
-26.9535,-56.31935,336.59,0.51,0.41,2026-06-05,1713,N20,nominal,2.0NRT,298.99,4.83,D
-12.45066,-58.47,336.97,0.45,0.39,2026-06-05,1717,N20,low,2.0NRT,311.07,6.61,D
-27.03876,-57.02564,349.6,0.55,0.43,2026-06-05,1713,N20,nominal,2.0NRT,299.4,46.84,D
-11.90581,-54.83163,339.99,0.39,0.36,2026-06-05,1717,N20,low,2.0NRT,310.88,3.67,D
-27.03943,-57.03128,336.32,0.55,0.43,2026-06-05,1713,N20,nominal,2.0NRT,306.31,46.84,D
-12.44708,-58.47053,338.51,0.45,0.39,2026-06-05,1717,N20,low,2.0NRT,311.25,6.61,D
-26.94971,-56.31993,339.03,0.51,0.41,2026-06-05,1713,N20,nominal,2.0NRT,300,4.83,D
-12.44526,-58.48339,343.7,0.45,0.39,2026-06-05,1717,N20,nominal,2.0NRT,309.16,4.38,D
-27.03482,-57.02621,343.87,0.55,0.43,2026-06-05,1713,N20,nominal,2.0NRT,304.13,46.84,D
-12.44585,-58.48753,345.54,0.45,0.39,2026-06-05,1717,N20,nominal,2.0NRT,307.52,6.71,D
-24.54377,-42.46514,367,0.36,0.58,2026-06-05,1713,N20,high,2.0NRT,290.41,6.01,D
-12.4411,-58.47979,335.26,0.45,0.39,2026-06-05,1717,N20,low,2.0NRT,308.46,4.38,D
-24.54457,-42.4687,329,0.36,0.58,2026-06-05,1713,N20,nominal,2.0NRT,291.79,6.01,D
-12.44168,-58.48392,335.36,0.45,0.39,2026-06-05,1717,N20,low,2.0NRT,309.54,4.38,D
-26.87872,-56.39592,336.97,0.51,0.41,2026-06-05,1713,N20,nominal,2.0NRT,299.73,16.49,D
-13.22654,-64.4865,330.82,0.36,0.58,2026-06-05,1717,N20,nominal,2.0NRT,295.84,3.81,D
-26.87491,-56.3965,354.83,0.51,0.41,2026-06-05,1713,N20,nominal,2.0NRT,300.7,16.49,D
-13.35869,-65.66579,367,0.44,0.62,2026-06-05,1717,N20,high,2.0NRT,300.36,20.47,D
-26.87111,-56.39707,332.95,0.51,0.41,2026-06-05,1713,N20,nominal,2.0NRT,301.62,13.31,D
-12.43752,-58.48031,336.1,0.45,0.39,2026-06-05,1717,N20,low,2.0NRT,309.21,5.45,D
-26.87175,-56.40223,327.45,0.51,0.41,2026-06-05,1713,N20,low,2.0NRT,300.52,8.71,D
-12.43394,-58.48083,335.82,0.45,0.39,2026-06-05,1717,N20,low,2.0NRT,310.19,5.45,D
-26.86795,-56.40281,340.43,0.51,0.41,2026-06-05,1713,N20,nominal,2.0NRT,299.55,8.71,D
-11.56476,-52.80169,330.56,0.45,0.39,2026-06-05,1717,N20,low,2.0NRT,305.07,4.94,D
-26.78418,-55.88471,327.03,0.48,0.4,2026-06-05,1713,N20,low,2.0NRT,299.26,2.87,D
-11.56122,-52.8023,335.45,0.45,0.39,2026-06-05,1717,N20,low,2.0NRT,308.32,4.94,D
-27.24174,-60.7832,345.63,0.62,0.54,2026-06-05,1713,N20,nominal,2.0NRT,300.45,19.59,D
-11.55411,-52.8035,331.59,0.45,0.39,2026-06-05,1717,N20,low,2.0NRT,305.32,8.46,D
-27.23676,-60.78377,352.12,0.62,0.54,2026-06-05,1713,N20,nominal,2.0NRT,300.85,15.46,D
-13.1402,-64.0729,339.86,0.34,0.56,2026-06-05,1717,N20,nominal,2.0NRT,295.82,2.91,D
-26.54507,-54.57393,327.03,0.43,0.38,2026-06-05,1713,N20,nominal,2.0NRT,294.57,1.39,D
-13.13024,-64.03291,367,0.34,0.56,2026-06-05,1717,N20,high,2.0NRT,295.81,4.36,D
-26.5443,-54.57696,329.71,0.43,0.38,2026-06-05,1713,N20,nominal,2.0NRT,295.91,2.38,D
-13.13061,-64.03603,332.96,0.34,0.56,2026-06-05,1717,N20,nominal,2.0NRT,295.7,4.36,D
-27.24121,-60.78344,344.61,0.62,0.54,2026-06-05,1713,N20,nominal,2.0NRT,300.68,24.25,D
-11.14148,-50.43804,330.92,0.4,0.45,2026-06-05,1717,N20,nominal,2.0NRT,299.77,3.3,D
-27.23623,-60.784,350.17,0.62,0.54,2026-06-05,1713,N20,nominal,2.0NRT,300.21,24.25,D
-13.17063,-64.42242,327.33,0.36,0.57,2026-06-05,1717,N20,nominal,2.0NRT,297.12,5.21,D
-26.79916,-56.75225,330.15,0.53,0.42,2026-06-05,1713,N20,nominal,2.0NRT,298.2,5.04,D
-13.17102,-64.42576,348.44,0.36,0.57,2026-06-05,1717,N20,nominal,2.0NRT,297.39,6.28,D
-26.79463,-56.74746,328.28,0.53,0.42,2026-06-05,1713,N20,nominal,2.0NRT,298.34,5.16,D
-11.31408,-51.46057,331.93,0.53,0.42,2026-06-05,1717,N20,low,2.0NRT,304.1,6.37,D
-26.41851,-53.9735,341.09,0.41,0.37,2026-06-05,1713,N20,nominal,2.0NRT,285.1,11.62,D
-12.23263,-57.27446,346.18,0.41,0.37,2026-06-05,1717,N20,nominal,2.0NRT,312.61,13.97,D
-26.65578,-55.99163,338.27,0.49,0.4,2026-06-05,1713,N20,nominal,2.0NRT,295.73,4.59,D
-13.15853,-64.41044,336.6,0.36,0.57,2026-06-05,1717,N20,nominal,2.0NRT,295.94,3.72,D
-26.65145,-55.9873,352.46,0.49,0.4,2026-06-05,1713,N20,nominal,2.0NRT,298.15,7.03,D
-13.15891,-64.41375,334.5,0.36,0.57,2026-06-05,1717,N20,nominal,2.0NRT,297.47,4.94,D
-26.65206,-55.99221,351.36,0.49,0.4,2026-06-05,1713,N20,nominal,2.0NRT,300.1,15.41,D
-13.15402,-64.41777,367,0.36,0.57,2026-06-05,1717,N20,high,2.0NRT,296.59,4.94,D
-26.64774,-55.98789,327.55,0.49,0.4,2026-06-05,1713,N20,low,2.0NRT,297.93,7.03,D
-12.27442,-57.68618,329.36,0.42,0.38,2026-06-05,1717,N20,nominal,2.0NRT,303.47,2.18,D
-26.39971,-54.11566,337.39,0.41,0.37,2026-06-05,1713,N20,nominal,2.0NRT,279.19,4.82,D
-12.27097,-57.68671,336.68,0.42,0.38,2026-06-05,1717,N20,nominal,2.0NRT,304,2.18,D
-26.3917,-54.13404,326.47,0.41,0.37,2026-06-05,1713,N20,nominal,2.0NRT,287.32,2.14,D
-12.2718,-57.68608,341.1,0.42,0.38,2026-06-05,1717,N20,nominal,2.0NRT,304.9,4.49,D
-26.55382,-55.41657,325.41,0.46,0.39,2026-06-05,1713,N20,nominal,2.0NRT,295.8,1.99,D
-11.74232,-54.23844,337.11,0.4,0.37,2026-06-05,1717,N20,nominal,2.0NRT,305.27,6.07,D
-26.3526,-53.92638,349.37,0.41,0.37,2026-06-05,1713,N20,nominal,2.0NRT,292.68,22.63,D
-13.17149,-64.42567,351.07,0.36,0.57,2026-06-05,1717,N20,nominal,2.0NRT,297.69,7.34,D
-26.55281,-55.41581,327.43,0.46,0.39,2026-06-05,1713,N20,nominal,2.0NRT,296.76,2.87,D
-13.15929,-64.41367,333.48,0.36,0.57,2026-06-05,1717,N20,nominal,2.0NRT,297.36,5.09,D
-26.37932,-54.16551,332.86,0.41,0.37,2026-06-05,1713,N20,nominal,2.0NRT,284.92,2.63,D
-13.15442,-64.41765,352.52,0.36,0.57,2026-06-05,1717,N20,nominal,2.0NRT,296.49,5.09,D
-26.58043,-55.77011,331.03,0.47,0.4,2026-06-05,1713,N20,nominal,2.0NRT,297.42,4.29,D
-13.14427,-64.42226,328.69,0.36,0.57,2026-06-05,1717,N20,nominal,2.0NRT,296.22,2.49,D
-26.50779,-55.29701,329.16,0.45,0.39,2026-06-05,1713,N20,nominal,2.0NRT,296.53,2.47,D
-13.17527,-65.34246,337.28,0.42,0.61,2026-06-05,1717,N20,nominal,2.0NRT,295.94,3.43,D
-26.62516,-56.30429,336.37,0.5,0.41,2026-06-05,1713,N20,nominal,2.0NRT,297.43,3.32,D
-13.1757,-65.34629,333.96,0.42,0.61,2026-06-05,1717,N20,nominal,2.0NRT,296.51,3.43,D
-26.63837,-56.41126,344.62,0.51,0.41,2026-06-05,1713,N20,nominal,2.0NRT,299.5,11.04,D
-13.31871,-66.69553,367,0.52,0.67,2026-06-05,1717,N20,high,2.0NRT,294.58,15.67,D
-26.5829,-55.99644,331.35,0.49,0.4,2026-06-05,1713,N20,nominal,2.0NRT,298.24,6.61,D
-10.54099,-47.70807,342.2,0.63,0.54,2026-06-05,1717,N20,nominal,2.0NRT,296.42,9.19,D
-26.63395,-56.40671,338.96,0.51,0.41,2026-06-05,1713,N20,nominal,2.0NRT,298.68,10.18,D
-13.31565,-66.725,327.22,0.52,0.67,2026-06-05,1717,N20,nominal,2.0NRT,292.02,2.79,D
-26.57918,-55.99702,343.72,0.49,0.4,2026-06-05,1713,N20,nominal,2.0NRT,297.44,6.61,D
-11.63564,-54.15437,336.07,0.4,0.37,2026-06-05,1717,N20,nominal,2.0NRT,304.69,5.59,D
-26.55585,-55.9015,327.3,0.48,0.4,2026-06-05,1713,N20,nominal,2.0NRT,295.26,3.12,D
-11.63622,-54.15803,348.33,0.4,0.37,2026-06-05,1717,N20,nominal,2.0NRT,308.46,10,D
-26.54108,-55.90383,326.97,0.48,0.4,2026-06-05,1713,N20,nominal,2.0NRT,296.11,2.9,D
-11.63285,-54.1586,345.65,0.4,0.37,2026-06-05,1717,N20,nominal,2.0NRT,308.24,7.79,D
-26.86248,-58.70162,338.46,0.46,0.47,2026-06-05,1713,N20,nominal,2.0NRT,297.16,4.07,D
-11.73487,-54.80453,348.67,0.39,0.36,2026-06-05,1717,N20,nominal,2.0NRT,312.5,12.83,D
-26.69753,-57.38147,344.19,0.57,0.43,2026-06-05,1713,N20,nominal,2.0NRT,298.72,12.58,D
-10.54074,-47.71092,335.15,0.63,0.54,2026-06-05,1717,N20,nominal,2.0NRT,296.99,8.05,D
-26.76467,-58.06533,353.11,0.42,0.45,2026-06-05,1713,N20,nominal,2.0NRT,298.07,6.15,D
-13.17209,-65.34646,335.99,0.42,0.61,2026-06-05,1717,N20,nominal,2.0NRT,296.51,7.53,D
-26.76342,-58.06394,336.3,0.42,0.45,2026-06-05,1713,N20,nominal,2.0NRT,297.36,3.97,D
-13.31846,-66.69331,355.95,0.52,0.67,2026-06-05,1717,N20,nominal,2.0NRT,293.11,14.28,D
-26.7639,-58.06815,338.96,0.42,0.45,2026-06-05,1713,N20,nominal,2.0NRT,297.7,4.57,D
-13.31901,-66.69808,341.75,0.52,0.67,2026-06-05,1717,N20,nominal,2.0NRT,292.7,12.06,D
-26.54304,-56.51143,330.67,0.51,0.41,2026-06-05,1713,N20,nominal,2.0NRT,297.59,3.67,D
-12.97215,-64.01661,327.93,0.34,0.56,2026-06-05,1717,N20,nominal,2.0NRT,295.68,3.74,D
-26.54368,-56.51661,348.76,0.51,0.41,2026-06-05,1713,N20,nominal,2.0NRT,299.42,14.63,D
-12.97253,-64.0197,344.74,0.34,0.56,2026-06-05,1717,N20,nominal,2.0NRT,296.15,3.74,D
-26.53605,-56.51775,330.29,0.51,0.41,2026-06-05,1713,N20,nominal,2.0NRT,297.53,4.94,D
-12.9674,-64.02033,367,0.34,0.56,2026-06-05,1717,N20,high,2.0NRT,296,3.74,D
-26.53669,-56.52291,329.38,0.51,0.41,2026-06-05,1713,N20,nominal,2.0NRT,297.61,4.94,D
-12.96702,-64.01724,337.21,0.34,0.56,2026-06-05,1717,N20,nominal,2.0NRT,294.84,3.74,D
-26.29206,-54.73119,327.1,0.43,0.38,2026-06-05,1713,N20,nominal,2.0NRT,298.18,1.83,D
-10.45172,-47.94728,331.25,0.6,0.53,2026-06-05,1717,N20,low,2.0NRT,303.79,10.17,D
-26.50704,-56.40708,326.88,0.51,0.41,2026-06-05,1713,N20,nominal,2.0NRT,296.17,2.59,D
-11.57852,-54.58109,339.28,0.39,0.36,2026-06-05,1717,N20,nominal,2.0NRT,300.7,4.91,D
-26.45399,-56.25551,331.91,0.5,0.41,2026-06-05,1713,N20,nominal,2.0NRT,296.65,6.22,D
-11.57461,-54.57805,342.48,0.39,0.36,2026-06-05,1717,N20,nominal,2.0NRT,305.84,4.91,D
-26.232,-54.5494,334.7,0.42,0.38,2026-06-05,1713,N20,nominal,2.0NRT,294.68,6.38,D
-11.57517,-54.58164,344.5,0.39,0.36,2026-06-05,1717,N20,nominal,2.0NRT,304.57,4.91,D
-26.22853,-54.55001,325.2,0.42,0.38,2026-06-05,1713,N20,nominal,2.0NRT,292.6,3.01,D
-11.57238,-54.58577,333.08,0.39,0.36,2026-06-05,1717,N20,nominal,2.0NRT,302.62,32.77,D
-26.55322,-57.26961,340.54,0.56,0.43,2026-06-05,1713,N20,nominal,2.0NRT,298.51,6.48,D
-10.44859,-47.94421,339.65,0.61,0.53,2026-06-05,1717,N20,nominal,2.0NRT,301.12,5.46,D
-26.2038,-54.45822,367,0.42,0.38,2026-06-05,1713,N20,high,2.0NRT,297.35,7.08,D
-11.64054,-55.17973,335.78,0.39,0.36,2026-06-05,1717,N20,nominal,2.0NRT,302.11,2.15,D
-26.20321,-54.45401,355.53,0.42,0.38,2026-06-05,1713,N20,nominal,2.0NRT,299.72,18.58,D
-11.63722,-55.18025,367,0.39,0.36,2026-06-05,1717,N20,high,2.0NRT,312.41,22.92,D
-26.20438,-54.46244,332,0.42,0.38,2026-06-05,1713,N20,nominal,2.0NRT,295.88,7.08,D
-11.63668,-55.17672,352.9,0.39,0.36,2026-06-05,1717,N20,nominal,2.0NRT,309.27,10.63,D
-26.1986,-54.44626,331.17,0.42,0.38,2026-06-05,1713,N20,nominal,2.0NRT,293.69,8.26,D
-11.63336,-55.17725,341.65,0.39,0.36,2026-06-05,1717,N20,nominal,2.0NRT,307.55,10.63,D
-26.19918,-54.45043,343.87,0.42,0.38,2026-06-05,1713,N20,nominal,2.0NRT,311.3,39.89,D
-13.12304,-66.33924,330.78,0.49,0.65,2026-06-05,1717,N20,nominal,2.0NRT,296.22,4.83,D
-26.19976,-54.45461,342.56,0.42,0.38,2026-06-05,1713,N20,nominal,2.0NRT,311.86,39.89,D
-13.11857,-66.3534,367,0.49,0.65,2026-06-05,1717,N20,high,2.0NRT,296.71,17.82,D
-26.20034,-54.45882,351.22,0.42,0.38,2026-06-05,1713,N20,nominal,2.0NRT,306.34,27.56,D
-13.11807,-66.34891,327.63,0.49,0.65,2026-06-05,1717,N20,nominal,2.0NRT,294.67,7.03,D
-26.19572,-54.45103,355.12,0.42,0.38,2026-06-05,1713,N20,nominal,2.0NRT,303.39,39.89,D
-10.10715,-46.3395,335.92,0.39,0.6,2026-06-05,1717,N20,nominal,2.0NRT,291.28,4.15,D
-26.1963,-54.4552,338.95,0.42,0.38,2026-06-05,1713,N20,nominal,2.0NRT,309.31,39.89,D
-13.16926,-66.97739,367,0.54,0.68,2026-06-05,1717,N20,high,2.0NRT,292.86,8.43,D
-26.19688,-54.45942,345.2,0.42,0.38,2026-06-05,1713,N20,nominal,2.0NRT,296.24,27.56,D
-13.1698,-66.98234,343.68,0.54,0.68,2026-06-05,1717,N20,nominal,2.0NRT,292.42,8.43,D
-26.19227,-54.45162,350.08,0.42,0.38,2026-06-05,1713,N20,nominal,2.0NRT,297.38,7.35,D
-12.93849,-65.13004,345.21,0.4,0.6,2026-06-05,1717,N20,nominal,2.0NRT,290.04,3.06,D
-26.19284,-54.4558,329.42,0.42,0.38,2026-06-05,1713,N20,nominal,2.0NRT,294.26,7.35,D
-12.93886,-65.13192,339.18,0.4,0.6,2026-06-05,1717,N20,nominal,2.0NRT,290.05,7.06,D
-26.5514,-57.27165,340.91,0.56,0.43,2026-06-05,1713,N20,nominal,2.0NRT,298.99,7.41,D
-10.67638,-49.91447,353.87,0.44,0.46,2026-06-05,1717,N20,nominal,2.0NRT,301.63,4.79,D
-25.98971,-53.31441,328.79,0.39,0.36,2026-06-05,1713,N20,nominal,2.0NRT,294.4,4.22,D
-10.67212,-49.91522,341.5,0.44,0.46,2026-06-05,1717,N20,nominal,2.0NRT,300.85,4.79,D
-25.98578,-53.31105,329.68,0.39,0.36,2026-06-05,1713,N20,nominal,2.0NRT,292.44,4.22,D
-10.67282,-49.91927,333.6,0.44,0.46,2026-06-05,1717,N20,nominal,2.0NRT,300.38,4.79,D
-25.98636,-53.31501,329.31,0.39,0.36,2026-06-05,1713,N20,nominal,2.0NRT,293.23,4.22,D
-11.34209,-53.96447,335.6,0.41,0.37,2026-06-05,1717,N20,nominal,2.0NRT,299.96,3.8,D
-26.42743,-56.7332,326.24,0.53,0.42,2026-06-05,1713,N20,nominal,2.0NRT,297.44,3.02,D
-11.34268,-53.96819,332.45,0.41,0.37,2026-06-05,1717,N20,nominal,2.0NRT,301.03,3.8,D
-26.86489,-61.0345,341.52,0.63,0.54,2026-06-05,1713,N20,nominal,2.0NRT,298.8,61.93,D
-11.33869,-53.96503,356.01,0.41,0.37,2026-06-05,1717,N20,nominal,2.0NRT,307.94,69.08,D
-26.86546,-61.04092,348.12,0.64,0.54,2026-06-05,1713,N20,nominal,2.0NRT,304.28,69.57,D
-10.04538,-46.46645,344.47,0.39,0.59,2026-06-05,1717,N20,nominal,2.0NRT,299.78,5.01,D
-26.86041,-61.04148,350.24,0.64,0.54,2026-06-05,1713,N20,nominal,2.0NRT,302.42,69.57,D
-10.046,-46.46982,338.05,0.39,0.59,2026-06-05,1717,N20,nominal,2.0NRT,295.65,5.01,D
-26.86109,-61.04149,339.46,0.63,0.54,2026-06-05,1713,N20,nominal,2.0NRT,305.09,117.53,D
-10.04664,-46.47323,334.31,0.39,0.59,2026-06-05,1717,N20,nominal,2.0NRT,297.29,6.02,D
-26.00921,-53.91732,326.35,0.4,0.37,2026-06-05,1713,N20,nominal,2.0NRT,290.82,2.26,D
-10.04374,-46.48783,352.54,0.39,0.59,2026-06-05,1717,N20,nominal,2.0NRT,292.12,5.04,D
-26.31208,-56.17026,331.44,0.49,0.4,2026-06-05,1713,N20,nominal,2.0NRT,296.79,2.89,D
-10.04438,-46.49129,339.49,0.39,0.59,2026-06-05,1717,N20,nominal,2.0NRT,292.3,5.04,D
-25.58604,-51.1587,330.69,0.39,0.36,2026-06-05,1713,N20,nominal,2.0NRT,288.47,13.09,D
-10.02707,-46.45847,367,0.39,0.59,2026-06-05,1717,N20,high,2.0NRT,296.23,11.39,D
-26.34557,-56.88252,331.95,0.53,0.42,2026-06-05,1713,N20,nominal,2.0NRT,298.37,7.07,D
-10.02163,-46.45939,367,0.39,0.59,2026-06-05,1717,N20,high,2.0NRT,293.83,11.39,D
-26.39535,-57.44631,329.67,0.57,0.43,2026-06-05,1713,N20,nominal,2.0NRT,297.25,6.12,D
-10.02228,-46.46285,367,0.39,0.59,2026-06-05,1717,N20,high,2.0NRT,296.27,14.38,D
-26.39068,-57.4411,330.37,0.57,0.43,2026-06-05,1713,N20,nominal,2.0NRT,297.06,6.12,D
-11.27342,-53.97178,342.4,0.41,0.37,2026-06-05,1717,N20,nominal,2.0NRT,305.9,7.85,D
-25.3833,-50.45117,341.49,0.41,0.37,2026-06-05,1713,N20,nominal,2.0NRT,294.37,11,D
-11.45261,-55.10594,332.33,0.39,0.36,2026-06-05,1717,N20,low,2.0NRT,303.94,2.93,D
-25.38324,-50.45089,331.36,0.41,0.37,2026-06-05,1713,N20,nominal,2.0NRT,295.56,10.71,D
-11.45316,-55.10947,333.43,0.39,0.36,2026-06-05,1717,N20,low,2.0NRT,308.26,5.87,D
-26.2194,-56.2577,336.1,0.49,0.41,2026-06-05,1713,N20,nominal,2.0NRT,297.29,3.69,D
-11.27292,-53.97181,349.29,0.41,0.37,2026-06-05,1717,N20,nominal,2.0NRT,306.23,8.99,D
-26.54816,-59.26421,339.31,0.49,0.48,2026-06-05,1713,N20,nominal,2.0NRT,296.21,6.07,D
-12.89037,-66.36894,333.04,0.48,0.65,2026-06-05,1717,N20,nominal,2.0NRT,296.77,3.13,D
-26.20882,-56.41759,331.05,0.5,0.41,2026-06-05,1713,N20,nominal,2.0NRT,297.44,7.2,D
-9.3373,-43.58799,347.81,0.62,0.71,2026-06-05,1717,N20,nominal,2.0NRT,290.93,9.32,D
-26.31149,-57.36683,326.19,0.57,0.43,2026-06-05,1713,N20,nominal,2.0NRT,298.08,2.1,D
-11.82062,-58.15069,328.7,0.43,0.38,2026-06-05,1717,N20,low,2.0NRT,303.36,3.97,D
-26.19162,-56.56042,338.6,0.51,0.41,2026-06-05,1713,N20,nominal,2.0NRT,295.53,5.42,D
-11.51576,-56.11829,334.81,0.39,0.36,2026-06-05,1717,N20,low,2.0NRT,306.21,20.97,D
-26.19225,-56.56556,329.44,0.51,0.41,2026-06-05,1713,N20,nominal,2.0NRT,296.15,5.42,D
-11.51735,-56.12883,349.87,0.39,0.36,2026-06-05,1717,N20,nominal,2.0NRT,314.93,17.92,D
-26.02972,-55.44503,328.94,0.45,0.39,2026-06-05,1713,N20,nominal,2.0NRT,294.7,3.09,D
-11.51404,-56.12935,348.56,0.39,0.36,2026-06-05,1717,N20,nominal,2.0NRT,308.72,17.92,D
-26.34599,-58.15163,346.87,0.42,0.45,2026-06-05,1713,N20,nominal,2.0NRT,297.82,7.88,D
-11.54427,-56.33051,332.8,0.39,0.36,2026-06-05,1717,N20,low,2.0NRT,307.43,3.8,D
-26.34135,-58.14798,330.33,0.42,0.45,2026-06-05,1713,N20,nominal,2.0NRT,298.45,3.02,D
-9.33952,-43.59116,333.15,0.62,0.71,2026-06-05,1717,N20,nominal,2.0NRT,291.36,12.25,D
-25.80854,-53.90223,327.22,0.4,0.37,2026-06-05,1713,N20,nominal,2.0NRT,293.11,1.4,D
-10.38764,-49.44687,343.21,0.48,0.48,2026-06-05,1717,N20,nominal,2.0NRT,307.16,7.56,D
-26.15713,-56.62861,336.39,0.52,0.41,2026-06-05,1713,N20,nominal,2.0NRT,296.86,3.95,D
-12.69277,-65.3227,355.45,0.41,0.61,2026-06-05,1717,N20,nominal,2.0NRT,287.74,10.62,D
-26.34015,-58.14765,328.27,0.42,0.45,2026-06-05,1713,N20,nominal,2.0NRT,298.15,9.9,D
-12.69321,-65.32645,333.57,0.41,0.61,2026-06-05,1717,N20,nominal,2.0NRT,287.26,10.62,D
-26.15481,-56.63167,344.36,0.52,0.41,2026-06-05,1713,N20,nominal,2.0NRT,300.34,15.06,D
-12.68764,-65.3271,367,0.41,0.61,2026-06-05,1717,N20,high,2.0NRT,293.98,10.62,D
-26.13063,-56.62473,339.89,0.51,0.41,2026-06-05,1713,N20,nominal,2.0NRT,298.23,7.53,D
-12.68719,-65.32335,333.68,0.41,0.61,2026-06-05,1717,N20,nominal,2.0NRT,289.28,10.62,D
-26.12682,-56.62528,343.8,0.51,0.41,2026-06-05,1713,N20,nominal,2.0NRT,298.33,7.53,D
-26.28069,-58.07101,325.6,0.41,0.45,2026-06-05,1713,N20,low,2.0NRT,296.6,4.17,D
-12.68808,-65.33082,342.13,0.41,0.61,2026-06-05,1717,N20,nominal,2.0NRT,290.76,19.02,D
-26.277,-58.07573,343.81,0.41,0.45,2026-06-05,1713,N20,nominal,2.0NRT,297.59,6.78,D
-12.66873,-65.31048,337.52,0.41,0.6,2026-06-05,1717,N20,nominal,2.0NRT,291.98,2.72,D
-25.74056,-54.11633,329.43,0.41,0.37,2026-06-05,1713,N20,nominal,2.0NRT,289.61,4.09,D
-12.66917,-65.3142,332.22,0.41,0.6,2026-06-05,1717,N20,nominal,2.0NRT,290.98,2.72,D
-26.13772,-57.3884,337.18,0.56,0.43,2026-06-05,1713,N20,nominal,2.0NRT,299.2,14.39,D
-12.66317,-65.31115,327.18,0.41,0.6,2026-06-05,1717,N20,nominal,2.0NRT,289.21,2.72,D
-26.14002,-57.38982,331.81,0.56,0.43,2026-06-05,1713,N20,nominal,2.0NRT,297.91,8.25,D
-11.21703,-54.83539,338.85,0.39,0.36,2026-06-05,1717,N20,nominal,2.0NRT,303.4,6.49,D
-26.13603,-57.39039,333.97,0.56,0.43,2026-06-05,1713,N20,nominal,2.0NRT,297.51,8.25,D
-10.49191,-50.47649,334.04,0.41,0.45,2026-06-05,1717,N20,nominal,2.0NRT,298.71,4.11,D
-25.28009,-51.41402,330.18,0.39,0.36,2026-06-05,1713,N20,nominal,2.0NRT,296.78,7.14,D
-10.34371,-49.92475,367,0.45,0.47,2026-06-05,1717,N20,high,2.0NRT,304.16,17.69,D
-26.44169,-60.61189,328.31,0.59,0.53,2026-06-05,1713,N20,nominal,2.0NRT,297.12,4.6,D
-11.63912,-58.2452,333.85,0.43,0.38,2026-06-05,1717,N20,low,2.0NRT,306.42,6.29,D
-25.75467,-55.45241,326.12,0.45,0.39,2026-06-05,1713,N20,low,2.0NRT,296.29,1.73,D
-11.01506,-54.30929,341.25,0.4,0.37,2026-06-05,1717,N20,nominal,2.0NRT,303.71,5.75,D
-25.75167,-55.45747,330.93,0.45,0.39,2026-06-05,1713,N20,nominal,2.0NRT,300.02,9.03,D
-11.01564,-54.31295,331.55,0.4,0.37,2026-06-05,1717,N20,low,2.0NRT,303.25,6.2,D
-25.12083,-51.16396,331.7,0.39,0.36,2026-06-05,1713,N20,nominal,2.0NRT,295.31,3.79,D
-11.01169,-54.30984,342.01,0.4,0.37,2026-06-05,1717,N20,nominal,2.0NRT,303.48,9.18,D
-25.09736,-51.37307,326.23,0.39,0.36,2026-06-05,1713,N20,nominal,2.0NRT,291.61,2.18,D
-11.01227,-54.31349,346.3,0.4,0.37,2026-06-05,1717,N20,nominal,2.0NRT,302.67,5.91,D
-25.77365,-56.20049,327.24,0.49,0.4,2026-06-05,1713,N20,nominal,2.0NRT,294.1,2.79,D
-12.59606,-66.1553,333.98,0.46,0.64,2026-06-05,1717,N20,nominal,2.0NRT,298.13,5.12,D
-24.93561,-50.73756,326.92,0.4,0.37,2026-06-05,1713,N20,low,2.0NRT,298.52,3.83,D
-9.95348,-48.31552,336.71,0.58,0.52,2026-06-05,1717,N20,nominal,2.0NRT,297.18,8.04,D
-24.93626,-50.7415,326.43,0.4,0.37,2026-06-05,1713,N20,nominal,2.0NRT,292.38,4.37,D
-9.95444,-48.3209,341.07,0.58,0.52,2026-06-05,1717,N20,nominal,2.0NRT,297.37,8.04,D
-26.17666,-61.90088,327.38,0.35,0.57,2026-06-05,1713,N20,nominal,2.0NRT,295.9,2.94,D
-10.86709,-53.73267,344.86,0.42,0.38,2026-06-05,1717,N20,nominal,2.0NRT,303,9.62,D
-26.17764,-61.90279,339.97,0.35,0.57,2026-06-05,1713,N20,nominal,2.0NRT,296.16,2.67,D
-10.8677,-53.7365,350.24,0.42,0.38,2026-06-05,1717,N20,nominal,2.0NRT,308.45,9.62,D
-25.01663,-53.16719,334.21,0.39,0.36,2026-06-05,1713,N20,nominal,2.0NRT,297.27,3.52,D
-10.86365,-53.73324,345.37,0.42,0.38,2026-06-05,1717,N20,nominal,2.0NRT,304.04,9.62,D
-25.0133,-53.16779,346.56,0.39,0.36,2026-06-05,1713,N20,nominal,2.0NRT,297.47,6.15,D
-10.86426,-53.73706,345.62,0.42,0.38,2026-06-05,1717,N20,nominal,2.0NRT,307.29,9.62,D
-25.39815,-55.94141,330.01,0.47,0.4,2026-06-05,1713,N20,nominal,2.0NRT,296.95,4.03,D
-10.92397,-54.1129,344.48,0.41,0.37,2026-06-05,1717,N20,nominal,2.0NRT,304.9,6.74,D
-25.39875,-55.94611,354.89,0.47,0.4,2026-06-05,1713,N20,nominal,2.0NRT,303.29,21.34,D
-10.00775,-48.67626,340.76,0.55,0.51,2026-06-05,1717,N20,nominal,2.0NRT,301.8,5.84,D
-25.47455,-56.57137,325.55,0.5,0.41,2026-06-05,1713,N20,nominal,2.0NRT,296.65,2.13,D
-10.86021,-53.73381,346.75,0.42,0.38,2026-06-05,1717,N20,nominal,2.0NRT,305.77,9.02,D
-24.63887,-50.98265,334.97,0.4,0.37,2026-06-05,1713,N20,nominal,2.0NRT,301.69,22.51,D
-10.86082,-53.73763,351.47,0.42,0.38,2026-06-05,1717,N20,nominal,2.0NRT,307.28,9.02,D
-24.63951,-50.98658,326.09,0.4,0.37,2026-06-05,1713,N20,nominal,2.0NRT,294.87,8.73,D
-10.86204,-53.74529,339.26,0.42,0.38,2026-06-05,1717,N20,nominal,2.0NRT,307.57,6.38,D
-24.66998,-51.1947,343.53,0.4,0.37,2026-06-05,1713,N20,nominal,2.0NRT,299.85,7.18,D
-10.85677,-53.73437,346.11,0.42,0.38,2026-06-05,1717,N20,nominal,2.0NRT,301.56,9.02,D
-25.36617,-56.47336,332.85,0.5,0.41,2026-06-05,1713,N20,nominal,2.0NRT,297.34,5.1,D
-10.85799,-53.74202,347.71,0.42,0.38,2026-06-05,1717,N20,nominal,2.0NRT,306.35,6.38,D
-10.85455,-53.74259,344.72,0.42,0.38,2026-06-05,1717,N20,nominal,2.0NRT,303.82,8.75,D
-25.3869,-56.82474,336.81,0.52,0.41,2026-06-05,1713,N20,nominal,2.0NRT,297.92,12.55,D
-10.85516,-53.74642,347.45,0.42,0.38,2026-06-05,1717,N20,nominal,2.0NRT,307.68,8.75,D
-25.07307,-54.50834,346.17,0.41,0.37,2026-06-05,1713,N20,nominal,2.0NRT,291.29,17.14,D
-10.85577,-53.75024,340.71,0.42,0.38,2026-06-05,1717,N20,nominal,2.0NRT,305.79,4.89,D
-25.50296,-58.15903,327.42,0.41,0.45,2026-06-05,1713,N20,nominal,2.0NRT,297.27,2.35,D
-10.85295,-53.75463,337.4,0.42,0.38,2026-06-05,1717,N20,nominal,2.0NRT,307.26,4.89,D
-25.13426,-55.60124,342.77,0.45,0.39,2026-06-05,1713,N20,nominal,2.0NRT,298.72,11.14,D
-10.91155,-54.12251,336.49,0.41,0.37,2026-06-05,1717,N20,nominal,2.0NRT,306.27,6.99,D
-25.15479,-55.89925,336.84,0.46,0.39,2026-06-05,1713,N20,nominal,2.0NRT,299.94,5.42,D
-12.6048,-66.59759,367,0.5,0.66,2026-06-05,1717,N20,high,2.0NRT,296.91,19.71,D
-25.22317,-56.52764,329.85,0.5,0.41,2026-06-05,1713,N20,nominal,2.0NRT,296.82,3.68,D
-9.692,-47.04296,349.7,0.36,0.57,2026-06-05,1717,N20,nominal,2.0NRT,297.47,4.76,D
-25.30227,-57.17575,329.83,0.54,0.42,2026-06-05,1713,N20,nominal,2.0NRT,296.69,3.37,D
-10.8495,-53.75518,347.2,0.42,0.38,2026-06-05,1717,N20,nominal,2.0NRT,308.61,8.44,D
-25.22064,-56.53808,330.44,0.5,0.41,2026-06-05,1713,N20,nominal,2.0NRT,298.09,2.98,D
-12.60065,-66.56097,326.62,0.5,0.65,2026-06-05,1717,N20,nominal,2.0NRT,296.59,2.24,D
-22.08817,-39.82268,345.95,0.59,0.7,2026-06-05,1713,N20,nominal,2.0NRT,289.86,8.77,D
-12.61944,-66.72723,351.01,0.51,0.66,2026-06-05,1717,N20,nominal,2.0NRT,296.55,7.84,D
-25.12684,-56.08907,330.05,0.47,0.4,2026-06-05,1713,N20,nominal,2.0NRT,297.18,1.87,D
-12.61997,-66.73195,338.89,0.51,0.66,2026-06-05,1717,N20,nominal,2.0NRT,297.18,7.84,D
-25.12733,-56.08694,330.93,0.47,0.4,2026-06-05,1713,N20,nominal,2.0NRT,297.31,2.96,D
-22.08924,-39.82606,352.22,0.6,0.7,2026-06-05,1713,N20,nominal,2.0NRT,291.79,8.76,D
-10.84484,-53.74809,334.84,0.42,0.38,2026-06-05,1717,N20,nominal,2.0NRT,303.4,3.33,D
-25.04095,-55.68321,337.24,0.45,0.39,2026-06-05,1713,N20,nominal,2.0NRT,295.96,3.3,D
-10.84545,-53.75191,348.16,0.42,0.38,2026-06-05,1717,N20,nominal,2.0NRT,306.62,8.44,D
-25.03736,-55.68379,335.29,0.45,0.39,2026-06-05,1713,N20,nominal,2.0NRT,296,3.3,D
-12.61229,-66.71856,336.5,0.51,0.66,2026-06-05,1717,N20,nominal,2.0NRT,295.79,4.58,D
-22.92595,-43.75404,325.61,0.33,0.55,2026-06-05,1713,N20,nominal,2.0NRT,289.88,1.95,D
-12.61282,-66.72325,328.51,0.51,0.66,2026-06-05,1717,N20,nominal,2.0NRT,296.57,4.58,D
-25.13604,-57.07853,325.33,0.53,0.42,2026-06-05,1713,N20,low,2.0NRT,297.52,3.59,D
-12.60621,-66.71933,367,0.51,0.66,2026-06-05,1717,N20,high,2.0NRT,296.46,52.56,D
-25.1388,-57.08074,325.02,0.53,0.42,2026-06-05,1713,N20,low,2.0NRT,297.87,3.54,D
-10.8414,-53.74866,334.77,0.42,0.38,2026-06-05,1717,N20,nominal,2.0NRT,304.13,3.94,D
-24.97797,-56.14222,328.06,0.47,0.4,2026-06-05,1713,N20,nominal,2.0NRT,296.94,1.86,D
-12.60674,-66.72402,338.94,0.51,0.66,2026-06-05,1717,N20,nominal,2.0NRT,305.9,52.56,D
-24.94427,-55.91014,332.28,0.46,0.39,2026-06-05,1713,N20,nominal,2.0NRT,296.71,3.2,D
-12.60726,-66.72872,347.34,0.51,0.66,2026-06-05,1717,N20,nominal,2.0NRT,303.95,75.23,D
-24.81678,-55.13698,339.57,0.43,0.38,2026-06-05,1713,N20,nominal,2.0NRT,296.04,11.84,D
-12.60778,-66.73335,347.89,0.51,0.66,2026-06-05,1717,N20,nominal,2.0NRT,302.6,75.23,D
-24.86272,-55.51025,340.61,0.44,0.39,2026-06-05,1713,N20,nominal,2.0NRT,299.46,11.89,D
-12.6083,-66.73799,329.06,0.51,0.66,2026-06-05,1717,N20,nominal,2.0NRT,296.54,15.43,D
-24.8633,-55.51465,342.1,0.44,0.39,2026-06-05,1713,N20,nominal,2.0NRT,301.96,22.87,D
-12.60065,-66.72473,367,0.51,0.66,2026-06-05,1717,N20,high,2.0NRT,298.78,52.56,D
-24.85916,-55.51083,342.08,0.44,0.39,2026-06-05,1713,N20,nominal,2.0NRT,299.17,7.63,D
-11.88108,-61.04358,331.96,0.41,0.45,2026-06-05,1717,N20,low,2.0NRT,302.7,5.17,D
-24.85974,-55.51522,346.22,0.44,0.39,2026-06-05,1713,N20,nominal,2.0NRT,299.67,8.17,D
-11.41877,-57.80524,340.05,0.42,0.37,2026-06-05,1717,N20,nominal,2.0NRT,299.01,5.9,D
-25.03941,-56.97321,330.87,0.52,0.42,2026-06-05,1713,N20,nominal,2.0NRT,298.09,2.28,D
-11.41533,-57.80576,328.65,0.42,0.37,2026-06-05,1717,N20,nominal,2.0NRT,298.12,2.17,D
-24.90882,-56.1796,332.86,0.48,0.4,2026-06-05,1713,N20,nominal,2.0NRT,297.67,3.79,D
-12.59945,-66.72411,367,0.51,0.66,2026-06-05,1717,N20,high,2.0NRT,297.1,8.87,D
-24.22934,-51.5779,330.17,0.39,0.36,2026-06-05,1713,N20,nominal,2.0NRT,297.13,1.99,D
-12.46456,-65.94204,334.08,0.45,0.63,2026-06-05,1717,N20,nominal,2.0NRT,291.88,3.23,D
-23.38845,-46.86321,328.71,0.42,0.45,2026-06-05,1713,N20,nominal,2.0NRT,294.26,3.13,D
-12.61565,-67.52716,343.77,0.58,0.69,2026-06-05,1717,N20,nominal,2.0NRT,290.82,5.83,D
-24.91234,-56.5624,334.44,0.5,0.41,2026-06-05,1713,N20,nominal,2.0NRT,298.24,7.82,D
-10.77411,-54.09582,335.43,0.41,0.37,2026-06-05,1717,N20,nominal,2.0NRT,303.67,2.76,D
-23.4099,-47.10748,331.41,0.4,0.44,2026-06-05,1713,N20,nominal,2.0NRT,294.18,5.09,D
-10.7713,-54.10011,329.36,0.41,0.37,2026-06-05,1717,N20,low,2.0NRT,302.82,2.76,D
-24.87496,-56.32575,332.14,0.48,0.4,2026-06-05,1713,N20,nominal,2.0NRT,299.12,5.36,D
-9.6656,-47.85773,334.32,0.63,0.54,2026-06-05,1717,N20,nominal,2.0NRT,296.45,3.99,D
-24.90362,-56.55363,326.32,0.49,0.41,2026-06-05,1713,N20,nominal,2.0NRT,298.34,2.4,D
-10.60145,-53.4753,339.63,0.43,0.38,2026-06-05,1717,N20,nominal,2.0NRT,306.81,6.58,D
-24.76642,-55.70993,326.69,0.45,0.39,2026-06-05,1713,N20,low,2.0NRT,297.37,1.91,D
-9.06512,-44.78464,344.33,0.52,0.67,2026-06-05,1717,N20,nominal,2.0NRT,297.33,10.95,D
-24.78742,-55.87284,334.84,0.46,0.39,2026-06-05,1713,N20,nominal,2.0NRT,298.59,3.68,D
-10.89863,-55.62897,330.54,0.38,0.36,2026-06-05,1717,N20,nominal,2.0NRT,296.44,0.11,D
-24.75994,-55.68811,330.24,0.45,0.39,2026-06-05,1713,N20,nominal,2.0NRT,296.26,1.77,D
-10.54142,-53.55664,341.67,0.43,0.38,2026-06-05,1717,N20,nominal,2.0NRT,304.58,5.15,D
-24.83864,-56.30656,328.84,0.48,0.4,2026-06-05,1713,N20,nominal,2.0NRT,298.62,2.16,D
-11.05623,-56.91791,332.57,0.39,0.36,2026-06-05,1717,N20,nominal,2.0NRT,300.98,3.87,D
-24.75614,-55.74376,330.12,0.45,0.39,2026-06-05,1713,N20,nominal,2.0NRT,297.36,2.33,D
-11.05677,-56.92149,349.78,0.39,0.36,2026-06-05,1717,N20,nominal,2.0NRT,310.39,7.07,D
-24.84912,-56.48255,325.2,0.49,0.4,2026-06-05,1713,N20,nominal,2.0NRT,297.21,1.33,D
-11.05731,-56.92507,343.27,0.39,0.36,2026-06-05,1717,N20,nominal,2.0NRT,305.96,7.07,D
-24.75427,-55.74215,332.62,0.45,0.39,2026-06-05,1713,N20,nominal,2.0NRT,298.19,3.17,D
-11.05289,-56.91843,334.83,0.39,0.36,2026-06-05,1717,N20,nominal,2.0NRT,300.01,2.76,D
-24.84738,-56.48007,332.17,0.49,0.4,2026-06-05,1713,N20,nominal,2.0NRT,297.79,2.61,D
-11.05342,-56.92201,340.1,0.39,0.36,2026-06-05,1717,N20,nominal,2.0NRT,306.44,10.18,D
-24.80335,-56.19839,342.98,0.47,0.4,2026-06-05,1713,N20,nominal,2.0NRT,301.4,15.19,D
-11.05396,-56.92559,342.06,0.39,0.36,2026-06-05,1717,N20,nominal,2.0NRT,307.74,10.18,D
-24.86382,-56.69827,330.17,0.5,0.41,2026-06-05,1713,N20,nominal,2.0NRT,296.7,2.52,D
-24.72383,-55.65119,332.92,0.45,0.39,2026-06-05,1713,N20,nominal,2.0NRT,297.42,3.47,D
-10.36379,-52.51883,339,0.48,0.4,2026-06-05,1717,N20,nominal,2.0NRT,307.48,6.5,D
-9.56135,-48.27505,341.57,0.6,0.53,2026-06-05,1717,N20,nominal,2.0NRT,299.3,9.59,D
-24.72026,-55.6518,338.27,0.45,0.39,2026-06-05,1713,N20,nominal,2.0NRT,299.61,11.71,D
-24.68971,-55.725,342.87,0.45,0.39,2026-06-05,1713,N20,nominal,2.0NRT,299.86,5.88,D
-12.23234,-66.54436,331.6,0.49,0.65,2026-06-05,1717,N20,nominal,2.0NRT,299.08,4.24,D
-24.79366,-56.6279,329.66,0.5,0.41,2026-06-05,1713,N20,nominal,2.0NRT,298.01,2.63,D
-12.23284,-66.54884,333.22,0.49,0.65,2026-06-05,1717,N20,nominal,2.0NRT,297.9,4.24,D
-9.5637,-48.27745,333.65,0.6,0.53,2026-06-05,1717,N20,nominal,2.0NRT,298.1,11.8,D
-23.82976,-50.20123,325.74,0.43,0.38,2026-06-05,1713,N20,nominal,2.0NRT,297.37,2.36,D
-9.55325,-48.41704,345.85,0.58,0.52,2026-06-05,1717,N20,nominal,2.0NRT,300.64,17.79,D
-24.76861,-56.70506,325.85,0.5,0.41,2026-06-05,1713,N20,nominal,2.0NRT,297.55,2.42,D
-12.11382,-65.57925,330.61,0.42,0.61,2026-06-05,1717,N20,nominal,2.0NRT,294.82,3.13,D
-24.76484,-56.70563,327.84,0.5,0.41,2026-06-05,1713,N20,nominal,2.0NRT,298.54,2.98,D
-12.22968,-66.54293,336.01,0.49,0.65,2026-06-05,1717,N20,nominal,2.0NRT,299.42,4.46,D
-24.63231,-55.77375,329.05,0.45,0.39,2026-06-05,1713,N20,nominal,2.0NRT,296.92,2.32,D
-12.2302,-66.54741,339.69,0.49,0.65,2026-06-05,1717,N20,nominal,2.0NRT,299.58,4.46,D
-23.19673,-47.1792,326.63,0.4,0.44,2026-06-05,1713,N20,nominal,2.0NRT,296.78,8.17,D
-12.21822,-66.54884,337.03,0.49,0.65,2026-06-05,1717,N20,nominal,2.0NRT,300.61,6.16,D
-23.19747,-47.18304,344.34,0.4,0.44,2026-06-05,1713,N20,nominal,2.0NRT,297.85,7.55,D
-12.21875,-66.5533,329.73,0.49,0.65,2026-06-05,1717,N20,nominal,2.0NRT,300.13,3.98,D
-24.5414,-55.44573,331,0.44,0.38,2026-06-05,1713,N20,nominal,2.0NRT,296.57,4.4,D
-23.1934,-47.1839,367,0.4,0.44,2026-06-05,1713,N20,high,2.0NRT,301.73,7.55,D
-12.21927,-66.55779,332.58,0.49,0.65,2026-06-05,1717,N20,nominal,2.0NRT,298.79,3.98,D
-23.19265,-47.18003,355.31,0.4,0.44,2026-06-05,1713,N20,nominal,2.0NRT,302.17,8.17,D
-12.2117,-66.54506,327.51,0.49,0.65,2026-06-05,1717,N20,low,2.0NRT,298.38,3.95,D
-23.19415,-47.18778,340.07,0.4,0.44,2026-06-05,1713,N20,nominal,2.0NRT,300.76,7.55,D
-12.20571,-66.54578,330.22,0.49,0.65,2026-06-05,1717,N20,nominal,2.0NRT,298.06,3.95,D
-24.475,-55.13686,342.98,0.43,0.38,2026-06-05,1713,N20,nominal,2.0NRT,297.63,4.32,D
-12.20024,-66.55096,330.57,0.49,0.65,2026-06-05,1717,N20,nominal,2.0NRT,298.95,4.93,D
-24.60789,-56.15511,327.7,0.47,0.4,2026-06-05,1713,N20,low,2.0NRT,298.38,4.62,D
-12.19477,-66.55616,327.97,0.49,0.65,2026-06-05,1717,N20,nominal,2.0NRT,297.9,3.9,D
-24.53825,-55.74122,330.4,0.45,0.39,2026-06-05,1713,N20,nominal,2.0NRT,296.72,3.97,D
-12.19528,-66.56059,329.29,0.49,0.65,2026-06-05,1717,N20,nominal,2.0NRT,297.65,3.9,D
-24.50198,-55.55276,329.86,0.44,0.39,2026-06-05,1713,N20,nominal,2.0NRT,296.78,2.01,D
-9.01139,-45.73688,348.01,0.45,0.63,2026-06-05,1717,N20,nominal,2.0NRT,298.59,7.59,D
-24.57674,-56.11478,327.01,0.47,0.4,2026-06-05,1713,N20,nominal,2.0NRT,299.2,2.66,D
-9.00563,-45.73803,367,0.45,0.63,2026-06-05,1717,N20,high,2.0NRT,300.11,14.32,D
-24.49843,-55.55332,327,0.44,0.39,2026-06-05,1713,N20,nominal,2.0NRT,295.63,1.54,D
-10.14038,-52.12091,354.51,0.5,0.41,2026-06-05,1717,N20,nominal,2.0NRT,303.17,11.23,D
-24.57369,-56.11995,338.95,0.47,0.4,2026-06-05,1713,N20,nominal,2.0NRT,296.84,6,D
-8.99985,-45.73913,367,0.45,0.63,2026-06-05,1717,N20,high,2.0NRT,299.98,14.32,D
-24.5743,-56.12457,329.12,0.47,0.4,2026-06-05,1713,N20,nominal,2.0NRT,298.11,3.48,D
-8.99908,-45.73502,344.77,0.45,0.63,2026-06-05,1717,N20,nominal,2.0NRT,295.73,16.15,D
-24.43175,-55.273,338.82,0.43,0.38,2026-06-05,1713,N20,nominal,2.0NRT,297.27,3.47,D
-8.99407,-45.74021,333.04,0.45,0.63,2026-06-05,1717,N20,nominal,2.0NRT,294.86,5.26,D
-24.56413,-56.42387,330.46,0.48,0.4,2026-06-05,1713,N20,nominal,2.0NRT,298.29,2.31,D
-8.99563,-45.74841,330.21,0.45,0.63,2026-06-05,1717,N20,nominal,2.0NRT,298.52,7.89,D
-24.46445,-55.84881,329.26,0.46,0.39,2026-06-05,1713,N20,nominal,2.0NRT,298.71,2.94,D
-10.81426,-56.5949,335.46,0.39,0.36,2026-06-05,1717,N20,low,2.0NRT,308.29,4.31,D
-24.53335,-56.41914,325.99,0.48,0.4,2026-06-05,1713,N20,nominal,2.0NRT,296.38,2,D
-10.81094,-56.59542,347.59,0.39,0.36,2026-06-05,1717,N20,nominal,2.0NRT,307.6,4.31,D
-24.54235,-56.49122,336.59,0.49,0.4,2026-06-05,1713,N20,nominal,2.0NRT,298.9,5.4,D
-10.14248,-52.40057,330.47,0.49,0.4,2026-06-05,1717,N20,low,2.0NRT,302.79,2.06,D
-24.34028,-55.05452,326.31,0.42,0.38,2026-06-05,1713,N20,nominal,2.0NRT,299.42,2.3,D
-8.99374,-45.73932,340.86,0.45,0.63,2026-06-05,1717,N20,nominal,2.0NRT,294.58,5.66,D
-22.58655,-44.9836,331,0.56,0.51,2026-06-05,1713,N20,nominal,2.0NRT,294.5,5.06,D
-10.47837,-54.5583,338.35,0.4,0.37,2026-06-05,1717,N20,nominal,2.0NRT,300.31,4.69,D
-24.36223,-55.45058,333.83,0.44,0.38,2026-06-05,1713,N20,nominal,2.0NRT,297.59,3.81,D
-10.47557,-54.56249,335.55,0.4,0.37,2026-06-05,1717,N20,nominal,2.0NRT,301.31,5.11,D
-24.33718,-55.31857,334.54,0.43,0.38,2026-06-05,1713,N20,nominal,2.0NRT,297.26,8.55,D
-10.71332,-56.23974,339.06,0.38,0.36,2026-06-05,1717,N20,nominal,2.0NRT,307.34,4.83,D
-24.47589,-56.69893,347.87,0.5,0.41,2026-06-05,1713,N20,nominal,2.0NRT,298.67,13.82,D
-10.71,-56.24026,334.31,0.38,0.36,2026-06-05,1717,N20,nominal,2.0NRT,303.81,4.83,D
-24.29018,-55.36982,330.45,0.43,0.38,2026-06-05,1713,N20,nominal,2.0NRT,296.68,6.05,D
-10.48143,-54.79813,339.87,0.39,0.36,2026-06-05,1717,N20,nominal,2.0NRT,296.81,7.24,D
-24.29075,-55.3741,328.93,0.43,0.38,2026-06-05,1713,N20,nominal,2.0NRT,299.33,6.05,D
-9.14713,-47.25539,340.14,0.35,0.57,2026-06-05,1717,N20,nominal,2.0NRT,293.58,3.76,D
-24.27689,-55.32386,327.96,0.43,0.38,2026-06-05,1713,N20,nominal,2.0NRT,294.91,2.21,D
-9.14724,-47.2558,340.12,0.36,0.57,2026-06-05,1717,N20,nominal,2.0NRT,293.64,3.58,D
-24.282,-55.36237,327.17,0.43,0.38,2026-06-05,1713,N20,nominal,2.0NRT,296.45,1.26,D
-9.32285,-48.30904,330.07,0.6,0.53,2026-06-05,1717,N20,nominal,2.0NRT,296.4,4.51,D
-24.26598,-55.26889,327.43,0.43,0.38,2026-06-05,1713,N20,nominal,2.0NRT,298.73,2.19,D
-9.11355,-47.15813,367,0.36,0.57,2026-06-05,1717,N20,high,2.0NRT,294.17,6.08,D
-11.83729,-65.61761,340.45,0.42,0.61,2026-06-05,1717,N20,nominal,2.0NRT,293.14,5.51,D
-24.44489,-56.79124,329.95,0.5,0.41,2026-06-05,1713,N20,nominal,2.0NRT,298.03,5.52,D
-8.92464,-46.83195,338.12,0.38,0.59,2026-06-05,1717,N20,nominal,2.0NRT,296.58,6.02,D
-24.65035,-58.58585,332.49,0.42,0.45,2026-06-05,1713,N20,nominal,2.0NRT,298.06,2.74,D
-9.00718,-47.37788,343.43,0.35,0.57,2026-06-05,1717,N20,nominal,2.0NRT,295.41,5.39,D
-22.89944,-47.33795,336.61,0.4,0.44,2026-06-05,1713,N20,nominal,2.0NRT,297.46,2.11,D
-24.35212,-56.57051,327.41,0.49,0.4,2026-06-05,1713,N20,nominal,2.0NRT,298.2,3.54,D
-9.21738,-48.55096,332.4,0.58,0.52,2026-06-05,1717,N20,nominal,2.0NRT,297.04,4.07,D
-24.17241,-55.2437,337.36,0.43,0.38,2026-06-05,1713,N20,nominal,2.0NRT,296.21,4.01,D
-9.01804,-47.4674,367,0.35,0.56,2026-06-05,1717,N20,high,2.0NRT,293.13,8.67,D
-24.32937,-56.50978,332.84,0.49,0.4,2026-06-05,1713,N20,nominal,2.0NRT,301.33,5.52,D
-8.99792,-47.386,367,0.35,0.57,2026-06-05,1717,N20,high,2.0NRT,293.51,11.95,D
-24.22119,-55.72089,331.11,0.45,0.39,2026-06-05,1713,N20,nominal,2.0NRT,298.38,10.52,D
-8.99849,-47.38916,352.45,0.35,0.57,2026-06-05,1717,N20,nominal,2.0NRT,297.88,11.95,D
-24.22176,-55.72529,325.87,0.45,0.39,2026-06-05,1713,N20,nominal,2.0NRT,299.31,8.84,D
-9.01286,-47.46827,346.27,0.35,0.56,2026-06-05,1717,N20,nominal,2.0NRT,293.02,3.34,D
-24.21055,-55.73921,340.79,0.45,0.39,2026-06-05,1713,N20,nominal,2.0NRT,297.41,4.35,D
-8.65294,-45.77392,334.21,0.46,0.63,2026-06-05,1717,N20,nominal,2.0NRT,294.93,8.04,D
-24.01943,-54.38679,331.12,0.4,0.37,2026-06-05,1713,N20,nominal,2.0NRT,298.86,3.57,D
-10.5737,-57.31798,352.65,0.4,0.37,2026-06-05,1717,N20,nominal,2.0NRT,310.03,23.17,D
-24.29525,-56.55212,334.65,0.49,0.4,2026-06-05,1713,N20,nominal,2.0NRT,299,4.68,D
-10.57424,-57.32162,346.43,0.4,0.37,2026-06-05,1717,N20,nominal,2.0NRT,306.72,8.1,D
-23.87171,-53.81606,345,0.39,0.36,2026-06-05,1713,N20,nominal,2.0NRT,298.72,3.84,D
-10.57033,-57.31848,334.02,0.4,0.37,2026-06-05,1717,N20,nominal,2.0NRT,302.05,3.74,D
-24.01035,-54.7948,331.07,0.41,0.37,2026-06-05,1713,N20,nominal,2.0NRT,296.54,1.86,D
-10.57087,-57.32212,339.04,0.4,0.37,2026-06-05,1717,N20,nominal,2.0NRT,303.75,5.45,D
-24.16232,-55.95597,343.38,0.46,0.39,2026-06-05,1713,N20,nominal,2.0NRT,298.86,6.34,D
-8.65342,-45.77421,333.23,0.46,0.63,2026-06-05,1717,N20,nominal,2.0NRT,294.65,8.13,D
-23.71614,-52.8386,336.75,0.38,0.36,2026-06-05,1713,N20,nominal,2.0NRT,294.36,2.37,D
-9.22469,-49.39328,342.25,0.51,0.49,2026-06-05,1717,N20,nominal,2.0NRT,300.43,7.82,D
-23.71282,-52.8392,330.5,0.38,0.36,2026-06-05,1713,N20,nominal,2.0NRT,299.45,2.37,D
-9.22551,-49.39793,353.58,0.51,0.49,2026-06-05,1717,N20,nominal,2.0NRT,300.38,7.82,D
-23.06799,-48.99602,337.77,0.49,0.4,2026-06-05,1713,N20,nominal,2.0NRT,299.04,4.59,D
-9.22016,-49.39407,351.86,0.51,0.49,2026-06-05,1717,N20,nominal,2.0NRT,302.11,10.26,D
-23.7095,-52.83979,333.19,0.38,0.36,2026-06-05,1713,N20,nominal,2.0NRT,301.21,2.62,D
-9.22099,-49.39874,333.83,0.51,0.49,2026-06-05,1717,N20,nominal,2.0NRT,299.6,10.26,D
-24.0603,-55.50779,325.95,0.44,0.38,2026-06-05,1713,N20,nominal,2.0NRT,295.56,4.01,D
-9.22182,-49.40339,340.22,0.51,0.49,2026-06-05,1717,N20,nominal,2.0NRT,298.76,5.51,D
-24.05144,-55.5223,341.9,0.44,0.38,2026-06-05,1713,N20,nominal,2.0NRT,299.14,5.14,D
-10.5135,-57.59627,332.97,0.41,0.37,2026-06-05,1717,N20,nominal,2.0NRT,298.85,4.46,D
-24.1109,-55.99419,331.63,0.46,0.39,2026-06-05,1713,N20,nominal,2.0NRT,298.68,3.86,D
-10.50956,-57.59308,339.33,0.41,0.37,2026-06-05,1717,N20,nominal,2.0NRT,297.25,6.71,D
-24.15911,-56.36232,337.5,0.48,0.4,2026-06-05,1713,N20,nominal,2.0NRT,298.63,2.84,D
-10.50425,-57.96009,328.22,0.42,0.37,2026-06-05,1717,N20,nominal,2.0NRT,295.82,2.98,D
-23.90773,-54.58408,333.19,0.41,0.37,2026-06-05,1713,N20,nominal,2.0NRT,298.34,1.97,D
-8.34393,-45.39256,367,0.49,0.65,2026-06-05,1717,N20,high,2.0NRT,295.11,13.42,D
-23.90432,-54.58464,338.74,0.41,0.37,2026-06-05,1713,N20,nominal,2.0NRT,302.11,12.58,D
-8.49326,-46.2708,339.21,0.42,0.61,2026-06-05,1717,N20,nominal,2.0NRT,294.28,5.66,D
-24.01178,-55.36223,327.69,0.43,0.38,2026-06-05,1713,N20,nominal,2.0NRT,296.41,6.6,D
-8.49399,-46.27481,334.43,0.42,0.61,2026-06-05,1717,N20,nominal,2.0NRT,294.56,5.42,D
-23.50436,-51.93415,341.27,0.39,0.36,2026-06-05,1713,N20,nominal,2.0NRT,303.13,3.67,D
-8.72899,-47.8368,342.06,0.33,0.55,2026-06-05,1717,N20,nominal,2.0NRT,295.82,5.77,D
-24.01217,-55.4716,332.84,0.44,0.38,2026-06-05,1713,N20,nominal,2.0NRT,296.71,3.23,D
-8.58746,-47.41721,367,0.35,0.57,2026-06-05,1717,N20,high,2.0NRT,294.93,20.84,D
-24.05508,-55.79367,338.47,0.45,0.39,2026-06-05,1713,N20,nominal,2.0NRT,297.88,4.22,D
-8.58805,-47.42046,351.49,0.35,0.57,2026-06-05,1717,N20,nominal,2.0NRT,295.83,18.53,D
-24.05151,-55.79427,331.02,0.45,0.39,2026-06-05,1713,N20,nominal,2.0NRT,297.15,4.22,D
-9.04859,-50.44543,330.9,0.44,0.46,2026-06-05,1717,N20,nominal,2.0NRT,296.97,3.16,D
-24.08731,-56.06745,329.88,0.46,0.39,2026-06-05,1713,N20,nominal,2.0NRT,298.39,2.18,D
-8.48961,-47.38269,332.95,0.36,0.57,2026-06-05,1717,N20,nominal,2.0NRT,294.81,3.85,D
-24.04794,-55.79489,332.37,0.45,0.39,2026-06-05,1713,N20,nominal,2.0NRT,297.91,3.36,D
-11.08617,-65.42603,333.19,0.4,0.6,2026-06-05,1717,N20,nominal,2.0NRT,288.51,2.6,D
-24.04437,-55.79549,332.37,0.45,0.39,2026-06-05,1713,N20,nominal,2.0NRT,297.75,3.36,D
-24.04496,-55.79992,326.35,0.45,0.39,2026-06-05,1713,N20,low,2.0NRT,297.3,3.36,D
-8.3878,-47.65723,332.71,0.34,0.56,2026-06-05,1717,N20,nominal,2.0NRT,294.97,1.77,D
-24.09417,-56.20634,329.03,0.47,0.4,2026-06-05,1713,N20,nominal,2.0NRT,298.17,1.76,D
-9.69084,-56.09641,336.34,0.38,0.36,2026-06-05,1720,N20,low,2.0NRT,306.81,13.08,D
-22.61243,-47.04978,329.82,0.42,0.45,2026-06-05,1713,N20,nominal,2.0NRT,298.72,2.51,D
-7.98436,-46.23037,329.66,0.44,0.62,2026-06-05,1720,N20,nominal,2.0NRT,292.88,4.86,D
-24.06491,-56.0942,332.64,0.46,0.39,2026-06-05,1713,N20,nominal,2.0NRT,298.55,3.24,D
-7.98506,-46.23411,344.1,0.44,0.62,2026-06-05,1720,N20,nominal,2.0NRT,293.77,4.86,D
-24.01888,-55.76787,341.51,0.45,0.39,2026-06-05,1713,N20,nominal,2.0NRT,298.43,6.29,D
-8.23768,-47.63101,334.58,0.35,0.56,2026-06-05,1720,N20,nominal,2.0NRT,294.66,3.55,D
-24.01761,-55.7861,331.49,0.45,0.39,2026-06-05,1713,N20,nominal,2.0NRT,297.21,3.85,D
-7.98858,-46.23115,351,0.44,0.62,2026-06-05,1720,N20,nominal,2.0NRT,293.86,8.47,D
-24.00416,-55.78299,340.11,0.45,0.39,2026-06-05,1713,N20,nominal,2.0NRT,297.31,5.59,D
-24.00059,-55.78355,344.92,0.45,0.39,2026-06-05,1713,N20,nominal,2.0NRT,299.05,5.59,D
-8.23641,-47.63085,333.53,0.35,0.57,2026-06-05,1720,N20,nominal,2.0NRT,293.54,4.17,D
-22.33841,-45.86978,353.09,0.5,0.49,2026-06-05,1713,N20,nominal,2.0NRT,297.88,9.86,D
-10.88007,-65.48259,367,0.4,0.6,2026-06-05,1720,N20,high,2.0NRT,293.59,13.84,D
-24.02606,-56.22513,334.42,0.47,0.4,2026-06-05,1713,N20,nominal,2.0NRT,301.31,4.56,D
-10.88052,-65.48622,353.23,0.4,0.6,2026-06-05,1720,N20,nominal,2.0NRT,294.78,13.27,D
-24.52851,-60.63158,352.43,0.56,0.52,2026-06-05,1713,N20,nominal,2.0NRT,303.48,13.86,D
-10.87458,-65.48331,348.98,0.4,0.6,2026-06-05,1720,N20,nominal,2.0NRT,292.48,13.84,D
-24.52374,-60.63216,345.55,0.56,0.52,2026-06-05,1713,N20,nominal,2.0NRT,302.2,13.86,D
-10.87502,-65.48693,354.95,0.4,0.6,2026-06-05,1720,N20,nominal,2.0NRT,293.53,13.27,D
-23.98865,-56.13722,331.47,0.46,0.39,2026-06-05,1713,N20,nominal,2.0NRT,299.4,3.9,D
-10.03479,-59.34292,351.71,0.47,0.4,2026-06-05,1720,N20,nominal,2.0NRT,292.77,13.95,D
-24.01071,-56.30781,338.95,0.47,0.4,2026-06-05,1713,N20,nominal,2.0NRT,305.25,32.28,D
-10.03115,-59.34346,339.77,0.47,0.4,2026-06-05,1720,N20,nominal,2.0NRT,290.1,13.95,D
-23.39137,-52.01459,331.38,0.39,0.36,2026-06-05,1713,N20,nominal,2.0NRT,298.06,2.99,D
-8.40912,-49.6092,332.91,0.51,0.49,2026-06-05,1720,N20,nominal,2.0NRT,298.08,4.07,D
-23.99401,-56.53102,334.2,0.48,0.4,2026-06-05,1713,N20,nominal,2.0NRT,296.66,4.94,D
-6.98777,-42.87087,355.22,0.76,0.77,2026-06-05,1720,N20,nominal,2.0NRT,288.8,32.83,D
-23.99582,-56.5331,325.8,0.48,0.4,2026-06-05,1713,N20,low,2.0NRT,296.31,5.65,D
-6.98913,-42.87801,355.65,0.76,0.77,2026-06-05,1720,N20,nominal,2.0NRT,289.73,52.54,D
-23.96987,-56.36388,329.66,0.47,0.4,2026-06-05,1713,N20,low,2.0NRT,299.84,6.54,D
-7.91915,-48.25988,346.97,0.32,0.54,2026-06-05,1720,N20,nominal,2.0NRT,297.4,19.88,D
-23.99087,-56.52413,331.94,0.48,0.4,2026-06-05,1713,N20,nominal,2.0NRT,297.84,3.71,D
-7.91967,-48.26276,353.14,0.32,0.54,2026-06-05,1720,N20,nominal,2.0NRT,302.52,19.88,D
-23.9915,-56.52891,345.2,0.48,0.4,2026-06-05,1713,N20,nominal,2.0NRT,298.25,5.65,D
-7.92019,-48.26561,346.17,0.32,0.54,2026-06-05,1720,N20,nominal,2.0NRT,297.9,18.9,D
-23.98718,-56.52471,333.19,0.48,0.4,2026-06-05,1713,N20,nominal,2.0NRT,297.61,6.29,D
-7.96599,-48.52027,348.29,0.61,0.53,2026-06-05,1720,N20,nominal,2.0NRT,293.99,10.33,D
-23.9878,-56.52947,339.42,0.48,0.4,2026-06-05,1713,N20,nominal,2.0NRT,300.75,13.72,D
-7.92434,-48.26079,336.54,0.32,0.54,2026-06-05,1720,N20,nominal,2.0NRT,298.56,4.73,D
-23.88146,-55.75565,331.58,0.45,0.39,2026-06-05,1713,N20,nominal,2.0NRT,300.91,12.32,D
-7.96914,-48.52174,340.35,0.61,0.53,2026-06-05,1720,N20,nominal,2.0NRT,294.12,12.37,D
-23.95643,-56.34695,330.36,0.47,0.4,2026-06-05,1713,N20,nominal,2.0NRT,297.09,4.17,D
-7.91933,-48.2616,367,0.32,0.54,2026-06-05,1720,N20,high,2.0NRT,299.02,19.46,D
-23.95705,-56.35167,326.05,0.47,0.4,2026-06-05,1713,N20,nominal,2.0NRT,298.99,5.64,D
-7.91983,-48.26447,341.97,0.32,0.54,2026-06-05,1720,N20,nominal,2.0NRT,301.88,19.46,D
-22.45113,-47.00934,333.61,0.42,0.46,2026-06-05,1713,N20,nominal,2.0NRT,300.84,2.81,D
-7.77354,-47.51437,340.38,0.36,0.57,2026-06-05,1720,N20,nominal,2.0NRT,292.97,3.7,D
-23.89203,-55.91603,334.56,0.45,0.39,2026-06-05,1713,N20,nominal,2.0NRT,299.96,3.04,D
-8.09443,-49.80331,335.07,0.5,0.49,2026-06-05,1720,N20,nominal,2.0NRT,297.04,3.95,D
-23.95094,-56.36212,341.07,0.47,0.4,2026-06-05,1713,N20,nominal,2.0NRT,299.39,6.72,D
-8.09242,-49.80383,337.72,0.5,0.49,2026-06-05,1720,N20,nominal,2.0NRT,296.57,6.45,D
-23.87169,-55.92831,344.08,0.45,0.39,2026-06-05,1713,N20,nominal,2.0NRT,299.93,11.95,D
-9.20892,-58.06696,338.99,0.41,0.37,2026-06-05,1720,N20,nominal,2.0NRT,299.72,9.16,D
-23.84244,-55.9286,330.52,0.45,0.39,2026-06-05,1713,N20,nominal,2.0NRT,297.69,4.62,D
-9.20551,-58.06747,346.52,0.41,0.37,2026-06-05,1720,N20,nominal,2.0NRT,300.14,9.16,D
-23.84301,-55.93303,334.2,0.45,0.39,2026-06-05,1713,N20,nominal,2.0NRT,298.86,7.02,D
-9.18628,-58.05518,329.26,0.41,0.37,2026-06-05,1720,N20,low,2.0NRT,300.23,3.47,D
-23.75272,-55.41507,350.58,0.43,0.38,2026-06-05,1713,N20,nominal,2.0NRT,299.87,10.03,D
-9.18287,-58.0557,336.24,0.41,0.37,2026-06-05,1720,N20,nominal,2.0NRT,302.27,3.47,D
-22.79365,-49.33208,345.02,0.47,0.4,2026-06-05,1713,N20,nominal,2.0NRT,300.58,13.52,D
-9.18341,-58.05939,331.26,0.41,0.37,2026-06-05,1720,N20,nominal,2.0NRT,300.11,3.86,D
-22.79388,-49.33064,331.46,0.47,0.4,2026-06-05,1713,N20,nominal,2.0NRT,298.53,7.89,D
-9.18263,-58.05588,331.3,0.41,0.37,2026-06-05,1720,N20,low,2.0NRT,301.66,4.53,D
-22.79468,-49.33526,329.6,0.47,0.4,2026-06-05,1713,N20,low,2.0NRT,299.88,5.21,D
-8.6622,-54.73096,345.81,0.4,0.37,2026-06-05,1720,N20,nominal,2.0NRT,298.93,6.33,D
-23.78841,-56.08606,330.61,0.46,0.39,2026-06-05,1715,N20,nominal,2.0NRT,298.22,2.53,D
-9.17009,-58.06532,338.83,0.41,0.37,2026-06-05,1720,N20,nominal,2.0NRT,300.72,6.63,D
-24.00665,-58.65424,333.14,0.42,0.45,2026-06-05,1715,N20,nominal,2.0NRT,297.98,6.01,D
-8.61693,-55.05045,332.23,0.4,0.37,2026-06-05,1720,N20,nominal,2.0NRT,303.62,2.51,D
-24.10341,-59.50916,335.69,0.47,0.48,2026-06-05,1715,N20,nominal,2.0NRT,298.91,3.53,D
-6.87075,-44.96855,334.94,0.56,0.68,2026-06-05,1720,N20,nominal,2.0NRT,289.15,6.71,D
-6.86553,-44.97552,351.61,0.56,0.68,2026-06-05,1720,N20,nominal,2.0NRT,289.55,6.71,D
-23.62103,-55.77604,330.4,0.44,0.39,2026-06-05,1715,N20,nominal,2.0NRT,297.54,2.9,D
-7.17434,-46.97787,367,0.4,0.6,2026-06-05,1720,N20,high,2.0NRT,294.09,56.13,D
-24.23662,-61.1048,339.45,0.6,0.53,2026-06-05,1715,N20,nominal,2.0NRT,299.54,5.36,D
-8.49913,-54.78297,328.28,0.4,0.37,2026-06-05,1720,N20,low,2.0NRT,299.68,3.79,D
-23.58052,-55.68927,327.49,0.44,0.38,2026-06-05,1715,N20,nominal,2.0NRT,297.75,2.6,D
-7.16942,-46.98208,350.04,0.4,0.6,2026-06-05,1720,N20,nominal,2.0NRT,292.37,72.35,D
-23.76994,-57.22631,330.91,0.52,0.41,2026-06-05,1715,N20,nominal,2.0NRT,298.69,3.21,D
-8.49235,-54.78405,336.3,0.4,0.37,2026-06-05,1720,N20,nominal,2.0NRT,301.54,4.38,D
-23.58921,-55.99017,330.81,0.45,0.39,2026-06-05,1715,N20,nominal,2.0NRT,298.44,2.95,D
-7.16929,-46.97964,339.54,0.4,0.6,2026-06-05,1720,N20,nominal,2.0NRT,292.08,7.19,D
-22.1213,-47.04157,327.72,0.43,0.46,2026-06-05,1715,N20,nominal,2.0NRT,295.9,2.8,D
-7.16995,-46.98342,337.55,0.4,0.6,2026-06-05,1720,N20,nominal,2.0NRT,291.43,6.29,D
-22.97784,-52.30043,332.85,0.39,0.36,2026-06-05,1715,N20,nominal,2.0NRT,301.23,5.2,D
-7.15601,-47.47439,334.36,0.37,0.58,2026-06-05,1720,N20,nominal,2.0NRT,291.75,4.8,D
-23.48679,-56.00493,329.73,0.45,0.39,2026-06-05,1715,N20,nominal,2.0NRT,296.58,2.1,D
-7.13863,-47.43898,330.27,0.37,0.58,2026-06-05,1720,N20,nominal,2.0NRT,293.03,2.95,D
-21.64793,-45.57946,328.63,0.54,0.51,2026-06-05,1715,N20,nominal,2.0NRT,297.54,3.89,D
-7.14067,-47.43759,330.48,0.37,0.58,2026-06-05,1720,N20,nominal,2.0NRT,293.19,3.45,D
-7.03943,-47.08036,334.86,0.4,0.6,2026-06-05,1720,N20,nominal,2.0NRT,292.38,9.05,D
-21.64931,-45.5769,327.41,0.54,0.51,2026-06-05,1715,N20,nominal,2.0NRT,297.22,1.83,D
-6.40007,-43.71756,347.43,0.69,0.74,2026-06-05,1720,N20,nominal,2.0NRT,288.01,10.79,D
-22.04191,-48.23589,330.76,0.55,0.43,2026-06-05,1715,N20,nominal,2.0NRT,298.24,2.29,D
-6.9826,-47.14171,329.74,0.39,0.6,2026-06-05,1720,N20,nominal,2.0NRT,290.29,5.19,D
-22.03765,-48.23359,348.34,0.55,0.43,2026-06-05,1715,N20,nominal,2.0NRT,306.48,28.99,D
-6.97652,-47.1393,331.27,0.39,0.6,2026-06-05,1720,N20,nominal,2.0NRT,294.12,7.36,D
-23.19616,-55.88236,327.56,0.44,0.39,2026-06-05,1715,N20,low,2.0NRT,298.05,2.44,D
-6.98228,-47.1431,331.2,0.39,0.6,2026-06-05,1720,N20,nominal,2.0NRT,291.67,6.29,D
-23.3213,-56.84519,331.78,0.49,0.4,2026-06-05,1715,N20,nominal,2.0NRT,299.93,5.88,D
-6.97562,-47.13715,336.13,0.39,0.6,2026-06-05,1720,N20,nominal,2.0NRT,291.38,8.8,D
-23.18106,-55.79631,326.21,0.44,0.38,2026-06-05,1715,N20,low,2.0NRT,297.91,3.02,D
-7.39265,-49.7536,336.23,0.52,0.5,2026-06-05,1720,N20,nominal,2.0NRT,294.18,6.5,D
-23.28972,-57.23382,333.33,0.51,0.41,2026-06-05,1715,N20,nominal,2.0NRT,299.77,11.02,D
-7.3873,-49.74971,332.48,0.52,0.5,2026-06-05,1720,N20,nominal,2.0NRT,296.28,6.47,D
-23.11069,-55.99565,332.38,0.45,0.39,2026-06-05,1715,N20,nominal,2.0NRT,296.04,3.17,D
-6.74608,-47.12041,356.64,0.4,0.6,2026-06-05,1720,N20,nominal,2.0NRT,292.55,19.64,D
-23.19806,-56.87162,330.49,0.49,0.4,2026-06-05,1715,N20,nominal,2.0NRT,297.44,5.57,D
-9.40553,-64.32202,340.25,0.63,0.54,2026-06-05,1720,N20,nominal,2.0NRT,292.58,7.9,D
-22.99453,-56.04425,328.4,0.45,0.39,2026-06-05,1715,N20,nominal,2.0NRT,296.79,4.11,D
-9.40512,-64.32385,341.32,0.63,0.54,2026-06-05,1720,N20,nominal,2.0NRT,292.67,9.14,D
-22.97976,-56.4706,326.52,0.47,0.4,2026-06-05,1715,N20,nominal,2.0NRT,297.64,1.37,D
-6.74571,-47.11815,346.93,0.4,0.6,2026-06-05,1720,N20,nominal,2.0NRT,288.94,11.02,D
-22.9973,-56.60448,331.87,0.47,0.4,2026-06-05,1715,N20,nominal,2.0NRT,298.82,3.49,D
-6.74634,-47.12177,353.61,0.4,0.6,2026-06-05,1720,N20,nominal,2.0NRT,292.4,11.02,D
-8.01508,-55.50595,342.71,0.39,0.36,2026-06-05,1720,N20,nominal,2.0NRT,304.88,13.08,D
-22.99667,-56.62836,332.01,0.48,0.4,2026-06-05,1715,N20,nominal,2.0NRT,298.83,3.35,D
-8.01781,-55.52362,336.62,0.39,0.36,2026-06-05,1720,N20,nominal,2.0NRT,299.5,2.42,D
-22.99728,-56.63302,342.41,0.48,0.4,2026-06-05,1715,N20,nominal,2.0NRT,302.15,18.52,D
-8.0112,-55.50293,349.49,0.39,0.36,2026-06-05,1720,N20,nominal,2.0NRT,307,13.08,D
-22.78223,-55.85429,326.72,0.44,0.38,2026-06-05,1715,N20,nominal,2.0NRT,298.61,2.08,D
-8.01174,-55.50647,334.49,0.39,0.36,2026-06-05,1720,N20,nominal,2.0NRT,302.94,13.08,D
-23.27979,-60.13177,355.3,0.5,0.49,2026-06-05,1715,N20,nominal,2.0NRT,310.84,27.17,D
-8.01393,-55.52061,345.76,0.39,0.36,2026-06-05,1720,N20,nominal,2.0NRT,302.28,9.65,D
-20.42356,-42.88686,333.49,0.42,0.61,2026-06-05,1715,N20,nominal,2.0NRT,294.65,7.49,D
-8.01447,-55.52414,330.12,0.39,0.36,2026-06-05,1720,N20,nominal,2.0NRT,301.57,2.42,D
-20.42439,-42.89056,343.31,0.42,0.61,2026-06-05,1715,N20,nominal,2.0NRT,296.27,8.17,D
-8.00506,-55.50751,330.65,0.39,0.36,2026-06-05,1720,N20,low,2.0NRT,304.06,7.12,D
-22.70301,-55.80039,338.99,0.44,0.38,2026-06-05,1715,N20,nominal,2.0NRT,302.35,16.39,D
-6.0391,-45.10844,327.87,0.56,0.69,2026-06-05,1720,N20,nominal,2.0NRT,281.38,5.46,D
-20.42617,-42.88674,334.43,0.42,0.61,2026-06-05,1715,N20,nominal,2.0NRT,294.11,5.8,D
-6.04014,-45.29453,326.6,0.55,0.68,2026-06-05,1720,N20,nominal,2.0NRT,285.7,3.03,D
-20.42699,-42.89051,337.32,0.42,0.61,2026-06-05,1715,N20,nominal,2.0NRT,295.86,6.03,D
-6.06907,-45.49026,327.73,0.53,0.67,2026-06-05,1720,N20,nominal,2.0NRT,288.89,11.75,D
-21.24703,-47.44167,327.18,0.42,0.45,2026-06-05,1715,N20,nominal,2.0NRT,299.67,0.84,D
-6.07091,-45.50043,354.23,0.53,0.67,2026-06-05,1720,N20,nominal,2.0NRT,290.65,15.28,D
-22.6547,-56.23985,327.53,0.45,0.39,2026-06-05,1715,N20,low,2.0NRT,298.34,3.93,D
-6.06999,-45.49534,356.36,0.53,0.67,2026-06-05,1720,N20,low,2.0NRT,289.88,11.75,D
-22.66548,-56.3748,330.67,0.46,0.39,2026-06-05,1715,N20,nominal,2.0NRT,297.83,2.3,D
-6.0629,-45.49131,329.18,0.53,0.67,2026-06-05,1720,N20,nominal,2.0NRT,287.97,11.75,D
-23.06808,-59.81635,336.63,0.48,0.48,2026-06-05,1715,N20,nominal,2.0NRT,300.82,3.89,D
-6.06382,-45.49637,330.19,0.53,0.67,2026-06-05,1720,N20,nominal,2.0NRT,288.7,11.75,D
-22.58263,-56.13858,333.32,0.45,0.39,2026-06-05,1715,N20,nominal,2.0NRT,300.19,3.39,D
-6.06473,-45.50142,332.08,0.53,0.67,2026-06-05,1720,N20,nominal,2.0NRT,288.02,15.28,D
-21.19856,-47.73482,328.92,0.4,0.45,2026-06-05,1715,N20,nominal,2.0NRT,302,1.39,D
-6.06646,-45.51099,331.07,0.53,0.67,2026-06-05,1720,N20,nominal,2.0NRT,287.2,6.71,D
-22.5515,-56.98873,339.55,0.49,0.4,2026-06-05,1715,N20,nominal,2.0NRT,301.58,6.39,D
-6.06729,-45.51557,325.9,0.53,0.67,2026-06-05,1720,N20,nominal,2.0NRT,284.4,6.71,D
-22.43553,-56.40739,329.49,0.46,0.39,2026-06-05,1715,N20,nominal,2.0NRT,299.34,3.11,D
-6.06562,-45.50631,356.14,0.53,0.67,2026-06-05,1720,N20,low,2.0NRT,288.47,15.28,D
-20.7862,-46.53368,330.19,0.49,0.48,2026-06-05,1715,N20,nominal,2.0NRT,297.08,1.7,D
-6.06027,-45.51188,355.16,0.53,0.67,2026-06-05,1720,N20,nominal,2.0NRT,285.97,17.84,D
-22.6728,-58.94938,340.02,0.42,0.45,2026-06-05,1715,N20,nominal,2.0NRT,299,4.29,D
-8.50406,-61.53826,349.81,0.4,0.44,2026-06-05,1720,N20,nominal,2.0NRT,297.73,23.55,D
-22.26147,-55.943,342.27,0.44,0.38,2026-06-05,1715,N20,nominal,2.0NRT,300.03,4.7,D
-8.50455,-61.54186,337.3,0.4,0.44,2026-06-05,1720,N20,nominal,2.0NRT,297.18,23.55,D
-22.36676,-56.78765,340.58,0.48,0.4,2026-06-05,1715,N20,nominal,2.0NRT,300.71,7.46,D
-8.50505,-61.54547,345.13,0.4,0.44,2026-06-05,1720,N20,nominal,2.0NRT,294.8,5.06,D
-22.40213,-57.11957,330.82,0.5,0.41,2026-06-05,1715,N20,nominal,2.0NRT,298.58,3.66,D
-8.50554,-61.54906,350.43,0.4,0.44,2026-06-05,1720,N20,nominal,2.0NRT,294.19,5.06,D
-20.63194,-46.30544,328.64,0.51,0.49,2026-06-05,1715,N20,nominal,2.0NRT,298.22,4.49,D
-22.32906,-56.69923,336.51,0.47,0.4,2026-06-05,1715,N20,nominal,2.0NRT,298.01,3.91,D
-8.5,-61.53885,350.69,0.4,0.44,2026-06-05,1720,N20,nominal,2.0NRT,294.23,23.55,D
-22.35047,-57.5001,337.23,0.52,0.41,2026-06-05,1715,N20,nominal,2.0NRT,300.45,6.91,D
-8.50099,-61.54606,330.22,0.4,0.44,2026-06-05,1720,N20,nominal,2.0NRT,294.11,5.06,D
-20.02972,-44.14928,352.91,0.35,0.57,2026-06-05,1715,N20,nominal,2.0NRT,292.24,4.9,D
-22.55617,-59.82057,329.14,0.47,0.48,2026-06-05,1715,N20,nominal,2.0NRT,299.68,1.95,D
-8.49594,-61.53944,330.17,0.4,0.44,2026-06-05,1720,N20,nominal,2.0NRT,293.63,5.47,D
-20.03035,-44.15094,349.23,0.35,0.57,2026-06-05,1715,N20,nominal,2.0NRT,293.23,4,D
-8.49693,-61.54667,339.94,0.4,0.44,2026-06-05,1720,N20,nominal,2.0NRT,294.21,4.4,D
-22.05738,-56.1919,329.77,0.45,0.39,2026-06-05,1715,N20,low,2.0NRT,299.78,2.61,D
-8.49557,-61.53937,327.13,0.4,0.44,2026-06-05,1720,N20,nominal,2.0NRT,293.48,4.41,D
-19.53436,-42.64805,331.28,0.45,0.63,2026-06-05,1715,N20,nominal,2.0NRT,290.84,1.96,D
-8.49661,-61.54657,340.39,0.4,0.44,2026-06-05,1720,N20,nominal,2.0NRT,293.87,4.07,D
-20.56489,-47.86894,331.76,0.41,0.45,2026-06-05,1715,N20,nominal,2.0NRT,303.83,3.11,D
-5.85838,-46.14398,332.85,0.48,0.65,2026-06-05,1720,N20,nominal,2.0NRT,290.64,4.6,D
-20.56652,-47.86993,339.38,0.41,0.45,2026-06-05,1715,N20,nominal,2.0NRT,304.01,4.31,D
-6.57698,-51.09682,329.25,0.43,0.46,2026-06-05,1720,N20,nominal,2.0NRT,295.67,18,D
-20.28601,-46.47954,327.63,0.5,0.49,2026-06-05,1715,N20,nominal,2.0NRT,296.48,3.52,D
-6.57764,-51.10072,339.9,0.43,0.46,2026-06-05,1720,N20,nominal,2.0NRT,300.4,18,D
-22.4863,-62.1852,333.15,0.33,0.56,2026-06-05,1715,N20,nominal,2.0NRT,299.77,2.39,D
-6.57278,-51.09759,329.42,0.43,0.46,2026-06-05,1720,N20,nominal,2.0NRT,295.4,18,D
-22.48083,-62.1825,345.18,0.33,0.56,2026-06-05,1715,N20,nominal,2.0NRT,295.85,4.21,D
-6.57274,-51.09778,327.34,0.43,0.46,2026-06-05,1720,N20,nominal,2.0NRT,294.82,4.69,D
-6.29398,-49.82435,330.41,0.53,0.5,2026-06-05,1720,N20,nominal,2.0NRT,295.07,3.69,D
-22.48116,-62.18577,348.09,0.33,0.56,2026-06-05,1715,N20,nominal,2.0NRT,300.7,4.21,D
-5.72912,-46.85762,326.94,0.43,0.62,2026-06-05,1720,N20,nominal,2.0NRT,288.8,3.95,D
-22.19514,-62.39478,354.27,0.34,0.56,2026-06-05,1715,N20,nominal,2.0NRT,296.14,6.26,D
-5.99936,-49.30483,336.16,0.58,0.52,2026-06-05,1720,N20,nominal,2.0NRT,287.98,4.95,D
-22.19576,-62.40144,329.35,0.34,0.56,2026-06-05,1715,N20,nominal,2.0NRT,291.88,1.33,D
-5.67467,-47.50791,367,0.39,0.59,2026-06-05,1720,N20,high,2.0NRT,291.47,8.68,D
-18.89679,-42.00005,330.51,0.51,0.66,2026-06-05,1715,N20,nominal,2.0NRT,293.67,4.31,D
-6.64595,-55.19257,339.13,0.4,0.37,2026-06-05,1720,N20,nominal,2.0NRT,300.58,5.51,D
-22.1942,-62.39547,351.92,0.34,0.56,2026-06-05,1715,N20,nominal,2.0NRT,292.93,4.71,D
-6.64652,-55.19621,335,0.4,0.37,2026-06-05,1720,N20,nominal,2.0NRT,299.82,5.51,D
-20.20822,-49.31991,340.53,0.51,0.41,2026-06-05,1715,N20,nominal,2.0NRT,305.6,16.18,D
-5.19091,-47.79204,336.21,0.38,0.59,2026-06-05,1720,N20,nominal,2.0NRT,288.66,3.82,D
-19.37163,-45.08498,348.71,0.32,0.54,2026-06-05,1715,N20,nominal,2.0NRT,301.07,22,D
-5.1915,-47.79548,332.68,0.38,0.59,2026-06-05,1720,N20,nominal,2.0NRT,287.84,3.33,D
-19.37228,-45.08808,351.61,0.32,0.54,2026-06-05,1715,N20,low,2.0NRT,328.72,166.12,D
-6.95947,-59.28675,339.97,0.44,0.38,2026-06-05,1720,N20,nominal,2.0NRT,302.12,5.71,D
-19.36669,-45.08622,332.91,0.32,0.54,2026-06-05,1715,N20,nominal,2.0NRT,299.56,22,D
-6.96005,-59.29066,332.75,0.44,0.38,2026-06-05,1720,N20,nominal,2.0NRT,299.32,4.24,D
-21.55362,-58.61197,340.58,0.39,0.44,2026-06-05,1715,N20,nominal,2.0NRT,304.35,5.31,D
-6.81919,-58.60474,329.01,0.41,0.37,2026-06-05,1720,N20,nominal,2.0NRT,294.93,2.67,D
-19.25977,-45.1209,333.71,0.32,0.54,2026-06-05,1715,N20,nominal,2.0NRT,294.71,2.76,D
-3.98143,-47.97046,333.96,0.39,0.59,2026-06-05,1720,N20,nominal,2.0NRT,285.95,3.92,D
-19.26025,-45.12233,338.35,0.32,0.54,2026-06-05,1715,N20,nominal,2.0NRT,296.71,2.99,D
-3.97981,-47.96936,327.56,0.39,0.59,2026-06-05,1720,N20,nominal,2.0NRT,283.87,1.83,D
-20.65493,-55.40299,333.16,0.41,0.37,2026-06-05,1715,N20,nominal,2.0NRT,304.61,2.01,D
-3.12247,-59.22848,334.46,0.4,0.37,2026-06-05,1720,N20,nominal,2.0NRT,296.19,9.97,D
-18.66465,-44.18419,367,0.38,0.58,2026-06-05,1715,N20,high,2.0NRT,299.09,9.12,D
-20.49956,-54.56309,334.96,0.39,0.36,2026-06-05,1715,N20,nominal,2.0NRT,301.15,3.05,D
-20.46866,-54.69487,339.18,0.39,0.36,2026-06-05,1715,N20,nominal,2.0NRT,304.13,4.13,D
-20.37754,-54.56387,330.53,0.39,0.36,2026-06-05,1715,N20,nominal,2.0NRT,303.47,2.23,D
-19.06834,-47.522,327.25,0.45,0.47,2026-06-05,1715,N20,nominal,2.0NRT,295.38,0.67,D
-19.2643,-49.34909,336.17,0.53,0.42,2026-06-05,1715,N20,nominal,2.0NRT,305.82,5.46,D
-20.71304,-59.45964,349.59,0.43,0.46,2026-06-05,1715,N20,nominal,2.0NRT,308.33,45.51,D
-20.49043,-58.49426,331.78,0.56,0.43,2026-06-05,1715,N20,nominal,2.0NRT,300.64,3.22,D
-18.87415,-48.21385,330.07,0.42,0.45,2026-06-05,1715,N20,nominal,2.0NRT,298.4,4.38,D
-18.86642,-48.28795,352.39,0.41,0.45,2026-06-05,1715,N20,nominal,2.0NRT,297.69,4.96,D
-17.52998,-41.73409,336.85,0.57,0.69,2026-06-05,1715,N20,nominal,2.0NRT,292.24,5.58,D
-19.57739,-52.50842,336.6,0.4,0.37,2026-06-05,1715,N20,low,2.0NRT,308.77,4.86,D
-19.57404,-52.50901,344.28,0.4,0.37,2026-06-05,1715,N20,nominal,2.0NRT,306.5,4.86,D
-20.5545,-60.37452,341.52,0.48,0.48,2026-06-05,1715,N20,nominal,2.0NRT,305.77,72.82,D
-20.55504,-60.37916,338.05,0.48,0.48,2026-06-05,1715,N20,nominal,2.0NRT,311.45,72.82,D
-20.55557,-60.3838,343.01,0.48,0.48,2026-06-05,1715,N20,nominal,2.0NRT,310.7,46.7,D
-20.55611,-60.38845,355.87,0.48,0.48,2026-06-05,1715,N20,nominal,2.0NRT,301.58,46.7,D
-20.55664,-60.39311,349.46,0.48,0.48,2026-06-05,1715,N20,nominal,2.0NRT,309.95,52.75,D
-20.55058,-60.37973,345.44,0.48,0.48,2026-06-05,1715,N20,nominal,2.0NRT,301.56,9.1,D
-20.55112,-60.38437,341.36,0.48,0.48,2026-06-05,1715,N20,nominal,2.0NRT,299.99,8.39,D
-20.55165,-60.38903,345.38,0.48,0.48,2026-06-05,1715,N20,nominal,2.0NRT,299.29,8.39,D
-20.55219,-60.39369,350.95,0.48,0.48,2026-06-05,1715,N20,nominal,2.0NRT,306.75,35.73,D
-17.36078,-42.18385,349.78,0.54,0.68,2026-06-05,1715,N20,nominal,2.0NRT,294.35,7.88,D
-19.8725,-56.35546,337.75,0.43,0.38,2026-06-05,1715,N20,nominal,2.0NRT,299.74,5.97,D
-19.87173,-56.35446,343.17,0.43,0.38,2026-06-05,1715,N20,nominal,2.0NRT,299.55,6.23,D
-19.84199,-56.32115,332.26,0.43,0.38,2026-06-05,1715,N20,low,2.0NRT,302.28,22.49,D
-19.84257,-56.32527,344.83,0.43,0.38,2026-06-05,1715,N20,nominal,2.0NRT,307.19,22.49,D
-19.83906,-56.32581,339.53,0.43,0.38,2026-06-05,1715,N20,nominal,2.0NRT,307.42,22.49,D
-19.82854,-56.32743,329.57,0.43,0.38,2026-06-05,1715,N20,low,2.0NRT,300.77,4.69,D
-19.82912,-56.33155,346.26,0.43,0.38,2026-06-05,1715,N20,nominal,2.0NRT,301.98,22.84,D
-19.82561,-56.3321,353.71,0.43,0.38,2026-06-05,1715,N20,nominal,2.0NRT,307.92,22.84,D
-19.82211,-56.33264,347.26,0.43,0.38,2026-06-05,1715,N20,nominal,2.0NRT,302.54,10.25,D
-19.8186,-56.33318,335.36,0.43,0.38,2026-06-05,1715,N20,nominal,2.0NRT,304.42,10.25,D
-19.74924,-57.70477,340.29,0.5,0.41,2026-06-05,1715,N20,nominal,2.0NRT,302.49,4.87,D
-19.74237,-57.7106,336.21,0.5,0.41,2026-06-05,1715,N20,nominal,2.0NRT,301.28,8.45,D
-19.17428,-55.18381,340.73,0.4,0.37,2026-06-05,1715,N20,nominal,2.0NRT,303.3,4.31,D
-19.17038,-55.18059,347.13,0.4,0.37,2026-06-05,1715,N20,nominal,2.0NRT,304.73,4.95,D
-19.17092,-55.18435,352.62,0.4,0.37,2026-06-05,1715,N20,nominal,2.0NRT,305.73,5.22,D
-19.17146,-55.18812,339.13,0.4,0.37,2026-06-05,1715,N20,nominal,2.0NRT,303.59,5.22,D
-18.49708,-51.66697,330.26,0.42,0.38,2026-06-05,1715,N20,low,2.0NRT,303.62,3.46,D
-16.69116,-44.35225,329.37,0.4,0.6,2026-06-05,1715,N20,nominal,2.0NRT,297.75,3.72,D
-18.98949,-58.0797,354.54,0.51,0.41,2026-06-05,1715,N20,nominal,2.0NRT,305.94,27.41,D
-17.17203,-47.07766,339.48,0.52,0.5,2026-06-05,1715,N20,nominal,2.0NRT,298.73,12.05,D
-16.33301,-43.09023,330.77,0.49,0.65,2026-06-05,1715,N20,nominal,2.0NRT,294.86,3.25,D
-16.00268,-41.67416,334.03,0.62,0.71,2026-06-05,1715,N20,nominal,2.0NRT,288.42,6.1,D
-17.19966,-47.64429,367,0.48,0.48,2026-06-05,1715,N20,high,2.0NRT,306.2,19.32,D
-17.1988,-47.63974,355.58,0.48,0.48,2026-06-05,1715,N20,nominal,2.0NRT,305.24,22.21,D
-17.1944,-47.64065,353.87,0.48,0.48,2026-06-05,1715,N20,nominal,2.0NRT,302.76,17.44,D
-17.19526,-47.64516,355.32,0.48,0.48,2026-06-05,1715,N20,nominal,2.0NRT,307.33,30.83,D
-16.97317,-46.6414,341.4,0.56,0.52,2026-06-05,1715,N20,nominal,2.0NRT,301.17,31.88,D
-16.90189,-46.78381,351.16,0.55,0.51,2026-06-05,1715,N20,nominal,2.0NRT,304.09,13.94,D
-16.92867,-47.14173,341.96,0.52,0.5,2026-06-05,1715,N20,nominal,2.0NRT,303.56,6.58,D
-16.92962,-47.14657,331.69,0.52,0.5,2026-06-05,1715,N20,nominal,2.0NRT,300.43,6.58,D
-16.92975,-47.14492,347.12,0.52,0.5,2026-06-05,1715,N20,nominal,2.0NRT,303.28,12.67,D
-16.92517,-47.14579,356.29,0.52,0.5,2026-06-05,1715,N20,nominal,2.0NRT,301.21,12.67,D
-18.5379,-58.59438,334.57,0.53,0.42,2026-06-05,1715,N20,nominal,2.0NRT,302.39,34.47,D
-18.53857,-58.59945,348.79,0.54,0.42,2026-06-05,1715,N20,nominal,2.0NRT,309.12,34.47,D
-18.53924,-58.60453,352.33,0.54,0.42,2026-06-05,1715,N20,nominal,2.0NRT,308.43,30.63,D
-18.53991,-58.60962,329.72,0.54,0.42,2026-06-05,1715,N20,nominal,2.0NRT,301.77,30.63,D
-15.73546,-43.29689,335.53,0.49,0.65,2026-06-05,1715,N20,nominal,2.0NRT,297.19,3.6,D
-18.38939,-59.0583,344.73,0.57,0.43,2026-06-05,1715,N20,nominal,2.0NRT,300.92,8.67,D
-18.39005,-59.06366,349.42,0.57,0.43,2026-06-05,1715,N20,nominal,2.0NRT,300.8,8.67,D
-18.39071,-59.06905,331.51,0.57,0.43,2026-06-05,1715,N20,nominal,2.0NRT,299.08,5.16,D
-18.3914,-59.06019,350.44,0.57,0.43,2026-06-05,1715,N20,nominal,2.0NRT,301.13,15.94,D
-18.38811,-59.06609,344.03,0.57,0.43,2026-06-05,1715,N20,nominal,2.0NRT,300.94,7.34,D
-18.38881,-59.07145,337.55,0.57,0.43,2026-06-05,1715,N20,nominal,2.0NRT,300.18,7.34,D
-15.73324,-43.29705,336.08,0.49,0.65,2026-06-05,1715,N20,nominal,2.0NRT,297.6,3.14,D
-18.38136,-59.04522,346.88,0.56,0.43,2026-06-05,1715,N20,nominal,2.0NRT,302.91,22.44,D
-18.38205,-59.05057,352.09,0.57,0.43,2026-06-05,1715,N20,nominal,2.0NRT,301.95,22.44,D
-18.38275,-59.05592,336.22,0.57,0.43,2026-06-05,1715,N20,nominal,2.0NRT,300.56,17.8,D
-18.38414,-59.06663,326.94,0.57,0.43,2026-06-05,1715,N20,low,2.0NRT,300.33,4.4,D
-18.37739,-59.04577,351.43,0.56,0.43,2026-06-05,1715,N20,nominal,2.0NRT,301.28,22.44,D
-18.37808,-59.05111,353.65,0.57,0.43,2026-06-05,1715,N20,nominal,2.0NRT,304.68,22.44,D
-18.37877,-59.05646,352.87,0.57,0.43,2026-06-05,1715,N20,nominal,2.0NRT,305.7,17.8,D
-18.37947,-59.06182,336.66,0.57,0.43,2026-06-05,1715,N20,nominal,2.0NRT,301.62,17.8,D
-18.38016,-59.06718,335.84,0.57,0.43,2026-06-05,1715,N20,nominal,2.0NRT,301.37,4.4,D
-18.37549,-59.06236,342.62,0.57,0.43,2026-06-05,1715,N20,nominal,2.0NRT,301.72,10.63,D
-18.37618,-59.06772,330.61,0.57,0.43,2026-06-05,1715,N20,low,2.0NRT,301.76,4.68,D
-18.3722,-59.06826,336.19,0.57,0.43,2026-06-05,1715,N20,nominal,2.0NRT,300.27,4.68,D
-18.37289,-59.07362,337.53,0.57,0.43,2026-06-05,1715,N20,nominal,2.0NRT,300.45,4.68,D
-18.37359,-59.079,343.6,0.57,0.43,2026-06-05,1715,N20,nominal,2.0NRT,299.58,9.82,D
-18.36891,-59.07418,355.36,0.57,0.43,2026-06-05,1715,N20,nominal,2.0NRT,303.12,27.93,D
-18.36961,-59.07954,349.09,0.57,0.43,2026-06-05,1715,N20,nominal,2.0NRT,307.61,47.48,D
-18.3703,-59.08493,354.09,0.57,0.43,2026-06-05,1715,N20,nominal,2.0NRT,304.42,47.48,D
-18.37099,-59.0903,345.91,0.57,0.43,2026-06-05,1715,N20,nominal,2.0NRT,299.47,22.25,D
-18.36494,-59.07472,354.6,0.57,0.43,2026-06-05,1715,N20,nominal,2.0NRT,303.74,27.93,D
-18.36563,-59.0801,354.02,0.57,0.43,2026-06-05,1715,N20,nominal,2.0NRT,304.45,47.48,D
-18.36632,-59.08547,352.97,0.57,0.43,2026-06-05,1715,N20,nominal,2.0NRT,305.2,47.48,D
-18.367,-59.09084,341.97,0.57,0.43,2026-06-05,1715,N20,nominal,2.0NRT,303.06,22.25,D
-18.36096,-59.07528,367,0.57,0.43,2026-06-05,1715,N20,high,2.0NRT,302.54,16.25,D
-18.36027,-59.06991,327.03,0.57,0.43,2026-06-05,1715,N20,nominal,2.0NRT,299.4,16.25,D
-18.36165,-59.08064,356.1,0.57,0.43,2026-06-05,1715,N20,nominal,2.0NRT,302.91,35.98,D
-18.36233,-59.08601,355.31,0.57,0.43,2026-06-05,1715,N20,nominal,2.0NRT,303.98,35.98,D
-18.36302,-59.0914,343.14,0.57,0.43,2026-06-05,1715,N20,nominal,2.0NRT,301.72,24.04,D
-18.35698,-59.07583,354.03,0.57,0.43,2026-06-05,1715,N20,nominal,2.0NRT,301.21,16.25,D
-18.35767,-59.0812,354.6,0.57,0.43,2026-06-05,1715,N20,nominal,2.0NRT,304.48,35.98,D
-18.35835,-59.08657,354.86,0.57,0.43,2026-06-05,1715,N20,nominal,2.0NRT,304.84,35.98,D
-18.35904,-59.09194,345.6,0.57,0.43,2026-06-05,1715,N20,nominal,2.0NRT,303.03,24.04,D
-15.18088,-41.81158,367,0.63,0.72,2026-06-05,1715,N20,high,2.0NRT,297.87,49.85,D
-15.18242,-41.80881,367,0.63,0.72,2026-06-05,1715,N20,high,2.0NRT,294.93,27.67,D
-15.1836,-41.81429,348.65,0.63,0.72,2026-06-05,1715,N20,nominal,2.0NRT,300.22,27.67,D
-16.74648,-49.93483,334.6,0.54,0.42,2026-06-05,1715,N20,nominal,2.0NRT,303.78,3.81,D
-18.10275,-59.58307,336.59,0.4,0.44,2026-06-05,1715,N20,nominal,2.0NRT,301.2,4.76,D
-18.10323,-59.58688,342.05,0.4,0.44,2026-06-05,1715,N20,nominal,2.0NRT,301.29,3.21,D
-18.09914,-59.58746,331.76,0.4,0.44,2026-06-05,1715,N20,nominal,2.0NRT,297.36,3.21,D
-16.53757,-49.39508,353.59,0.39,0.44,2026-06-05,1715,N20,nominal,2.0NRT,303.5,11.51,D
-18.07742,-59.61366,342,0.4,0.44,2026-06-05,1715,N20,nominal,2.0NRT,302.23,9.28,D
-16.53045,-49.5155,354.01,0.57,0.43,2026-06-05,1715,N20,nominal,2.0NRT,305.63,33.74,D
-18.03959,-59.61099,326.54,0.4,0.44,2026-06-05,1715,N20,low,2.0NRT,298.81,3.55,D
-18.32234,-62.06713,340.54,0.58,0.52,2026-06-05,1715,N20,nominal,2.0NRT,298.67,7.93,D
-18.04062,-59.61166,329.8,0.4,0.44,2026-06-05,1715,N20,nominal,2.0NRT,298.79,4.19,D
-18.32396,-62.07027,339.34,0.58,0.52,2026-06-05,1715,N20,nominal,2.0NRT,298.5,7.72,D
-18.15118,-62.69142,367,0.32,0.54,2026-06-05,1715,N20,high,2.0NRT,302.35,11.01,D
-18.15152,-62.69443,367,0.32,0.55,2026-06-05,1715,N20,high,2.0NRT,303.03,11.84,D
-18.15185,-62.69745,367,0.32,0.55,2026-06-05,1715,N20,high,2.0NRT,304.32,11.84,D
-18.15219,-62.70046,367,0.32,0.55,2026-06-05,1715,N20,high,2.0NRT,303.16,10.61,D
-15.93015,-47.7884,339.6,0.5,0.49,2026-06-05,1715,N20,nominal,2.0NRT,298.95,8.12,D
-15.92568,-47.78926,339.24,0.5,0.49,2026-06-05,1715,N20,nominal,2.0NRT,296.85,7.02,D
-16.57406,-51.63689,337.55,0.44,0.39,2026-06-05,1715,N20,nominal,2.0NRT,305.96,7.08,D
-17.80009,-60.2583,339.35,0.44,0.46,2026-06-05,1715,N20,nominal,2.0NRT,299.4,3.97,D
-17.80111,-60.26091,340.94,0.44,0.46,2026-06-05,1715,N20,nominal,2.0NRT,300.29,3.25,D
-17.73702,-59.95808,339.05,0.42,0.45,2026-06-05,1715,N20,nominal,2.0NRT,298.47,8.45,D
-17.76032,-60.35114,327.83,0.44,0.46,2026-06-05,1715,N20,nominal,2.0NRT,300.27,2.62,D
-15.11465,-44.79625,339.74,0.4,0.6,2026-06-05,1715,N20,nominal,2.0NRT,296.68,4.62,D
-17.67699,-60.72829,337.4,0.47,0.48,2026-06-05,1715,N20,nominal,2.0NRT,304.27,3.88,D
-17.67752,-60.73269,334.92,0.47,0.48,2026-06-05,1715,N20,nominal,2.0NRT,302.63,3.88,D
-17.67805,-60.7371,328.2,0.47,0.48,2026-06-05,1715,N20,low,2.0NRT,299.58,1.88,D
-17.67472,-60.74654,337.24,0.47,0.48,2026-06-05,1715,N20,nominal,2.0NRT,302.77,7.08,D
-17.66981,-60.74271,337.66,0.47,0.48,2026-06-05,1715,N20,nominal,2.0NRT,304.82,11.41,D
-17.6649,-60.73891,367,0.47,0.48,2026-06-05,1715,N20,high,2.0NRT,309.91,16.46,D
-15.19748,-45.37207,336.84,0.37,0.58,2026-06-05,1715,N20,nominal,2.0NRT,298.78,1.35,D
-17.66437,-60.73449,342.33,0.47,0.48,2026-06-05,1715,N20,nominal,2.0NRT,306.37,5.45,D
-17.66542,-60.74332,354.03,0.47,0.48,2026-06-05,1715,N20,nominal,2.0NRT,307.75,16.46,D
-17.65999,-60.73508,331.48,0.47,0.48,2026-06-05,1715,N20,nominal,2.0NRT,304.84,5.45,D
-17.50042,-59.49437,332.64,0.39,0.44,2026-06-05,1715,N20,nominal,2.0NRT,303.19,3.4,D
-17.50087,-59.49799,346.54,0.39,0.44,2026-06-05,1715,N20,nominal,2.0NRT,306.04,3.4,D
-17.9029,-62.98074,329.35,0.33,0.55,2026-06-05,1715,N20,nominal,2.0NRT,294.89,1.43,D
-17.49639,-59.49494,338.08,0.39,0.44,2026-06-05,1715,N20,nominal,2.0NRT,305.34,4.58,D
-17.49684,-59.49856,348.27,0.39,0.44,2026-06-05,1715,N20,nominal,2.0NRT,306.78,4.58,D
-17.49234,-59.49544,338.67,0.39,0.44,2026-06-05,1715,N20,nominal,2.0NRT,303.41,4.58,D
-17.49417,-59.51012,339.91,0.39,0.44,2026-06-05,1715,N20,nominal,2.0NRT,302.19,10,D
-17.49599,-59.52477,351.63,0.39,0.44,2026-06-05,1715,N20,nominal,2.0NRT,301.79,8.21,D
-17.49644,-59.52842,343.63,0.39,0.44,2026-06-05,1715,N20,nominal,2.0NRT,302.58,8.21,D
-17.4969,-59.53212,350.75,0.39,0.44,2026-06-05,1715,N20,nominal,2.0NRT,303.21,11.32,D
-17.49919,-59.55062,349.2,0.39,0.44,2026-06-05,1715,N20,nominal,2.0NRT,304.76,9.17,D
-17.49965,-59.5543,349.47,0.39,0.44,2026-06-05,1715,N20,nominal,2.0NRT,303.37,8.15,D
-17.5001,-59.55796,341.34,0.39,0.44,2026-06-05,1715,N20,nominal,2.0NRT,303.25,8.15,D
-17.49195,-59.52538,343.35,0.39,0.44,2026-06-05,1715,N20,nominal,2.0NRT,302.06,4.97,D
-17.49286,-59.53273,347.29,0.39,0.44,2026-06-05,1715,N20,nominal,2.0NRT,302.9,12.84,D
-17.49515,-59.55125,342.08,0.39,0.44,2026-06-05,1715,N20,nominal,2.0NRT,302.94,6.8,D
-17.4956,-59.55493,341.49,0.39,0.44,2026-06-05,1715,N20,nominal,2.0NRT,300.76,4.49,D
-17.49606,-59.55859,328.24,0.39,0.44,2026-06-05,1715,N20,low,2.0NRT,298.71,4.49,D
-17.48791,-59.52599,341.37,0.39,0.44,2026-06-05,1715,N20,nominal,2.0NRT,302.57,4.97,D
-17.48837,-59.52967,340.95,0.39,0.44,2026-06-05,1715,N20,nominal,2.0NRT,302.69,4.97,D
-17.49065,-59.54815,337.84,0.39,0.44,2026-06-05,1715,N20,nominal,2.0NRT,301.31,6.8,D
-17.48985,-59.515,339.3,0.39,0.44,2026-06-05,1715,N20,nominal,2.0NRT,304.11,4.82,D
-17.49129,-59.52598,342.1,0.39,0.44,2026-06-05,1715,N20,nominal,2.0NRT,302.1,6.84,D
-17.49225,-59.53334,345.66,0.39,0.44,2026-06-05,1715,N20,nominal,2.0NRT,303.15,11.35,D
-17.49467,-59.55183,341.42,0.39,0.44,2026-06-05,1715,N20,nominal,2.0NRT,301.68,5.16,D
-17.49515,-59.5555,343.78,0.39,0.44,2026-06-05,1715,N20,nominal,2.0NRT,300.33,5.79,D
-17.62274,-60.5491,328.3,0.45,0.47,2026-06-05,1715,N20,low,2.0NRT,301.25,2.04,D
-17.48773,-59.53026,341.47,0.39,0.44,2026-06-05,1715,N20,nominal,2.0NRT,303.18,6.84,D
-17.49014,-59.54873,340.22,0.39,0.44,2026-06-05,1715,N20,nominal,2.0NRT,301.13,5.16,D
-17.49062,-59.5524,333.58,0.39,0.44,2026-06-05,1715,N20,nominal,2.0NRT,301.62,5.16,D
-17.4911,-59.55607,334.51,0.39,0.44,2026-06-05,1715,N20,nominal,2.0NRT,299.37,5.79,D
-17.4861,-59.5493,338.08,0.39,0.44,2026-06-05,1715,N20,nominal,2.0NRT,301.73,5.47,D
-17.48705,-59.55666,346.66,0.39,0.44,2026-06-05,1715,N20,nominal,2.0NRT,300.63,5.56,D
-17.48754,-59.56036,338.27,0.39,0.44,2026-06-05,1715,N20,nominal,2.0NRT,299.52,5.56,D
-16.02815,-49.95478,334.99,0.55,0.42,2026-06-05,1715,N20,nominal,2.0NRT,302.13,4.02,D
-15.22131,-46.26704,349.16,0.32,0.55,2026-06-05,1715,N20,nominal,2.0NRT,302.87,4.51,D
-16.62008,-54.41703,335.46,0.38,0.36,2026-06-05,1715,N20,low,2.0NRT,308.77,1.81,D
-14.602,-43.62779,367,0.49,0.65,2026-06-05,1715,N20,high,2.0NRT,299.34,13.68,D
-14.60295,-43.63225,330.14,0.49,0.65,2026-06-05,1715,N20,nominal,2.0NRT,297.69,8.52,D
-14.60022,-43.63105,367,0.49,0.65,2026-06-05,1715,N20,high,2.0NRT,303.41,14.27,D
-17.60224,-63.15703,334.05,0.34,0.56,2026-06-05,1715,N20,nominal,2.0NRT,297.88,3.1,D
-17.60004,-63.15517,332.87,0.34,0.56,2026-06-05,1715,N20,nominal,2.0NRT,297.35,2.72,D
-17.6004,-63.15835,333.3,0.34,0.56,2026-06-05,1715,N20,nominal,2.0NRT,298.46,2.72,D
-17.53105,-62.73032,343.3,0.63,0.54,2026-06-05,1715,N20,nominal,2.0NRT,298.17,8.04,D
-17.52673,-62.73684,339.96,0.63,0.54,2026-06-05,1715,N20,nominal,2.0NRT,298.73,15.26,D
-17.5274,-62.74279,334.54,0.63,0.54,2026-06-05,1715,N20,nominal,2.0NRT,299.76,16.54,D
-17.5224,-62.74339,355.86,0.63,0.54,2026-06-05,1715,N20,nominal,2.0NRT,299.46,16.54,D
-17.56283,-63.10218,333.21,0.33,0.56,2026-06-05,1715,N20,nominal,2.0NRT,296.15,2.56,D
-14.19669,-42.80453,336.52,0.56,0.69,2026-06-05,1715,N20,nominal,2.0NRT,297.64,7.09,D
-14.19781,-42.80973,342.99,0.56,0.69,2026-06-05,1715,N20,nominal,2.0NRT,298.2,5.59,D
-14.19403,-42.8045,331.49,0.57,0.69,2026-06-05,1715,N20,nominal,2.0NRT,297.17,7.14,D
-14.19512,-42.80971,349.03,0.56,0.69,2026-06-05,1715,N20,nominal,2.0NRT,298.56,7.56,D
-15.1759,-48.26582,349.5,0.48,0.48,2026-06-05,1715,N20,nominal,2.0NRT,305.58,10.18,D
-15.1715,-48.26659,342.7,0.48,0.48,2026-06-05,1715,N20,nominal,2.0NRT,302.9,3.58,D
-17.28411,-63.0226,355.18,0.33,0.55,2026-06-05,1715,N20,nominal,2.0NRT,301.44,4.88,D
-16.6027,-58.23462,330.97,0.49,0.4,2026-06-05,1715,N20,nominal,2.0NRT,302.58,15.86,D
-16.59838,-58.23058,334.45,0.49,0.4,2026-06-05,1715,N20,nominal,2.0NRT,304.45,15.86,D
-16.599,-58.23516,345.09,0.49,0.4,2026-06-05,1715,N20,nominal,2.0NRT,309.62,15.86,D
-16.59468,-58.23113,333.64,0.49,0.4,2026-06-05,1715,N20,nominal,2.0NRT,302.97,10.14,D
-16.59529,-58.2357,341.22,0.49,0.4,2026-06-05,1715,N20,nominal,2.0NRT,307.51,10.14,D
-17.41106,-65.91696,335.21,0.52,0.67,2026-06-05,1715,N20,nominal,2.0NRT,294.32,4.23,D
-14.39651,-45.56967,330.47,0.37,0.58,2026-06-05,1715,N20,nominal,2.0NRT,297.7,5.26,D
-14.39719,-45.57309,351.1,0.37,0.58,2026-06-05,1715,N20,nominal,2.0NRT,300.83,6.09,D
-14.39255,-45.57754,345.62,0.37,0.58,2026-06-05,1715,N20,nominal,2.0NRT,300.78,5.72,D
-14.39323,-45.58095,340.03,0.37,0.58,2026-06-05,1715,N20,nominal,2.0NRT,298.2,3.5,D
-14.3939,-45.58436,334.35,0.37,0.58,2026-06-05,1715,N20,nominal,2.0NRT,299.13,3.5,D
-14.38316,-45.55806,367,0.37,0.58,2026-06-05,1715,N20,high,2.0NRT,298.21,23.75,D
-14.38384,-45.56149,348.64,0.37,0.58,2026-06-05,1715,N20,nominal,2.0NRT,307.78,36.18,D
-14.3886,-45.5854,338.22,0.37,0.58,2026-06-05,1715,N20,nominal,2.0NRT,299.25,3.5,D
-14.37784,-45.55909,367,0.37,0.58,2026-06-05,1715,N20,high,2.0NRT,299.08,17.91,D
-13.77148,-42.61896,341.78,0.59,0.7,2026-06-05,1715,N20,nominal,2.0NRT,294.35,6.34,D
-14.37852,-45.56252,356.23,0.37,0.58,2026-06-05,1715,N20,nominal,2.0NRT,302.33,9.82,D
-14.38465,-45.59326,332.19,0.37,0.58,2026-06-05,1715,N20,nominal,2.0NRT,297.43,2.11,D
-14.3732,-45.56354,333.55,0.37,0.58,2026-06-05,1715,N20,nominal,2.0NRT,299.35,9.82,D
-16.69361,-59.82134,337.38,0.4,0.44,2026-06-05,1715,N20,nominal,2.0NRT,297.04,3.2,D
-13.77128,-42.62074,331,0.59,0.7,2026-06-05,1715,N20,nominal,2.0NRT,294.35,7.12,D
-16.5596,-59.33089,331.38,0.56,0.43,2026-06-05,1715,N20,nominal,2.0NRT,297.06,3.38,D
-16.52065,-59.27811,354.72,0.55,0.43,2026-06-05,1717,N20,nominal,2.0NRT,299.24,9.29,D
-16.51672,-59.27866,355.96,0.55,0.43,2026-06-05,1717,N20,nominal,2.0NRT,304.24,27.34,D
-16.51739,-59.28384,331.11,0.55,0.43,2026-06-05,1717,N20,nominal,2.0NRT,298.85,6.87,D
-16.51753,-59.34732,339.1,0.56,0.43,2026-06-05,1717,N20,nominal,2.0NRT,299.16,5.75,D
-16.49313,-59.28195,327.68,0.55,0.43,2026-06-05,1717,N20,nominal,2.0NRT,297.23,3.36,D
-16.49379,-59.2871,349.45,0.55,0.43,2026-06-05,1717,N20,nominal,2.0NRT,300.68,5.21,D
-16.49445,-59.29224,329.64,0.55,0.43,2026-06-05,1717,N20,nominal,2.0NRT,297.4,5.21,D
-16.49711,-59.34478,347.65,0.56,0.43,2026-06-05,1717,N20,nominal,2.0NRT,301.79,17.9,D
-16.49778,-59.35001,343.97,0.56,0.43,2026-06-05,1717,N20,nominal,2.0NRT,300.02,18.77,D
-16.49845,-59.35527,354.3,0.56,0.43,2026-06-05,1717,N20,nominal,2.0NRT,300.31,18.77,D
-16.48329,-59.26748,338.84,0.55,0.43,2026-06-05,1717,N20,nominal,2.0NRT,298.35,6.36,D
-16.48395,-59.27266,338.83,0.55,0.43,2026-06-05,1717,N20,nominal,2.0NRT,300.15,6.36,D
-16.48461,-59.27782,346.57,0.55,0.43,2026-06-05,1717,N20,nominal,2.0NRT,300.7,8.32,D
-16.48658,-59.32495,327.61,0.56,0.43,2026-06-05,1717,N20,low,2.0NRT,299.62,2.57,D
-16.49398,-59.28505,339.99,0.55,0.43,2026-06-05,1717,N20,nominal,2.0NRT,298.95,6.98,D
-16.49467,-59.29017,346.98,0.55,0.43,2026-06-05,1717,N20,nominal,2.0NRT,299.35,6.98,D
-16.49769,-59.34257,331.3,0.56,0.43,2026-06-05,1717,N20,nominal,2.0NRT,297.86,6.68,D
-16.49839,-59.34779,344.2,0.56,0.43,2026-06-05,1717,N20,nominal,2.0NRT,300.56,13.27,D
-16.49909,-59.35303,355.21,0.56,0.43,2026-06-05,1717,N20,nominal,2.0NRT,301.61,13.27,D
-16.49979,-59.35828,333.76,0.56,0.43,2026-06-05,1717,N20,nominal,2.0NRT,296.29,6.33,D
-16.48405,-59.27061,347.13,0.55,0.43,2026-06-05,1717,N20,nominal,2.0NRT,300.56,11,D
-16.48474,-59.27577,346.62,0.55,0.43,2026-06-05,1717,N20,nominal,2.0NRT,300.19,9.42,D
-16.49444,-59.34834,331.05,0.56,0.43,2026-06-05,1717,N20,nominal,2.0NRT,298.06,13.27,D
-16.48329,-59.35515,356.06,0.56,0.43,2026-06-05,1717,N20,nominal,2.0NRT,304.82,28.65,D
-16.48399,-59.36041,333.66,0.56,0.43,2026-06-05,1717,N20,nominal,2.0NRT,300.41,8.69,D
-16.47126,-59.32502,334.7,0.56,0.43,2026-06-05,1717,N20,nominal,2.0NRT,300.6,7.04,D
-17.03499,-63.95288,330.43,0.37,0.58,2026-06-05,1717,N20,nominal,2.0NRT,295.58,2.82,D
-16.42324,-59.54629,334.75,0.57,0.43,2026-06-05,1717,N20,nominal,2.0NRT,296.61,5.54,D
-16.42461,-59.55712,328.49,0.57,0.43,2026-06-05,1717,N20,nominal,2.0NRT,295.53,3.56,D
-16.42529,-59.56253,331.1,0.57,0.43,2026-06-05,1717,N20,nominal,2.0NRT,298.01,4.47,D
-16.41857,-59.54148,340.82,0.57,0.43,2026-06-05,1717,N20,nominal,2.0NRT,297.89,7.12,D
-16.41924,-59.54684,343.13,0.57,0.43,2026-06-05,1717,N20,nominal,2.0NRT,298.72,7.12,D
-16.55796,-60.67038,341.72,0.45,0.47,2026-06-05,1717,N20,nominal,2.0NRT,303.26,7.61,D
-16.41457,-59.54201,333.64,0.57,0.43,2026-06-05,1717,N20,nominal,2.0NRT,296.51,7.12,D
-16.41525,-59.54739,328.12,0.57,0.43,2026-06-05,1717,N20,nominal,2.0NRT,296.55,7.12,D
-16.42078,-59.59128,331.16,0.38,0.43,2026-06-05,1717,N20,nominal,2.0NRT,294.97,2.58,D
-16.4268,-59.55855,338.95,0.57,0.43,2026-06-05,1717,N20,nominal,2.0NRT,296.98,7.66,D
-16.42065,-59.54295,342.94,0.57,0.43,2026-06-05,1717,N20,nominal,2.0NRT,298.58,11.09,D
-16.42136,-59.5483,329.84,0.57,0.43,2026-06-05,1717,N20,nominal,2.0NRT,296.8,5.62,D
-16.41665,-59.54347,354.84,0.57,0.43,2026-06-05,1717,N20,nominal,2.0NRT,300.16,12.46,D
-16.5595,-60.66872,345.14,0.45,0.47,2026-06-05,1717,N20,nominal,2.0NRT,298.56,8.67,D
-16.5552,-60.66926,329.22,0.45,0.47,2026-06-05,1717,N20,nominal,2.0NRT,301.85,2.97,D
-16.5665,-60.82719,337.32,0.46,0.47,2026-06-05,1717,N20,nominal,2.0NRT,302.54,6.44,D
-16.5627,-60.83212,329.94,0.46,0.47,2026-06-05,1717,N20,low,2.0NRT,302.66,4.62,D
-16.73463,-62.3116,348.64,0.58,0.52,2026-06-05,1717,N20,nominal,2.0NRT,300.98,15.64,D
-16.3582,-59.56241,337.98,0.57,0.43,2026-06-05,1717,N20,nominal,2.0NRT,300.81,9.41,D
-16.19057,-58.46524,334.1,0.49,0.41,2026-06-05,1717,N20,nominal,2.0NRT,302.97,2.8,D
-16.82757,-63.97665,346.28,0.37,0.58,2026-06-05,1717,N20,nominal,2.0NRT,290.81,8.88,D
-16.63695,-62.26693,340.26,0.57,0.52,2026-06-05,1717,N20,nominal,2.0NRT,300.2,7.92,D
-16.63154,-62.26202,339.14,0.57,0.52,2026-06-05,1717,N20,nominal,2.0NRT,297.48,7.92,D
-16.63216,-62.26762,331.49,0.57,0.52,2026-06-05,1717,N20,nominal,2.0NRT,299.4,7.92,D
-15.71408,-55.28822,344.5,0.39,0.36,2026-06-05,1717,N20,nominal,2.0NRT,312.22,15.62,D
-16.16924,-58.48534,330.7,0.5,0.41,2026-06-05,1717,N20,low,2.0NRT,304.75,4.23,D
-16.44217,-60.62461,338.15,0.44,0.46,2026-06-05,1717,N20,nominal,2.0NRT,296.29,3.76,D
-16.15367,-58.48291,330.34,0.5,0.41,2026-06-05,1717,N20,low,2.0NRT,303.04,5.67,D
-16.1512,-58.49267,340.4,0.5,0.41,2026-06-05,1717,N20,nominal,2.0NRT,301.41,23.67,D
-16.45225,-60.77207,329.51,0.45,0.47,2026-06-05,1717,N20,low,2.0NRT,301.84,4.34,D
-16.63671,-62.26351,338.86,0.57,0.52,2026-06-05,1717,N20,nominal,2.0NRT,298.35,7.92,D
-16.14684,-58.48862,332.45,0.5,0.41,2026-06-05,1717,N20,nominal,2.0NRT,301.37,11.92,D
-16.14746,-58.49321,341.64,0.5,0.41,2026-06-05,1717,N20,nominal,2.0NRT,310.6,23.67,D
-16.63193,-62.26414,344.57,0.57,0.52,2026-06-05,1717,N20,nominal,2.0NRT,299.93,7.92,D
-16.83046,-63.97659,343.38,0.37,0.58,2026-06-05,1717,N20,nominal,2.0NRT,291.09,5.64,D
-16.70793,-62.94928,328.84,0.32,0.54,2026-06-05,1717,N20,nominal,2.0NRT,298.52,5.58,D
-16.48092,-61.25163,337.66,0.49,0.48,2026-06-05,1717,N20,nominal,2.0NRT,298.44,4.93,D
-16.48259,-61.26524,349.87,0.49,0.48,2026-06-05,1717,N20,nominal,2.0NRT,299.55,10.6,D
-16.46331,-61.56248,338.37,0.51,0.49,2026-06-05,1717,N20,nominal,2.0NRT,293.32,6.47,D
-16.69214,-63.69777,340.05,0.36,0.57,2026-06-05,1717,N20,nominal,2.0NRT,295.5,4.6,D
-16.16968,-59.33971,345.23,0.55,0.43,2026-06-05,1717,N20,nominal,2.0NRT,300.1,8.64,D
-15.37089,-53.76351,332.15,0.39,0.36,2026-06-05,1717,N20,nominal,2.0NRT,301.94,1.94,D
-16.46274,-61.5646,341.13,0.51,0.49,2026-06-05,1717,N20,nominal,2.0NRT,297.28,6.5,D
-16.16937,-59.3364,332.17,0.55,0.43,2026-06-05,1717,N20,nominal,2.0NRT,298.55,5.89,D
-16.17006,-59.34152,343.04,0.55,0.43,2026-06-05,1717,N20,nominal,2.0NRT,301.03,9.19,D
-16.69245,-63.69751,333.9,0.36,0.57,2026-06-05,1717,N20,nominal,2.0NRT,294.78,2.9,D
-14.04622,-46.33528,340.4,0.33,0.56,2026-06-05,1717,N20,nominal,2.0NRT,304.78,4.99,D
-16.67625,-63.696,331.99,0.36,0.57,2026-06-05,1717,N20,nominal,2.0NRT,295.33,2.84,D
-13.3938,-43.96974,367,0.49,0.65,2026-06-05,1717,N20,high,2.0NRT,304.73,26.52,D
-16.46772,-63.34671,337.56,0.34,0.56,2026-06-05,1717,N20,nominal,2.0NRT,296.1,3.91,D
-16.09747,-60.34536,328.11,0.42,0.45,2026-06-05,1717,N20,nominal,2.0NRT,299.76,3.53,D
-16.09797,-60.34935,337.13,0.42,0.45,2026-06-05,1717,N20,nominal,2.0NRT,301.1,3.69,D
-14.02931,-47.34417,333.75,0.57,0.52,2026-06-05,1717,N20,nominal,2.0NRT,299.83,3.12,D
-13.39761,-43.96955,354.01,0.49,0.65,2026-06-05,1717,N20,nominal,2.0NRT,306.3,31.15,D
-15.5074,-56.2449,334.34,0.4,0.37,2026-06-05,1717,N20,nominal,2.0NRT,303.68,2.94,D
-16.08239,-60.43634,343.76,0.43,0.46,2026-06-05,1717,N20,nominal,2.0NRT,300.99,5.62,D
-16.07768,-60.43292,330.09,0.43,0.46,2026-06-05,1717,N20,nominal,2.0NRT,300.44,4.24,D
-16.07819,-60.4369,345.19,0.43,0.46,2026-06-05,1717,N20,nominal,2.0NRT,300.72,4.24,D
-16.16571,-61.16035,335.02,0.48,0.48,2026-06-05,1717,N20,nominal,2.0NRT,297.15,6.25,D
-16.06163,-60.37453,349.02,0.42,0.45,2026-06-05,1717,N20,nominal,2.0NRT,302.16,11.44,D
-16.16074,-61.15648,333.7,0.48,0.48,2026-06-05,1717,N20,nominal,2.0NRT,296.63,5.19,D
-16.42161,-63.42161,331.9,0.34,0.56,2026-06-05,1717,N20,nominal,2.0NRT,297.9,3.62,D
-16.0469,-60.39263,355.53,0.42,0.46,2026-06-05,1717,N20,nominal,2.0NRT,300.92,10.94,D
-16.04741,-60.39658,355.14,0.42,0.46,2026-06-05,1717,N20,nominal,2.0NRT,305.05,12.32,D
-16.04271,-60.39319,351.57,0.42,0.46,2026-06-05,1717,N20,nominal,2.0NRT,300.88,10.94,D
-16.04321,-60.39715,346.23,0.42,0.46,2026-06-05,1717,N20,nominal,2.0NRT,301,12.32,D
-16.04372,-60.40112,331.35,0.42,0.46,2026-06-05,1717,N20,nominal,2.0NRT,300.66,12.32,D
-15.41053,-55.89026,339.92,0.39,0.36,2026-06-05,1717,N20,nominal,2.0NRT,301.84,2.73,D
-15.40718,-55.89081,334.92,0.39,0.36,2026-06-05,1717,N20,nominal,2.0NRT,300.88,2.86,D
-15.40155,-55.89911,338.08,0.39,0.36,2026-06-05,1717,N20,nominal,2.0NRT,303.25,3.28,D
-15.39714,-55.89242,330.7,0.39,0.36,2026-06-05,1717,N20,nominal,2.0NRT,300.06,1.48,D
-15.39768,-55.89603,334.31,0.39,0.36,2026-06-05,1717,N20,nominal,2.0NRT,302.04,3.28,D
-15.39206,-55.90443,333.17,0.39,0.36,2026-06-05,1717,N20,low,2.0NRT,304.11,5.56,D
-15.92045,-60.47803,330.06,0.43,0.46,2026-06-05,1717,N20,nominal,2.0NRT,299.18,2.12,D
-14.77374,-52.67337,341.37,0.42,0.38,2026-06-05,1717,N20,low,2.0NRT,314.02,9.27,D
-14.77029,-52.67398,341.16,0.42,0.38,2026-06-05,1717,N20,low,2.0NRT,314.79,31.95,D
-15.3367,-56.65532,333.64,0.41,0.37,2026-06-05,1717,N20,low,2.0NRT,305.16,2.56,D
-14.59581,-52.01608,335.7,0.45,0.39,2026-06-05,1717,N20,nominal,2.0NRT,303.88,3.67,D
-14.58662,-52.00484,333.95,0.45,0.39,2026-06-05,1717,N20,nominal,2.0NRT,304.83,3.5,D
-14.58731,-52.00901,331.65,0.45,0.39,2026-06-05,1717,N20,nominal,2.0NRT,303.22,3.5,D
-15.97414,-61.91476,329.16,0.53,0.5,2026-06-05,1717,N20,nominal,2.0NRT,296.92,8.74,D
-15.97472,-61.91968,346.37,0.53,0.5,2026-06-05,1717,N20,nominal,2.0NRT,300.74,18.4,D
-15.38822,-57.5941,345.74,0.44,0.39,2026-06-05,1717,N20,nominal,2.0NRT,308.47,9.9,D
-15.3841,-57.59054,340.07,0.44,0.38,2026-06-05,1717,N20,nominal,2.0NRT,307.48,5.63,D
-15.38468,-57.59463,352.46,0.44,0.39,2026-06-05,1717,N20,nominal,2.0NRT,315.67,33.7,D
-16.09711,-63.28891,349.92,0.33,0.55,2026-06-05,1717,N20,nominal,2.0NRT,299.14,3.26,D
-16.10819,-63.42953,367,0.34,0.56,2026-06-05,1717,N20,high,2.0NRT,300.79,5.37,D
-16.10783,-63.42638,352.64,0.34,0.56,2026-06-05,1717,N20,nominal,2.0NRT,299.87,5.37,D
-15.648,-60.25512,335.8,0.41,0.45,2026-06-05,1717,N20,nominal,2.0NRT,300.62,4.96,D
-13.65037,-47.72278,352.16,0.55,0.51,2026-06-05,1717,N20,nominal,2.0NRT,303.8,10.34,D
-15.73494,-61.18401,329.98,0.47,0.48,2026-06-05,1717,N20,nominal,2.0NRT,296.24,2.79,D
-15.79409,-61.80822,330.33,0.52,0.5,2026-06-05,1717,N20,nominal,2.0NRT,297.48,4.85,D
-15.96148,-63.26246,350.15,0.33,0.55,2026-06-05,1717,N20,nominal,2.0NRT,299.24,5.07,D
-15.95676,-63.26613,342.51,0.33,0.55,2026-06-05,1717,N20,nominal,2.0NRT,297.49,4.14,D
-15.95711,-63.2692,327.96,0.33,0.55,2026-06-05,1717,N20,low,2.0NRT,298.35,2.23,D
-15.61733,-60.49609,367,0.43,0.46,2026-06-05,1717,N20,high,2.0NRT,303.17,13.72,D
-15.61314,-60.49667,351.94,0.43,0.46,2026-06-05,1717,N20,nominal,2.0NRT,303.19,20.76,D
-15.61176,-60.55341,350.91,0.43,0.46,2026-06-05,1717,N20,nominal,2.0NRT,303.48,11.63,D
-15.61227,-60.55743,342.22,0.43,0.46,2026-06-05,1717,N20,nominal,2.0NRT,301.3,4.68,D
-15.61277,-60.56146,334.91,0.43,0.46,2026-06-05,1717,N20,nominal,2.0NRT,299.59,4.68,D
-15.59318,-60.50761,342.1,0.43,0.46,2026-06-05,1717,N20,nominal,2.0NRT,302.19,6.96,D
-15.64318,-61.23545,338.77,0.47,0.48,2026-06-05,1717,N20,nominal,2.0NRT,297.65,5.68,D
-14.35835,-53.0497,342.46,0.41,0.37,2026-06-05,1717,N20,nominal,2.0NRT,306.37,6.09,D
-14.35897,-53.05354,341.42,0.41,0.37,2026-06-05,1717,N20,nominal,2.0NRT,304.2,6.09,D
-14.27958,-53.01978,342.45,0.41,0.37,2026-06-05,1717,N20,nominal,2.0NRT,306.11,4.12,D
-14.43477,-53.98574,332.75,0.39,0.36,2026-06-05,1717,N20,low,2.0NRT,306.77,2.05,D
-14.27489,-53.0127,338.68,0.42,0.37,2026-06-05,1717,N20,nominal,2.0NRT,303.59,4.22,D
-14.43143,-53.98629,338.29,0.39,0.36,2026-06-05,1717,N20,nominal,2.0NRT,307.15,3.4,D
-14.24034,-53.25302,334.22,0.41,0.37,2026-06-05,1717,N20,low,2.0NRT,306.19,3.01,D
-14.23532,-53.37347,331.1,0.41,0.37,2026-06-05,1717,N20,low,2.0NRT,304.65,3.59,D
-15.26693,-61.26735,326.73,0.47,0.48,2026-06-05,1717,N20,nominal,2.0NRT,299.47,3.57,D
-15.73966,-65.63038,335,0.47,0.64,2026-06-05,1717,N20,nominal,2.0NRT,289.88,3.82,D
-15.53736,-63.97742,333.61,0.36,0.57,2026-06-05,1717,N20,nominal,2.0NRT,296.49,3.68,D
-15.53284,-63.98476,367,0.36,0.57,2026-06-05,1717,N20,high,2.0NRT,296.69,12.6,D
-13.74608,-51.93734,335.54,0.46,0.39,2026-06-05,1717,N20,nominal,2.0NRT,304.74,2.54,D
-13.96895,-53.84439,333.41,0.4,0.37,2026-06-05,1717,N20,low,2.0NRT,304.9,2.88,D
-13.77919,-52.80554,339,0.43,0.38,2026-06-05,1717,N20,low,2.0NRT,310.08,10.52,D
-12.92581,-47.88671,355.63,0.55,0.51,2026-06-05,1717,N20,nominal,2.0NRT,308.55,25.14,D
-13.93556,-53.89484,332.42,0.4,0.37,2026-06-05,1717,N20,low,2.0NRT,304.11,3.27,D
-13.93728,-53.90576,336.92,0.4,0.37,2026-06-05,1717,N20,nominal,2.0NRT,306.14,6.8,D
-13.93278,-53.89902,336.18,0.4,0.37,2026-06-05,1717,N20,nominal,2.0NRT,304.92,3.27,D
-14.62554,-58.66791,333.72,0.49,0.4,2026-06-05,1717,N20,nominal,2.0NRT,307.51,6.77,D
-14.62805,-58.6862,349.24,0.49,0.4,2026-06-05,1717,N20,nominal,2.0NRT,294.23,17.03,D
-14.62866,-58.6907,348.99,0.49,0.4,2026-06-05,1717,N20,nominal,2.0NRT,300.65,17.03,D
-14.62245,-58.67296,340.96,0.49,0.4,2026-06-05,1717,N20,nominal,2.0NRT,305.46,6.77,D
-14.62309,-58.67758,355.84,0.49,0.4,2026-06-05,1717,N20,nominal,2.0NRT,312.65,18.09,D
-14.62371,-58.68216,352.01,0.49,0.4,2026-06-05,1717,N20,nominal,2.0NRT,306.92,18.09,D
-14.62434,-58.6867,335.48,0.49,0.4,2026-06-05,1717,N20,nominal,2.0NRT,301.06,17.03,D
-14.62495,-58.69119,345.24,0.49,0.4,2026-06-05,1717,N20,nominal,2.0NRT,299.39,17.03,D
-14.61504,-58.67396,339.55,0.49,0.4,2026-06-05,1717,N20,nominal,2.0NRT,299.95,4.85,D
-14.61567,-58.67857,352.66,0.49,0.4,2026-06-05,1717,N20,nominal,2.0NRT,308.28,8.66,D
-14.61629,-58.68313,334.72,0.49,0.4,2026-06-05,1717,N20,low,2.0NRT,309.04,8.66,D
-14.61873,-58.70099,337.52,0.49,0.4,2026-06-05,1717,N20,nominal,2.0NRT,295.35,7.57,D
-14.61442,-58.69709,367,0.49,0.4,2026-06-05,1717,N20,high,2.0NRT,303.51,18.94,D
-14.61258,-58.68361,340.58,0.49,0.4,2026-06-05,1717,N20,nominal,2.0NRT,301.35,7.5,D
-14.6132,-58.68816,350.68,0.49,0.4,2026-06-05,1717,N20,nominal,2.0NRT,301.63,9.33,D
-14.61381,-58.69264,347.86,0.49,0.4,2026-06-05,1717,N20,nominal,2.0NRT,302.07,9.33,D
-15.41656,-65.59045,347.89,0.46,0.64,2026-06-05,1717,N20,nominal,2.0NRT,291.91,8.71,D
-11.95485,-43.40035,328.69,0.57,0.69,2026-06-05,1717,N20,nominal,2.0NRT,296.85,7.5,D
-14.59498,-58.86287,338.54,0.5,0.41,2026-06-05,1717,N20,nominal,2.0NRT,296.8,3.7,D
-15.41716,-65.58795,337.54,0.46,0.64,2026-06-05,1717,N20,nominal,2.0NRT,291.47,4.94,D
-15.41764,-65.59224,334.77,0.46,0.64,2026-06-05,1717,N20,nominal,2.0NRT,291.52,6.37,D
-12.5243,-46.27795,330.34,0.36,0.57,2026-06-05,1717,N20,low,2.0NRT,304.08,7.08,D
-12.51194,-46.2701,367,0.36,0.57,2026-06-05,1717,N20,high,2.0NRT,301.19,14,D
-12.51449,-46.28359,367,0.36,0.57,2026-06-05,1717,N20,high,2.0NRT,305.92,9.32,D
-12.51245,-46.2728,356.02,0.36,0.57,2026-06-05,1717,N20,nominal,2.0NRT,305.83,10.85,D
-12.51292,-46.27528,345.36,0.36,0.57,2026-06-05,1717,N20,nominal,2.0NRT,303.62,10.85,D
-12.51507,-46.28667,344,0.36,0.57,2026-06-05,1717,N20,nominal,2.0NRT,300.01,9.32,D
-12.50926,-46.28469,367,0.36,0.57,2026-06-05,1717,N20,high,2.0NRT,302.81,9.32,D
-12.50812,-46.27871,330.84,0.36,0.57,2026-06-05,1717,N20,nominal,2.0NRT,300.3,13.81,D
-15.19833,-63.90246,328.47,0.35,0.57,2026-06-05,1717,N20,nominal,2.0NRT,298.37,1.69,D
-12.50417,-46.34367,337.13,0.36,0.57,2026-06-05,1717,N20,nominal,2.0NRT,304.45,4.89,D
-12.50477,-46.34683,338.31,0.36,0.57,2026-06-05,1717,N20,nominal,2.0NRT,301.19,4,D
-15.18072,-63.88803,329.5,0.35,0.57,2026-06-05,1717,N20,low,2.0NRT,301.49,1.32,D
-12.65918,-47.66857,331.41,0.58,0.52,2026-06-05,1717,N20,low,2.0NRT,302.61,7.31,D
-15.20543,-64.84633,342.43,0.41,0.61,2026-06-05,1717,N20,nominal,2.0NRT,294.57,3.34,D
-15.18395,-64.85653,342.2,0.41,0.61,2026-06-05,1717,N20,nominal,2.0NRT,293.8,4.5,D
-11.87222,-43.79446,367,0.54,0.68,2026-06-05,1717,N20,high,2.0NRT,297.36,11.18,D
-14.21663,-57.41842,367,0.43,0.38,2026-06-05,1717,N20,high,2.0NRT,310.89,8.2,D
-14.21719,-57.42234,343.77,0.43,0.38,2026-06-05,1717,N20,nominal,2.0NRT,307.3,8.2,D
-14.21371,-57.42284,348.46,0.43,0.38,2026-06-05,1717,N20,nominal,2.0NRT,311.67,8.95,D
-14.39533,-58.81328,351.42,0.49,0.4,2026-06-05,1717,N20,nominal,2.0NRT,306.35,25.58,D
-14.39161,-58.81382,351.74,0.49,0.4,2026-06-05,1717,N20,nominal,2.0NRT,308.53,34.57,D
-14.38606,-58.8008,345.39,0.49,0.4,2026-06-05,1717,N20,nominal,2.0NRT,305.87,20.54,D
-14.38667,-58.80532,347.34,0.49,0.4,2026-06-05,1717,N20,nominal,2.0NRT,306.34,20.54,D
-14.3174,-58.37659,342.87,0.47,0.4,2026-06-05,1717,N20,nominal,2.0NRT,313.27,26.03,D
-14.31377,-58.37713,335.1,0.47,0.4,2026-06-05,1717,N20,nominal,2.0NRT,302.68,26.03,D
-14.31649,-58.37523,336.44,0.47,0.4,2026-06-05,1717,N20,nominal,2.0NRT,304.43,50.42,D
-14.31347,-58.38007,336.99,0.47,0.4,2026-06-05,1717,N20,nominal,2.0NRT,301.92,6.3,D
-14.27716,-58.41196,332.94,0.47,0.4,2026-06-05,1717,N20,nominal,2.0NRT,297.01,17.16,D
-14.27292,-58.40815,350.99,0.47,0.4,2026-06-05,1717,N20,nominal,2.0NRT,304.31,197.85,D
-14.2705,-58.41742,336.39,0.47,0.4,2026-06-05,1717,N20,nominal,2.0NRT,289.78,7.74,D
-14.26505,-58.40487,334.02,0.47,0.4,2026-06-05,1717,N20,nominal,2.0NRT,299.35,3.86,D
-14.26626,-58.41359,352.39,0.47,0.4,2026-06-05,1717,N20,nominal,2.0NRT,306.9,34.8,D
-14.26686,-58.41796,336.61,0.47,0.4,2026-06-05,1717,N20,nominal,2.0NRT,296.17,10.24,D
-14.31141,-58.74054,333.19,0.49,0.4,2026-06-05,1717,N20,low,2.0NRT,305.94,4.4,D
-14.30709,-58.73657,329.8,0.49,0.4,2026-06-05,1717,N20,low,2.0NRT,302.76,4.4,D
-14.30523,-58.75051,342.24,0.49,0.4,2026-06-05,1717,N20,nominal,2.0NRT,302.9,48.54,D
-14.30585,-58.75502,348.42,0.49,0.4,2026-06-05,1717,N20,nominal,2.0NRT,312.38,52.64,D
-14.30029,-58.74205,341.5,0.49,0.4,2026-06-05,1717,N20,nominal,2.0NRT,308.78,10.88,D
-14.30091,-58.74652,349.23,0.49,0.4,2026-06-05,1717,N20,nominal,2.0NRT,307.78,48.54,D
-14.28923,-58.71629,348.83,0.49,0.4,2026-06-05,1717,N20,nominal,2.0NRT,308.05,24.12,D
-14.23962,-58.4087,336.37,0.47,0.4,2026-06-05,1717,N20,nominal,2.0NRT,301.16,2.29,D
-14.23598,-58.40926,352.49,0.47,0.4,2026-06-05,1717,N20,nominal,2.0NRT,306.4,27.51,D
-14.23235,-58.40982,354.48,0.47,0.4,2026-06-05,1717,N20,nominal,2.0NRT,310.39,27.51,D
-14.28044,-58.81867,352.45,0.49,0.4,2026-06-05,1717,N20,nominal,2.0NRT,306.41,15.38,D
-14.22322,-58.42442,339.48,0.47,0.4,2026-06-05,1717,N20,nominal,2.0NRT,289.28,4.71,D
-12.00514,-45.34372,367,0.42,0.61,2026-06-05,1717,N20,high,2.0NRT,306.81,14.64,D
-12.00589,-45.34761,351.15,0.42,0.61,2026-06-05,1717,N20,nominal,2.0NRT,303.78,14.64,D
-12.00027,-45.3487,342.45,0.42,0.61,2026-06-05,1717,N20,nominal,2.0NRT,301.83,6.63,D
-14.2223,-58.9052,332.24,0.5,0.41,2026-06-05,1717,N20,nominal,2.0NRT,303.81,3.7,D
-14.22293,-58.90978,332.57,0.5,0.41,2026-06-05,1717,N20,nominal,2.0NRT,300.89,3.7,D
-14.22355,-58.91436,344.76,0.5,0.41,2026-06-05,1717,N20,nominal,2.0NRT,301.14,7.06,D
-12.51908,-48.27291,335.17,0.53,0.5,2026-06-05,1717,N20,nominal,2.0NRT,304.87,7.49,D
-14.22045,-58.91949,346.45,0.5,0.41,2026-06-05,1717,N20,nominal,2.0NRT,307.02,30.9,D
-14.21422,-58.90173,340.92,0.5,0.41,2026-06-05,1717,N20,nominal,2.0NRT,300.53,7.56,D
-14.21484,-58.9063,345.37,0.5,0.41,2026-06-05,1717,N20,nominal,2.0NRT,302.7,25.56,D
-14.21547,-58.91089,347.98,0.5,0.41,2026-06-05,1717,N20,nominal,2.0NRT,310.99,25.56,D
-14.21609,-58.91545,337.18,0.5,0.41,2026-06-05,1717,N20,nominal,2.0NRT,300.01,30.9,D
-14.21671,-58.92002,347.1,0.5,0.41,2026-06-05,1717,N20,nominal,2.0NRT,303.65,30.9,D
-12.07016,-45.9467,331.9,0.39,0.59,2026-06-05,1717,N20,nominal,2.0NRT,297.1,2.78,D
-14.20986,-58.92562,343.04,0.5,0.41,2026-06-05,1717,N20,nominal,2.0NRT,302.05,5.55,D
-14.21048,-58.93018,333.12,0.5,0.41,2026-06-05,1717,N20,nominal,2.0NRT,295.6,5.55,D
-14.2111,-58.93475,344.86,0.5,0.41,2026-06-05,1717,N20,nominal,2.0NRT,299.69,16.74,D
-14.20612,-58.92613,331.12,0.5,0.41,2026-06-05,1717,N20,low,2.0NRT,303.7,62.04,D
-14.20674,-58.9307,342.51,0.5,0.41,2026-06-05,1717,N20,nominal,2.0NRT,301.94,62.04,D
-14.20176,-58.92209,346.64,0.5,0.41,2026-06-05,1717,N20,nominal,2.0NRT,314.47,83.1,D
-12.03531,-45.8832,367,0.39,0.59,2026-06-05,1717,N20,high,2.0NRT,300.57,6.1,D
-12.03461,-45.87963,335.39,0.39,0.59,2026-06-05,1717,N20,nominal,2.0NRT,297.43,6.1,D
-12.03413,-45.88369,367,0.39,0.59,2026-06-05,1717,N20,high,2.0NRT,301.2,4.36,D
-12.03346,-45.8801,336.15,0.39,0.59,2026-06-05,1717,N20,nominal,2.0NRT,298.17,4.36,D
-14.88322,-65.27865,332.93,0.43,0.62,2026-06-05,1717,N20,nominal,2.0NRT,292.28,5.04,D
-14.88366,-65.28269,350.8,0.43,0.62,2026-06-05,1717,N20,nominal,2.0NRT,293.34,5.04,D
-14.87794,-65.28334,325.8,0.43,0.62,2026-06-05,1717,N20,nominal,2.0NRT,292.17,5.04,D
-37.70126,-73.00032,341.84,0.39,0.36,2026-06-05,1851,N20,nominal,2.0NRT,270.15,5.54,D
-37.69793,-73.00115,351.62,0.39,0.36,2026-06-05,1851,N20,nominal,2.0NRT,275.63,32.83,D
-37.69867,-73.00566,325.46,0.39,0.36,2026-06-05,1851,N20,nominal,2.0NRT,271.24,9.54,D
-32.20311,-59.67756,345.5,0.7,0.75,2026-06-05,1851,N20,nominal,2.0NRT,287.38,14.31,D
11.98485,-85.10387,331.88,0.4,0.37,2026-06-05,1906,N20,nominal,2.0NRT,287.78,1.59,D
12.09319,-85.99552,331.28,0.39,0.36,2026-06-05,1906,N20,nominal,2.0NRT,279.94,3.14,D
-28.654,-61.17045,330.92,0.72,0.75,2026-06-05,1853,N20,nominal,2.0NRT,285.23,4.55,D
-28.64517,-61.16559,331.88,0.72,0.75,2026-06-05,1853,N20,nominal,2.0NRT,283.64,9.12,D
-28.64722,-61.17286,336.81,0.72,0.75,2026-06-05,1853,N20,nominal,2.0NRT,284.74,8.44,D
-28.06127,-61.52099,343.93,0.71,0.75,2026-06-05,1853,N20,nominal,2.0NRT,288.21,12.54,D
-28.0525,-61.51613,335.39,0.71,0.75,2026-06-05,1853,N20,nominal,2.0NRT,287.75,8.89,D
-28.01749,-62.28813,342.25,0.64,0.72,2026-06-05,1853,N20,nominal,2.0NRT,291.47,10.05,D
-28.02103,-62.30099,335.26,0.64,0.72,2026-06-05,1853,N20,nominal,2.0NRT,292.08,22.24,D
-28.02279,-62.30738,345.84,0.64,0.72,2026-06-05,1853,N20,nominal,2.0NRT,291.8,8.1,D
-28.01627,-62.30957,346.23,0.64,0.72,2026-06-05,1853,N20,nominal,2.0NRT,290.5,8.1,D
-28.02011,-62.28297,330.26,0.64,0.72,2026-06-05,1853,N20,nominal,2.0NRT,291.36,7.56,D
-28.02186,-62.28947,346.9,0.64,0.72,2026-06-05,1853,N20,nominal,2.0NRT,292.61,10.54,D
-28.01709,-62.29819,334.59,0.64,0.72,2026-06-05,1853,N20,nominal,2.0NRT,288.84,10.54,D
-28.01881,-62.3046,341.34,0.64,0.72,2026-06-05,1853,N20,nominal,2.0NRT,291.09,12.63,D
-28.02052,-62.31097,347.74,0.64,0.72,2026-06-05,1853,N20,nominal,2.0NRT,290.79,12.63,D
-27.36427,-61.19061,351.79,0.77,0.77,2026-06-05,1853,N20,nominal,2.0NRT,290.55,21.16,D
-27.36123,-61.19107,367,0.77,0.77,2026-06-05,1853,N20,high,2.0NRT,290.98,19.33,D
-27.81421,-63.89824,353.19,0.53,0.67,2026-06-05,1853,N20,nominal,2.0NRT,291.17,7.73,D
-26.42952,-63.7271,333.96,0.58,0.7,2026-06-05,1853,N20,nominal,2.0NRT,289.59,0.28,D
-23.84553,-64.79279,351.23,0.58,0.69,2026-06-05,1856,N20,nominal,2.0NRT,290.65,7.09,D
-23.84527,-64.79661,346.07,0.58,0.69,2026-06-05,1856,N20,nominal,2.0NRT,290.61,6.64,D
-20.5604,-65.40148,329.71,0.63,0.72,2026-06-05,1856,N20,nominal,2.0NRT,297.28,5.08,D
-20.16652,-66.69446,340.19,0.54,0.68,2026-06-05,1856,N20,nominal,2.0NRT,294.42,8.94,D
-20.16761,-66.69328,348.39,0.54,0.68,2026-06-05,1856,N20,nominal,2.0NRT,293.14,8.63,D
-20.26484,-69.70741,338.53,0.34,0.56,2026-06-05,1856,N20,nominal,2.0NRT,307.25,1.48,D
-16.76865,-67.18096,330.5,0.59,0.7,2026-06-05,1858,N20,nominal,2.0NRT,290.11,3.89,D
-16.66378,-67.22691,340.99,0.58,0.7,2026-06-05,1858,N20,nominal,2.0NRT,289.14,7.03,D
-17.25689,-70.18528,367,0.37,0.58,2026-06-05,1858,N20,high,2.0NRT,299.87,13.02,D
-17.25749,-70.18819,351.81,0.37,0.58,2026-06-05,1858,N20,nominal,2.0NRT,303.56,13.02,D
-14.98288,-70.78087,340.99,0.37,0.58,2026-06-05,1858,N20,nominal,2.0NRT,296.64,4.2,D
-13.3208,-66.6946,325.69,0.73,0.76,2026-06-05,1858,N20,nominal,2.0NRT,290.18,3.57,D
-13.31557,-66.69627,336.68,0.73,0.76,2026-06-05,1858,N20,nominal,2.0NRT,290.14,10.22,D
-13.1672,-66.97443,356.09,0.71,0.75,2026-06-05,1858,N20,nominal,2.0NRT,289.85,12.1,D
-13.16033,-66.97589,340.79,0.71,0.75,2026-06-05,1858,N20,nominal,2.0NRT,288.98,9.13,D
-13.16689,-66.97192,347.03,0.71,0.75,2026-06-05,1858,N20,nominal,2.0NRT,289.42,12.2,D
-13.16141,-66.97997,340.1,0.71,0.75,2026-06-05,1858,N20,nominal,2.0NRT,288.93,12.2,D
-12.97734,-66.36353,325.9,0.78,0.78,2026-06-05,1858,N20,nominal,2.0NRT,293.59,3.46,D
-12.61948,-66.72652,333.2,0.75,0.77,2026-06-05,1858,N20,nominal,2.0NRT,293.32,6.41,D
-12.60239,-66.71553,342.5,0.75,0.77,2026-06-05,1858,N20,nominal,2.0NRT,292.37,10.04,D
-12.60389,-66.72243,337.61,0.75,0.77,2026-06-05,1858,N20,nominal,2.0NRT,294.21,10.04,D
-12.56933,-66.59742,344.93,0.77,0.77,2026-06-05,1858,N20,nominal,2.0NRT,294.6,8.02,D
-12.59686,-66.72395,336.95,0.75,0.77,2026-06-05,1858,N20,nominal,2.0NRT,292.92,4.5,D
-12.62218,-66.72449,327.26,0.75,0.77,2026-06-05,1858,N20,nominal,2.0NRT,292.53,8.9,D
-12.60664,-66.72045,346.2,0.75,0.77,2026-06-05,1858,N20,nominal,2.0NRT,294.28,11.36,D
-12.5996,-66.72193,348.07,0.75,0.77,2026-06-05,1858,N20,nominal,2.0NRT,293.03,11.36,D
-12.62416,-67.51234,334.85,0.67,0.74,2026-06-05,1858,N20,nominal,2.0NRT,290.47,9.14,D
-12.62549,-67.51851,328.05,0.67,0.73,2026-06-05,1858,N20,nominal,2.0NRT,289.77,5.71,D
-12.62358,-67.52003,327.36,0.67,0.74,2026-06-05,1858,N20,nominal,2.0NRT,290.36,16.49,D
-12.61814,-67.52763,367,0.67,0.73,2026-06-05,1858,N20,high,2.0NRT,291.48,21.56,D
-12.22805,-66.54192,326.5,0.79,0.78,2026-06-05,1858,N20,nominal,2.0NRT,294.43,9.35,D
-12.21692,-66.5594,326.32,0.78,0.78,2026-06-05,1858,N20,nominal,2.0NRT,294.43,6.18,D
-12.19942,-66.54777,329.69,0.79,0.78,2026-06-05,1858,N20,nominal,2.0NRT,294.52,8.4,D
-12.23259,-66.54074,326.05,0.79,0.78,2026-06-05,1858,N20,nominal,2.0NRT,294.34,10.1,D
-12.21829,-66.54377,326.09,0.79,0.78,2026-06-05,1858,N20,nominal,2.0NRT,294.24,8.26,D
-12.21984,-66.55107,332.21,0.79,0.78,2026-06-05,1858,N20,nominal,2.0NRT,295.25,13.67,D
-12.19683,-66.54826,325.82,0.79,0.78,2026-06-05,1858,N20,nominal,2.0NRT,293.87,9.55,D
-13.78673,-76.16714,336.34,0.53,0.42,2026-06-05,1858,N20,nominal,2.0NRT,303.61,5.1,D
-13.0479,-76.38914,333.74,0.53,0.42,2026-06-05,1900,N20,nominal,2.0NRT,299.05,3.04,D
-13.04909,-76.38662,332.85,0.53,0.42,2026-06-05,1900,N20,nominal,2.0NRT,299.36,2.87,D
-11.28933,-68.88231,327.7,0.58,0.7,2026-06-05,1900,N20,nominal,2.0NRT,291.37,2.66,D
-8.66187,-69.62917,326.78,0.58,0.69,2026-06-05,1900,N20,nominal,2.0NRT,290.66,3.9,D
-8.56039,-70.57175,331.82,0.5,0.66,2026-06-05,1900,N20,nominal,2.0NRT,289.35,4.92,D
-7.93925,-71.47368,349.05,0.45,0.63,2026-06-05,1900,N20,nominal,2.0NRT,288.54,5.46,D
-7.93883,-71.47431,347.25,0.45,0.63,2026-06-05,1900,N20,nominal,2.0NRT,288.38,4.55,D
-7.89203,-71.47846,341.85,0.45,0.63,2026-06-05,1900,N20,nominal,2.0NRT,290.04,4.98,D
-9.05979,-78.60304,335.18,0.46,0.39,2026-06-05,1900,N20,nominal,2.0NRT,300.15,2.87,D
-9.05762,-78.60252,332.28,0.46,0.39,2026-06-05,1900,N20,nominal,2.0NRT,300.25,3.36,D
-8.98666,-78.55051,345.47,0.46,0.39,2026-06-05,1900,N20,nominal,2.0NRT,299.17,8.6,D
-8.94634,-78.48464,341.5,0.46,0.39,2026-06-05,1900,N20,nominal,2.0NRT,296.23,5.71,D
-8.9026,-78.49625,347.14,0.46,0.39,2026-06-05,1900,N20,nominal,2.0NRT,297.52,12.4,D
-7.44054,-74.92873,329.24,0.53,0.5,2026-06-05,1900,N20,nominal,2.0NRT,289.61,2.27,D
-7.86122,-79.30081,332.17,0.44,0.38,2026-06-05,1900,N20,nominal,2.0NRT,290.52,4.47,D
-7.32751,-79.54209,330.6,0.43,0.38,2026-06-05,1902,N20,nominal,2.0NRT,287.68,2.37,D
-2.06416,-79.77694,333.15,0.48,0.4,2026-06-05,1902,N20,nominal,2.0NRT,293.51,3.72,D
-2.01508,-79.72707,334.42,0.48,0.4,2026-06-05,1902,N20,nominal,2.0NRT,289.33,5.75,D
-2.0188,-79.77505,333.4,0.48,0.4,2026-06-05,1902,N20,nominal,2.0NRT,291.14,3.79,D
-2.01848,-79.79707,336.38,0.48,0.4,2026-06-05,1902,N20,nominal,2.0NRT,295.01,5.24,D
-1.88085,-79.70667,332.24,0.49,0.4,2026-06-05,1902,N20,nominal,2.0NRT,292.94,4.37,D
-1.86517,-79.96658,330.09,0.47,0.4,2026-06-05,1902,N20,nominal,2.0NRT,294.1,4.28,D
-1.86308,-80.0014,330.62,0.47,0.4,2026-06-05,1902,N20,nominal,2.0NRT,294.28,3.1,D
-1.7524,-80.03483,331.31,0.47,0.4,2026-06-05,1902,N20,nominal,2.0NRT,292.61,2.85,D
-1.73338,-79.95999,331.86,0.47,0.4,2026-06-05,1902,N20,nominal,2.0NRT,294.19,2.6,D
-1.32794,-79.85147,345.73,0.48,0.4,2026-06-05,1902,N20,nominal,2.0NRT,292.45,7.06,D
-1.18706,-80.75553,331.69,0.44,0.38,2026-06-05,1902,N20,nominal,2.0NRT,295.28,2.52,D
-0.81311,-80.5147,343.85,0.46,0.39,2026-06-05,1902,N20,nominal,2.0NRT,295.63,15.25,D
-0.742,-80.47095,331.73,0.46,0.39,2026-06-05,1902,N20,nominal,2.0NRT,295.32,4.38,D
0.48769,-79.99428,332.64,0.5,0.41,2026-06-05,1904,N20,nominal,2.0NRT,289.16,4.06,D
0.66554,-80.07352,336.39,0.5,0.41,2026-06-05,1904,N20,nominal,2.0NRT,291.43,4.78,D
